#include <pgmspace.h>
const uint8_t  configOption_18[] PROGMEM = {
0x00, 0x00, 0x00, 0x80, 0x00, 0x00, 0x00, 0x0B, 0x00, 0x00, 0x00, 0x12, 
0x00, 0x00, 0x00, 0x00, 0x00, 0x00, 0x00, 0x0E, 0x00, 0x00, 0x00, 0x04, 
0x00, 0x00, 0x00, 0x21, 0x00, 0x00, 0x00, 0x0E, 0x00, 0x00, 0x00, 0x04, 
0x00, 0x00, 0x00, 0x07, 0x00, 0x00, 0x00, 0x0D, 0x00, 0x00, 0x00, 0x01, 
0x00, 0x00, 0x00, 0x00, 0x00, 0x00, 0x00, 0x22, 0x00, 0x00, 0x00, 0x06, 
0x00, 0x00, 0x00, 0x06, 0x00, 0x00, 0x00, 0x07, 0x00, 0x00, 0x00, 0x0E, 
0x00, 0x00, 0x00, 0x01, 0x00, 0x00, 0x00, 0x00, 0x00, 0x00, 0x00, 0x23, 
0x00, 0x00, 0x00, 0x0D, 0x00, 0x00, 0x00, 0x0B, 0x00, 0x00, 0x00, 0x0B, 
0x00, 0x00, 0x00, 0x0D, 0x00, 0x00, 0x00, 0x00, 0x00, 0x00, 0x00, 0x00, 
0x00, 0x00, 0x00, 0x24, 0x00, 0x00, 0x00, 0x12, 0x00, 0x00, 0x00, 0x09, 
0x00, 0x00, 0x00, 0x0B, 0x00, 0x00, 0x00, 0x0F, 0x00, 0x00, 0x00, 0x01, 
0x00, 0x00, 0x00, 0x00, 0x00, 0x00, 0x00, 0x25, 0x00, 0x00, 0x00, 0x0E, 
0x00, 0x00, 0x00, 0x0D, 0x00, 0x00, 0x00, 0x0F, 0x00, 0x00, 0x00, 0x0D, 
0x00, 0x00, 0x00, 0x01, 0x00, 0x00, 0x00, 0x00, 0x00, 0x00, 0x00, 0x26, 
0x00, 0x00, 0x00, 0x0E, 0x00, 0x00, 0x00, 0x0C, 0x00, 0x00, 0x00, 0x0C, 
0x00, 0x00, 0x00, 0x0D, 0x00, 0x00, 0x00, 0x00, 0x00, 0x00, 0x00, 0x00, 
0x00, 0x00, 0x00, 0x27, 0x00, 0x00, 0x00, 0x06, 0x00, 0x00, 0x00, 0x03, 
0x00, 0x00, 0x00, 0x04, 0x00, 0x00, 0x00, 0x0E, 0x00, 0x00, 0x00, 0x01, 
0x00, 0x00, 0x00, 0x00, 0x00, 0x00, 0x00, 0x28, 0x00, 0x00, 0x00, 0x12, 
0x00, 0x00, 0x00, 0x06, 0x00, 0x00, 0x00, 0x07, 0x00, 0x00, 0x00, 0x0E, 
0x00, 0x00, 0x00, 0x01, 0x00, 0x00, 0x00, 0x00, 0x00, 0x00, 0x00, 0x29, 
0x00, 0x00, 0x00, 0x12, 0x00, 0x00, 0x00, 0x06, 0x00, 0x00, 0x00, 0x07, 
0x00, 0x00, 0x00, 0x0E, 0x00, 0x00, 0x00, 0x00, 0x00, 0x00, 0x00, 0x00, 
0x00, 0x00, 0x00, 0x2A, 0x00, 0x00, 0x00, 0x07, 0x00, 0x00, 0x00, 0x08, 
0x00, 0x00, 0x00, 0x08, 0x00, 0x00, 0x00, 0x0E, 0x00, 0x00, 0x00, 0x00, 
0x00, 0x00, 0x00, 0x00, 0x00, 0x00, 0x00, 0x2B, 0x00, 0x00, 0x00, 0x0A, 
0x00, 0x00, 0x00, 0x0A, 0x00, 0x00, 0x00, 0x0A, 0x00, 0x00, 0x00, 0x0A, 
0x00, 0x00, 0x00, 0x00, 0x00, 0x00, 0x00, 0x00, 0x00, 0x00, 0x00, 0x2C, 
0x00, 0x00, 0x00, 0x06, 0x00, 0x00, 0x00, 0x05, 0x00, 0x00, 0x00, 0x06, 
0x00, 0x00, 0x00, 0x03, 0x00, 0x00, 0x00, 0x00, 0x00, 0x00, 0x00, 0x00, 
0x00, 0x00, 0x00, 0x2D, 0x00, 0x00, 0x00, 0x03, 0x00, 0x00, 0x00, 0x06, 
0x00, 0x00, 0x00, 0x08, 0x00, 0x00, 0x00, 0x07, 0x00, 0x00, 0x00, 0x01, 
0x00, 0x00, 0x00, 0x00, 0x00, 0x00, 0x00, 0x2E, 0x00, 0x00, 0x00, 0x04, 
0x00, 0x00, 0x00, 0x04, 0x00, 0x00, 0x00, 0x06, 0x00, 0x00, 0x00, 0x03, 
0x00, 0x00, 0x00, 0x01, 0x00, 0x00, 0x00, 0x00, 0x00, 0x00, 0x00, 0x2F, 
0x00, 0x00, 0x00, 0x0F, 0x00, 0x00, 0x00, 0x07, 0x00, 0x00, 0x00, 0x09, 
0x00, 0x00, 0x00, 0x0E, 0x00, 0x00, 0x00, 0x01, 0x00, 0x00, 0x00, 0x00, 
0x00, 0x00, 0x00, 0x30, 0x00, 0x00, 0x00, 0x0E, 0x00, 0x00, 0x00, 0x0A, 
0x00, 0x00, 0x00, 0x0B, 0x00, 0x00, 0x00, 0x0D, 0x00, 0x00, 0x00, 0x00, 
0x00, 0x00, 0x00, 0x00, 0x00, 0x00, 0x00, 0x31, 0x00, 0x00, 0x00, 0x0D, 
0x00, 0x00, 0x00, 0x07, 0x00, 0x00, 0x00, 0x0B, 0x00, 0x00, 0x00, 0x0D, 
0x00, 0x00, 0x00, 0x01, 0x00, 0x00, 0x00, 0x00, 0x00, 0x00, 0x00, 0x32, 
0x00, 0x00, 0x00, 0x0D, 0x00, 0x00, 0x00, 0x0A, 0x00, 0x00, 0x00, 0x0B, 
0x00, 0x00, 0x00, 0x0D, 0x00, 0x00, 0x00, 0x00, 0x00, 0x00, 0x00, 0x00, 
0x00, 0x00, 0x00, 0x33, 0x00, 0x00, 0x00, 0x0E, 0x00, 0x00, 0x00, 0x09, 
0x00, 0x00, 0x00, 0x0B, 0x00, 0x00, 0x00, 0x0D, 0x00, 0x00, 0x00, 0x01, 
0x00, 0x00, 0x00, 0x00, 0x00, 0x00, 0x00, 0x34, 0x00, 0x00, 0x00, 0x0D, 
0x00, 0x00, 0x00, 0x0A, 0x00, 0x00, 0x00, 0x0B, 0x00, 0x00, 0x00, 0x0D, 
0x00, 0x00, 0x00, 0x00, 0x00, 0x00, 0x00, 0x00, 0x00, 0x00, 0x00, 0x35, 
0x00, 0x00, 0x00, 0x0E, 0x00, 0x00, 0x00, 0x09, 0x00, 0x00, 0x00, 0x0B, 
0x00, 0x00, 0x00, 0x0D, 0x00, 0x00, 0x00, 0x01, 0x00, 0x00, 0x00, 0x00, 
0x00, 0x00, 0x00, 0x36, 0x00, 0x00, 0x00, 0x0E, 0x00, 0x00, 0x00, 0x0A, 
0x00, 0x00, 0x00, 0x0B, 0x00, 0x00, 0x00, 0x0D, 0x00, 0x00, 0x00, 0x00, 
0x00, 0x00, 0x00, 0x00, 0x00, 0x00, 0x00, 0x37, 0x00, 0x00, 0x00, 0x0D, 
0x00, 0x00, 0x00, 0x0A, 0x00, 0x00, 0x00, 0x0B, 0x00, 0x00, 0x00, 0x0D, 
0x00, 0x00, 0x00, 0x00, 0x00, 0x00, 0x00, 0x00, 0x00, 0x00, 0x00, 0x38, 
0x00, 0x00, 0x00, 0x0E, 0x00, 0x00, 0x00, 0x0A, 0x00, 0x00, 0x00, 0x0B, 
0x00, 0x00, 0x00, 0x0D, 0x00, 0x00, 0x00, 0x00, 0x00, 0x00, 0x00, 0x00, 
0x00, 0x00, 0x00, 0x39, 0x00, 0x00, 0x00, 0x0E, 0x00, 0x00, 0x00, 0x0A, 
0x00, 0x00, 0x00, 0x0B, 0x00, 0x00, 0x00, 0x0D, 0x00, 0x00, 0x00, 0x00, 
0x00, 0x00, 0x00, 0x00, 0x00, 0x00, 0x00, 0x3A, 0x00, 0x00, 0x00, 0x0B, 
0x00, 0x00, 0x00, 0x03, 0x00, 0x00, 0x00, 0x07, 0x00, 0x00, 0x00, 0x0A, 
0x00, 0x00, 0x00, 0x02, 0x00, 0x00, 0x00, 0x00, 0x00, 0x00, 0x00, 0x3B, 
0x00, 0x00, 0x00, 0x0D, 0x00, 0x00, 0x00, 0x04, 0x00, 0x00, 0x00, 0x07, 
0x00, 0x00, 0x00, 0x0A, 0x00, 0x00, 0x00, 0x01, 0x00, 0x00, 0x00, 0x00, 
0x00, 0x00, 0x00, 0x3C, 0x00, 0x00, 0x00, 0x0B, 0x00, 0x00, 0x00, 0x0A, 
0x00, 0x00, 0x00, 0x0A, 0x00, 0x00, 0x00, 0x0B, 0x00, 0x00, 0x00, 0x00, 
0x00, 0x00, 0x00, 0x00, 0x00, 0x00, 0x00, 0x3D, 0x00, 0x00, 0x00, 0x07, 
0x00, 0x00, 0x00, 0x0A, 0x00, 0x00, 0x00, 0x0A, 0x00, 0x00, 0x00, 0x09, 
0x00, 0x00, 0x00, 0x00, 0x00, 0x00, 0x00, 0x00, 0x00, 0x00, 0x00, 0x3E, 
0x00, 0x00, 0x00, 0x0B, 0x00, 0x00, 0x00, 0x0A, 0x00, 0x00, 0x00, 0x0A, 
0x00, 0x00, 0x00, 0x0B, 0x00, 0x00, 0x00, 0x00, 0x00, 0x00, 0x00, 0x00, 
0x00, 0x00, 0x00, 0x3F, 0x00, 0x00, 0x00, 0x0E, 0x00, 0x00, 0x00, 0x08, 
0x00, 0x00, 0x00, 0x08, 0x00, 0x00, 0x00, 0x0D, 0x00, 0x00, 0x00, 0x00, 
0x00, 0x00, 0x00, 0x00, 0x00, 0x00, 0x00, 0x40, 0x00, 0x00, 0x00, 0x0F, 
0x00, 0x00, 0x00, 0x0F, 0x00, 0x00, 0x00, 0x0F, 0x00, 0x00, 0x00, 0x0D, 
0x00, 0x00, 0x00, 0x00, 0x00, 0x00, 0x00, 0x00, 0x00, 0x00, 0x00, 0x41, 
0x00, 0x00, 0x00, 0x0D, 0x00, 0x00, 0x00, 0x0D, 0x00, 0x00, 0x00, 0x0D, 
0x00, 0x00, 0x00, 0x0D, 0x00, 0x00, 0x00, 0x00, 0x00, 0x00, 0x00, 0x00, 
0x00, 0x00, 0x00, 0x42, 0x00, 0x00, 0x00, 0x0D, 0x00, 0x00, 0x00, 0x0A, 
0x00, 0x00, 0x00, 0x0B, 0x00, 0x00, 0x00, 0x0D, 0x00, 0x00, 0x00, 0x01, 
0x00, 0x00, 0x00, 0x00, 0x00, 0x00, 0x00, 0x43, 0x00, 0x00, 0x00, 0x0E, 
0x00, 0x00, 0x00, 0x0A, 0x00, 0x00, 0x00, 0x0B, 0x00, 0x00, 0x00, 0x0D, 
0x00, 0x00, 0x00, 0x01, 0x00, 0x00, 0x00, 0x00, 0x00, 0x00, 0x00, 0x44, 
0x00, 0x00, 0x00, 0x0D, 0x00, 0x00, 0x00, 0x0B, 0x00, 0x00, 0x00, 0x0D, 
0x00, 0x00, 0x00, 0x0D, 0x00, 0x00, 0x00, 0x01, 0x00, 0x00, 0x00, 0x00, 
0x00, 0x00, 0x00, 0x45, 0x00, 0x00, 0x00, 0x0D, 0x00, 0x00, 0x00, 0x09, 
0x00, 0x00, 0x00, 0x0A, 0x00, 0x00, 0x00, 0x0D, 0x00, 0x00, 0x00, 0x01, 
0x00, 0x00, 0x00, 0x00, 0x00, 0x00, 0x00, 0x46, 0x00, 0x00, 0x00, 0x0D, 
0x00, 0x00, 0x00, 0x08, 0x00, 0x00, 0x00, 0x0A, 0x00, 0x00, 0x00, 0x0D, 
0x00, 0x00, 0x00, 0x01, 0x00, 0x00, 0x00, 0x00, 0x00, 0x00, 0x00, 0x47, 
0x00, 0x00, 0x00, 0x0E, 0x00, 0x00, 0x00, 0x0B, 0x00, 0x00, 0x00, 0x0C, 
0x00, 0x00, 0x00, 0x0D, 0x00, 0x00, 0x00, 0x01, 0x00, 0x00, 0x00, 0x00, 
0x00, 0x00, 0x00, 0x48, 0x00, 0x00, 0x00, 0x0D, 0x00, 0x00, 0x00, 0x0B, 
0x00, 0x00, 0x00, 0x0D, 0x00, 0x00, 0x00, 0x0D, 0x00, 0x00, 0x00, 0x01, 
0x00, 0x00, 0x00, 0x00, 0x00, 0x00, 0x00, 0x49, 0x00, 0x00, 0x00, 0x0D, 
0x00, 0x00, 0x00, 0x03, 0x00, 0x00, 0x00, 0x05, 0x00, 0x00, 0x00, 0x0D, 
0x00, 0x00, 0x00, 0x01, 0x00, 0x00, 0x00, 0x00, 0x00, 0x00, 0x00, 0x4A, 
0x00, 0x00, 0x00, 0x11, 0x00, 0x00, 0x00, 0x06, 0x00, 0x00, 0x00, 0x05, 
0x00, 0x00, 0x00, 0x0D, 0xFF, 0xFF, 0xFF, 0xFE, 0x00, 0x00, 0x00, 0x00, 
0x00, 0x00, 0x00, 0x4B, 0x00, 0x00, 0x00, 0x0D, 0x00, 0x00, 0x00, 0x0B, 
0x00, 0x00, 0x00, 0x0C, 0x00, 0x00, 0x00, 0x0D, 0x00, 0x00, 0x00, 0x01, 
0x00, 0x00, 0x00, 0x00, 0x00, 0x00, 0x00, 0x4C, 0x00, 0x00, 0x00, 0x0D, 
0x00, 0x00, 0x00, 0x08, 0x00, 0x00, 0x00, 0x09, 0x00, 0x00, 0x00, 0x0D, 
0x00, 0x00, 0x00, 0x01, 0x00, 0x00, 0x00, 0x00, 0x00, 0x00, 0x00, 0x4D, 
0x00, 0x00, 0x00, 0x0D, 0x00, 0x00, 0x00, 0x0E, 0x00, 0x00, 0x00, 0x10, 
0x00, 0x00, 0x00, 0x0D, 0x00, 0x00, 0x00, 0x01, 0x00, 0x00, 0x00, 0x00, 
0x00, 0x00, 0x00, 0x4E, 0x00, 0x00, 0x00, 0x0D, 0x00, 0x00, 0x00, 0x0C, 
0x00, 0x00, 0x00, 0x0E, 0x00, 0x00, 0x00, 0x0D, 0x00, 0x00, 0x00, 0x01, 
0x00, 0x00, 0x00, 0x00, 0x00, 0x00, 0x00, 0x4F, 0x00, 0x00, 0x00, 0x0E, 
0x00, 0x00, 0x00, 0x0C, 0x00, 0x00, 0x00, 0x0D, 0x00, 0x00, 0x00, 0x0D, 
0x00, 0x00, 0x00, 0x01, 0x00, 0x00, 0x00, 0x00, 0x00, 0x00, 0x00, 0x50, 
0x00, 0x00, 0x00, 0x0D, 0x00, 0x00, 0x00, 0x0A, 0x00, 0x00, 0x00, 0x0B, 
0x00, 0x00, 0x00, 0x0D, 0x00, 0x00, 0x00, 0x01, 0x00, 0x00, 0x00, 0x00, 
0x00, 0x00, 0x00, 0x51, 0x00, 0x00, 0x00, 0x10, 0x00, 0x00, 0x00, 0x0C, 
0x00, 0x00, 0x00, 0x0D, 0x00, 0x00, 0x00, 0x0D, 0x00, 0x00, 0x00, 0x01, 
0x00, 0x00, 0x00, 0x00, 0x00, 0x00, 0x00, 0x52, 0x00, 0x00, 0x00, 0x0D, 
0x00, 0x00, 0x00, 0x0B, 0x00, 0x00, 0x00, 0x0B, 0x00, 0x00, 0x00, 0x0D, 
0x00, 0x00, 0x00, 0x01, 0x00, 0x00, 0x00, 0x00, 0x00, 0x00, 0x00, 0x53, 
0x00, 0x00, 0x00, 0x0E, 0x00, 0x00, 0x00, 0x0A, 0x00, 0x00, 0x00, 0x0A, 
0x00, 0x00, 0x00, 0x0D, 0x00, 0x00, 0x00, 0x00, 0x00, 0x00, 0x00, 0x00, 
0x00, 0x00, 0x00, 0x54, 0x00, 0x00, 0x00, 0x0D, 0x00, 0x00, 0x00, 0x0A, 
0x00, 0x00, 0x00, 0x0A, 0x00, 0x00, 0x00, 0x0D, 0x00, 0x00, 0x00, 0x00, 
0x00, 0x00, 0x00, 0x00, 0x00, 0x00, 0x00, 0x55, 0x00, 0x00, 0x00, 0x0E, 
0x00, 0x00, 0x00, 0x0B, 0x00, 0x00, 0x00, 0x0D, 0x00, 0x00, 0x00, 0x0D, 
0x00, 0x00, 0x00, 0x01, 0x00, 0x00, 0x00, 0x00, 0x00, 0x00, 0x00, 0x56, 
0x00, 0x00, 0x00, 0x0D, 0x00, 0x00, 0x00, 0x0C, 0x00, 0x00, 0x00, 0x0C, 
0x00, 0x00, 0x00, 0x0D, 0x00, 0x00, 0x00, 0x00, 0x00, 0x00, 0x00, 0x00, 
0x00, 0x00, 0x00, 0x57, 0x00, 0x00, 0x00, 0x0D, 0x00, 0x00, 0x00, 0x11, 
0x00, 0x00, 0x00, 0x11, 0x00, 0x00, 0x00, 0x0D, 0x00, 0x00, 0x00, 0x00, 
0x00, 0x00, 0x00, 0x00, 0x00, 0x00, 0x00, 0x58, 0x00, 0x00, 0x00, 0x0D, 
0x00, 0x00, 0x00, 0x0C, 0x00, 0x00, 0x00, 0x0C, 0x00, 0x00, 0x00, 0x0D, 
0x00, 0x00, 0x00, 0x00, 0x00, 0x00, 0x00, 0x00, 0x00, 0x00, 0x00, 0x59, 
0x00, 0x00, 0x00, 0x0D, 0x00, 0x00, 0x00, 0x0C, 0x00, 0x00, 0x00, 0x0C, 
0x00, 0x00, 0x00, 0x0D, 0x00, 0x00, 0x00, 0x00, 0x00, 0x00, 0x00, 0x00, 
0x00, 0x00, 0x00, 0x5A, 0x00, 0x00, 0x00, 0x0D, 0x00, 0x00, 0x00, 0x0B, 
0x00, 0x00, 0x00, 0x0C, 0x00, 0x00, 0x00, 0x0D, 0x00, 0x00, 0x00, 0x00, 
0x00, 0x00, 0x00, 0x00, 0x00, 0x00, 0x00, 0x5B, 0x00, 0x00, 0x00, 0x12, 
0x00, 0x00, 0x00, 0x05, 0x00, 0x00, 0x00, 0x06, 0x00, 0x00, 0x00, 0x0E, 
0x00, 0x00, 0x00, 0x01, 0x00, 0x00, 0x00, 0x00, 0x00, 0x00, 0x00, 0x5C, 
0x00, 0x00, 0x00, 0x10, 0x00, 0x00, 0x00, 0x09, 0x00, 0x00, 0x00, 0x09, 
0x00, 0x00, 0x00, 0x0E, 0x00, 0x00, 0x00, 0x00, 0x00, 0x00, 0x00, 0x00, 
0x00, 0x00, 0x00, 0x5D, 0x00, 0x00, 0x00, 0x12, 0x00, 0x00, 0x00, 0x05, 
0x00, 0x00, 0x00, 0x06, 0x00, 0x00, 0x00, 0x0E, 0x00, 0x00, 0x00, 0x00, 
0x00, 0x00, 0x00, 0x00, 0x00, 0x00, 0x00, 0x5E, 0x00, 0x00, 0x00, 0x08, 
0x00, 0x00, 0x00, 0x09, 0x00, 0x00, 0x00, 0x0A, 0x00, 0x00, 0x00, 0x0D, 
0x00, 0x00, 0x00, 0x01, 0x00, 0x00, 0x00, 0x00, 0x00, 0x00, 0x00, 0x5F, 
0x00, 0x00, 0x00, 0x02, 0x00, 0x00, 0x00, 0x09, 0x00, 0x00, 0x00, 0x09, 
0xFF, 0xFF, 0xFF, 0xFE, 0x00, 0x00, 0x00, 0x00, 0x00, 0x00, 0x00, 0x00, 
0x00, 0x00, 0x00, 0x60, 0x00, 0x00, 0x00, 0x03, 0x00, 0x00, 0x00, 0x05, 
0x00, 0x00, 0x00, 0x07, 0x00, 0x00, 0x00, 0x0E, 0x00, 0x00, 0x00, 0x01, 
0x00, 0x00, 0x00, 0x00, 0x00, 0x00, 0x00, 0x61, 0x00, 0x00, 0x00, 0x0B, 
0x00, 0x00, 0x00, 0x0A, 0x00, 0x00, 0x00, 0x0B, 0x00, 0x00, 0x00, 0x0A, 
0x00, 0x00, 0x00, 0x00, 0x00, 0x00, 0x00, 0x00, 0x00, 0x00, 0x00, 0x62, 
0x00, 0x00, 0x00, 0x0F, 0x00, 0x00, 0x00, 0x0A, 0x00, 0x00, 0x00, 0x0C, 
0x00, 0x00, 0x00, 0x0E, 0x00, 0x00, 0x00, 0x01, 0x00, 0x00, 0x00, 0x00, 
0x00, 0x00, 0x00, 0x63, 0x00, 0x00, 0x00, 0x0B, 0x00, 0x00, 0x00, 0x09, 
0x00, 0x00, 0x00, 0x09, 0x00, 0x00, 0x00, 0x0A, 0x00, 0x00, 0x00, 0x00, 
0x00, 0x00, 0x00, 0x00, 0x00, 0x00, 0x00, 0x64, 0x00, 0x00, 0x00, 0x0F, 
0x00, 0x00, 0x00, 0x0B, 0x00, 0x00, 0x00, 0x0C, 0x00, 0x00, 0x00, 0x0E, 
0x00, 0x00, 0x00, 0x00, 0x00, 0x00, 0x00, 0x00, 0x00, 0x00, 0x00, 0x65, 
0x00, 0x00, 0x00, 0x0B, 0x00, 0x00, 0x00, 0x0A, 0x00, 0x00, 0x00, 0x0B, 
0x00, 0x00, 0x00, 0x0A, 0x00, 0x00, 0x00, 0x00, 0x00, 0x00, 0x00, 0x00, 
0x00, 0x00, 0x00, 0x66, 0x00, 0x00, 0x00, 0x0E, 0x00, 0x00, 0x00, 0x07, 
0x00, 0x00, 0x00, 0x06, 0x00, 0x00, 0x00, 0x0E, 0x00, 0x00, 0x00, 0x00, 
0x00, 0x00, 0x00, 0x00, 0x00, 0x00, 0x00, 0x67, 0x00, 0x00, 0x00, 0x0E, 
0x00, 0x00, 0x00, 0x0B, 0x00, 0x00, 0x00, 0x0C, 0x00, 0x00, 0x00, 0x0A, 
0x00, 0x00, 0x00, 0x00, 0x00, 0x00, 0x00, 0x00, 0x00, 0x00, 0x00, 0x68, 
0x00, 0x00, 0x00, 0x0E, 0x00, 0x00, 0x00, 0x09, 0x00, 0x00, 0x00, 0x0B, 
0x00, 0x00, 0x00, 0x0E, 0x00, 0x00, 0x00, 0x01, 0x00, 0x00, 0x00, 0x00, 
0x00, 0x00, 0x00, 0x69, 0x00, 0x00, 0x00, 0x0E, 0x00, 0x00, 0x00, 0x03, 
0x00, 0x00, 0x00, 0x05, 0x00, 0x00, 0x00, 0x0E, 0x00, 0x00, 0x00, 0x01, 
0x00, 0x00, 0x00, 0x00, 0x00, 0x00, 0x00, 0x6A, 0x00, 0x00, 0x00, 0x12, 
0x00, 0x00, 0x00, 0x06, 0x00, 0x00, 0x00, 0x05, 0x00, 0x00, 0x00, 0x0E, 
0xFF, 0xFF, 0xFF, 0xFE, 0x00, 0x00, 0x00, 0x00, 0x00, 0x00, 0x00, 0x6B, 
0x00, 0x00, 0x00, 0x0E, 0x00, 0x00, 0x00, 0x09, 0x00, 0x00, 0x00, 0x0A, 
0x00, 0x00, 0x00, 0x0E, 0x00, 0x00, 0x00, 0x01, 0x00, 0x00, 0x00, 0x00, 
0x00, 0x00, 0x00, 0x6C, 0x00, 0x00, 0x00, 0x0F, 0x00, 0x00, 0x00, 0x05, 
0x00, 0x00, 0x00, 0x05, 0x00, 0x00, 0x00, 0x0E, 0x00, 0x00, 0x00, 0x01, 
0x00, 0x00, 0x00, 0x00, 0x00, 0x00, 0x00, 0x6D, 0x00, 0x00, 0x00, 0x0A, 
0x00, 0x00, 0x00, 0x0F, 0x00, 0x00, 0x00, 0x11, 0x00, 0x00, 0x00, 0x0A, 
0x00, 0x00, 0x00, 0x01, 0x00, 0x00, 0x00, 0x00, 0x00, 0x00, 0x00, 0x6E, 
0x00, 0x00, 0x00, 0x0A, 0x00, 0x00, 0x00, 0x09, 0x00, 0x00, 0x00, 0x0B, 
0x00, 0x00, 0x00, 0x0A, 0x00, 0x00, 0x00, 0x01, 0x00, 0x00, 0x00, 0x00, 
0x00, 0x00, 0x00, 0x6F, 0x00, 0x00, 0x00, 0x0B, 0x00, 0x00, 0x00, 0x0B, 
0x00, 0x00, 0x00, 0x0B, 0x00, 0x00, 0x00, 0x0A, 0x00, 0x00, 0x00, 0x00, 
0x00, 0x00, 0x00, 0x00, 0x00, 0x00, 0x00, 0x70, 0x00, 0x00, 0x00, 0x0E, 
0x00, 0x00, 0x00, 0x0A, 0x00, 0x00, 0x00, 0x0C, 0x00, 0x00, 0x00, 0x0A, 
0x00, 0x00, 0x00, 0x01, 0x00, 0x00, 0x00, 0x00, 0x00, 0x00, 0x00, 0x71, 
0x00, 0x00, 0x00, 0x0E, 0x00, 0x00, 0x00, 0x0B, 0x00, 0x00, 0x00, 0x0C, 
0x00, 0x00, 0x00, 0x0A, 0x00, 0x00, 0x00, 0x00, 0x00, 0x00, 0x00, 0x00, 
0x00, 0x00, 0x00, 0x72, 0x00, 0x00, 0x00, 0x0A, 0x00, 0x00, 0x00, 0x06, 
0x00, 0x00, 0x00, 0x07, 0x00, 0x00, 0x00, 0x0A, 0x00, 0x00, 0x00, 0x01, 
0x00, 0x00, 0x00, 0x00, 0x00, 0x00, 0x00, 0x73, 0x00, 0x00, 0x00, 0x0B, 
0x00, 0x00, 0x00, 0x08, 0x00, 0x00, 0x00, 0x09, 0x00, 0x00, 0x00, 0x0A, 
0x00, 0x00, 0x00, 0x00, 0x00, 0x00, 0x00, 0x00, 0x00, 0x00, 0x00, 0x74, 
0x00, 0x00, 0x00, 0x0E, 0x00, 0x00, 0x00, 0x06, 0x00, 0x00, 0x00, 0x06, 
0x00, 0x00, 0x00, 0x0D, 0x00, 0x00, 0x00, 0x00, 0x00, 0x00, 0x00, 0x00, 
0x00, 0x00, 0x00, 0x75, 0x00, 0x00, 0x00, 0x0B, 0x00, 0x00, 0x00, 0x09, 
0x00, 0x00, 0x00, 0x0B, 0x00, 0x00, 0x00, 0x0A, 0x00, 0x00, 0x00, 0x01, 
0x00, 0x00, 0x00, 0x00, 0x00, 0x00, 0x00, 0x76, 0x00, 0x00, 0x00, 0x0A, 
0x00, 0x00, 0x00, 0x0A, 0x00, 0x00, 0x00, 0x0A, 0x00, 0x00, 0x00, 0x0A, 
0x00, 0x00, 0x00, 0x00, 0x00, 0x00, 0x00, 0x00, 0x00, 0x00, 0x00, 0x77, 
0x00, 0x00, 0x00, 0x0A, 0x00, 0x00, 0x00, 0x10, 0x00, 0x00, 0x00, 0x0F, 
0x00, 0x00, 0x00, 0x0A, 0x00, 0x00, 0x00, 0x00, 0x00, 0x00, 0x00, 0x00, 
0x00, 0x00, 0x00, 0x78, 0x00, 0x00, 0x00, 0x0A, 0x00, 0x00, 0x00, 0x0A, 
0x00, 0x00, 0x00, 0x0A, 0x00, 0x00, 0x00, 0x0A, 0x00, 0x00, 0x00, 0x00, 
0x00, 0x00, 0x00, 0x00, 0x00, 0x00, 0x00, 0x79, 0x00, 0x00, 0x00, 0x0E, 
0x00, 0x00, 0x00, 0x0A, 0x00, 0x00, 0x00, 0x0A, 0x00, 0x00, 0x00, 0x0A, 
0x00, 0x00, 0x00, 0x00, 0x00, 0x00, 0x00, 0x00, 0x00, 0x00, 0x00, 0x7A, 
0x00, 0x00, 0x00, 0x0A, 0x00, 0x00, 0x00, 0x09, 0x00, 0x00, 0x00, 0x0A, 
0x00, 0x00, 0x00, 0x0A, 0x00, 0x00, 0x00, 0x00, 0x00, 0x00, 0x00, 0x00, 
0x00, 0x00, 0x00, 0x7B, 0x00, 0x00, 0x00, 0x12, 0x00, 0x00, 0x00, 0x06, 
0x00, 0x00, 0x00, 0x06, 0x00, 0x00, 0x00, 0x0E, 0x00, 0x00, 0x00, 0x00, 
0x00, 0x00, 0x00, 0x00, 0x00, 0x00, 0x00, 0x7C, 0x00, 0x00, 0x00, 0x12, 
0x00, 0x00, 0x00, 0x03, 0x00, 0x00, 0x00, 0x04, 0x00, 0x00, 0x00, 0x0E, 
0x00, 0x00, 0x00, 0x00, 0x00, 0x00, 0x00, 0x00, 0x00, 0x00, 0x00, 0x7D, 
0x00, 0x00, 0x00, 0x12, 0x00, 0x00, 0x00, 0x06, 0x00, 0x00, 0x00, 0x06, 
0x00, 0x00, 0x00, 0x0E, 0x00, 0x00, 0x00, 0x00, 0x00, 0x00, 0x00, 0x00, 
0x00, 0x00, 0x00, 0x7E, 0x00, 0x00, 0x00, 0x05, 0x00, 0x00, 0x00, 0x0A, 
0x00, 0x00, 0x00, 0x0A, 0x00, 0x00, 0x00, 0x08, 0x00, 0x00, 0x00, 0x00, 
0x00, 0x00, 0x00, 0x00, 0x00, 0x00, 0x4E, 0x3B, 0x00, 0x00, 0x00, 0x11, 
0x00, 0x00, 0x00, 0x11, 0x00, 0x00, 0x00, 0x12, 0x00, 0x00, 0x00, 0x0F, 
0x00, 0x00, 0x00, 0x00, 0x00, 0x00, 0x00, 0x00, 0x00, 0x00, 0x4E, 0xAE, 
0x00, 0x00, 0x00, 0x12, 0x00, 0x00, 0x00, 0x11, 0x00, 0x00, 0x00, 0x12, 
0x00, 0x00, 0x00, 0x0F, 0x00, 0x00, 0x00, 0x00, 0x00, 0x00, 0x00, 0x00, 
0x00, 0x00, 0x50, 0x7F, 0x00, 0x00, 0x00, 0x11, 0x00, 0x00, 0x00, 0x11, 
0x00, 0x00, 0x00, 0x12, 0x00, 0x00, 0x00, 0x0F, 0x00, 0x00, 0x00, 0x00, 
0x00, 0x00, 0x00, 0x00, 0x00, 0x00, 0x51, 0x73, 0x00, 0x00, 0x00, 0x11, 
0x00, 0x00, 0x00, 0x11, 0x00, 0x00, 0x00, 0x12, 0x00, 0x00, 0x00, 0x0F, 
0x00, 0x00, 0x00, 0x00, 0x00, 0x00, 0x00, 0x00, 0x00, 0x00, 0x51, 0xFA, 
0x00, 0x00, 0x00, 0x11, 0x00, 0x00, 0x00, 0x0E, 0x00, 0x00, 0x00, 0x12, 
0x00, 0x00, 0x00, 0x0F, 0x00, 0x00, 0x00, 0x02, 0x00, 0x00, 0x00, 0x00, 
0x00, 0x00, 0x52, 0x07, 0x00, 0x00, 0x00, 0x12, 0x00, 0x00, 0x00, 0x11, 
0x00, 0x00, 0x00, 0x12, 0x00, 0x00, 0x00, 0x0F, 0x00, 0x00, 0x00, 0x00, 
0x00, 0x00, 0x00, 0x00, 0x00, 0x00, 0x53, 0x73, 0x00, 0x00, 0x00, 0x10, 
0x00, 0x00, 0x00, 0x0F, 0x00, 0x00, 0x00, 0x12, 0x00, 0x00, 0x00, 0x0E, 
0x00, 0x00, 0x00, 0x01, 0x00, 0x00, 0x00, 0x00, 0x00, 0x00, 0x53, 0x82, 
0x00, 0x00, 0x00, 0x10, 0x00, 0x00, 0x00, 0x11, 0x00, 0x00, 0x00, 0x12, 
0x00, 0x00, 0x00, 0x0E, 0x00, 0x00, 0x00, 0x00, 0x00, 0x00, 0x00, 0x00, 
0x00, 0x00, 0x53, 0xD6, 0x00, 0x00, 0x00, 0x10, 0x00, 0x00, 0x00, 0x11, 
0x00, 0x00, 0x00, 0x12, 0x00, 0x00, 0x00, 0x0E, 0x00, 0x00, 0x00, 0x00, 
0x00, 0x00, 0x00, 0x00, 0x00, 0x00, 0x58, 0xF0, 0x00, 0x00, 0x00, 0x12, 
0x00, 0x00, 0x00, 0x11, 0x00, 0x00, 0x00, 0x12, 0x00, 0x00, 0x00, 0x0F, 
0x00, 0x00, 0x00, 0x00, 0x00, 0x00, 0x00, 0x00, 0x00, 0x00, 0x59, 0x0D, 
0x00, 0x00, 0x00, 0x12, 0x00, 0x00, 0x00, 0x11, 0x00, 0x00, 0x00, 0x12, 
0x00, 0x00, 0x00, 0x0F, 0x00, 0x00, 0x00, 0x00, 0x00, 0x00, 0x00, 0x00, 
0x00, 0x00, 0x59, 0xCB, 0x00, 0x00, 0x00, 0x12, 0x00, 0x00, 0x00, 0x11, 
0x00, 0x00, 0x00, 0x12, 0x00, 0x00, 0x00, 0x0F, 0x00, 0x00, 0x00, 0x00, 
0x00, 0x00, 0x00, 0x00, 0x00, 0x00, 0x5C, 0x06, 0x00, 0x00, 0x00, 0x11, 
0x00, 0x00, 0x00, 0x11, 0x00, 0x00, 0x00, 0x12, 0x00, 0x00, 0x00, 0x0F, 
0x00, 0x00, 0x00, 0x00, 0x00, 0x00, 0x00, 0x00, 0x00, 0x00, 0x5E, 0xA6, 
0x00, 0x00, 0x00, 0x11, 0x00, 0x00, 0x00, 0x11, 0x00, 0x00, 0x00, 0x12, 
0x00, 0x00, 0x00, 0x0F, 0x00, 0x00, 0x00, 0x00, 0x00, 0x00, 0x00, 0x00, 
0x00, 0x00, 0x5F, 0x00, 0x00, 0x00, 0x00, 0x10, 0x00, 0x00, 0x00, 0x11, 
0x00, 0x00, 0x00, 0x12, 0x00, 0x00, 0x00, 0x0E, 0x00, 0x00, 0x00, 0x00, 
0x00, 0x00, 0x00, 0x00, 0x00, 0x00, 0x60, 0x62, 0x00, 0x00, 0x00, 0x11, 
0x00, 0x00, 0x00, 0x11, 0x00, 0x00, 0x00, 0x12, 0x00, 0x00, 0x00, 0x0F, 
0x00, 0x00, 0x00, 0x00, 0x00, 0x00, 0x00, 0x00, 0x00, 0x00, 0x63, 0x09, 
0x00, 0x00, 0x00, 0x12, 0x00, 0x00, 0x00, 0x11, 0x00, 0x00, 0x00, 0x12, 
0x00, 0x00, 0x00, 0x0F, 0x00, 0x00, 0x00, 0x00, 0x00, 0x00, 0x00, 0x00, 
0x00, 0x00, 0x63, 0x62, 0x00, 0x00, 0x00, 0x12, 0x00, 0x00, 0x00, 0x11, 
0x00, 0x00, 0x00, 0x12, 0x00, 0x00, 0x00, 0x0F, 0x00, 0x00, 0x00, 0x00, 
0x00, 0x00, 0x00, 0x00, 0x00, 0x00, 0x6D, 0x88, 0x00, 0x00, 0x00, 0x11, 
0x00, 0x00, 0x00, 0x11, 0x00, 0x00, 0x00, 0x12, 0x00, 0x00, 0x00, 0x0F, 
0x00, 0x00, 0x00, 0x00, 0x00, 0x00, 0x00, 0x00, 0x00, 0x00, 0x6E, 0x29, 
0x00, 0x00, 0x00, 0x11, 0x00, 0x00, 0x00, 0x11, 0x00, 0x00, 0x00, 0x12, 
0x00, 0x00, 0x00, 0x0F, 0x00, 0x00, 0x00, 0x00, 0x00, 0x00, 0x00, 0x00, 
0x00, 0x00, 0x76, 0x7D, 0x00, 0x00, 0x00, 0x11, 0x00, 0x00, 0x00, 0x0E, 
0x00, 0x00, 0x00, 0x12, 0x00, 0x00, 0x00, 0x0F, 0x00, 0x00, 0x00, 0x02, 
0x00, 0x00, 0x00, 0x00, 0x00, 0x00, 0x78, 0x6E, 0x00, 0x00, 0x00, 0x11, 
0x00, 0x00, 0x00, 0x11, 0x00, 0x00, 0x00, 0x12, 0x00, 0x00, 0x00, 0x0F, 
0x00, 0x00, 0x00, 0x00, 0x00, 0x00, 0x00, 0x00, 0x00, 0x00, 0x7E, 0xDC, 
0x00, 0x00, 0x00, 0x11, 0x00, 0x00, 0x00, 0x11, 0x00, 0x00, 0x00, 0x12, 
0x00, 0x00, 0x00, 0x0F, 0x00, 0x00, 0x00, 0x00, 0x00, 0x00, 0x00, 0x00, 
0x00, 0x00, 0x7F, 0x51, 0x00, 0x00, 0x00, 0x10, 0x00, 0x00, 0x00, 0x0F, 
0x00, 0x00, 0x00, 0x12, 0x00, 0x00, 0x00, 0x0E, 0x00, 0x00, 0x00, 0x01, 
0x00, 0x00, 0x00, 0x00, 0x00, 0x00, 0x7F, 0x6E, 0x00, 0x00, 0x00, 0x10, 
0x00, 0x00, 0x00, 0x11, 0x00, 0x00, 0x00, 0x12, 0x00, 0x00, 0x00, 0x0E, 
0x00, 0x00, 0x00, 0x00, 0x00, 0x00, 0x00, 0x00, 0x00, 0x00, 0x82, 0x82, 
0x00, 0x00, 0x00, 0x11, 0x00, 0x00, 0x00, 0x11, 0x00, 0x00, 0x00, 0x12, 
0x00, 0x00, 0x00, 0x0F, 0x00, 0x00, 0x00, 0x00, 0x00, 0x00, 0x00, 0x00, 
0x00, 0x00, 0x88, 0x65, 0x00, 0x00, 0x00, 0x11, 0x00, 0x00, 0x00, 0x12, 
0x00, 0x00, 0x00, 0x12, 0x00, 0x00, 0x00, 0x0F, 0x00, 0x00, 0x00, 0x00, 
0x00, 0x00, 0x00, 0x00, 0x00, 0x00, 0x8B, 0xA4, 0x00, 0x00, 0x00, 0x11, 
0x00, 0x00, 0x00, 0x10, 0x00, 0x00, 0x00, 0x12, 0x00, 0x00, 0x00, 0x0F, 
0x00, 0x00, 0x00, 0x01, 0x00, 0x00, 0x00, 0x00, 0x00, 0x00, 0x8C, 0x03, 
0x00, 0x00, 0x00, 0x11, 0x00, 0x00, 0x00, 0x0F, 0x00, 0x00, 0x00, 0x12, 
0x00, 0x00, 0x00, 0x0F, 0x00, 0x00, 0x00, 0x01, 0x00, 0x00, 0x00, 0x00, 
0x00, 0x00, 0x91, 0x4D, 0x00, 0x00, 0x00, 0x10, 0x00, 0x00, 0x00, 0x11, 
0x00, 0x00, 0x00, 0x12, 0x00, 0x00, 0x00, 0x0E, 0x00, 0x00, 0x00, 0x00, 
0x00, 0x00, 0x00, 0x00, 0x00, 0x00, 0x95, 0x2E, 0x00, 0x00, 0x00, 0x11, 
0x00, 0x00, 0x00, 0x11, 0x00, 0x00, 0x00, 0x12, 0x00, 0x00, 0x00, 0x0F, 
0x00, 0x00, 0x00, 0x00, 0x00, 0x00, 0x00, 0x00, 0x00, 0x00, 0x97, 0xF3, 
0x00, 0x00, 0x00, 0x11, 0x00, 0x00, 0x00, 0x10, 0x00, 0x00, 0x00, 0x12, 
0x00, 0x00, 0x00, 0x0F, 0x00, 0x00, 0x00, 0x01, 0x00, 0x00, 0x00, 0x00, 
0x00, 0x00, 0x98, 0x98, 0x00, 0x00, 0x00, 0x10, 0x00, 0x00, 0x00, 0x11, 
0x00, 0x00, 0x00, 0x12, 0x00, 0x00, 0x00, 0x0E, 0x00, 0x00, 0x00, 0x00, 
0x00, 0x00, 0x00, 0x00, 0x00, 0x00, 0x9E, 0xD1, 0x00, 0x00, 0x00, 0x11, 
0x00, 0x00, 0x00, 0x10, 0x00, 0x00, 0x00, 0x12, 0x00, 0x00, 0x00, 0x0E, 
0x00, 0x00, 0x00, 0x01, 0x00, 0x00, 0x00, 0x00, 0x00, 0x75, 0x7C, 0x42, 
0x00, 0xEA, 0xFF, 0x82, 0x00, 0xE0, 0xFF, 0x78, 0x00, 0xD6, 0xFF, 0x6E, 
0x00, 0xCC, 0xFF, 0x65, 0x00, 0xC2, 0xFF, 0x5B, 0x00, 0xB7, 0xFF, 0x51, 
0x00, 0xAD, 0xFF, 0x48, 0x00, 0x7D, 0xC4, 0x30, 0x00, 0x00, 0x00, 0x00, 
0x00, 0x7F, 0x9E, 0x3E, 0x12, 0xFF, 0xFF, 0xAC, 0x07, 0xED, 0xFF, 0x8B, 
0x00, 0x08, 0x16, 0x00, 0xAD, 0xB0, 0x2C, 0x94, 0xB0, 0x45, 0xE9, 0xFF, 
0x2E, 0xC5, 0xFF, 0x52, 0xD3, 0xFF, 0x19, 0xAF, 0xFF, 0x3C, 0xBC, 0xFF, 
0x05, 0x98, 0xFF, 0x26, 0xA6, 0xEF, 0x00, 0x82, 0xFF, 0x10, 0x5E, 0x8E, 
0x00, 0x47, 0xA2, 0x00, 0x00, 0x00, 0x00, 0x5C, 0x7C, 0x13, 0x00, 0x18, 
0x7C, 0x57, 0x00, 0x00, 0x00, 0x00, 0xE2, 0xFC, 0x09, 0x00, 0x54, 0xFF, 
0x93, 0x00, 0x00, 0x00, 0x10, 0xFF, 0xD7, 0x00, 0x00, 0x81, 0xFF, 0x66, 
0x00, 0x46, 0x60, 0x81, 0xFF, 0xCF, 0x60, 0x60, 0xC7, 0xFF, 0x89, 0x31, 
0xBC, 0xFF, 0xFF, 0xFF, 0xFF, 0xFF, 0xFF, 0xFF, 0xFF, 0xFF, 0x84, 0x34, 
0x48, 0xB9, 0xFF, 0x7B, 0x48, 0x54, 0xFF, 0xE0, 0x48, 0x25, 0x00, 0x00, 
0xC7, 0xFF, 0x20, 0x00, 0x39, 0xFF, 0xAC, 0x00, 0x00, 0x00, 0x01, 0xF4, 
0xF3, 0x01, 0x00, 0x67, 0xFF, 0x80, 0x00, 0x00, 0xB3, 0xF4, 0xFF, 0xFE, 
0xF4, 0xF4, 0xF9, 0xFF, 0xF8, 0xF4, 0x7D, 0x84, 0xD0, 0xFF, 0xDB, 0xB4, 
0xB4, 0xF2, 0xFF, 0xB9, 0xB4, 0x5C, 0x00, 0x7D, 0xFF, 0x67, 0x00, 0x00, 
0xF0, 0xF2, 0x01, 0x00, 0x00, 0x00, 0xAB, 0xFF, 0x39, 0x00, 0x1F, 0xFF, 
0xC5, 0x00, 0x00, 0x00, 0x00, 0xD9, 0xFE, 0x0C, 0x00, 0x4D, 0xFF, 0x97, 
0x00, 0x00, 0x00, 0x00, 0x00, 0x00, 0x14, 0x23, 0x00, 0x00, 0x00, 0x00, 
0x00, 0x00, 0x00, 0x78, 0xD0, 0x00, 0x00, 0x00, 0x00, 0x00, 0x06, 0x4A, 
0xB2, 0xE6, 0x6B, 0x4F, 0x1B, 0x00, 0x20, 0xDC, 0xFF, 0xFF, 0xFF, 0xFF, 
0xFF, 0xA8, 0x00, 0xA7, 0xFF, 0xBD, 0xAE, 0xE0, 0x66, 0x89, 0x77, 0x00, 
0xD9, 0xFF, 0x2C, 0x78, 0xD0, 0x00, 0x00, 0x00, 0x00, 0xD6, 0xFF, 0x43, 
0x78, 0xD0, 0x00, 0x00, 0x00, 0x00, 0x99, 0xFF, 0xF4, 0xD6, 0xDD, 0x1E, 
0x00, 0x00, 0x00, 0x12, 0xA8, 0xFE, 0xFF, 0xFF, 0xFF, 0xC2, 0x2F, 0x00, 
0x00, 0x00, 0x19, 0xA0, 0xF2, 0xEA, 0xFF, 0xE4, 0x0B, 0x00, 0x00, 0x00, 
0x78, 0xD0, 0x0D, 0xDA, 0xFF, 0x46, 0x00, 0x00, 0x00, 0x78, 0xD0, 0x00, 
0xAC, 0xFF, 0x5A, 0x5F, 0x33, 0x1A, 0x7D, 0xD3, 0x3C, 0xEB, 0xFF, 0x37, 
0xFC, 0xFF, 0xFF, 0xFF, 0xFF, 0xFF, 0xFF, 0xC5, 0x01, 0x96, 0xC1, 0xD6, 
0xF0, 0xF9, 0xC7, 0x83, 0x10, 0x00, 0x00, 0x00, 0x00, 0x78, 0xD0, 0x00, 
0x00, 0x00, 0x00, 0x00, 0x00, 0x00, 0x78, 0xD0, 0x00, 0x00, 0x00, 0x00, 
0x00, 0x00, 0x00, 0x3A, 0x64, 0x00, 0x00, 0x00, 0x00, 0x00, 0x59, 0x9E, 
0x8C, 0x1F, 0x00, 0x00, 0x00, 0x02, 0x75, 0x48, 0x00, 0x00, 0x68, 0xFE, 
0xA3, 0xD5, 0xE9, 0x0B, 0x00, 0x00, 0x61, 0xFD, 0x2D, 0x00, 0x00, 0xBD, 
0xC4, 0x00, 0x3F, 0xFF, 0x4A, 0x00, 0x0A, 0xE5, 0x9A, 0x00, 0x00, 0x00, 
0xD4, 0xAB, 0x00, 0x25, 0xFF, 0x63, 0x00, 0x80, 0xF3, 0x18, 0x00, 0x00, 
0x00, 0xCE, 0xB0, 0x00, 0x2B, 0xFF, 0x5C, 0x1A, 0xF4, 0x7B, 0x00, 0x00, 
0x00, 0x00, 0xA0, 0xE6, 0x19, 0x74, 0xFF, 0x2C, 0x9E, 0xE2, 0x09, 0x00, 
0x00, 0x00, 0x00, 0x27, 0xDD, 0xFF, 0xFF, 0x91, 0x2F, 0xFD, 0x5C, 0x2D, 
0x94, 0x9D, 0x50, 0x00, 0x00, 0x04, 0x24, 0x14, 0x00, 0xBC, 0xCB, 0x1A, 
0xF4, 0xCA, 0xAC, 0xFF, 0x51, 0x00, 0x00, 0x00, 0x00, 0x4C, 0xFF, 0x3E, 
0x61, 0xFF, 0x23, 0x00, 0xDB, 0xA6, 0x00, 0x00, 0x00, 0x04, 0xD6, 0xAE, 
0x00, 0x78, 0xFF, 0x0B, 0x00, 0xC1, 0xBF, 0x00, 0x00, 0x00, 0x6A, 0xFA, 
0x24, 0x00, 0x71, 0xFF, 0x10, 0x00, 0xC7, 0xB8, 0x00, 0x00, 0x0E, 0xEA, 
0x8F, 0x00, 0x00, 0x3E, 0xFF, 0x5C, 0x25, 0xF4, 0x82, 0x00, 0x00, 0x88, 
0xEE, 0x11, 0x00, 0x00, 0x00, 0xA3, 0xFF, 0xFF, 0xD2, 0x14, 0x00, 0x00, 
0x00, 0x00, 0x00, 0x00, 0x00, 0x00, 0x00, 0x18, 0x22, 0x02, 0x00, 0x00, 
0x00, 0x00, 0x19, 0x7C, 0xA1, 0x88, 0x24, 0x00, 0x00, 0x00, 0x00, 0x00, 
0x00, 0x28, 0xF1, 0xFF, 0xFF, 0xFF, 0xF5, 0x27, 0x00, 0x00, 0x00, 0x00, 
0x00, 0xA0, 0xFF, 0xB1, 0x14, 0xA9, 0xFF, 0x88, 0x00, 0x00, 0x00, 0x00, 
0x00, 0xBC, 0xFF, 0x74, 0x00, 0x79, 0xFF, 0x93, 0x00, 0x00, 0x00, 0x00, 
0x00, 0x94, 0xFF, 0xC0, 0x3C, 0xEA, 0xFF, 0x44, 0x00, 0x00, 0x00, 0x00, 
0x00, 0x2B, 0xFA, 0xFF, 0xFE, 0xFC, 0x71, 0x00, 0x00, 0x00, 0x00, 0x00, 
0x05, 0x87, 0xFC, 0xFF, 0xFF, 0x65, 0x00, 0x14, 0xBC, 0xB5, 0x00, 0x00, 
0xAA, 0xFF, 0xE2, 0xB9, 0xFF, 0xE2, 0x16, 0x43, 0xFF, 0xD5, 0x00, 0x3F, 
0xFF, 0xF7, 0x20, 0x0A, 0xCF, 0xFF, 0xC0, 0xA6, 0xFF, 0x8F, 0x00, 0x76, 
0xFF, 0xCE, 0x00, 0x00, 0x1F, 0xEB, 0xFF, 0xFF, 0xF8, 0x23, 0x00, 0x65, 
0xFF, 0xF6, 0x25, 0x00, 0x00, 0x83, 0xFF, 0xFF, 0xB3, 0x02, 0x00, 0x0F, 
0xE1, 0xFF, 0xF3, 0xB8, 0xD1, 0xFF, 0xFD, 0xFF, 0xFF, 0xE9, 0x52, 0x00, 
0x28, 0xBF, 0xFF, 0xFF, 0xFE, 0xC0, 0x37, 0x5C, 0xD3, 0xF9, 0x63, 0x00, 
0x00, 0x00, 0x16, 0x2A, 0x11, 0x00, 0x00, 0x00, 0x00, 0x00, 0x00, 0xAD, 
0xB0, 0x2C, 0xE9, 0xFF, 0x2E, 0xD3, 0xFF, 0x19, 0xBC, 0xFF, 0x05, 0xA6, 
0xEF, 0x00, 0x5E, 0x8E, 0x00, 0x00, 0x00, 0x21, 0xAF, 0xAB, 0x0E, 0x00, 
0x00, 0xB3, 0xFF, 0x95, 0x00, 0x00, 0x45, 0xFF, 0xF4, 0x14, 0x00, 0x00, 
0xB9, 0xFF, 0x9A, 0x00, 0x00, 0x24, 0xFE, 0xFF, 0x34, 0x00, 0x00, 0x6C, 
0xFF, 0xE9, 0x00, 0x00, 0x00, 0xAB, 0xFF, 0xAD, 0x00, 0x00, 0x00, 0xCC, 
0xFF, 0x89, 0x00, 0x00, 0x00, 0xE1, 0xFF, 0x74, 0x00, 0x00, 0x00, 0xE3, 
0xFF, 0x77, 0x00, 0x00, 0x00, 0xCF, 0xFF, 0x8A, 0x00, 0x00, 0x00, 0xB0, 
0xFF, 0xAE, 0x00, 0x00, 0x00, 0x73, 0xFF, 0xE9, 0x00, 0x00, 0x00, 0x2B, 
0xFF, 0xFF, 0x32, 0x00, 0x00, 0x00, 0xC1, 0xFF, 0x97, 0x00, 0x00, 0x00, 
0x4D, 0xFF, 0xF2, 0x12, 0x00, 0x00, 0x00, 0xB9, 0xFF, 0x8F, 0x00, 0x00, 
0x00, 0x24, 0x98, 0x92, 0x06, 0x12, 0xAD, 0xAF, 0x1C, 0x00, 0x00, 0x00, 
0xA0, 0xFF, 0xAA, 0x00, 0x00, 0x00, 0x1C, 0xFA, 0xFF, 0x3B, 0x00, 0x00, 
0x00, 0xAC, 0xFF, 0xAB, 0x00, 0x00, 0x00, 0x48, 0xFF, 0xFB, 0x16, 0x00, 
0x00, 0x08, 0xF9, 0xFF, 0x58, 0x00, 0x00, 0x00, 0xC6, 0xFF, 0x96, 0x00, 
0x00, 0x00, 0xA6, 0xFF, 0xB3, 0x00, 0x00, 0x00, 0x91, 0xFF, 0xC8, 0x00, 
0x00, 0x00, 0x93, 0xFF, 0xC2, 0x00, 0x00, 0x00, 0xA7, 0xFF, 0xAE, 0x00, 
0x00, 0x00, 0xCD, 0xFF, 0x8B, 0x00, 0x00, 0x0E, 0xFC, 0xFF, 0x4A, 0x00, 
0x00, 0x57, 0xFF, 0xF3, 0x0C, 0x00, 0x00, 0xBF, 0xFF, 0x93, 0x00, 0x00, 
0x30, 0xFF, 0xFA, 0x23, 0x00, 0x00, 0xBD, 0xFF, 0x88, 0x00, 0x00, 0x1D, 
0x98, 0x94, 0x0B, 0x00, 0x00, 0x00, 0x00, 0x00, 0x9D, 0xAF, 0x03, 0x00, 
0x00, 0x00, 0x18, 0x00, 0xCB, 0xE8, 0x00, 0x17, 0x01, 0x1A, 0xFA, 0xA6, 
0xCB, 0xDC, 0x98, 0xF8, 0x38, 0x3B, 0xC8, 0xF6, 0xFF, 0xFF, 0xFA, 0xCF, 
0x51, 0x00, 0x00, 0x7A, 0xFF, 0xFD, 0x99, 0x00, 0x00, 0x00, 0x5D, 0xFF, 
0xB7, 0x98, 0xFF, 0x7D, 0x00, 0x00, 0x19, 0xB9, 0x2C, 0x16, 0xC1, 0x27, 
0x00, 0x00, 0x00, 0x00, 0x00, 0xD1, 0xF8, 0x13, 0x00, 0x00, 0x00, 0x00, 
0x00, 0x00, 0x00, 0xD8, 0xFF, 0x14, 0x00, 0x00, 0x00, 0x00, 0x00, 0x00, 
0x00, 0xD8, 0xFF, 0x14, 0x00, 0x00, 0x00, 0x2A, 0x60, 0x60, 0x60, 0xE7, 
0xFF, 0x6C, 0x60, 0x60, 0x43, 0x70, 0xFF, 0xFF, 0xFF, 0xFF, 0xFF, 0xFF, 
0xFF, 0xFF, 0xB4, 0x3D, 0x8C, 0x8C, 0x8C, 0xED, 0xFF, 0x95, 0x8C, 0x8C, 
0x62, 0x00, 0x00, 0x00, 0x00, 0xD8, 0xFF, 0x14, 0x00, 0x00, 0x00, 0x00, 
0x00, 0x00, 0x00, 0xD8, 0xFF, 0x14, 0x00, 0x00, 0x00, 0x00, 0x00, 0x00, 
0x00, 0xD8, 0xFF, 0x14, 0x00, 0x00, 0x00, 0x00, 0x00, 0x00, 0x00, 0x25, 
0x2C, 0x03, 0x00, 0x00, 0x00, 0x00, 0x00, 0x90, 0xB0, 0x39, 0x00, 0x01, 
0xEE, 0xFF, 0x2F, 0x00, 0x2D, 0xFF, 0xE1, 0x01, 0x00, 0x83, 0xFF, 0x7B, 
0x00, 0x08, 0xE5, 0xEA, 0x10, 0x00, 0x23, 0x74, 0x3D, 0x00, 0x00, 0x57, 
0x70, 0x70, 0x70, 0x70, 0x4B, 0xC8, 0xFF, 0xFF, 0xFF, 0xFF, 0xAC, 0x4E, 
0x64, 0x64, 0x64, 0x64, 0x43, 0x3E, 0xBC, 0xB1, 0x15, 0x8B, 0xFF, 0xFF, 
0x49, 0x6A, 0xFF, 0xFB, 0x2B, 0x00, 0x14, 0x0D, 0x00, 0x00, 0x00, 0x00, 
0x00, 0x00, 0x07, 0x06, 0x00, 0x00, 0x00, 0x00, 0x21, 0xFF, 0x9B, 0x00, 
0x00, 0x00, 0x00, 0x7D, 0xFF, 0x3F, 0x00, 0x00, 0x00, 0x00, 0xD7, 0xE2, 
0x01, 0x00, 0x00, 0x00, 0x34, 0xFF, 0x88, 0x00, 0x00, 0x00, 0x00, 0x8F, 
0xFF, 0x2C, 0x00, 0x00, 0x00, 0x03, 0xE7, 0xD1, 0x00, 0x00, 0x00, 0x00, 
0x47, 0xFF, 0x75, 0x00, 0x00, 0x00, 0x00, 0xA2, 0xFD, 0x1B, 0x00, 0x00, 
0x00, 0x0A, 0xF3, 0xBE, 0x00, 0x00, 0x00, 0x00, 0x5A, 0xFF, 0x62, 0x00, 
0x00, 0x00, 0x00, 0xB5, 0xF7, 0x0F, 0x00, 0x00, 0x00, 0x15, 0xFB, 0xAB, 
0x00, 0x00, 0x00, 0x00, 0x6C, 0xFF, 0x4F, 0x00, 0x00, 0x00, 0x00, 0x61, 
0x8A, 0x06, 0x00, 0x00, 0x00, 0x00, 0x00, 0x00, 0x06, 0x60, 0x9B, 0xA6, 
0x86, 0x2D, 0x00, 0x00, 0x00, 0x08, 0xC6, 0xFF, 0xFF, 0xFF, 0xFF, 0xFC, 
0x53, 0x00, 0x00, 0x75, 0xFF, 0xF3, 0x71, 0x54, 0xB4, 0xFF, 0xEB, 0x09, 
0x00, 0xD0, 0xFF, 0x7F, 0x00, 0x00, 0x0B, 0xF2, 0xFF, 0x50, 0x06, 0xFC, 
0xFF, 0x40, 0x00, 0x00, 0x00, 0xBD, 0xFF, 0x84, 0x1E, 0xFF, 0xFF, 0x26, 
0x00, 0x00, 0x00, 0xA0, 0xFF, 0xA0, 0x28, 0xFF, 0xFF, 0x1D, 0x00, 0x00, 
0x00, 0x96, 0xFF, 0xAB, 0x24, 0xFF, 0xFF, 0x20, 0x00, 0x00, 0x00, 0x99, 
0xFF, 0xA7, 0x14, 0xFF, 0xFF, 0x30, 0x00, 0x00, 0x00, 0xAB, 0xFF, 0x97, 
0x00, 0xEE, 0xFF, 0x57, 0x00, 0x00, 0x00, 0xD4, 0xFF, 0x6F, 0x00, 0xAB, 
0xFF, 0xBC, 0x04, 0x00, 0x40, 0xFF, 0xFF, 0x2B, 0x00, 0x38, 0xFD, 0xFF, 
0xEA, 0xD3, 0xFB, 0xFF, 0xB5, 0x00, 0x00, 0x00, 0x55, 0xE4, 0xFF, 0xFF, 
0xFD, 0xAE, 0x11, 0x00, 0x00, 0x00, 0x00, 0x01, 0x20, 0x2A, 0x0E, 0x00, 
0x00, 0x00, 0x00, 0x00, 0x16, 0x49, 0x76, 0x7C, 0x0F, 0x30, 0xE2, 0xFF, 
0xFF, 0xFF, 0xFF, 0x20, 0x40, 0xFC, 0xD6, 0xB7, 0xFF, 0xFF, 0x20, 0x09, 
0x0A, 0x00, 0x2C, 0xFF, 0xFF, 0x20, 0x00, 0x00, 0x00, 0x2C, 0xFF, 0xFF, 
0x20, 0x00, 0x00, 0x00, 0x2C, 0xFF, 0xFF, 0x20, 0x00, 0x00, 0x00, 0x2C, 
0xFF, 0xFF, 0x20, 0x00, 0x00, 0x00, 0x2C, 0xFF, 0xFF, 0x20, 0x00, 0x00, 
0x00, 0x2C, 0xFF, 0xFF, 0x20, 0x00, 0x00, 0x00, 0x2C, 0xFF, 0xFF, 0x20, 
0x00, 0x00, 0x00, 0x2C, 0xFF, 0xFF, 0x20, 0x00, 0x00, 0x00, 0x2C, 0xFF, 
0xFF, 0x20, 0x00, 0x00, 0x00, 0x2C, 0xFF, 0xFF, 0x20, 0x00, 0x13, 0x6C, 
0x93, 0xA4, 0x98, 0x73, 0x15, 0x00, 0x00, 0x00, 0x40, 0xFF, 0xFF, 0xFF, 
0xFF, 0xFF, 0xF4, 0x4C, 0x00, 0x00, 0x26, 0x77, 0x4B, 0x3E, 0x60, 0xDF, 
0xFF, 0xE4, 0x01, 0x00, 0x00, 0x00, 0x00, 0x00, 0x00, 0x4D, 0xFF, 0xFF, 
0x1B, 0x00, 0x00, 0x00, 0x00, 0x00, 0x00, 0x35, 0xFF, 0xFF, 0x0E, 0x00, 
0x00, 0x00, 0x00, 0x00, 0x00, 0x88, 0xFF, 0xDD, 0x00, 0x00, 0x00, 0x00, 
0x00, 0x00, 0x3A, 0xFA, 0xFF, 0x65, 0x00, 0x00, 0x00, 0x00, 0x00, 0x31, 
0xEE, 0xFF, 0xA3, 0x00, 0x00, 0x00, 0x00, 0x00, 0x40, 0xF0, 0xFF, 0xA5, 
0x04, 0x00, 0x00, 0x00, 0x00, 0x62, 0xFA, 0xFF, 0x88, 0x01, 0x00, 0x00, 
0x00, 0x01, 0x91, 0xFF, 0xF5, 0x5A, 0x00, 0x00, 0x00, 0x00, 0x00, 0x0C, 
0xFF, 0xFF, 0xF8, 0xE4, 0xE4, 0xE4, 0xE4, 0xE4, 0x75, 0x0C, 0xFF, 0xFF, 
0xFF, 0xFF, 0xFF, 0xFF, 0xFF, 0xFF, 0x84, 0x16, 0x7B, 0x9A, 0xA6, 0x90, 
0x62, 0x0A, 0x00, 0x00, 0x40, 0xFF, 0xFF, 0xFF, 0xFF, 0xFF, 0xE8, 0x28, 
0x00, 0x21, 0x62, 0x3E, 0x37, 0x61, 0xE9, 0xFF, 0xA8, 0x00, 0x00, 0x00, 
0x00, 0x00, 0x00, 0x73, 0xFF, 0xD4, 0x00, 0x00, 0x00, 0x00, 0x00, 0x00, 
0x92, 0xFF, 0xBA, 0x00, 0x00, 0x1C, 0x51, 0x63, 0xA3, 0xFE, 0xF6, 0x3F, 
0x00, 0x00, 0x5C, 0xFF, 0xFF, 0xFF, 0xF3, 0x4E, 0x00, 0x00, 0x00, 0x28, 
0x71, 0x81, 0xB1, 0xFC, 0xFF, 0x71, 0x00, 0x00, 0x00, 0x00, 0x00, 0x00, 
0x69, 0xFF, 0xF7, 0x0B, 0x00, 0x00, 0x00, 0x00, 0x00, 0x34, 0xFF, 0xFF, 
0x28, 0x00, 0x00, 0x00, 0x00, 0x04, 0x9C, 0xFF, 0xFC, 0x10, 0xBD, 0xCD, 
0xBA, 0xBF, 0xEB, 0xFF, 0xFF, 0x9C, 0x00, 0xC6, 0xFF, 0xFF, 0xFF, 0xFF, 
0xE3, 0x7D, 0x04, 0x00, 0x03, 0x1F, 0x2C, 0x2B, 0x17, 0x00, 0x00, 0x00, 
0x00, 0x00, 0x00, 0x00, 0x00, 0x00, 0x3A, 0x7C, 0x7C, 0x2E, 0x00, 0x00, 
0x00, 0x00, 0x00, 0x14, 0xE8, 0xFF, 0xFF, 0x60, 0x00, 0x00, 0x00, 0x00, 
0x00, 0xB0, 0xFF, 0xFA, 0xFF, 0x60, 0x00, 0x00, 0x00, 0x00, 0x65, 0xFF, 
0xA3, 0xD0, 0xFF, 0x60, 0x00, 0x00, 0x00, 0x24, 0xF4, 0xE3, 0x10, 0xD0, 
0xFF, 0x60, 0x00, 0x00, 0x03, 0xC7, 0xFF, 0x46, 0x00, 0xD0, 0xFF, 0x60, 
0x00, 0x00, 0x80, 0xFF, 0x95, 0x00, 0x00, 0xD0, 0xFF, 0x60, 0x00, 0x36, 
0xFB, 0xDB, 0x0B, 0x00, 0x00, 0xD0, 0xFF, 0x60, 0x00, 0x7C, 0xFF, 0xDC, 
0xBC, 0xBC, 0xBC, 0xF3, 0xFF, 0xD5, 0x92, 0x7C, 0xFF, 0xFF, 0xFF, 0xFF, 
0xFF, 0xFF, 0xFF, 0xFF, 0xC8, 0x17, 0x30, 0x30, 0x30, 0x30, 0x30, 0xD9, 
0xFF, 0x7E, 0x25, 0x00, 0x00, 0x00, 0x00, 0x00, 0x00, 0xD0, 0xFF, 0x60, 
0x00, 0x00, 0x00, 0x00, 0x00, 0x00, 0x00, 0xD0, 0xFF, 0x60, 0x00, 0x00, 
0x55, 0x7C, 0x7C, 0x7C, 0x7C, 0x7C, 0x49, 0x00, 0x00, 0xC9, 0xFF, 0xFF, 
0xFF, 0xFF, 0xFF, 0x98, 0x00, 0x00, 0xEB, 0xFF, 0x81, 0x74, 0x74, 0x74, 
0x44, 0x00, 0x0D, 0xFF, 0xF8, 0x02, 0x00, 0x00, 0x00, 0x00, 0x00, 0x2E, 
0xFF, 0xD3, 0x00, 0x00, 0x00, 0x00, 0x00, 0x00, 0x50, 0xFF, 0xEC, 0xC8, 
0xC9, 0xAA, 0x57, 0x00, 0x00, 0x72, 0xFE, 0xEE, 0xEF, 0xFF, 0xFF, 0xFF, 
0x9B, 0x00, 0x11, 0x08, 0x00, 0x00, 0x14, 0x9B, 0xFF, 0xFF, 0x27, 0x00, 
0x00, 0x00, 0x00, 0x00, 0x09, 0xFD, 0xFF, 0x59, 0x00, 0x00, 0x00, 0x00, 
0x00, 0x09, 0xFB, 0xFF, 0x58, 0x00, 0x00, 0x00, 0x00, 0x02, 0x81, 0xFF, 
0xFF, 0x28, 0x7B, 0xD3, 0xBB, 0xBE, 0xE7, 0xFF, 0xFF, 0xA4, 0x00, 0x7E, 
0xFF, 0xFF, 0xFF, 0xFF, 0xDF, 0x78, 0x04, 0x00, 0x00, 0x19, 0x2B, 0x2B, 
0x16, 0x00, 0x00, 0x00, 0x00, 0x00, 0x00, 0x00, 0x00, 0x0D, 0x54, 0x8C, 
0x9C, 0x00, 0x00, 0x00, 0x00, 0x00, 0x5F, 0xEB, 0xFF, 0xFF, 0xF5, 0x00, 
0x00, 0x00, 0x00, 0x6C, 0xFF, 0xFF, 0xCA, 0x77, 0x51, 0x00, 0x00, 0x00, 
0x22, 0xF7, 0xFF, 0x6A, 0x00, 0x00, 0x00, 0x00, 0x00, 0x00, 0x89, 0xFF, 
0xA6, 0x00, 0x07, 0x01, 0x00, 0x00, 0x00, 0x00, 0xD0, 0xFF, 0xAD, 0xD8, 
0xFD, 0xF6, 0xBA, 0x28, 0x00, 0x01, 0xFA, 0xFF, 0xFF, 0xC2, 0xA6, 0xE1, 
0xFF, 0xE4, 0x0C, 0x0E, 0xFF, 0xFF, 0x74, 0x00, 0x00, 0x0B, 0xDE, 0xFF, 
0x62, 0x12, 0xFF, 0xFF, 0x1B, 0x00, 0x00, 0x00, 0x93, 0xFF, 0x88, 0x03, 
0xFA, 0xFF, 0x26, 0x00, 0x00, 0x00, 0x98, 0xFF, 0x81, 0x00, 0xC4, 0xFF, 
0x88, 0x00, 0x00, 0x16, 0xE8, 0xFF, 0x58, 0x00, 0x4B, 0xFF, 0xFF, 0xC8, 
0xB1, 0xED, 0xFF, 0xDF, 0x0A, 0x00, 0x00, 0x5C, 0xE1, 0xFF, 0xFF, 0xFD, 
0xB8, 0x20, 0x00, 0x00, 0x00, 0x00, 0x00, 0x13, 0x29, 0x0F, 0x00, 0x00, 
0x00, 0x03, 0x7C, 0x7C, 0x7C, 0x7C, 0x7C, 0x7C, 0x7C, 0x7C, 0x28, 0x08, 
0xFF, 0xFF, 0xFF, 0xFF, 0xFF, 0xFF, 0xFF, 0xFF, 0x54, 0x03, 0x74, 0x74, 
0x74, 0x74, 0x74, 0x74, 0xF2, 0xFF, 0x4F, 0x00, 0x00, 0x00, 0x00, 0x00, 
0x00, 0x46, 0xFF, 0xED, 0x0B, 0x00, 0x00, 0x00, 0x00, 0x00, 0x00, 0xBF, 
0xFF, 0x82, 0x00, 0x00, 0x00, 0x00, 0x00, 0x00, 0x37, 0xFF, 0xF7, 0x16, 
0x00, 0x00, 0x00, 0x00, 0x00, 0x00, 0xB0, 0xFF, 0x98, 0x00, 0x00, 0x00, 
0x00, 0x00, 0x00, 0x2A, 0xFE, 0xFD, 0x26, 0x00, 0x00, 0x00, 0x00, 0x00, 
0x00, 0xA1, 0xFF, 0xAE, 0x00, 0x00, 0x00, 0x00, 0x00, 0x00, 0x1E, 0xFB, 
0xFF, 0x39, 0x00, 0x00, 0x00, 0x00, 0x00, 0x00, 0x93, 0xFF, 0xC4, 0x00, 
0x00, 0x00, 0x00, 0x00, 0x00, 0x15, 0xF5, 0xFF, 0x4F, 0x00, 0x00, 0x00, 
0x00, 0x00, 0x00, 0x84, 0xFF, 0xD8, 0x01, 0x00, 0x00, 0x00, 0x00, 0x00, 
0x00, 0x14, 0x73, 0xA2, 0xAB, 0x91, 0x45, 0x00, 0x00, 0x00, 0x19, 0xE8, 
0xFF, 0xFF, 0xFF, 0xFF, 0xFF, 0x8D, 0x00, 0x00, 0x96, 0xFF, 0xC3, 0x32, 
0x1E, 0x66, 0xFD, 0xFE, 0x22, 0x00, 0xC4, 0xFF, 0x43, 0x00, 0x00, 0x00, 
0xC0, 0xFF, 0x4D, 0x00, 0xB3, 0xFF, 0x56, 0x00, 0x00, 0x00, 0xD3, 0xFF, 
0x37, 0x00, 0x49, 0xFE, 0xE3, 0x64, 0x4F, 0x9C, 0xFF, 0xC7, 0x01, 0x00, 
0x00, 0x7E, 0xFF, 0xFF, 0xFF, 0xFF, 0xDA, 0x18, 0x00, 0x00, 0x69, 0xFF, 
0xE9, 0x8B, 0x7A, 0xB4, 0xFF, 0xD9, 0x14, 0x08, 0xF3, 0xFF, 0x28, 0x00, 
0x00, 0x00, 0xA8, 0xFF, 0x7F, 0x29, 0xFF, 0xEE, 0x00, 0x00, 0x00, 0x00, 
0x6F, 0xFF, 0xAC, 0x1D, 0xFF, 0xFF, 0x34, 0x00, 0x00, 0x01, 0xB2, 0xFF, 
0xA0, 0x00, 0xC1, 0xFF, 0xF9, 0xB7, 0xA8, 0xD9, 0xFF, 0xFF, 0x44, 0x00, 
0x14, 0x98, 0xF7, 0xFF, 0xFF, 0xFF, 0xD1, 0x51, 0x00, 0x00, 0x00, 0x00, 
0x04, 0x1E, 0x2B, 0x10, 0x00, 0x00, 0x00, 0x00, 0x00, 0x07, 0x61, 0x9B, 
0x9F, 0x7B, 0x28, 0x00, 0x00, 0x00, 0x18, 0xD6, 0xFF, 0xFF, 0xFF, 0xFF, 
0xFA, 0x55, 0x00, 0x00, 0xA7, 0xFF, 0xD6, 0x49, 0x33, 0x94, 0xFF, 0xF1, 
0x0E, 0x05, 0xF6, 0xFF, 0x36, 0x00, 0x00, 0x00, 0xD2, 0xFF, 0x58, 0x1A, 
0xFF, 0xFE, 0x03, 0x00, 0x00, 0x00, 0x9B, 0xFF, 0x83, 0x10, 0xFF, 0xFF, 
0x19, 0x00, 0x00, 0x00, 0xAE, 0xFF, 0x90, 0x00, 0xD3, 0xFF, 0xAE, 0x1B, 
0x0E, 0x5A, 0xFB, 0xFF, 0x85, 0x00, 0x44, 0xF3, 0xFF, 0xFF, 0xFF, 0xFF, 
0xFA, 0xFF, 0x6C, 0x00, 0x00, 0x1B, 0x7D, 0xA3, 0x91, 0x4B, 0xD9, 0xFF, 
0x3D, 0x00, 0x00, 0x00, 0x00, 0x00, 0x00, 0x4E, 0xFF, 0xE8, 0x04, 0x00, 
0x00, 0x00, 0x00, 0x0E, 0x76, 0xF6, 0xFF, 0x6F, 0x00, 0x00, 0x00, 0x5D, 
0xDD, 0xF9, 0xFF, 0xFF, 0x9E, 0x02, 0x00, 0x00, 0x00, 0x78, 0xFF, 0xFB, 
0xC4, 0x53, 0x00, 0x00, 0x00, 0x00, 0x00, 0x16, 0x23, 0x0A, 0x00, 0x00, 
0x00, 0x00, 0x00, 0x83, 0xCF, 0x96, 0xDC, 0xFF, 0xF5, 0xB2, 0xFF, 0xCA, 
0x00, 0x07, 0x00, 0x00, 0x00, 0x00, 0x00, 0x00, 0x00, 0x00, 0x00, 0x00, 
0x76, 0xBF, 0x88, 0xDB, 0xFF, 0xF5, 0xBA, 0xFF, 0xD2, 0x04, 0x17, 0x05, 
0x00, 0x83, 0xCF, 0x96, 0x00, 0xDC, 0xFF, 0xF5, 0x00, 0xB2, 0xFF, 0xCA, 
0x00, 0x00, 0x07, 0x00, 0x00, 0x00, 0x00, 0x00, 0x00, 0x00, 0x00, 0x00, 
0x00, 0x00, 0x00, 0x00, 0x00, 0x46, 0xB0, 0x86, 0x00, 0x83, 0xFF, 0x9F, 
0x00, 0xC1, 0xFF, 0x52, 0x1B, 0xFC, 0xE4, 0x06, 0x86, 0xFF, 0x6A, 0x00, 
0x68, 0x6E, 0x02, 0x00, 0x00, 0x00, 0x00, 0x00, 0x00, 0x00, 0x00, 0x00, 
0x04, 0x2F, 0x00, 0x00, 0x00, 0x00, 0x00, 0x00, 0x1C, 0x81, 0xE5, 0xB4, 
0x00, 0x00, 0x00, 0x01, 0x47, 0xB0, 0xFC, 0xFF, 0xF5, 0x7B, 0x00, 0x15, 
0x76, 0xDD, 0xFF, 0xFF, 0xCF, 0x6A, 0x0F, 0x00, 0x55, 0xF8, 0xFF, 0xF2, 
0x99, 0x34, 0x00, 0x00, 0x00, 0x00, 0x70, 0xFF, 0x94, 0x0B, 0x00, 0x00, 
0x00, 0x00, 0x00, 0x00, 0x6B, 0xFF, 0xFF, 0xCC, 0x67, 0x0D, 0x00, 0x00, 
0x00, 0x00, 0x00, 0x42, 0xAB, 0xFA, 0xFF, 0xF4, 0x9C, 0x37, 0x00, 0x00, 
0x00, 0x00, 0x00, 0x18, 0x7C, 0xE1, 0xFF, 0xFF, 0xD1, 0x56, 0x00, 0x00, 
0x00, 0x00, 0x00, 0x02, 0x4D, 0xB6, 0xFD, 0xB4, 0x00, 0x00, 0x00, 0x00, 
0x00, 0x00, 0x00, 0x00, 0x20, 0x54, 0x47, 0xA4, 0xA4, 0xA4, 0xA4, 0xA4, 
0xA4, 0xA4, 0xA4, 0x73, 0x70, 0xFF, 0xFF, 0xFF, 0xFF, 0xFF, 0xFF, 0xFF, 
0xFF, 0xB4, 0x21, 0x4C, 0x4C, 0x4C, 0x4C, 0x4C, 0x4C, 0x4C, 0x4C, 0x35, 
0x00, 0x00, 0x00, 0x00, 0x00, 0x00, 0x00, 0x00, 0x00, 0x00, 0x0E, 0x20, 
0x20, 0x20, 0x20, 0x20, 0x20, 0x20, 0x20, 0x16, 0x70, 0xFF, 0xFF, 0xFF, 
0xFF, 0xFF, 0xFF, 0xFF, 0xFF, 0xB4, 0x5C, 0xD4, 0xD4, 0xD4, 0xD4, 0xD4, 
0xD4, 0xD4, 0xD4, 0x95, 0x23, 0x10, 0x00, 0x00, 0x00, 0x00, 0x00, 0x00, 
0x00, 0x00, 0x70, 0xF5, 0x9D, 0x34, 0x00, 0x00, 0x00, 0x00, 0x00, 0x00, 
0x47, 0xE6, 0xFF, 0xFF, 0xCB, 0x63, 0x0A, 0x00, 0x00, 0x00, 0x00, 0x04, 
0x4F, 0xB4, 0xFC, 0xFF, 0xF0, 0x92, 0x2A, 0x00, 0x00, 0x00, 0x00, 0x00, 
0x1C, 0x7E, 0xE0, 0xFF, 0xFF, 0x92, 0x00, 0x00, 0x00, 0x00, 0x00, 0x00, 
0x02, 0x63, 0xF7, 0xB4, 0x00, 0x00, 0x00, 0x00, 0x03, 0x4C, 0xB1, 0xFC, 
0xFF, 0xAF, 0x00, 0x00, 0x1E, 0x81, 0xE3, 0xFF, 0xFF, 0xC7, 0x5E, 0x08, 
0x30, 0xB6, 0xFD, 0xFF, 0xF3, 0x98, 0x2F, 0x00, 0x00, 0x00, 0x70, 0xFF, 
0xD1, 0x69, 0x0D, 0x00, 0x00, 0x00, 0x00, 0x00, 0x3A, 0x3A, 0x00, 0x00, 
0x00, 0x00, 0x00, 0x00, 0x00, 0x00, 0x1B, 0x7C, 0x9B, 0xA8, 0x9E, 0x75, 
0x16, 0x00, 0x4C, 0xFF, 0xFF, 0xFF, 0xFF, 0xFF, 0xE6, 0x13, 0x2D, 0x76, 
0x57, 0x53, 0x97, 0xFF, 0xFF, 0x64, 0x00, 0x00, 0x00, 0x00, 0x00, 0xF3, 
0xFF, 0x7B, 0x00, 0x00, 0x00, 0x00, 0x0D, 0xF9, 0xFF, 0x65, 0x00, 0x00, 
0x00, 0x09, 0xB3, 0xFF, 0xEE, 0x16, 0x00, 0x00, 0x04, 0xC0, 0xFF, 0xE8, 
0x39, 0x00, 0x00, 0x00, 0x55, 0xFF, 0xE3, 0x1E, 0x00, 0x00, 0x00, 0x00, 
0x77, 0xFF, 0x83, 0x00, 0x00, 0x00, 0x00, 0x00, 0x09, 0x14, 0x09, 0x00, 
0x00, 0x00, 0x00, 0x00, 0x5B, 0x9F, 0x62, 0x00, 0x00, 0x00, 0x00, 0x00, 
0xD9, 0xFF, 0xE8, 0x00, 0x00, 0x00, 0x00, 0x00, 0xB9, 0xFF, 0xC7, 0x00, 
0x00, 0x00, 0x00, 0x00, 0x04, 0x17, 0x04, 0x00, 0x00, 0x00, 0x00, 0x00, 
0x00, 0x00, 0x00, 0x1A, 0x64, 0x91, 0xA2, 0x95, 0x6A, 0x1F, 0x00, 0x00, 
0x00, 0x00, 0x00, 0x00, 0x0C, 0x97, 0xFA, 0xFF, 0xFF, 0xFF, 0xFF, 0xFF, 
0xFC, 0x96, 0x08, 0x00, 0x00, 0x00, 0x16, 0xD4, 0xFF, 0xC3, 0x52, 0x14, 
0x01, 0x12, 0x4E, 0xC7, 0xFF, 0xAF, 0x00, 0x00, 0x02, 0xC3, 0xFF, 0x81, 
0x00, 0x00, 0x06, 0x06, 0x00, 0x00, 0x04, 0xBC, 0xFF, 0x4C, 0x00, 0x5D, 
0xFF, 0xAA, 0x00, 0x0E, 0xA3, 0xFA, 0xF9, 0x88, 0xEA, 0x72, 0x37, 0xFF, 
0xA2, 0x00, 0xC8, 0xFE, 0x22, 0x00, 0xBD, 0xFF, 0xAA, 0x91, 0xFD, 0xFF, 
0x4F, 0x02, 0xFB, 0xCA, 0x11, 0xFE, 0xCE, 0x00, 0x45, 0xFF, 0xAF, 0x00, 
0x00, 0xCE, 0xFF, 0x1F, 0x00, 0xF1, 0xCC, 0x2E, 0xFF, 0xA4, 0x00, 0x89, 
0xFF, 0x4C, 0x00, 0x00, 0xCB, 0xEE, 0x00, 0x04, 0xFE, 0xAE, 0x3A, 0xFF, 
0x99, 0x00, 0x9D, 0xFF, 0x2E, 0x00, 0x19, 0xFC, 0xC9, 0x00, 0x3A, 0xFF, 
0x7A, 0x26, 0xFF, 0xB0, 0x00, 0x7E, 0xFF, 0x90, 0x3F, 0xBF, 0xFF, 0xEF, 
0x41, 0xC4, 0xFA, 0x18, 0x02, 0xEF, 0xEC, 0x07, 0x18, 0xE3, 0xFF, 0xFF, 
0xE2, 0x82, 0xFD, 0xFF, 0xFC, 0x64, 0x00, 0x00, 0x95, 0xFF, 0x7D, 0x00, 
0x0F, 0x4C, 0x4F, 0x0D, 0x00, 0x2A, 0x54, 0x21, 0x00, 0x00, 0x00, 0x17, 
0xE3, 0xFE, 0x8D, 0x16, 0x00, 0x00, 0x00, 0x00, 0x00, 0x13, 0x00, 0x00, 
0x00, 0x00, 0x00, 0x27, 0xD4, 0xFF, 0xFB, 0xCF, 0xB1, 0xAD, 0xBD, 0xDE, 
0xE3, 0x00, 0x00, 0x00, 0x00, 0x00, 0x00, 0x05, 0x5A, 0xAC, 0xDE, 0xF2, 
0xF4, 0xE0, 0xB9, 0x73, 0x00, 0x00, 0x00, 0x00, 0x00, 0x00, 0x00, 0x26, 
0x7C, 0x7C, 0x7B, 0x06, 0x00, 0x00, 0x00, 0x00, 0x00, 0x00, 0x00, 0x00, 
0x97, 0xFF, 0xFF, 0xFF, 0x51, 0x00, 0x00, 0x00, 0x00, 0x00, 0x00, 0x00, 
0x07, 0xEE, 0xFF, 0xDC, 0xFF, 0xB0, 0x00, 0x00, 0x00, 0x00, 0x00, 0x00, 
0x00, 0x56, 0xFF, 0xE9, 0x3D, 0xFF, 0xFA, 0x15, 0x00, 0x00, 0x00, 0x00, 
0x00, 0x00, 0xB6, 0xFF, 0x92, 0x00, 0xDE, 0xFF, 0x6E, 0x00, 0x00, 0x00, 
0x00, 0x00, 0x19, 0xFC, 0xFF, 0x36, 0x00, 0x85, 0xFF, 0xCD, 0x00, 0x00, 
0x00, 0x00, 0x00, 0x76, 0xFF, 0xD9, 0x00, 0x00, 0x2B, 0xFF, 0xFF, 0x2D, 
0x00, 0x00, 0x00, 0x00, 0xD5, 0xFF, 0xAE, 0x4C, 0x4C, 0x4C, 0xE9, 0xFF, 
0x8C, 0x00, 0x00, 0x00, 0x35, 0xFF, 0xFF, 0xFF, 0xFF, 0xFF, 0xFF, 0xFF, 
0xFF, 0xE7, 0x03, 0x00, 0x00, 0x95, 0xFF, 0xE4, 0xB0, 0xB0, 0xB0, 0xB0, 
0xB0, 0xFE, 0xFF, 0x4A, 0x00, 0x07, 0xED, 0xFF, 0x6D, 0x00, 0x00, 0x00, 
0x00, 0x00, 0xC5, 0xFF, 0xA9, 0x00, 0x55, 0xFF, 0xFB, 0x15, 0x00, 0x00, 
0x00, 0x00, 0x00, 0x6D, 0xFF, 0xF8, 0x10, 0xB4, 0xFF, 0xB5, 0x00, 0x00, 
0x00, 0x00, 0x00, 0x00, 0x17, 0xFC, 0xFF, 0x68, 0x41, 0x7C, 0x7C, 0x7C, 
0x7A, 0x6F, 0x4C, 0x0B, 0x00, 0x00, 0x88, 0xFF, 0xFF, 0xFF, 0xFF, 0xFF, 
0xFF, 0xEB, 0x3C, 0x00, 0x88, 0xFF, 0xE6, 0x6C, 0x74, 0x94, 0xF4, 0xFF, 
0xC4, 0x00, 0x88, 0xFF, 0xD4, 0x00, 0x00, 0x00, 0x74, 0xFF, 0xEE, 0x00, 
0x88, 0xFF, 0xD4, 0x00, 0x00, 0x00, 0x6A, 0xFF, 0xE6, 0x00, 0x88, 0xFF, 
0xDE, 0x3C, 0x43, 0x69, 0xE8, 0xFF, 0x7F, 0x00, 0x88, 0xFF, 0xFF, 0xFF, 
0xFF, 0xFF, 0xFF, 0xA7, 0x07, 0x00, 0x88, 0xFF, 0xEA, 0x84, 0x86, 0x9F, 
0xEE, 0xFF, 0xBF, 0x01, 0x88, 0xFF, 0xD4, 0x00, 0x00, 0x00, 0x35, 0xFF, 
0xFF, 0x3D, 0x88, 0xFF, 0xD4, 0x00, 0x00, 0x00, 0x0E, 0xFF, 0xFF, 0x56, 
0x88, 0xFF, 0xD4, 0x00, 0x00, 0x05, 0x75, 0xFF, 0xFF, 0x37, 0x88, 0xFF, 
0xFC, 0xEC, 0xED, 0xFA, 0xFF, 0xFF, 0xD5, 0x03, 0x88, 0xFF, 0xFF, 0xFF, 
0xFF, 0xF8, 0xDC, 0x94, 0x16, 0x00, 0x00, 0x00, 0x01, 0x46, 0x86, 0xA2, 
0xA4, 0x90, 0x5D, 0x00, 0x00, 0x1E, 0xCC, 0xFF, 0xFF, 0xFF, 0xFF, 0xFF, 
0xF4, 0x00, 0x03, 0xCF, 0xFF, 0xFE, 0xAA, 0x76, 0x63, 0x79, 0xA5, 0x00, 
0x54, 0xFF, 0xFF, 0x6E, 0x00, 0x00, 0x00, 0x00, 0x00, 0x00, 0x9E, 0xFF, 
0xEC, 0x04, 0x00, 0x00, 0x00, 0x00, 0x00, 0x00, 0xC7, 0xFF, 0xBC, 0x00, 
0x00, 0x00, 0x00, 0x00, 0x00, 0x00, 0xD7, 0xFF, 0xAB, 0x00, 0x00, 0x00, 
0x00, 0x00, 0x00, 0x00, 0xD1, 0xFF, 0xAF, 0x00, 0x00, 0x00, 0x00, 0x00, 
0x00, 0x00, 0xBD, 0xFF, 0xCC, 0x00, 0x00, 0x00, 0x00, 0x00, 0x00, 0x00, 
0x8A, 0xFF, 0xFB, 0x1A, 0x00, 0x00, 0x00, 0x00, 0x00, 0x00, 0x32, 0xFF, 
0xFF, 0xC2, 0x25, 0x00, 0x00, 0x03, 0x37, 0x08, 0x00, 0x98, 0xFF, 0xFF, 
0xFF, 0xF6, 0xEA, 0xFB, 0xFF, 0x18, 0x00, 0x02, 0x6F, 0xDD, 0xFF, 0xFF, 
0xFF, 0xFF, 0xD3, 0x10, 0x00, 0x00, 0x00, 0x00, 0x12, 0x29, 0x25, 0x0D, 
0x00, 0x00, 0x41, 0x7C, 0x7C, 0x7C, 0x78, 0x62, 0x48, 0x14, 0x00, 0x00, 
0x00, 0x88, 0xFF, 0xFF, 0xFF, 0xFF, 0xFF, 0xFF, 0xFC, 0x94, 0x04, 0x00, 
0x88, 0xFF, 0xEA, 0x80, 0x84, 0x9E, 0xDE, 0xFF, 0xFF, 0x90, 0x00, 0x88, 
0xFF, 0xD4, 0x00, 0x00, 0x00, 0x06, 0xB4, 0xFF, 0xFA, 0x18, 0x88, 0xFF, 
0xD4, 0x00, 0x00, 0x00, 0x00, 0x29, 0xFF, 0xFF, 0x5C, 0x88, 0xFF, 0xD4, 
0x00, 0x00, 0x00, 0x00, 0x00, 0xEE, 0xFF, 0x83, 0x88, 0xFF, 0xD4, 0x00, 
0x00, 0x00, 0x00, 0x00, 0xDC, 0xFF, 0x92, 0x88, 0xFF, 0xD4, 0x00, 0x00, 
0x00, 0x00, 0x00, 0xE2, 0xFF, 0x8A, 0x88, 0xFF, 0xD4, 0x00, 0x00, 0x00, 
0x00, 0x0B, 0xFC, 0xFF, 0x71, 0x88, 0xFF, 0xD4, 0x00, 0x00, 0x00, 0x00, 
0x6A, 0xFF, 0xFF, 0x34, 0x88, 0xFF, 0xD5, 0x08, 0x0D, 0x2A, 0x74, 0xF7, 
0xFF, 0xC8, 0x00, 0x88, 0xFF, 0xFF, 0xFF, 0xFF, 0xFF, 0xFF, 0xFF, 0xE5, 
0x23, 0x00, 0x88, 0xFF, 0xFF, 0xFF, 0xFE, 0xF1, 0xCD, 0x82, 0x13, 0x00, 
0x00, 0x41, 0x7C, 0x7C, 0x7C, 0x7C, 0x7C, 0x7C, 0x6C, 0x00, 0x88, 0xFF, 
0xFF, 0xFF, 0xFF, 0xFF, 0xFF, 0xE0, 0x00, 0x88, 0xFF, 0xEC, 0x90, 0x90, 
0x90, 0x90, 0x7E, 0x00, 0x88, 0xFF, 0xD4, 0x00, 0x00, 0x00, 0x00, 0x00, 
0x00, 0x88, 0xFF, 0xD4, 0x00, 0x00, 0x00, 0x00, 0x00, 0x00, 0x88, 0xFF, 
0xE6, 0x6C, 0x6C, 0x6C, 0x6C, 0x37, 0x00, 0x88, 0xFF, 0xFF, 0xFF, 0xFF, 
0xFF, 0xFF, 0x84, 0x00, 0x88, 0xFF, 0xEC, 0x8C, 0x8C, 0x8C, 0x8C, 0x48, 
0x00, 0x88, 0xFF, 0xD4, 0x00, 0x00, 0x00, 0x00, 0x00, 0x00, 0x88, 0xFF, 
0xD4, 0x00, 0x00, 0x00, 0x00, 0x00, 0x00, 0x88, 0xFF, 0xD6, 0x10, 0x10, 
0x10, 0x10, 0x10, 0x03, 0x88, 0xFF, 0xFF, 0xFF, 0xFF, 0xFF, 0xFF, 0xFF, 
0x34, 0x88, 0xFF, 0xFF, 0xFF, 0xFF, 0xFF, 0xFF, 0xFF, 0x34, 0x41, 0x7C, 
0x7C, 0x7C, 0x7C, 0x7C, 0x7C, 0x6C, 0x88, 0xFF, 0xFF, 0xFF, 0xFF, 0xFF, 
0xFF, 0xE0, 0x88, 0xFF, 0xEC, 0x90, 0x90, 0x90, 0x90, 0x7E, 0x88, 0xFF, 
0xD4, 0x00, 0x00, 0x00, 0x00, 0x00, 0x88, 0xFF, 0xD4, 0x00, 0x00, 0x00, 
0x00, 0x00, 0x88, 0xFF, 0xDA, 0x24, 0x24, 0x24, 0x24, 0x12, 0x88, 0xFF, 
0xFF, 0xFF, 0xFF, 0xFF, 0xFF, 0x84, 0x88, 0xFF, 0xFB, 0xE8, 0xE8, 0xE8, 
0xE8, 0x77, 0x88, 0xFF, 0xD4, 0x00, 0x00, 0x00, 0x00, 0x00, 0x88, 0xFF, 
0xD4, 0x00, 0x00, 0x00, 0x00, 0x00, 0x88, 0xFF, 0xD4, 0x00, 0x00, 0x00, 
0x00, 0x00, 0x88, 0xFF, 0xD4, 0x00, 0x00, 0x00, 0x00, 0x00, 0x88, 0xFF, 
0xD4, 0x00, 0x00, 0x00, 0x00, 0x00, 0x00, 0x00, 0x00, 0x3F, 0x7F, 0x9F, 
0xA7, 0x97, 0x79, 0x30, 0x00, 0x00, 0x1A, 0xC6, 0xFF, 0xFF, 0xFF, 0xFF, 
0xFF, 0xFF, 0xA0, 0x00, 0x03, 0xCC, 0xFF, 0xFF, 0xB3, 0x7A, 0x62, 0x70, 
0x94, 0x7D, 0x00, 0x53, 0xFF, 0xFF, 0x77, 0x00, 0x00, 0x00, 0x00, 0x00, 
0x00, 0x00, 0x9E, 0xFF, 0xF0, 0x06, 0x00, 0x00, 0x00, 0x00, 0x00, 0x00, 
0x00, 0xC7, 0xFF, 0xC1, 0x00, 0x00, 0x02, 0x08, 0x08, 0x08, 0x08, 0x01, 
0xD7, 0xFF, 0xAF, 0x00, 0x00, 0x54, 0xFF, 0xFF, 0xFF, 0xFF, 0x24, 0xD1, 
0xFF, 0xB4, 0x00, 0x00, 0x4E, 0xF0, 0xF1, 0xFF, 0xFF, 0x24, 0xBE, 0xFF, 
0xCF, 0x00, 0x00, 0x00, 0x00, 0x14, 0xFF, 0xFF, 0x24, 0x8D, 0xFF, 0xFC, 
0x18, 0x00, 0x00, 0x00, 0x14, 0xFF, 0xFF, 0x24, 0x36, 0xFF, 0xFF, 0xB9, 
0x16, 0x00, 0x00, 0x14, 0xFF, 0xFF, 0x24, 0x00, 0x9A, 0xFF, 0xFF, 0xFC, 
0xDD, 0xD2, 0xE6, 0xFF, 0xFF, 0x24, 0x00, 0x02, 0x6F, 0xDB, 0xFF, 0xFF, 
0xFF, 0xFF, 0xFB, 0xCE, 0x17, 0x00, 0x00, 0x00, 0x00, 0x10, 0x28, 0x2A, 
0x19, 0x05, 0x00, 0x00, 0x41, 0x7C, 0x66, 0x00, 0x00, 0x00, 0x00, 0x00, 
0x64, 0x7C, 0x41, 0x88, 0xFF, 0xD4, 0x00, 0x00, 0x00, 0x00, 0x00, 0xD0, 
0xFF, 0x88, 0x88, 0xFF, 0xD4, 0x00, 0x00, 0x00, 0x00, 0x00, 0xD0, 0xFF, 
0x88, 0x88, 0xFF, 0xD4, 0x00, 0x00, 0x00, 0x00, 0x00, 0xD0, 0xFF, 0x88, 
0x88, 0xFF, 0xD4, 0x00, 0x00, 0x00, 0x00, 0x00, 0xD0, 0xFF, 0x88, 0x88, 
0xFF, 0xF1, 0xAC, 0xAC, 0xAC, 0xAC, 0xAC, 0xF0, 0xFF, 0x88, 0x88, 0xFF, 
0xFF, 0xFF, 0xFF, 0xFF, 0xFF, 0xFF, 0xFF, 0xFF, 0x88, 0x88, 0xFF, 0xE1, 
0x4C, 0x4C, 0x4C, 0x4C, 0x4C, 0xDE, 0xFF, 0x88, 0x88, 0xFF, 0xD4, 0x00, 
0x00, 0x00, 0x00, 0x00, 0xD0, 0xFF, 0x88, 0x88, 0xFF, 0xD4, 0x00, 0x00, 
0x00, 0x00, 0x00, 0xD0, 0xFF, 0x88, 0x88, 0xFF, 0xD4, 0x00, 0x00, 0x00, 
0x00, 0x00, 0xD0, 0xFF, 0x88, 0x88, 0xFF, 0xD4, 0x00, 0x00, 0x00, 0x00, 
0x00, 0xD0, 0xFF, 0x88, 0x88, 0xFF, 0xD4, 0x00, 0x00, 0x00, 0x00, 0x00, 
0xD0, 0xFF, 0x88, 0x41, 0x7C, 0x66, 0x88, 0xFF, 0xD4, 0x88, 0xFF, 0xD4, 
0x88, 0xFF, 0xD4, 0x88, 0xFF, 0xD4, 0x88, 0xFF, 0xD4, 0x88, 0xFF, 0xD4, 
0x88, 0xFF, 0xD4, 0x88, 0xFF, 0xD4, 0x88, 0xFF, 0xD4, 0x88, 0xFF, 0xD4, 
0x88, 0xFF, 0xD4, 0x88, 0xFF, 0xD4, 0x00, 0x00, 0x00, 0x3E, 0x7C, 0x66, 
0x00, 0x00, 0x00, 0x80, 0xFF, 0xD4, 0x00, 0x00, 0x00, 0x80, 0xFF, 0xD4, 
0x00, 0x00, 0x00, 0x80, 0xFF, 0xD4, 0x00, 0x00, 0x00, 0x80, 0xFF, 0xD4, 
0x00, 0x00, 0x00, 0x80, 0xFF, 0xD4, 0x00, 0x00, 0x00, 0x80, 0xFF, 0xD4, 
0x00, 0x00, 0x00, 0x80, 0xFF, 0xD4, 0x00, 0x00, 0x00, 0x80, 0xFF, 0xD4, 
0x00, 0x00, 0x00, 0x80, 0xFF, 0xD4, 0x00, 0x00, 0x00, 0x80, 0xFF, 0xD4, 
0x00, 0x00, 0x00, 0x80, 0xFF, 0xD4, 0x00, 0x00, 0x00, 0x89, 0xFF, 0xCF, 
0x00, 0x00, 0x01, 0xC6, 0xFF, 0xB2, 0x53, 0x95, 0xC5, 0xFF, 0xFF, 0x5A, 
0x84, 0xFF, 0xFF, 0xFC, 0x8B, 0x00, 0x23, 0x55, 0x4B, 0x18, 0x00, 0x00, 
0x41, 0x7C, 0x66, 0x00, 0x00, 0x00, 0x00, 0x5D, 0x7C, 0x78, 0x09, 0x88, 
0xFF, 0xD4, 0x00, 0x00, 0x00, 0x56, 0xFF, 0xFF, 0x70, 0x00, 0x88, 0xFF, 
0xD4, 0x00, 0x00, 0x2A, 0xF3, 0xFF, 0x9E, 0x00, 0x00, 0x88, 0xFF, 0xD4, 
0x00, 0x0E, 0xD8, 0xFF, 0xC5, 0x06, 0x00, 0x00, 0x88, 0xFF, 0xD4, 0x01, 
0xAE, 0xFF, 0xE2, 0x17, 0x00, 0x00, 0x00, 0x88, 0xFF, 0xEC, 0xAC, 0xFF, 
0xF5, 0x31, 0x00, 0x00, 0x00, 0x00, 0x88, 0xFF, 0xFF, 0xFF, 0xFF, 0xB7, 
0x00, 0x00, 0x00, 0x00, 0x00, 0x88, 0xFF, 0xE5, 0x88, 0xFF, 0xFF, 0x61, 
0x00, 0x00, 0x00, 0x00, 0x88, 0xFF, 0xD4, 0x00, 0xA7, 0xFF, 0xF4, 0x27, 
0x00, 0x00, 0x00, 0x88, 0xFF, 0xD4, 0x00, 0x10, 0xE2, 0xFF, 0xD0, 0x07, 
0x00, 0x00, 0x88, 0xFF, 0xD4, 0x00, 0x00, 0x40, 0xFD, 0xFF, 0x93, 0x00, 
0x00, 0x88, 0xFF, 0xD4, 0x00, 0x00, 0x00, 0x8B, 0xFF, 0xFF, 0x4E, 0x00, 
0x88, 0xFF, 0xD4, 0x00, 0x00, 0x00, 0x06, 0xCF, 0xFF, 0xED, 0x1C, 0x41, 
0x7C, 0x66, 0x00, 0x00, 0x00, 0x00, 0x00, 0x88, 0xFF, 0xD4, 0x00, 0x00, 
0x00, 0x00, 0x00, 0x88, 0xFF, 0xD4, 0x00, 0x00, 0x00, 0x00, 0x00, 0x88, 
0xFF, 0xD4, 0x00, 0x00, 0x00, 0x00, 0x00, 0x88, 0xFF, 0xD4, 0x00, 0x00, 
0x00, 0x00, 0x00, 0x88, 0xFF, 0xD4, 0x00, 0x00, 0x00, 0x00, 0x00, 0x88, 
0xFF, 0xD4, 0x00, 0x00, 0x00, 0x00, 0x00, 0x88, 0xFF, 0xD4, 0x00, 0x00, 
0x00, 0x00, 0x00, 0x88, 0xFF, 0xD4, 0x00, 0x00, 0x00, 0x00, 0x00, 0x88, 
0xFF, 0xD4, 0x00, 0x00, 0x00, 0x00, 0x00, 0x88, 0xFF, 0xD6, 0x10, 0x10, 
0x10, 0x10, 0x0F, 0x88, 0xFF, 0xFF, 0xFF, 0xFF, 0xFF, 0xFF, 0xF8, 0x88, 
0xFF, 0xFF, 0xFF, 0xFF, 0xFF, 0xFF, 0xF8, 0x41, 0x7C, 0x7C, 0x7C, 0x2E, 
0x00, 0x00, 0x00, 0x00, 0x57, 0x7C, 0x7C, 0x7C, 0x09, 0x88, 0xFF, 0xFF, 
0xFF, 0x9E, 0x00, 0x00, 0x00, 0x06, 0xEF, 0xFF, 0xFF, 0xFF, 0x14, 0x88, 
0xFF, 0xF9, 0xFF, 0xEE, 0x05, 0x00, 0x00, 0x4F, 0xFF, 0xF9, 0xFF, 0xFF, 
0x14, 0x88, 0xFF, 0xC8, 0xDE, 0xFF, 0x48, 0x00, 0x00, 0xA7, 0xFF, 0xA6, 
0xFF, 0xFF, 0x14, 0x88, 0xFF, 0xC8, 0x87, 0xFF, 0x9C, 0x00, 0x0A, 0xF4, 
0xFA, 0x52, 0xFF, 0xFF, 0x14, 0x88, 0xFF, 0xC8, 0x2E, 0xFF, 0xEC, 0x04, 
0x56, 0xFF, 0xB3, 0x40, 0xFF, 0xFF, 0x14, 0x88, 0xFF, 0xC8, 0x00, 0xD5, 
0xFF, 0x46, 0xAE, 0xFF, 0x5A, 0x40, 0xFF, 0xFF, 0x14, 0x88, 0xFF, 0xC8, 
0x00, 0x7D, 0xFF, 0xAA, 0xF7, 0xF5, 0x0C, 0x40, 0xFF, 0xFF, 0x14, 0x88, 
0xFF, 0xC8, 0x00, 0x24, 0xFF, 0xFF, 0xFF, 0xA8, 0x00, 0x40, 0xFF, 0xFF, 
0x14, 0x88, 0xFF, 0xC8, 0x00, 0x00, 0xCB, 0xFF, 0xFF, 0x4F, 0x00, 0x40, 
0xFF, 0xFF, 0x14, 0x88, 0xFF, 0xC8, 0x00, 0x00, 0x42, 0x7C, 0x7B, 0x06, 
0x00, 0x40, 0xFF, 0xFF, 0x14, 0x88, 0xFF, 0xC8, 0x00, 0x00, 0x00, 0x00, 
0x00, 0x00, 0x00, 0x40, 0xFF, 0xFF, 0x14, 0x88, 0xFF, 0xC8, 0x00, 0x00, 
0x00, 0x00, 0x00, 0x00, 0x00, 0x40, 0xFF, 0xFF, 0x14, 0x41, 0x7C, 0x7C, 
0x7C, 0x19, 0x00, 0x00, 0x00, 0x20, 0x7C, 0x7C, 0x05, 0x88, 0xFF, 0xFF, 
0xFF, 0x91, 0x00, 0x00, 0x00, 0x44, 0xFF, 0xFF, 0x0C, 0x88, 0xFF, 0xFF, 
0xFF, 0xF6, 0x16, 0x00, 0x00, 0x44, 0xFF, 0xFF, 0x0C, 0x88, 0xFF, 0xCE, 
0xD5, 0xFF, 0x87, 0x00, 0x00, 0x44, 0xFF, 0xFF, 0x0C, 0x88, 0xFF, 0xCC, 
0x59, 0xFF, 0xF1, 0x11, 0x00, 0x44, 0xFF, 0xFF, 0x0C, 0x88, 0xFF, 0xCC, 
0x02, 0xD8, 0xFF, 0x7E, 0x00, 0x44, 0xFF, 0xFF, 0x0C, 0x88, 0xFF, 0xCC, 
0x00, 0x5D, 0xFF, 0xED, 0x0C, 0x44, 0xFF, 0xFF, 0x0C, 0x88, 0xFF, 0xCC, 
0x00, 0x03, 0xDB, 0xFF, 0x74, 0x44, 0xFF, 0xFF, 0x0C, 0x88, 0xFF, 0xCC, 
0x00, 0x00, 0x60, 0xFF, 0xE7, 0x4C, 0xFF, 0xFF, 0x0C, 0x88, 0xFF, 0xCC, 
0x00, 0x00, 0x04, 0xDD, 0xFF, 0xB1, 0xFF, 0xFF, 0x0C, 0x88, 0xFF, 0xCC, 
0x00, 0x00, 0x00, 0x64, 0xFF, 0xFF, 0xFF, 0xFF, 0x0C, 0x88, 0xFF, 0xCC, 
0x00, 0x00, 0x00, 0x05, 0xE0, 0xFF, 0xFF, 0xFF, 0x0C, 0x88, 0xFF, 0xCC, 
0x00, 0x00, 0x00, 0x00, 0x67, 0xFF, 0xFF, 0xFF, 0x0C, 0x00, 0x00, 0x11, 
0x66, 0x96, 0xA7, 0x9F, 0x7E, 0x33, 0x00, 0x00, 0x00, 0x00, 0x42, 0xEF, 
0xFF, 0xFF, 0xFF, 0xFF, 0xFF, 0xFF, 0x9B, 0x01, 0x00, 0x12, 0xED, 0xFF, 
0xE2, 0x6F, 0x4A, 0x58, 0xB0, 0xFF, 0xFF, 0x6C, 0x00, 0x6F, 0xFF, 0xFC, 
0x25, 0x00, 0x00, 0x00, 0x00, 0xB8, 0xFF, 0xDB, 0x00, 0xAB, 0xFF, 0xC6, 
0x00, 0x00, 0x00, 0x00, 0x00, 0x5E, 0xFF, 0xFF, 0x16, 0xCB, 0xFF, 0xA4, 
0x00, 0x00, 0x00, 0x00, 0x00, 0x3D, 0xFF, 0xFF, 0x37, 0xD8, 0xFF, 0x9A, 
0x00, 0x00, 0x00, 0x00, 0x00, 0x32, 0xFF, 0xFF, 0x43, 0xD2, 0xFF, 0x9D, 
0x00, 0x00, 0x00, 0x00, 0x00, 0x35, 0xFF, 0xFF, 0x3D, 0xC0, 0xFF, 0xAF, 
0x00, 0x00, 0x00, 0x00, 0x00, 0x48, 0xFF, 0xFF, 0x2C, 0x93, 0xFF, 0xE3, 
0x02, 0x00, 0x00, 0x00, 0x00, 0x7D, 0xFF, 0xF9, 0x06, 0x42, 0xFF, 0xFF, 
0x81, 0x03, 0x00, 0x00, 0x30, 0xEB, 0xFF, 0xAE, 0x00, 0x00, 0xB0, 0xFF, 
0xFF, 0xEF, 0xD0, 0xDD, 0xFF, 0xFF, 0xF4, 0x29, 0x00, 0x00, 0x07, 0x88, 
0xED, 0xFF, 0xFF, 0xFF, 0xFC, 0xBB, 0x2F, 0x00, 0x00, 0x00, 0x00, 0x00, 
0x00, 0x1B, 0x2B, 0x25, 0x08, 0x00, 0x00, 0x00, 0x00, 0x41, 0x7C, 0x7C, 
0x7C, 0x7A, 0x6E, 0x4A, 0x09, 0x00, 0x00, 0x88, 0xFF, 0xFF, 0xFF, 0xFF, 
0xFF, 0xFF, 0xEC, 0x42, 0x00, 0x88, 0xFF, 0xE6, 0x6C, 0x74, 0x9B, 0xF6, 
0xFF, 0xE6, 0x04, 0x88, 0xFF, 0xD4, 0x00, 0x00, 0x00, 0x66, 0xFF, 0xFF, 
0x2E, 0x88, 0xFF, 0xD4, 0x00, 0x00, 0x00, 0x2E, 0xFF, 0xFF, 0x43, 0x88, 
0xFF, 0xD4, 0x00, 0x00, 0x00, 0x3E, 0xFF, 0xFF, 0x38, 0x88, 0xFF, 0xD4, 
0x00, 0x00, 0x1E, 0xBA, 0xFF, 0xF9, 0x0D, 0x88, 0xFF, 0xFD, 0xF4, 0xFA, 
0xFF, 0xFF, 0xFF, 0x88, 0x00, 0x88, 0xFF, 0xFD, 0xF4, 0xF2, 0xE6, 0xBF, 
0x61, 0x01, 0x00, 0x88, 0xFF, 0xD4, 0x00, 0x00, 0x00, 0x00, 0x00, 0x00, 
0x00, 0x88, 0xFF, 0xD4, 0x00, 0x00, 0x00, 0x00, 0x00, 0x00, 0x00, 0x88, 
0xFF, 0xD4, 0x00, 0x00, 0x00, 0x00, 0x00, 0x00, 0x00, 0x88, 0xFF, 0xD4, 
0x00, 0x00, 0x00, 0x00, 0x00, 0x00, 0x00, 0x00, 0x00, 0x11, 0x66, 0x96, 
0xA7, 0x9F, 0x7E, 0x33, 0x00, 0x00, 0x00, 0x00, 0x42, 0xEF, 0xFF, 0xFF, 
0xFF, 0xFF, 0xFF, 0xFF, 0x9B, 0x01, 0x00, 0x12, 0xED, 0xFF, 0xE2, 0x6F, 
0x4A, 0x58, 0xB0, 0xFF, 0xFF, 0x6C, 0x00, 0x6F, 0xFF, 0xFC, 0x25, 0x00, 
0x00, 0x00, 0x00, 0xB8, 0xFF, 0xDB, 0x00, 0xAB, 0xFF, 0xC6, 0x00, 0x00, 
0x00, 0x00, 0x00, 0x5E, 0xFF, 0xFF, 0x16, 0xCB, 0xFF, 0xA4, 0x00, 0x00, 
0x00, 0x00, 0x00, 0x3D, 0xFF, 0xFF, 0x37, 0xD8, 0xFF, 0x9A, 0x00, 0x00, 
0x00, 0x00, 0x00, 0x32, 0xFF, 0xFF, 0x43, 0xD2, 0xFF, 0x9D, 0x00, 0x00, 
0x00, 0x00, 0x00, 0x35, 0xFF, 0xFF, 0x40, 0xC0, 0xFF, 0xAF, 0x00, 0x00, 
0x00, 0x00, 0x00, 0x48, 0xFF, 0xFF, 0x2B, 0x92, 0xFF, 0xE3, 0x02, 0x00, 
0x00, 0x00, 0x00, 0x7D, 0xFF, 0xF7, 0x08, 0x41, 0xFF, 0xFF, 0x81, 0x03, 
0x00, 0x00, 0x30, 0xEB, 0xFF, 0xAE, 0x00, 0x00, 0xB0, 0xFF, 0xFF, 0xEF, 
0xD0, 0xDD, 0xFF, 0xFF, 0xF4, 0x2B, 0x00, 0x00, 0x07, 0x87, 0xEB, 0xFF, 
0xFF, 0xFF, 0xFF, 0xAD, 0x2E, 0x00, 0x00, 0x00, 0x00, 0x00, 0x00, 0x1B, 
0x41, 0xF7, 0xFF, 0x67, 0x00, 0x00, 0x00, 0x00, 0x00, 0x00, 0x00, 0x00, 
0x00, 0x73, 0xFF, 0xF9, 0x37, 0x00, 0x00, 0x00, 0x00, 0x00, 0x00, 0x00, 
0x00, 0x02, 0x8B, 0x9C, 0x7F, 0x00, 0x00, 0x41, 0x7C, 0x7C, 0x7C, 0x79, 
0x6B, 0x44, 0x06, 0x00, 0x00, 0x00, 0x88, 0xFF, 0xFF, 0xFF, 0xFF, 0xFF, 
0xFF, 0xE2, 0x32, 0x00, 0x00, 0x88, 0xFF, 0xE6, 0x6C, 0x73, 0x94, 0xF1, 
0xFF, 0xD2, 0x00, 0x00, 0x88, 0xFF, 0xD4, 0x00, 0x00, 0x00, 0x60, 0xFF, 
0xFF, 0x18, 0x00, 0x88, 0xFF, 0xD4, 0x00, 0x00, 0x00, 0x3A, 0xFF, 0xFF, 
0x25, 0x00, 0x88, 0xFF, 0xD4, 0x00, 0x00, 0x00, 0x6F, 0xFF, 0xFE, 0x0D, 
0x00, 0x88, 0xFF, 0xEA, 0x84, 0x8B, 0xAB, 0xF8, 0xFF, 0xB5, 0x00, 0x00, 
0x88, 0xFF, 0xFF, 0xFF, 0xFF, 0xFF, 0xFD, 0xB0, 0x13, 0x00, 0x00, 0x88, 
0xFF, 0xE0, 0x48, 0x81, 0xFF, 0xF5, 0x27, 0x00, 0x00, 0x00, 0x88, 0xFF, 
0xD4, 0x00, 0x01, 0xBD, 0xFF, 0xCD, 0x06, 0x00, 0x00, 0x88, 0xFF, 0xD4, 
0x00, 0x00, 0x21, 0xF4, 0xFF, 0x8C, 0x00, 0x00, 0x88, 0xFF, 0xD4, 0x00, 
0x00, 0x00, 0x6D, 0xFF, 0xFE, 0x45, 0x00, 0x88, 0xFF, 0xD4, 0x00, 0x00, 
0x00, 0x01, 0xC2, 0xFF, 0xE6, 0x14, 0x00, 0x00, 0x14, 0x6D, 0x9E, 0xAB, 
0x9C, 0x83, 0x3B, 0x00, 0x00, 0x2E, 0xED, 0xFF, 0xFF, 0xFF, 0xFF, 0xFF, 
0xB0, 0x00, 0x00, 0xB3, 0xFF, 0xE6, 0x6E, 0x50, 0x58, 0x7B, 0x75, 0x00, 
0x00, 0xE3, 0xFF, 0x74, 0x00, 0x00, 0x00, 0x00, 0x00, 0x00, 0x00, 0xD9, 
0xFF, 0x8F, 0x00, 0x00, 0x00, 0x00, 0x00, 0x00, 0x00, 0x9B, 0xFF, 0xFF, 
0xC6, 0x78, 0x2F, 0x00, 0x00, 0x00, 0x00, 0x13, 0xB0, 0xFF, 0xFF, 0xFF, 
0xFF, 0xCD, 0x32, 0x00, 0x00, 0x00, 0x00, 0x25, 0x6E, 0xBA, 0xFE, 0xFF, 
0xDF, 0x07, 0x00, 0x00, 0x00, 0x00, 0x00, 0x00, 0x4F, 0xFF, 0xFF, 0x3A, 
0x00, 0x00, 0x00, 0x00, 0x00, 0x00, 0x0A, 0xFF, 0xFF, 0x51, 0x01, 0x3A, 
0x09, 0x00, 0x00, 0x01, 0x65, 0xFF, 0xFF, 0x37, 0x04, 0xFF, 0xFE, 0xE8, 
0xDE, 0xF0, 0xFF, 0xFF, 0xD1, 0x02, 0x02, 0xD9, 0xFE, 0xFF, 0xFF, 0xFF, 
0xF9, 0xAC, 0x1B, 0x00, 0x00, 0x00, 0x0A, 0x24, 0x2E, 0x25, 0x06, 0x00, 
0x00, 0x00, 0x53, 0x7C, 0x7C, 0x7C, 0x7C, 0x7C, 0x7C, 0x7C, 0x7C, 0x3A, 
0xAC, 0xFF, 0xFF, 0xFF, 0xFF, 0xFF, 0xFF, 0xFF, 0xFF, 0x78, 0x63, 0x94, 
0x94, 0xB4, 0xFF, 0xFF, 0x9A, 0x94, 0x94, 0x45, 0x00, 0x00, 0x00, 0x4C, 
0xFF, 0xFF, 0x10, 0x00, 0x00, 0x00, 0x00, 0x00, 0x00, 0x4C, 0xFF, 0xFF, 
0x10, 0x00, 0x00, 0x00, 0x00, 0x00, 0x00, 0x4C, 0xFF, 0xFF, 0x10, 0x00, 
0x00, 0x00, 0x00, 0x00, 0x00, 0x4C, 0xFF, 0xFF, 0x10, 0x00, 0x00, 0x00, 
0x00, 0x00, 0x00, 0x4C, 0xFF, 0xFF, 0x10, 0x00, 0x00, 0x00, 0x00, 0x00, 
0x00, 0x4C, 0xFF, 0xFF, 0x10, 0x00, 0x00, 0x00, 0x00, 0x00, 0x00, 0x4C, 
0xFF, 0xFF, 0x10, 0x00, 0x00, 0x00, 0x00, 0x00, 0x00, 0x4C, 0xFF, 0xFF, 
0x10, 0x00, 0x00, 0x00, 0x00, 0x00, 0x00, 0x4C, 0xFF, 0xFF, 0x10, 0x00, 
0x00, 0x00, 0x00, 0x00, 0x00, 0x4C, 0xFF, 0xFF, 0x10, 0x00, 0x00, 0x00, 
0x47, 0x7C, 0x60, 0x00, 0x00, 0x00, 0x00, 0x00, 0x62, 0x7C, 0x41, 0x94, 
0xFF, 0xC8, 0x00, 0x00, 0x00, 0x00, 0x00, 0xCC, 0xFF, 0x88, 0x94, 0xFF, 
0xC8, 0x00, 0x00, 0x00, 0x00, 0x00, 0xCC, 0xFF, 0x88, 0x94, 0xFF, 0xC8, 
0x00, 0x00, 0x00, 0x00, 0x00, 0xCC, 0xFF, 0x88, 0x94, 0xFF, 0xC8, 0x00, 
0x00, 0x00, 0x00, 0x00, 0xCC, 0xFF, 0x88, 0x94, 0xFF, 0xC8, 0x00, 0x00, 
0x00, 0x00, 0x00, 0xCC, 0xFF, 0x88, 0x94, 0xFF, 0xC8, 0x00, 0x00, 0x00, 
0x00, 0x00, 0xCC, 0xFF, 0x88, 0x94, 0xFF, 0xC8, 0x00, 0x00, 0x00, 0x00, 
0x00, 0xCC, 0xFF, 0x88, 0x93, 0xFF, 0xCA, 0x00, 0x00, 0x00, 0x00, 0x00, 
0xCE, 0xFF, 0x87, 0x89, 0xFF, 0xE4, 0x00, 0x00, 0x00, 0x00, 0x01, 0xE9, 
0xFF, 0x7B, 0x5C, 0xFF, 0xFF, 0x70, 0x02, 0x00, 0x02, 0x77, 0xFF, 0xFF, 
0x4C, 0x09, 0xDD, 0xFF, 0xFF, 0xF1, 0xDE, 0xF1, 0xFF, 0xFF, 0xCD, 0x03, 
0x00, 0x1F, 0xAD, 0xF9, 0xFF, 0xFF, 0xFF, 0xF1, 0x97, 0x12, 0x00, 0x00, 
0x00, 0x00, 0x05, 0x23, 0x2C, 0x1F, 0x02, 0x00, 0x00, 0x00, 0x52, 0x7C, 
0x70, 0x00, 0x00, 0x00, 0x00, 0x00, 0x00, 0x55, 0x7C, 0x5C, 0x6A, 0xFF, 
0xFF, 0x24, 0x00, 0x00, 0x00, 0x00, 0x03, 0xEB, 0xFF, 0x7B, 0x15, 0xFC, 
0xFF, 0x76, 0x00, 0x00, 0x00, 0x00, 0x43, 0xFF, 0xFF, 0x23, 0x00, 0xBA, 
0xFF, 0xC7, 0x00, 0x00, 0x00, 0x00, 0x96, 0xFF, 0xC8, 0x00, 0x00, 0x63, 
0xFF, 0xFE, 0x1A, 0x00, 0x00, 0x02, 0xE7, 0xFF, 0x6F, 0x00, 0x00, 0x11, 
0xF9, 0xFF, 0x6B, 0x00, 0x00, 0x3E, 0xFF, 0xFD, 0x19, 0x00, 0x00, 0x00, 
0xB3, 0xFF, 0xBC, 0x00, 0x00, 0x91, 0xFF, 0xBC, 0x00, 0x00, 0x00, 0x00, 
0x5B, 0xFF, 0xFB, 0x12, 0x01, 0xE3, 0xFF, 0x63, 0x00, 0x00, 0x00, 0x00, 
0x0C, 0xF6, 0xFF, 0x60, 0x39, 0xFF, 0xF9, 0x10, 0x00, 0x00, 0x00, 0x00, 
0x00, 0xAC, 0xFF, 0xB2, 0x8D, 0xFF, 0xB0, 0x00, 0x00, 0x00, 0x00, 0x00, 
0x00, 0x54, 0xFF, 0xF7, 0xE5, 0xFF, 0x57, 0x00, 0x00, 0x00, 0x00, 0x00, 
0x00, 0x09, 0xF2, 0xFF, 0xFF, 0xF3, 0x0A, 0x00, 0x00, 0x00, 0x00, 0x00, 
0x00, 0x00, 0xA4, 0xFF, 0xFF, 0xA4, 0x00, 0x00, 0x00, 0x00, 0x46, 0x7C, 
0x6E, 0x00, 0x00, 0x00, 0x00, 0x00, 0x00, 0x00, 0x00, 0x00, 0x00, 0x0A, 
0x7C, 0x7C, 0x29, 0x68, 0xFF, 0xFD, 0x0D, 0x00, 0x00, 0x00, 0x32, 0x34, 
0x2A, 0x00, 0x00, 0x00, 0x3C, 0xFF, 0xFF, 0x29, 0x2F, 0xFF, 0xFF, 0x3F, 
0x00, 0x00, 0x1D, 0xFF, 0xFF, 0xF3, 0x04, 0x00, 0x00, 0x71, 0xFF, 0xEC, 
0x01, 0x03, 0xF3, 0xFF, 0x74, 0x00, 0x00, 0x5E, 0xFF, 0xFF, 0xFF, 0x36, 
0x00, 0x00, 0xA6, 0xFF, 0xB2, 0x00, 0x00, 0xBD, 0xFF, 0xA8, 0x00, 0x00, 
0x9F, 0xFF, 0xEC, 0xFF, 0x75, 0x00, 0x00, 0xDB, 0xFF, 0x77, 0x00, 0x00, 
0x84, 0xFF, 0xDD, 0x00, 0x00, 0xE0, 0xFE, 0x72, 0xFF, 0xB4, 0x00, 0x10, 
0xFE, 0xFF, 0x3C, 0x00, 0x00, 0x4B, 0xFF, 0xFF, 0x12, 0x20, 0xFF, 0xCE, 
0x1E, 0xFF, 0xF0, 0x02, 0x44, 0xFF, 0xF9, 0x07, 0x00, 0x00, 0x13, 0xFF, 
0xFF, 0x46, 0x61, 0xFF, 0x8B, 0x00, 0xDD, 0xFF, 0x31, 0x79, 0xFF, 0xC5, 
0x00, 0x00, 0x00, 0x00, 0xD9, 0xFF, 0x7A, 0xA2, 0xFF, 0x48, 0x00, 0x9C, 
0xFF, 0x70, 0xAE, 0xFF, 0x8A, 0x00, 0x00, 0x00, 0x00, 0xA0, 0xFF, 0xAE, 
0xE2, 0xFA, 0x0B, 0x00, 0x5B, 0xFF, 0xAF, 0xE3, 0xFF, 0x4F, 0x00, 0x00, 
0x00, 0x00, 0x67, 0xFF, 0xF7, 0xFF, 0xC2, 0x00, 0x00, 0x1A, 0xFF, 0xF7, 
0xFF, 0xFF, 0x14, 0x00, 0x00, 0x00, 0x00, 0x2E, 0xFF, 0xFF, 0xFF, 0x7F, 
0x00, 0x00, 0x00, 0xD9, 0xFF, 0xFF, 0xD8, 0x00, 0x00, 0x00, 0x00, 0x00, 
0x02, 0xF2, 0xFF, 0xFF, 0x3D, 0x00, 0x00, 0x00, 0x98, 0xFF, 0xFF, 0x9D, 
0x00, 0x00, 0x00, 0x1E, 0x7C, 0x7C, 0x3D, 0x00, 0x00, 0x00, 0x00, 0x28, 
0x7C, 0x7C, 0x2B, 0x02, 0xCA, 0xFF, 0xE0, 0x07, 0x00, 0x00, 0x00, 0xC2, 
0xFF, 0xD9, 0x07, 0x00, 0x35, 0xFD, 0xFF, 0x76, 0x00, 0x00, 0x59, 0xFF, 
0xFF, 0x41, 0x00, 0x00, 0x00, 0x98, 0xFF, 0xF0, 0x14, 0x0A, 0xE3, 0xFF, 
0x9F, 0x00, 0x00, 0x00, 0x00, 0x12, 0xEB, 0xFF, 0x93, 0x83, 0xFF, 0xEB, 
0x13, 0x00, 0x00, 0x00, 0x00, 0x00, 0x64, 0xFF, 0xFB, 0xF8, 0xFF, 0x5D, 
0x00, 0x00, 0x00, 0x00, 0x00, 0x00, 0x01, 0xDC, 0xFF, 0xFF, 0xDF, 0x00, 
0x00, 0x00, 0x00, 0x00, 0x00, 0x00, 0x3E, 0xFE, 0xFF, 0xFF, 0xFF, 0x4D, 
0x00, 0x00, 0x00, 0x00, 0x00, 0x06, 0xD7, 0xFF, 0xB6, 0xB6, 0xFF, 0xDE, 
0x09, 0x00, 0x00, 0x00, 0x00, 0x7D, 0xFF, 0xF8, 0x24, 0x28, 0xFB, 0xFF, 
0x82, 0x00, 0x00, 0x00, 0x24, 0xF7, 0xFF, 0x84, 0x00, 0x00, 0x93, 0xFF, 
0xF8, 0x24, 0x00, 0x00, 0xBB, 0xFF, 0xE2, 0x0A, 0x00, 0x00, 0x13, 0xEE, 
0xFF, 0xB7, 0x00, 0x5C, 0xFF, 0xFF, 0x54, 0x00, 0x00, 0x00, 0x00, 0x71, 
0xFF, 0xFF, 0x52, 0x60, 0x7C, 0x75, 0x02, 0x00, 0x00, 0x00, 0x00, 0x2A, 
0x7C, 0x7C, 0x25, 0x54, 0xFF, 0xFF, 0x60, 0x00, 0x00, 0x00, 0x00, 0xC2, 
0xFF, 0xD4, 0x05, 0x00, 0xB9, 0xFF, 0xE4, 0x0A, 0x00, 0x00, 0x54, 0xFF, 
0xFE, 0x3D, 0x00, 0x00, 0x25, 0xF8, 0xFF, 0x7D, 0x00, 0x06, 0xDD, 0xFF, 
0x9E, 0x00, 0x00, 0x00, 0x00, 0x83, 0xFF, 0xF3, 0x18, 0x75, 0xFF, 0xED, 
0x14, 0x00, 0x00, 0x00, 0x00, 0x09, 0xDF, 0xFF, 0xAC, 0xF0, 0xFF, 0x64, 
0x00, 0x00, 0x00, 0x00, 0x00, 0x00, 0x4E, 0xFF, 0xFF, 0xFF, 0xC6, 0x01, 
0x00, 0x00, 0x00, 0x00, 0x00, 0x00, 0x00, 0xB3, 0xFF, 0xFD, 0x2E, 0x00, 
0x00, 0x00, 0x00, 0x00, 0x00, 0x00, 0x00, 0x74, 0xFF, 0xF0, 0x00, 0x00, 
0x00, 0x00, 0x00, 0x00, 0x00, 0x00, 0x00, 0x74, 0xFF, 0xF0, 0x00, 0x00, 
0x00, 0x00, 0x00, 0x00, 0x00, 0x00, 0x00, 0x74, 0xFF, 0xF0, 0x00, 0x00, 
0x00, 0x00, 0x00, 0x00, 0x00, 0x00, 0x00, 0x74, 0xFF, 0xF0, 0x00, 0x00, 
0x00, 0x00, 0x00, 0x00, 0x00, 0x00, 0x00, 0x74, 0xFF, 0xF0, 0x00, 0x00, 
0x00, 0x00, 0x00, 0x00, 0x53, 0x7C, 0x7C, 0x7C, 0x7C, 0x7C, 0x7C, 0x7C, 
0x7C, 0x2A, 0x00, 0xAC, 0xFF, 0xFF, 0xFF, 0xFF, 0xFF, 0xFF, 0xFF, 0xFF, 
0x58, 0x00, 0x60, 0x90, 0x90, 0x90, 0x90, 0x90, 0xD5, 0xFF, 0xFF, 0x46, 
0x00, 0x00, 0x00, 0x00, 0x00, 0x00, 0x35, 0xF8, 0xFF, 0x9E, 0x00, 0x00, 
0x00, 0x00, 0x00, 0x00, 0x16, 0xE3, 0xFF, 0xCA, 0x07, 0x00, 0x00, 0x00, 
0x00, 0x00, 0x04, 0xC1, 0xFF, 0xE9, 0x1C, 0x00, 0x00, 0x00, 0x00, 0x00, 
0x00, 0x93, 0xFF, 0xFA, 0x3E, 0x00, 0x00, 0x00, 0x00, 0x00, 0x00, 0x5F, 
0xFF, 0xFF, 0x6C, 0x00, 0x00, 0x00, 0x00, 0x00, 0x00, 0x34, 0xF7, 0xFF, 
0x9F, 0x00, 0x00, 0x00, 0x00, 0x00, 0x00, 0x15, 0xE2, 0xFF, 0xCB, 0x08, 
0x00, 0x00, 0x00, 0x00, 0x00, 0x01, 0xC0, 0xFF, 0xF0, 0x2D, 0x10, 0x10, 
0x10, 0x10, 0x10, 0x0C, 0x08, 0xFF, 0xFF, 0xFF, 0xFF, 0xFF, 0xFF, 0xFF, 
0xFF, 0xFF, 0xCC, 0x08, 0xFF, 0xFF, 0xFF, 0xFF, 0xFF, 0xFF, 0xFF, 0xFF, 
0xFF, 0xCC, 0x81, 0xB0, 0xB0, 0xB0, 0x2C, 0xBC, 0xFF, 0xFF, 0xFF, 0x40, 
0xBC, 0xFF, 0x9A, 0x28, 0x0A, 0xBC, 0xFF, 0x88, 0x00, 0x00, 0xBC, 0xFF, 
0x88, 0x00, 0x00, 0xBC, 0xFF, 0x88, 0x00, 0x00, 0xBC, 0xFF, 0x88, 0x00, 
0x00, 0xBC, 0xFF, 0x88, 0x00, 0x00, 0xBC, 0xFF, 0x88, 0x00, 0x00, 0xBC, 
0xFF, 0x88, 0x00, 0x00, 0xBC, 0xFF, 0x88, 0x00, 0x00, 0xBC, 0xFF, 0x88, 
0x00, 0x00, 0xBC, 0xFF, 0x88, 0x00, 0x00, 0xBC, 0xFF, 0x88, 0x00, 0x00, 
0xBC, 0xFF, 0x88, 0x00, 0x00, 0xBC, 0xFF, 0xA4, 0x3C, 0x0F, 0xBC, 0xFF, 
0xFF, 0xFF, 0x40, 0x6F, 0x98, 0x98, 0x98, 0x26, 0x5E, 0xB0, 0x2D, 0x00, 
0x00, 0x00, 0x00, 0x00, 0x00, 0x2C, 0xFF, 0x9F, 0x00, 0x00, 0x00, 0x00, 
0x00, 0x00, 0x00, 0xBD, 0xF8, 0x16, 0x00, 0x00, 0x00, 0x00, 0x00, 0x00, 
0x4E, 0xFF, 0x7D, 0x00, 0x00, 0x00, 0x00, 0x00, 0x00, 0x02, 0xDC, 0xE6, 
0x05, 0x00, 0x00, 0x00, 0x00, 0x00, 0x00, 0x6F, 0xFF, 0x5A, 0x00, 0x00, 
0x00, 0x00, 0x00, 0x00, 0x0E, 0xF2, 0xC9, 0x00, 0x00, 0x00, 0x00, 0x00, 
0x00, 0x00, 0x91, 0xFF, 0x38, 0x00, 0x00, 0x00, 0x00, 0x00, 0x00, 0x24, 
0xFD, 0xA7, 0x00, 0x00, 0x00, 0x00, 0x00, 0x00, 0x00, 0xB3, 0xFB, 0x1B, 
0x00, 0x00, 0x00, 0x00, 0x00, 0x00, 0x43, 0xFF, 0x85, 0x00, 0x00, 0x00, 
0x00, 0x00, 0x00, 0x00, 0xD3, 0xEB, 0x08, 0x00, 0x00, 0x00, 0x00, 0x00, 
0x00, 0x65, 0xFF, 0x63, 0x00, 0x00, 0x00, 0x00, 0x00, 0x00, 0x09, 0xEC, 
0xD2, 0x00, 0x00, 0x00, 0x00, 0x00, 0x00, 0x00, 0x87, 0xFF, 0x41, 0x00, 
0x00, 0x00, 0x00, 0x00, 0x00, 0x1C, 0xC7, 0x80, 0x5D, 0xB0, 0xB0, 0xB0, 
0x52, 0x88, 0xFF, 0xFF, 0xFF, 0x78, 0x15, 0x28, 0xD4, 0xFF, 0x78, 0x00, 
0x00, 0xCC, 0xFF, 0x78, 0x00, 0x00, 0xCC, 0xFF, 0x78, 0x00, 0x00, 0xCC, 
0xFF, 0x78, 0x00, 0x00, 0xCC, 0xFF, 0x78, 0x00, 0x00, 0xCC, 0xFF, 0x78, 
0x00, 0x00, 0xCC, 0xFF, 0x78, 0x00, 0x00, 0xCC, 0xFF, 0x78, 0x00, 0x00, 
0xCC, 0xFF, 0x78, 0x00, 0x00, 0xCC, 0xFF, 0x78, 0x00, 0x00, 0xCC, 0xFF, 
0x78, 0x00, 0x00, 0xCC, 0xFF, 0x78, 0x00, 0x00, 0xCC, 0xFF, 0x78, 0x1F, 
0x3C, 0xD8, 0xFF, 0x78, 0x88, 0xFF, 0xFF, 0xFF, 0x78, 0x50, 0x98, 0x98, 
0x98, 0x47, 0x00, 0x00, 0x1D, 0x7C, 0x7C, 0x3E, 0x00, 0x00, 0x00, 0x00, 
0x00, 0x8B, 0xFF, 0xFF, 0xCE, 0x00, 0x00, 0x00, 0x00, 0x07, 0xEC, 0xE1, 
0xA7, 0xFF, 0x37, 0x00, 0x00, 0x00, 0x5C, 0xFF, 0x7F, 0x40, 0xFF, 0x9F, 
0x00, 0x00, 0x00, 0xC5, 0xFD, 0x1D, 0x00, 0xDB, 0xF6, 0x11, 0x00, 0x2D, 
0xFF, 0xB7, 0x00, 0x00, 0x78, 0xFF, 0x70, 0x00, 0x96, 0xFF, 0x52, 0x00, 
0x00, 0x18, 0xFB, 0xD8, 0x00, 0x47, 0x54, 0x05, 0x00, 0x00, 0x00, 0x44, 
0x54, 0x0A, 0xD8, 0xD8, 0xD8, 0xD8, 0xD8, 0xD8, 0xD8, 0xD8, 0xD8, 0xC0, 
0xC0, 0xC0, 0xC0, 0xC0, 0xC0, 0xC0, 0xC0, 0xC0, 0x57, 0x84, 0x68, 0x00, 
0x00, 0x14, 0xD1, 0xFF, 0x45, 0x00, 0x00, 0x14, 0xCF, 0xDA, 0x09, 0x00, 
0x00, 0x00, 0xB5, 0xDD, 0xE4, 0xD5, 0xA3, 0x34, 0x00, 0x00, 0x00, 0x00, 
0xE8, 0xFF, 0xFF, 0xFF, 0xFF, 0xF9, 0x32, 0x00, 0x00, 0x00, 0x1D, 0x06, 
0x05, 0x37, 0xED, 0xFF, 0x83, 0x00, 0x00, 0x00, 0x00, 0x00, 0x00, 0x00, 
0xA8, 0xFF, 0x9F, 0x00, 0x0A, 0x6D, 0xB6, 0xCF, 0xD8, 0xD8, 0xF1, 0xFF, 
0xA0, 0x00, 0xB9, 0xFF, 0xF9, 0xCC, 0xC0, 0xC0, 0xE8, 0xFF, 0xA0, 0x17, 
0xFF, 0xFF, 0x3E, 0x00, 0x00, 0x00, 0xA0, 0xFF, 0xA0, 0x20, 0xFF, 0xFF, 
0x24, 0x00, 0x00, 0x1E, 0xE3, 0xFF, 0xA0, 0x02, 0xE8, 0xFF, 0xDA, 0x9B, 
0xAF, 0xF4, 0xF8, 0xFF, 0xA0, 0x00, 0x41, 0xDF, 0xFF, 0xFF, 0xF7, 0x95, 
0x7E, 0xFF, 0xA0, 0x00, 0x00, 0x01, 0x1B, 0x27, 0x09, 0x00, 0x00, 0x00, 
0x00, 0x65, 0xB0, 0x76, 0x00, 0x00, 0x00, 0x00, 0x00, 0x00, 0x00, 0x94, 
0xFF, 0xAC, 0x00, 0x00, 0x00, 0x00, 0x00, 0x00, 0x00, 0x94, 0xFF, 0xAC, 
0x00, 0x00, 0x00, 0x00, 0x00, 0x00, 0x00, 0x94, 0xFF, 0xAC, 0x00, 0x00, 
0x00, 0x00, 0x00, 0x00, 0x00, 0x94, 0xFF, 0xAC, 0x4C, 0xC0, 0xE1, 0xD4, 
0x8F, 0x11, 0x00, 0x94, 0xFF, 0xDE, 0xFD, 0xEF, 0xE1, 0xFF, 0xFF, 0xC8, 
0x02, 0x94, 0xFF, 0xFF, 0x5B, 0x00, 0x00, 0x64, 0xFF, 0xFF, 0x46, 0x94, 
0xFF, 0xC3, 0x00, 0x00, 0x00, 0x00, 0xE4, 0xFF, 0x78, 0x94, 0xFF, 0x98, 
0x00, 0x00, 0x00, 0x00, 0xC2, 0xFF, 0x8D, 0x94, 0xFF, 0x93, 0x00, 0x00, 
0x00, 0x00, 0xBE, 0xFF, 0x93, 0x94, 0xFF, 0xB1, 0x00, 0x00, 0x00, 0x00, 
0xD8, 0xFF, 0x7D, 0x94, 0xFF, 0xF8, 0x27, 0x00, 0x00, 0x34, 0xFF, 0xFF, 
0x53, 0x94, 0xFF, 0xEC, 0xF0, 0xAB, 0x9E, 0xEF, 0xFF, 0xE1, 0x08, 0x94, 
0xFF, 0x86, 0x98, 0xFC, 0xFF, 0xFF, 0xD0, 0x2C, 0x00, 0x00, 0x00, 0x00, 
0x00, 0x0F, 0x29, 0x1B, 0x00, 0x00, 0x00, 0x00, 0x00, 0x29, 0x9B, 0xC6, 
0xE1, 0xD8, 0xB5, 0x12, 0x00, 0x2E, 0xF5, 0xFF, 0xFF, 0xFE, 0xFF, 0xFF, 
0x20, 0x00, 0xB0, 0xFF, 0xE5, 0x3E, 0x05, 0x06, 0x2F, 0x0A, 0x01, 0xF2, 
0xFF, 0x6F, 0x00, 0x00, 0x00, 0x00, 0x00, 0x0F, 0xFF, 0xFF, 0x3F, 0x00, 
0x00, 0x00, 0x00, 0x00, 0x12, 0xFF, 0xFF, 0x3B, 0x00, 0x00, 0x00, 0x00, 
0x00, 0x04, 0xFA, 0xFF, 0x58, 0x00, 0x00, 0x00, 0x00, 0x00, 0x00, 0xC8, 
0xFF, 0xC7, 0x0C, 0x00, 0x00, 0x00, 0x03, 0x00, 0x56, 0xFF, 0xFF, 0xEA, 
0xBF, 0xC0, 0xE8, 0x30, 0x00, 0x00, 0x67, 0xE3, 0xFF, 0xFF, 0xFF, 0xF6, 
0x28, 0x00, 0x00, 0x00, 0x00, 0x0F, 0x2A, 0x21, 0x04, 0x00, 0x00, 0x00, 
0x00, 0x00, 0x00, 0x00, 0x00, 0x1B, 0xB0, 0xB0, 0x0D, 0x00, 0x00, 0x00, 
0x00, 0x00, 0x00, 0x00, 0x28, 0xFF, 0xFF, 0x14, 0x00, 0x00, 0x00, 0x00, 
0x00, 0x00, 0x00, 0x28, 0xFF, 0xFF, 0x14, 0x00, 0x00, 0x00, 0x00, 0x00, 
0x00, 0x00, 0x28, 0xFF, 0xFF, 0x14, 0x00, 0x00, 0x3C, 0xB4, 0xDE, 0xD8, 
0x9B, 0x3B, 0xFF, 0xFF, 0x14, 0x00, 0x3C, 0xFB, 0xFF, 0xF6, 0xDA, 0xF8, 
0xDE, 0xFF, 0xFF, 0x14, 0x00, 0xBB, 0xFF, 0xD6, 0x14, 0x00, 0x16, 0xCE, 
0xFF, 0xFF, 0x14, 0x00, 0xF5, 0xFF, 0x67, 0x00, 0x00, 0x00, 0x4B, 0xFF, 
0xFF, 0x14, 0x0B, 0xFF, 0xFF, 0x43, 0x00, 0x00, 0x00, 0x1D, 0xFF, 0xFF, 
0x14, 0x10, 0xFF, 0xFF, 0x41, 0x00, 0x00, 0x00, 0x17, 0xFF, 0xFF, 0x14, 
0x01, 0xFC, 0xFF, 0x59, 0x00, 0x00, 0x00, 0x33, 0xFF, 0xFF, 0x14, 0x00, 
0xDB, 0xFF, 0xB3, 0x01, 0x00, 0x00, 0x9A, 0xFF, 0xFF, 0x14, 0x00, 0x78, 
0xFF, 0xFF, 0xC2, 0x99, 0xC8, 0xEE, 0xFF, 0xFF, 0x14, 0x00, 0x02, 0x90, 
0xF8, 0xFF, 0xFF, 0xDD, 0x3A, 0xFA, 0xFF, 0x14, 0x00, 0x00, 0x00, 0x0A, 
0x28, 0x20, 0x01, 0x00, 0x00, 0x00, 0x00, 0x00, 0x00, 0x2A, 0x9D, 0xC7, 
0xE0, 0xD3, 0x92, 0x19, 0x00, 0x00, 0x2E, 0xF5, 0xFF, 0xF9, 0xDE, 0xFA, 
0xFF, 0xDF, 0x0D, 0x00, 0xB0, 0xFF, 0xC0, 0x0F, 0x00, 0x12, 0xD5, 0xFF, 
0x65, 0x01, 0xF2, 0xFF, 0x4C, 0x00, 0x00, 0x00, 0x80, 0xFF, 0x8B, 0x0F, 
0xFF, 0xFF, 0xB5, 0xB5, 0xC8, 0xDB, 0xF4, 0xFF, 0x9B, 0x12, 0xFF, 0xFF, 
0xF7, 0xE7, 0xD6, 0xC6, 0xB6, 0xA5, 0x56, 0x04, 0xFA, 0xFF, 0x42, 0x00, 
0x00, 0x00, 0x00, 0x00, 0x00, 0x00, 0xC8, 0xFF, 0xAB, 0x04, 0x00, 0x00, 
0x00, 0x13, 0x08, 0x00, 0x56, 0xFF, 0xFF, 0xE2, 0xB1, 0xAB, 0xCE, 0xFC, 
0x20, 0x00, 0x00, 0x68, 0xE5, 0xFF, 0xFF, 0xFF, 0xFC, 0xC4, 0x11, 0x00, 
0x00, 0x00, 0x00, 0x10, 0x29, 0x1A, 0x03, 0x00, 0x00, 0x00, 0x00, 0x05, 
0x6F, 0xA9, 0xBB, 0x63, 0x00, 0x00, 0x95, 0xFF, 0xFF, 0xF4, 0x8A, 0x00, 
0x06, 0xF7, 0xFF, 0x6A, 0x00, 0x00, 0x00, 0x26, 0xFF, 0xFF, 0x1A, 0x00, 
0x00, 0x87, 0xC5, 0xFF, 0xFF, 0xBC, 0xB8, 0x14, 0xBC, 0xFF, 0xFF, 0xFF, 
0xFF, 0xFF, 0x1C, 0x0B, 0x3D, 0xFF, 0xFF, 0x1F, 0x10, 0x01, 0x00, 0x30, 
0xFF, 0xFF, 0x10, 0x00, 0x00, 0x00, 0x30, 0xFF, 0xFF, 0x10, 0x00, 0x00, 
0x00, 0x30, 0xFF, 0xFF, 0x10, 0x00, 0x00, 0x00, 0x30, 0xFF, 0xFF, 0x10, 
0x00, 0x00, 0x00, 0x30, 0xFF, 0xFF, 0x10, 0x00, 0x00, 0x00, 0x30, 0xFF, 
0xFF, 0x10, 0x00, 0x00, 0x00, 0x30, 0xFF, 0xFF, 0x10, 0x00, 0x00, 0x00, 
0x00, 0x3B, 0xB2, 0xDE, 0xD6, 0x9C, 0x2A, 0xB8, 0xB8, 0x14, 0x00, 0x3D, 
0xFB, 0xFF, 0xF6, 0xDA, 0xF5, 0xDB, 0xFF, 0xFF, 0x1C, 0x00, 0xBE, 0xFF, 
0xD5, 0x14, 0x00, 0x0E, 0xBB, 0xFF, 0xFF, 0x1C, 0x00, 0xF6, 0xFF, 0x65, 
0x00, 0x00, 0x00, 0x37, 0xFF, 0xFF, 0x1C, 0x0D, 0xFF, 0xFF, 0x42, 0x00, 
0x00, 0x00, 0x12, 0xFF, 0xFF, 0x1C, 0x0F, 0xFF, 0xFF, 0x42, 0x00, 0x00, 
0x00, 0x10, 0xFF, 0xFF, 0x1C, 0x00, 0xFA, 0xFF, 0x60, 0x00, 0x00, 0x00, 
0x2D, 0xFF, 0xFF, 0x1C, 0x00, 0xD0, 0xFF, 0xC5, 0x06, 0x00, 0x02, 0xA2, 
0xFF, 0xFF, 0x1C, 0x00, 0x5C, 0xFF, 0xFF, 0xDD, 0xB5, 0xDA, 0xE9, 0xFF, 
0xFF, 0x1C, 0x00, 0x00, 0x60, 0xD1, 0xF8, 0xF3, 0xBC, 0x51, 0xFF, 0xFF, 
0x16, 0x00, 0x00, 0x00, 0x00, 0x00, 0x00, 0x00, 0x66, 0xFF, 0xF3, 0x03, 
0x00, 0x00, 0x43, 0x44, 0x34, 0x42, 0x7B, 0xF1, 0xFF, 0x9E, 0x00, 0x00, 
0x00, 0xAC, 0xFF, 0xFF, 0xFF, 0xFF, 0xFF, 0xBC, 0x0E, 0x00, 0x00, 0x00, 
0x45, 0x83, 0x92, 0x90, 0x77, 0x38, 0x00, 0x00, 0x00, 0x65, 0xB0, 0x76, 
0x00, 0x00, 0x00, 0x00, 0x00, 0x00, 0x94, 0xFF, 0xAC, 0x00, 0x00, 0x00, 
0x00, 0x00, 0x00, 0x94, 0xFF, 0xAC, 0x00, 0x00, 0x00, 0x00, 0x00, 0x00, 
0x94, 0xFF, 0xAC, 0x00, 0x00, 0x00, 0x00, 0x00, 0x00, 0x94, 0xFF, 0xAC, 
0x4D, 0xBB, 0xE1, 0xD7, 0x85, 0x09, 0x94, 0xFF, 0xE3, 0xFE, 0xFF, 0xFE, 
0xFF, 0xFF, 0x8D, 0x94, 0xFF, 0xFE, 0x6B, 0x0A, 0x0A, 0xAC, 0xFF, 0xDC, 
0x94, 0xFF, 0xBF, 0x00, 0x00, 0x00, 0x53, 0xFF, 0xF5, 0x94, 0xFF, 0xAC, 
0x00, 0x00, 0x00, 0x48, 0xFF, 0xF8, 0x94, 0xFF, 0xAC, 0x00, 0x00, 0x00, 
0x48, 0xFF, 0xF8, 0x94, 0xFF, 0xAC, 0x00, 0x00, 0x00, 0x48, 0xFF, 0xF8, 
0x94, 0xFF, 0xAC, 0x00, 0x00, 0x00, 0x48, 0xFF, 0xF8, 0x94, 0xFF, 0xAC, 
0x00, 0x00, 0x00, 0x48, 0xFF, 0xF8, 0x94, 0xFF, 0xAC, 0x00, 0x00, 0x00, 
0x48, 0xFF, 0xF8, 0x55, 0xA0, 0x59, 0xBF, 0xFF, 0xC5, 0x6D, 0xC5, 0x72, 
0x00, 0x00, 0x00, 0x70, 0xB8, 0x75, 0x9C, 0xFF, 0xA4, 0x9C, 0xFF, 0xA4, 
0x9C, 0xFF, 0xA4, 0x9C, 0xFF, 0xA4, 0x9C, 0xFF, 0xA4, 0x9C, 0xFF, 0xA4, 
0x9C, 0xFF, 0xA4, 0x9C, 0xFF, 0xA4, 0x9C, 0xFF, 0xA4, 0x00, 0x00, 0x00, 
0x55, 0xA0, 0x59, 0x00, 0x00, 0x00, 0xBF, 0xFF, 0xC5, 0x00, 0x00, 0x00, 
0x6D, 0xC5, 0x72, 0x00, 0x00, 0x00, 0x00, 0x00, 0x00, 0x00, 0x00, 0x00, 
0x70, 0xB8, 0x75, 0x00, 0x00, 0x00, 0x9C, 0xFF, 0xA4, 0x00, 0x00, 0x00, 
0x9C, 0xFF, 0xA4, 0x00, 0x00, 0x00, 0x9C, 0xFF, 0xA4, 0x00, 0x00, 0x00, 
0x9C, 0xFF, 0xA4, 0x00, 0x00, 0x00, 0x9C, 0xFF, 0xA4, 0x00, 0x00, 0x00, 
0x9C, 0xFF, 0xA4, 0x00, 0x00, 0x00, 0x9C, 0xFF, 0xA4, 0x00, 0x00, 0x00, 
0x9C, 0xFF, 0xA4, 0x00, 0x00, 0x00, 0x9C, 0xFF, 0xA3, 0x00, 0x00, 0x00, 
0xA8, 0xFF, 0x9B, 0x03, 0x25, 0x3A, 0xE8, 0xFF, 0x77, 0x10, 0xFF, 0xFF, 
0xFF, 0xEC, 0x1A, 0x08, 0x91, 0x8E, 0x6F, 0x13, 0x00, 0x65, 0xB0, 0x76, 
0x00, 0x00, 0x00, 0x00, 0x00, 0x00, 0x94, 0xFF, 0xAC, 0x00, 0x00, 0x00, 
0x00, 0x00, 0x00, 0x94, 0xFF, 0xAC, 0x00, 0x00, 0x00, 0x00, 0x00, 0x00, 
0x94, 0xFF, 0xAC, 0x00, 0x00, 0x00, 0x00, 0x00, 0x00, 0x94, 0xFF, 0xAC, 
0x00, 0x00, 0x2C, 0xB7, 0xB8, 0x4B, 0x94, 0xFF, 0xAC, 0x00, 0x0C, 0xD7, 
0xFF, 0xB4, 0x02, 0x94, 0xFF, 0xAC, 0x00, 0xA5, 0xFF, 0xD7, 0x0E, 0x00, 
0x94, 0xFF, 0xAD, 0x67, 0xFF, 0xEF, 0x26, 0x00, 0x00, 0x94, 0xFF, 0xFF, 
0xFF, 0xFF, 0x4D, 0x00, 0x00, 0x00, 0x94, 0xFF, 0xE9, 0xF0, 0xFF, 0x8C, 
0x00, 0x00, 0x00, 0x94, 0xFF, 0xAC, 0x54, 0xFF, 0xFE, 0x49, 0x00, 0x00, 
0x94, 0xFF, 0xAC, 0x00, 0xA3, 0xFF, 0xEA, 0x19, 0x00, 0x94, 0xFF, 0xAC, 
0x00, 0x0F, 0xE2, 0xFF, 0xBE, 0x02, 0x94, 0xFF, 0xAC, 0x00, 0x00, 0x42, 
0xFE, 0xFF, 0x7D, 0x68, 0xB0, 0x73, 0x00, 0x00, 0x98, 0xFF, 0xA8, 0x00, 
0x00, 0x98, 0xFF, 0xA8, 0x00, 0x00, 0x98, 0xFF, 0xA8, 0x00, 0x00, 0x98, 
0xFF, 0xA8, 0x00, 0x00, 0x98, 0xFF, 0xA8, 0x00, 0x00, 0x98, 0xFF, 0xA8, 
0x00, 0x00, 0x98, 0xFF, 0xA8, 0x00, 0x00, 0x98, 0xFF, 0xA8, 0x00, 0x00, 
0x98, 0xFF, 0xA8, 0x00, 0x00, 0x98, 0xFF, 0xA8, 0x00, 0x00, 0x96, 0xFF, 
0xB1, 0x00, 0x00, 0x7B, 0xFF, 0xF9, 0xB9, 0x12, 0x18, 0xCF, 0xFF, 0xFF, 
0x18, 0x00, 0x00, 0x0D, 0x0F, 0x00, 0x6A, 0xB8, 0x7B, 0x65, 0xCB, 0xE1, 
0xC3, 0x4D, 0x10, 0x90, 0xD4, 0xDC, 0xB4, 0x33, 0x00, 0x94, 0xFF, 0xEC, 
0xFF, 0xFE, 0xFF, 0xFF, 0xFB, 0xCE, 0xFF, 0xFE, 0xFF, 0xFF, 0xEF, 0x13, 
0x94, 0xFF, 0xF9, 0x4B, 0x02, 0x2D, 0xF6, 0xFF, 0xEE, 0x3B, 0x02, 0x38, 
0xFB, 0xFF, 0x5B, 0x94, 0xFF, 0xB6, 0x00, 0x00, 0x00, 0xBF, 0xFF, 0x97, 
0x00, 0x00, 0x00, 0xCF, 0xFF, 0x78, 0x94, 0xFF, 0xAC, 0x00, 0x00, 0x00, 
0xB4, 0xFF, 0x8C, 0x00, 0x00, 0x00, 0xC4, 0xFF, 0x7C, 0x94, 0xFF, 0xAC, 
0x00, 0x00, 0x00, 0xB4, 0xFF, 0x8C, 0x00, 0x00, 0x00, 0xC4, 0xFF, 0x7C, 
0x94, 0xFF, 0xAC, 0x00, 0x00, 0x00, 0xB4, 0xFF, 0x8C, 0x00, 0x00, 0x00, 
0xC4, 0xFF, 0x7C, 0x94, 0xFF, 0xAC, 0x00, 0x00, 0x00, 0xB4, 0xFF, 0x8C, 
0x00, 0x00, 0x00, 0xC4, 0xFF, 0x7C, 0x94, 0xFF, 0xAC, 0x00, 0x00, 0x00, 
0xB4, 0xFF, 0x8C, 0x00, 0x00, 0x00, 0xC4, 0xFF, 0x7C, 0x94, 0xFF, 0xAC, 
0x00, 0x00, 0x00, 0xB4, 0xFF, 0x8C, 0x00, 0x00, 0x00, 0xC4, 0xFF, 0x7C, 
0x6A, 0xB8, 0x7B, 0x52, 0xBD, 0xE1, 0xD7, 0x85, 0x09, 0x94, 0xFF, 0xE7, 
0xFF, 0xFF, 0xFE, 0xFF, 0xFF, 0x8D, 0x94, 0xFF, 0xFE, 0x69, 0x09, 0x0A, 
0xAC, 0xFF, 0xDC, 0x94, 0xFF, 0xBD, 0x00, 0x00, 0x00, 0x53, 0xFF, 0xF5, 
0x94, 0xFF, 0xAC, 0x00, 0x00, 0x00, 0x48, 0xFF, 0xF8, 0x94, 0xFF, 0xAC, 
0x00, 0x00, 0x00, 0x48, 0xFF, 0xF8, 0x94, 0xFF, 0xAC, 0x00, 0x00, 0x00, 
0x48, 0xFF, 0xF8, 0x94, 0xFF, 0xAC, 0x00, 0x00, 0x00, 0x48, 0xFF, 0xF8, 
0x94, 0xFF, 0xAC, 0x00, 0x00, 0x00, 0x48, 0xFF, 0xF8, 0x94, 0xFF, 0xAC, 
0x00, 0x00, 0x00, 0x48, 0xFF, 0xF8, 0x00, 0x00, 0x2A, 0x9D, 0xC7, 0xDF, 
0xCB, 0xA5, 0x3B, 0x00, 0x00, 0x00, 0x2E, 0xF5, 0xFF, 0xFA, 0xDE, 0xF7, 
0xFF, 0xFD, 0x4B, 0x00, 0x00, 0xB0, 0xFF, 0xCA, 0x12, 0x00, 0x0A, 0xB3, 
0xFF, 0xD3, 0x00, 0x01, 0xF2, 0xFF, 0x5C, 0x00, 0x00, 0x00, 0x3B, 0xFF, 
0xFF, 0x17, 0x0F, 0xFF, 0xFF, 0x3D, 0x00, 0x00, 0x00, 0x1B, 0xFF, 0xFF, 
0x32, 0x12, 0xFF, 0xFF, 0x3A, 0x00, 0x00, 0x00, 0x17, 0xFF, 0xFF, 0x36, 
0x04, 0xFA, 0xFF, 0x4F, 0x00, 0x00, 0x00, 0x2E, 0xFF, 0xFF, 0x22, 0x00, 
0xC8, 0xFF, 0xAA, 0x00, 0x00, 0x00, 0x89, 0xFF, 0xEA, 0x01, 0x00, 0x56, 
0xFF, 0xFF, 0xC5, 0x98, 0xB8, 0xFF, 0xFF, 0x79, 0x00, 0x00, 0x00, 0x68, 
0xE5, 0xFF, 0xFF, 0xFF, 0xED, 0x80, 0x02, 0x00, 0x00, 0x00, 0x00, 0x00, 
0x10, 0x28, 0x14, 0x00, 0x00, 0x00, 0x00, 0x6A, 0xB8, 0x7B, 0x4C, 0xC0, 
0xE1, 0xD4, 0x8F, 0x11, 0x00, 0x94, 0xFF, 0xDE, 0xFD, 0xEF, 0xE1, 0xFF, 
0xFF, 0xC8, 0x02, 0x94, 0xFF, 0xFF, 0x5B, 0x00, 0x00, 0x64, 0xFF, 0xFF, 
0x46, 0x94, 0xFF, 0xC3, 0x00, 0x00, 0x00, 0x00, 0xE4, 0xFF, 0x78, 0x94, 
0xFF, 0x98, 0x00, 0x00, 0x00, 0x00, 0xC2, 0xFF, 0x8D, 0x94, 0xFF, 0x93, 
0x00, 0x00, 0x00, 0x00, 0xBE, 0xFF, 0x93, 0x94, 0xFF, 0xB1, 0x00, 0x00, 
0x00, 0x00, 0xD8, 0xFF, 0x7D, 0x94, 0xFF, 0xF8, 0x27, 0x00, 0x00, 0x34, 
0xFF, 0xFF, 0x53, 0x94, 0xFF, 0xF3, 0xF0, 0xAB, 0x9E, 0xEF, 0xFF, 0xE1, 
0x08, 0x94, 0xFF, 0xAD, 0x99, 0xFC, 0xFF, 0xFF, 0xD0, 0x2C, 0x00, 0x94, 
0xFF, 0xAC, 0x00, 0x0F, 0x29, 0x1B, 0x00, 0x00, 0x00, 0x94, 0xFF, 0xAC, 
0x00, 0x00, 0x00, 0x00, 0x00, 0x00, 0x00, 0x94, 0xFF, 0xAC, 0x00, 0x00, 
0x00, 0x00, 0x00, 0x00, 0x00, 0x57, 0x98, 0x66, 0x00, 0x00, 0x00, 0x00, 
0x00, 0x00, 0x00, 0x00, 0x00, 0x3C, 0xB4, 0xDE, 0xD8, 0x9B, 0x30, 0xB8, 
0xB8, 0x11, 0x00, 0x3C, 0xFB, 0xFF, 0xF6, 0xDA, 0xF8, 0xDE, 0xFF, 0xFF, 
0x18, 0x00, 0xBB, 0xFF, 0xD6, 0x14, 0x00, 0x16, 0xCE, 0xFF, 0xFF, 0x18, 
0x00, 0xF5, 0xFF, 0x67, 0x00, 0x00, 0x00, 0x4B, 0xFF, 0xFF, 0x18, 0x0B, 
0xFF, 0xFF, 0x43, 0x00, 0x00, 0x00, 0x1D, 0xFF, 0xFF, 0x18, 0x10, 0xFF, 
0xFF, 0x41, 0x00, 0x00, 0x00, 0x17, 0xFF, 0xFF, 0x18, 0x01, 0xFC, 0xFF, 
0x59, 0x00, 0x00, 0x00, 0x33, 0xFF, 0xFF, 0x18, 0x00, 0xDB, 0xFF, 0xB3, 
0x01, 0x00, 0x00, 0x9A, 0xFF, 0xFF, 0x18, 0x00, 0x78, 0xFF, 0xFF, 0xC2, 
0x99, 0xC8, 0xF0, 0xFF, 0xFF, 0x18, 0x00, 0x02, 0x90, 0xF8, 0xFF, 0xFF, 
0xDF, 0x5C, 0xFF, 0xFF, 0x18, 0x00, 0x00, 0x00, 0x0A, 0x28, 0x20, 0x02, 
0x28, 0xFF, 0xFF, 0x18, 0x00, 0x00, 0x00, 0x00, 0x00, 0x00, 0x00, 0x28, 
0xFF, 0xFF, 0x18, 0x00, 0x00, 0x00, 0x00, 0x00, 0x00, 0x00, 0x28, 0xFF, 
0xFF, 0x18, 0x00, 0x00, 0x00, 0x00, 0x00, 0x00, 0x00, 0x17, 0x98, 0x98, 
0x0E, 0x6A, 0xB8, 0x7B, 0x36, 0xBB, 0xAD, 0x94, 0xFF, 0xC2, 0xF2, 0xFF, 
0xBC, 0x94, 0xFF, 0xFF, 0xC3, 0x42, 0x17, 0x94, 0xFF, 0xEC, 0x0A, 0x00, 
0x00, 0x94, 0xFF, 0xAE, 0x00, 0x00, 0x00, 0x94, 0xFF, 0xAC, 0x00, 0x00, 
0x00, 0x94, 0xFF, 0xAC, 0x00, 0x00, 0x00, 0x94, 0xFF, 0xAC, 0x00, 0x00, 
0x00, 0x94, 0xFF, 0xAC, 0x00, 0x00, 0x00, 0x94, 0xFF, 0xAC, 0x00, 0x00, 
0x00, 0x00, 0x04, 0x77, 0xC9, 0xE3, 0xDD, 0xC7, 0x41, 0x00, 0x83, 0xFF, 
0xFD, 0xDB, 0xE1, 0xF9, 0x5A, 0x00, 0xD8, 0xFF, 0x50, 0x00, 0x00, 0x05, 
0x0B, 0x00, 0xDC, 0xFF, 0x7A, 0x05, 0x00, 0x00, 0x00, 0x00, 0x7A, 0xFF, 
0xFF, 0xF3, 0xB4, 0x4D, 0x00, 0x00, 0x00, 0x46, 0xA1, 0xE6, 0xFF, 0xFF, 
0x65, 0x00, 0x00, 0x00, 0x00, 0x02, 0x90, 0xFF, 0xBC, 0x01, 0x03, 0x00, 
0x00, 0x00, 0x67, 0xFF, 0xC6, 0x0C, 0xF3, 0xC4, 0xAF, 0xB7, 0xF5, 0xFF, 
0x87, 0x09, 0xE4, 0xFF, 0xFF, 0xFF, 0xEC, 0x8D, 0x09, 0x00, 0x00, 0x08, 
0x16, 0x0E, 0x00, 0x00, 0x00, 0x00, 0x03, 0x08, 0x06, 0x00, 0x00, 0x00, 
0x6C, 0xFF, 0xD4, 0x00, 0x00, 0x00, 0x6C, 0xFF, 0xD4, 0x00, 0x00, 0x8C, 
0xD6, 0xFF, 0xF3, 0xB8, 0xB2, 0xC4, 0xFF, 0xFF, 0xFF, 0xFF, 0xF8, 0x0F, 
0x77, 0xFF, 0xD7, 0x14, 0x13, 0x00, 0x6C, 0xFF, 0xD4, 0x00, 0x00, 0x00, 
0x6C, 0xFF, 0xD4, 0x00, 0x00, 0x00, 0x6C, 0xFF, 0xD4, 0x00, 0x00, 0x00, 
0x6C, 0xFF, 0xD4, 0x00, 0x00, 0x00, 0x65, 0xFF, 0xE6, 0x00, 0x00, 0x00, 
0x3E, 0xFF, 0xFF, 0xC6, 0xA5, 0x00, 0x01, 0x95, 0xFA, 0xFF, 0xEC, 0x00, 
0x00, 0x00, 0x03, 0x16, 0x0E, 0x78, 0xB8, 0x6D, 0x00, 0x00, 0x00, 0x4D, 
0xB8, 0x98, 0xA8, 0xFF, 0x98, 0x00, 0x00, 0x00, 0x6C, 0xFF, 0xD4, 0xA8, 
0xFF, 0x98, 0x00, 0x00, 0x00, 0x6C, 0xFF, 0xD4, 0xA8, 0xFF, 0x98, 0x00, 
0x00, 0x00, 0x6C, 0xFF, 0xD4, 0xA8, 0xFF, 0x98, 0x00, 0x00, 0x00, 0x6C, 
0xFF, 0xD4, 0xA8, 0xFF, 0x98, 0x00, 0x00, 0x00, 0x6C, 0xFF, 0xD4, 0xA7, 
0xFF, 0x9D, 0x00, 0x00, 0x00, 0x6F, 0xFF, 0xD4, 0x98, 0xFF, 0xD0, 0x03, 
0x00, 0x09, 0xCA, 0xFF, 0xD4, 0x61, 0xFF, 0xFF, 0xD9, 0xB7, 0xE7, 0xF9, 
0xFF, 0xD4, 0x03, 0x9D, 0xFE, 0xFF, 0xFF, 0xCB, 0x64, 0xFF, 0xD4, 0x00, 
0x00, 0x12, 0x2B, 0x19, 0x00, 0x00, 0x00, 0x00, 0x8B, 0xB8, 0x7D, 0x00, 
0x00, 0x00, 0x00, 0x63, 0xB8, 0x9C, 0x72, 0xFF, 0xF0, 0x06, 0x00, 0x00, 
0x00, 0xD4, 0xFF, 0x89, 0x17, 0xFC, 0xFF, 0x4B, 0x00, 0x00, 0x29, 0xFF, 
0xFF, 0x2B, 0x00, 0xB6, 0xFF, 0x9F, 0x00, 0x00, 0x80, 0xFF, 0xCC, 0x00, 
0x00, 0x59, 0xFF, 0xEE, 0x05, 0x00, 0xD5, 0xFF, 0x6E, 0x00, 0x00, 0x09, 
0xF1, 0xFF, 0x48, 0x2A, 0xFF, 0xFA, 0x15, 0x00, 0x00, 0x00, 0x9D, 0xFF, 
0x9C, 0x80, 0xFF, 0xB1, 0x00, 0x00, 0x00, 0x00, 0x3F, 0xFF, 0xEC, 0xDA, 
0xFF, 0x53, 0x00, 0x00, 0x00, 0x00, 0x01, 0xDF, 0xFF, 0xFF, 0xEE, 0x07, 
0x00, 0x00, 0x00, 0x00, 0x00, 0x83, 0xFF, 0xFF, 0x97, 0x00, 0x00, 0x00, 
0x6A, 0xB8, 0x90, 0x00, 0x00, 0x00, 0x79, 0xB8, 0xB8, 0x14, 0x00, 0x00, 
0x31, 0xB8, 0xB6, 0x09, 0x58, 0xFF, 0xF6, 0x05, 0x00, 0x00, 0xE1, 0xFF, 
0xFF, 0x57, 0x00, 0x00, 0x78, 0xFF, 0xCD, 0x00, 0x14, 0xFE, 0xFF, 0x35, 
0x00, 0x25, 0xFF, 0xFC, 0xFF, 0x9C, 0x00, 0x00, 0xB3, 0xFF, 0x86, 0x00, 
0x00, 0xCE, 0xFF, 0x6F, 0x00, 0x68, 0xFF, 0x95, 0xFD, 0xE0, 0x00, 0x01, 
0xEC, 0xFF, 0x3F, 0x00, 0x00, 0x88, 0xFF, 0xAA, 0x00, 0xAB, 0xFF, 0x3F, 
0xCD, 0xFF, 0x25, 0x29, 0xFF, 0xF3, 0x05, 0x00, 0x00, 0x43, 0xFF, 0xE4, 
0x01, 0xEC, 0xF4, 0x06, 0x8A, 0xFF, 0x6A, 0x64, 0xFF, 0xB2, 0x00, 0x00, 
0x00, 0x07, 0xF6, 0xFF, 0x50, 0xFF, 0xB6, 0x00, 0x47, 0xFF, 0xAF, 0x9F, 
0xFF, 0x6B, 0x00, 0x00, 0x00, 0x00, 0xB9, 0xFF, 0xD0, 0xFF, 0x72, 0x00, 
0x0A, 0xF9, 0xF0, 0xE0, 0xFF, 0x24, 0x00, 0x00, 0x00, 0x00, 0x74, 0xFF, 
0xFF, 0xFF, 0x2E, 0x00, 0x00, 0xC1, 0xFF, 0xFF, 0xDD, 0x00, 0x00, 0x00, 
0x00, 0x00, 0x2F, 0xFF, 0xFF, 0xE9, 0x01, 0x00, 0x00, 0x7E, 0xFF, 0xFF, 
0x97, 0x00, 0x00, 0x00, 0x44, 0xB8, 0xB8, 0x28, 0x00, 0x00, 0x07, 0xAA, 
0xB8, 0x6C, 0x03, 0xC9, 0xFF, 0xBD, 0x00, 0x00, 0x7D, 0xFF, 0xEC, 0x17, 
0x00, 0x2A, 0xF8, 0xFF, 0x5A, 0x21, 0xF6, 0xFF, 0x58, 0x00, 0x00, 0x00, 
0x79, 0xFF, 0xE7, 0xBB, 0xFF, 0xAE, 0x00, 0x00, 0x00, 0x00, 0x03, 0xCB, 
0xFF, 0xFF, 0xEC, 0x17, 0x00, 0x00, 0x00, 0x00, 0x02, 0xC2, 0xFF, 0xFF, 
0xEA, 0x14, 0x00, 0x00, 0x00, 0x00, 0x72, 0xFF, 0xED, 0xCD, 0xFF, 0xAA, 
0x00, 0x00, 0x00, 0x28, 0xF7, 0xFF, 0x61, 0x2F, 0xFC, 0xFF, 0x56, 0x00, 
0x03, 0xC8, 0xFF, 0xC0, 0x00, 0x00, 0x8F, 0xFF, 0xEB, 0x16, 0x79, 0xFF, 
0xF8, 0x27, 0x00, 0x00, 0x0D, 0xE5, 0xFF, 0xAD, 0x8A, 0xB8, 0x83, 0x00, 
0x00, 0x00, 0x00, 0x5D, 0xB8, 0x9C, 0x69, 0xFF, 0xF6, 0x0D, 0x00, 0x00, 
0x00, 0xC9, 0xFF, 0x88, 0x0E, 0xF5, 0xFF, 0x5C, 0x00, 0x00, 0x1D, 0xFE, 
0xFF, 0x2A, 0x00, 0x9E, 0xFF, 0xB4, 0x00, 0x00, 0x70, 0xFF, 0xCB, 0x00, 
0x00, 0x39, 0xFF, 0xFA, 0x12, 0x00, 0xC3, 0xFF, 0x6D, 0x00, 0x00, 0x00, 
0xD3, 0xFF, 0x66, 0x18, 0xFD, 0xFA, 0x14, 0x00, 0x00, 0x00, 0x6E, 0xFF, 
0xBE, 0x69, 0xFF, 0xB0, 0x00, 0x00, 0x00, 0x00, 0x11, 0xF7, 0xFD, 0xD3, 
0xFF, 0x51, 0x00, 0x00, 0x00, 0x00, 0x00, 0xA3, 0xFF, 0xFF, 0xED, 0x06, 
0x00, 0x00, 0x00, 0x00, 0x00, 0x3E, 0xFF, 0xFF, 0x92, 0x00, 0x00, 0x00, 
0x00, 0x00, 0x00, 0x55, 0xFF, 0xFE, 0x2B, 0x00, 0x00, 0x00, 0x00, 0x43, 
0x87, 0xF3, 0xFF, 0xA4, 0x00, 0x00, 0x00, 0x00, 0x00, 0xB4, 0xFF, 0xFF, 
0xC4, 0x0F, 0x00, 0x00, 0x00, 0x00, 0x00, 0x67, 0x81, 0x48, 0x02, 0x00, 
0x00, 0x00, 0x00, 0x00, 0x00, 0x8F, 0xB8, 0xB8, 0xB8, 0xB8, 0xB8, 0xB8, 
0x64, 0x00, 0xC8, 0xFF, 0xFF, 0xFF, 0xFF, 0xFF, 0xFF, 0x8C, 0x00, 0x12, 
0x18, 0x18, 0x18, 0x92, 0xFF, 0xF7, 0x36, 0x00, 0x00, 0x00, 0x00, 0x51, 
0xFE, 0xFF, 0x58, 0x00, 0x00, 0x00, 0x00, 0x2F, 0xF4, 0xFF, 0x81, 0x00, 
0x00, 0x00, 0x00, 0x17, 0xE1, 0xFF, 0xAA, 0x01, 0x00, 0x00, 0x00, 0x07, 
0xC6, 0xFF, 0xCB, 0x09, 0x00, 0x00, 0x00, 0x00, 0xA2, 0xFF, 0xE4, 0x1A, 
0x00, 0x00, 0x00, 0x00, 0x22, 0xFF, 0xFF, 0xF2, 0xE0, 0xE0, 0xE0, 0xE0, 
0xC7, 0x24, 0xFF, 0xFF, 0xFF, 0xFF, 0xFF, 0xFF, 0xFF, 0xE4, 0x00, 0x00, 
0x00, 0x45, 0x90, 0x56, 0x00, 0x00, 0x77, 0xFF, 0xFF, 0x84, 0x00, 0x00, 
0xEB, 0xFF, 0x74, 0x0B, 0x00, 0x0E, 0xFF, 0xFF, 0x2E, 0x00, 0x00, 0x14, 
0xFF, 0xFF, 0x2C, 0x00, 0x00, 0x14, 0xFF, 0xFF, 0x2C, 0x00, 0x00, 0x14, 
0xFF, 0xFF, 0x2B, 0x00, 0x00, 0x3B, 0xFF, 0xFE, 0x16, 0x00, 0x4A, 0xFD, 
0xF8, 0x81, 0x00, 0x00, 0x43, 0xF4, 0xFD, 0x94, 0x00, 0x00, 0x00, 0x30, 
0xFF, 0xFF, 0x19, 0x00, 0x00, 0x14, 0xFF, 0xFF, 0x2B, 0x00, 0x00, 0x14, 
0xFF, 0xFF, 0x2C, 0x00, 0x00, 0x14, 0xFF, 0xFF, 0x2C, 0x00, 0x00, 0x0C, 
0xFF, 0xFF, 0x2F, 0x00, 0x00, 0x00, 0xE7, 0xFF, 0x82, 0x14, 0x00, 0x00, 
0x67, 0xFE, 0xFF, 0x84, 0x00, 0x00, 0x00, 0x30, 0x79, 0x4A, 0x10, 0xB0, 
0x9A, 0x18, 0xFF, 0xE0, 0x18, 0xFF, 0xE0, 0x18, 0xFF, 0xE0, 0x18, 0xFF, 
0xE0, 0x18, 0xFF, 0xE0, 0x18, 0xFF, 0xE0, 0x18, 0xFF, 0xE0, 0x18, 0xFF, 
0xE0, 0x18, 0xFF, 0xE0, 0x18, 0xFF, 0xE0, 0x18, 0xFF, 0xE0, 0x18, 0xFF, 
0xE0, 0x18, 0xFF, 0xE0, 0x18, 0xFF, 0xE0, 0x18, 0xFF, 0xE0, 0x18, 0xFF, 
0xE0, 0x0E, 0x98, 0x85, 0x58, 0x8F, 0x42, 0x00, 0x00, 0x00, 0x88, 0xFF, 
0xFF, 0x6E, 0x00, 0x00, 0x0B, 0x7D, 0xFF, 0xE3, 0x00, 0x00, 0x00, 0x37, 
0xFF, 0xFE, 0x07, 0x00, 0x00, 0x34, 0xFF, 0xFF, 0x0C, 0x00, 0x00, 0x34, 
0xFF, 0xFF, 0x0C, 0x00, 0x00, 0x33, 0xFF, 0xFF, 0x0C, 0x00, 0x00, 0x1D, 
0xFF, 0xFF, 0x31, 0x00, 0x00, 0x00, 0x84, 0xF8, 0xFB, 0x45, 0x00, 0x00, 
0x98, 0xFE, 0xF5, 0x41, 0x00, 0x21, 0xFF, 0xFF, 0x28, 0x00, 0x00, 0x33, 
0xFF, 0xFF, 0x0C, 0x00, 0x00, 0x34, 0xFF, 0xFF, 0x0C, 0x00, 0x00, 0x34, 
0xFF, 0xFF, 0x0C, 0x00, 0x00, 0x38, 0xFF, 0xFE, 0x06, 0x00, 0x16, 0x8A, 
0xFF, 0xDD, 0x00, 0x00, 0x88, 0xFF, 0xFD, 0x5D, 0x00, 0x00, 0x4C, 0x78, 
0x2C, 0x00, 0x00, 0x00, 0x00, 0x00, 0x01, 0x0A, 0x00, 0x00, 0x00, 0x00, 
0x00, 0x00, 0x00, 0x61, 0xF0, 0xFF, 0xC9, 0x3B, 0x00, 0x19, 0xED, 0x93, 
0x20, 0xFA, 0xF0, 0xC9, 0xFF, 0xFE, 0xAA, 0xBA, 0xFF, 0x70, 0x66, 0xFF, 
0x6A, 0x00, 0x45, 0xD9, 0xFF, 0xFF, 0xC7, 0x09, 0x05, 0x1B, 0x0B, 0x00, 
0x00, 0x03, 0x35, 0x33, 0x04, 0x00, 0x00, 0x00, 0x00, 0x00, 0x00, 0x00, 
0x00, 0x2C, 0x6F, 0x2E, 0x00, 0x00, 0x00, 0x00, 0x00, 0x00, 0x00, 0x00, 
0x00, 0x00, 0x00, 0x00, 0x00, 0x00, 0x58, 0xFF, 0x94, 0x00, 0x00, 0x00, 
0x00, 0x00, 0x00, 0x00, 0x00, 0x00, 0x00, 0x00, 0x00, 0x00, 0x00, 0x13, 
0xFD, 0xE0, 0x00, 0x00, 0x00, 0x00, 0x00, 0x00, 0x00, 0x00, 0x30, 0x9C, 
0x9C, 0x9C, 0x9C, 0x9C, 0x9C, 0xF4, 0xFF, 0xA4, 0x9C, 0x9C, 0x9C, 0x9C, 
0x94, 0x00, 0x00, 0x50, 0xFF, 0xFF, 0xFF, 0xFF, 0xFF, 0xFF, 0xFF, 0xFF, 
0xFF, 0xFF, 0xFF, 0xFF, 0xFF, 0xF4, 0x00, 0x00, 0x10, 0x34, 0x34, 0x34, 
0x34, 0x34, 0x4A, 0xFF, 0xD6, 0x34, 0x34, 0x34, 0x34, 0x34, 0x31, 0x00, 
0x00, 0x00, 0x00, 0x00, 0x00, 0x00, 0x00, 0x1C, 0xFF, 0xCC, 0x00, 0x00, 
0x00, 0x00, 0x00, 0x00, 0x00, 0x00, 0x00, 0x00, 0x00, 0x00, 0x00, 0x00, 
0x1C, 0xFF, 0xCC, 0x00, 0x00, 0x00, 0x00, 0x00, 0x00, 0x00, 0x00, 0x00, 
0x38, 0x68, 0x68, 0x68, 0x68, 0x78, 0xFF, 0xE1, 0x68, 0x68, 0x68, 0x68, 
0x68, 0x13, 0x00, 0x00, 0x00, 0x8C, 0xFF, 0xFF, 0xFF, 0xFF, 0xFF, 0xFF, 
0xFF, 0xFF, 0xFF, 0xFF, 0xFF, 0xFF, 0x30, 0x00, 0x00, 0x00, 0x34, 0x60, 
0x60, 0x60, 0x60, 0x71, 0xFF, 0xDF, 0x60, 0x60, 0x60, 0x60, 0x60, 0x12, 
0x00, 0x00, 0x00, 0x00, 0x00, 0x00, 0x00, 0x00, 0x1C, 0xFF, 0xCC, 0x00, 
0x00, 0x00, 0x00, 0x00, 0x00, 0x00, 0x00, 0x00, 0x00, 0x00, 0x00, 0x00, 
0x00, 0x1C, 0xFF, 0xCC, 0x00, 0x00, 0x00, 0x00, 0x00, 0x00, 0x00, 0x00, 
0x00, 0x00, 0x00, 0x00, 0x00, 0x00, 0x1C, 0xFF, 0xCC, 0x00, 0x00, 0x00, 
0x00, 0x00, 0x00, 0x00, 0x08, 0x84, 0x84, 0x84, 0x84, 0x84, 0x84, 0x91, 
0xFF, 0xE6, 0x84, 0x84, 0x84, 0x84, 0x84, 0x84, 0x5C, 0x10, 0xFF, 0xFF, 
0xFF, 0xFF, 0xFF, 0xFF, 0xFF, 0xFF, 0xFF, 0xFF, 0xFF, 0xFF, 0xFF, 0xFF, 
0xFF, 0xB4, 0x02, 0x2C, 0x2C, 0x2C, 0x2C, 0x2C, 0x2C, 0x2C, 0x2C, 0x2C, 
0x2C, 0x2C, 0x2C, 0x2C, 0x2C, 0x2C, 0x1E, 0x00, 0x00, 0x00, 0x00, 0x00, 
0x00, 0x00, 0x16, 0x6D, 0x56, 0x00, 0x00, 0x00, 0x00, 0x00, 0x00, 0x00, 
0x00, 0x0C, 0x14, 0x14, 0x14, 0x14, 0x14, 0x28, 0xFE, 0xE0, 0x14, 0x14, 
0x14, 0x14, 0x14, 0x14, 0x05, 0x00, 0xA0, 0xFF, 0xFF, 0xFF, 0xFF, 0xFF, 
0xFF, 0xFF, 0xFF, 0xFF, 0xFF, 0xFF, 0xFF, 0xFF, 0xFF, 0x4C, 0x00, 0x39, 
0x5C, 0x5C, 0x5C, 0x5C, 0x5C, 0x5C, 0x5C, 0x5C, 0x5C, 0x5C, 0x5C, 0x5C, 
0x5C, 0x5C, 0x1B, 0x00, 0x00, 0x00, 0x66, 0xBC, 0xBC, 0xBC, 0xBC, 0xBC, 
0xBC, 0xBC, 0xBC, 0xBC, 0xBC, 0x2C, 0x00, 0x00, 0x00, 0x00, 0x00, 0x8C, 
0xFF, 0xA6, 0x90, 0x90, 0x90, 0x90, 0x90, 0x90, 0xC6, 0xFF, 0x3C, 0x00, 
0x00, 0x00, 0x00, 0x00, 0x8C, 0xFF, 0x86, 0x68, 0x68, 0x68, 0x68, 0x68, 
0x68, 0xB1, 0xFF, 0x3C, 0x00, 0x00, 0x00, 0x00, 0x00, 0x78, 0xDC, 0xDC, 
0xDC, 0xDC, 0xDC, 0xDC, 0xDC, 0xDC, 0xDC, 0xDC, 0x33, 0x00, 0x00, 0x00, 
0x12, 0x3C, 0x3C, 0x3C, 0x3C, 0x3C, 0x3C, 0x3C, 0x3C, 0x3C, 0x3C, 0x3C, 
0x3C, 0x3C, 0x3B, 0x00, 0x00, 0x50, 0xFF, 0xFF, 0xFF, 0xFF, 0xFF, 0xFF, 
0xFF, 0xFF, 0xFF, 0xFF, 0xFF, 0xFF, 0xFF, 0xFC, 0x00, 0x00, 0x50, 0xFF, 
0x8F, 0x38, 0x38, 0x38, 0x38, 0x38, 0x38, 0x38, 0x38, 0x38, 0x38, 0xD1, 
0xFC, 0x00, 0x00, 0x48, 0xE8, 0x65, 0x07, 0xE4, 0xE4, 0xE4, 0xE4, 0xE4, 
0xE4, 0xE4, 0x27, 0x00, 0xB4, 0xE8, 0x00, 0x00, 0x00, 0x00, 0x00, 0x10, 
0xFF, 0xEB, 0xA8, 0xA8, 0xA8, 0xDC, 0xFF, 0x2C, 0x00, 0x01, 0x04, 0x00, 
0x00, 0x00, 0x00, 0x00, 0x51, 0xFF, 0xB9, 0x00, 0x00, 0x00, 0x98, 0xFF, 
0x2C, 0x00, 0x1C, 0xEC, 0x64, 0x00, 0x00, 0x14, 0x73, 0xF1, 0xFF, 0x62, 
0x00, 0x00, 0x00, 0x97, 0xFF, 0x58, 0x18, 0x79, 0xFF, 0x77, 0x09, 0xC7, 
0xFC, 0xFF, 0xFA, 0x7A, 0x00, 0x00, 0x00, 0x00, 0x7D, 0xFF, 0xFF, 0xFF, 
0xFF, 0xFD, 0x31, 0x00, 0xA4, 0xD9, 0x85, 0x1D, 0x00, 0x00, 0x00, 0x00, 
0x00, 0x06, 0x75, 0x9D, 0xA0, 0x91, 0x3C, 0x00, 0x00, 0x04, 0x00, 0x00, 
0x00, 0x00, 0x00, 0x00, 0x00, 0x00, 0x00, 0x00, 0x00, 0x00, 0x00, 0x00, 
0x00, 0x00, 0x00, 0x00, 0x07, 0x40, 0x08, 0x00, 0x02, 0x00, 0x00, 0x65, 
0x48, 0x00, 0x00, 0x00, 0x00, 0x00, 0x00, 0x00, 0x00, 0x53, 0xFF, 0x83, 
0x50, 0xDC, 0x18, 0x00, 0xF4, 0xC0, 0x00, 0x13, 0xCB, 0x38, 0x00, 0x00, 
0x00, 0x00, 0xAD, 0xFF, 0x2E, 0x27, 0xF8, 0xA7, 0x00, 0xF4, 0xC0, 0x00, 
0x9E, 0xFC, 0x2A, 0x00, 0x00, 0x00, 0x1C, 0xFB, 0xCE, 0x00, 0x00, 0x85, 
0xC0, 0x04, 0xF4, 0xC0, 0x10, 0xDE, 0x88, 0x00, 0x00, 0x00, 0x00, 0x88, 
0xFF, 0x6B, 0xA5, 0xFC, 0xFC, 0xFC, 0xFC, 0xFF, 0xFF, 0xFC, 0xFD, 0xFC, 
0xFC, 0x8D, 0x00, 0x14, 0xF3, 0xFF, 0x50, 0xA8, 0xFF, 0xA1, 0xA0, 0xA0, 
0xA0, 0xA0, 0xA0, 0xA0, 0xB2, 0xFF, 0x90, 0x00, 0x8D, 0xFF, 0xFF, 0x50, 
0xA8, 0xFF, 0x04, 0x00, 0x00, 0x00, 0x00, 0x00, 0x00, 0x30, 0xFF, 0x90, 
0x23, 0xF9, 0xFF, 0xFF, 0x50, 0x8D, 0xD8, 0x75, 0xD0, 0xD0, 0xD0, 0xD0, 
0xD0, 0xD0, 0x81, 0xDC, 0x7B, 0x97, 0xFF, 0xAF, 0xFF, 0x50, 0x00, 0x00, 
0x69, 0xC0, 0xC0, 0xC0, 0xC0, 0xC0, 0xC0, 0x51, 0x00, 0x00, 0x2D, 0xB1, 
0x50, 0xFF, 0x50, 0x00, 0x00, 0x00, 0x00, 0x00, 0x00, 0x00, 0x00, 0x00, 
0x00, 0x00, 0x00, 0x00, 0x04, 0x50, 0xFF, 0x50, 0x89, 0xC4, 0xC4, 0xC4, 
0xC4, 0xC4, 0xC4, 0xC4, 0xC4, 0xC4, 0xC4, 0x6E, 0x00, 0x00, 0x50, 0xFF, 
0x50, 0x92, 0xD0, 0xD0, 0xEB, 0xFF, 0xEA, 0xD0, 0xD0, 0xD5, 0xD0, 0xD0, 
0x75, 0x00, 0x00, 0x50, 0xFF, 0x50, 0x00, 0x00, 0x17, 0xE9, 0xF7, 0x2C, 
0x00, 0x8D, 0xD4, 0x0E, 0x00, 0x00, 0x00, 0x00, 0x50, 0xFF, 0x50, 0x00, 
0x07, 0xC2, 0xFF, 0x68, 0x00, 0x00, 0x4F, 0xFF, 0xAF, 0x00, 0x00, 0x00, 
0x00, 0x50, 0xFF, 0x50, 0x0E, 0xB9, 0xFF, 0xDB, 0x7E, 0x88, 0x92, 0x9B, 
0xEE, 0xFF, 0x70, 0x00, 0x00, 0x00, 0x50, 0xFF, 0x50, 0x0E, 0xFC, 0xFF, 
0xFF, 0xFF, 0xF7, 0xEA, 0xDD, 0xD3, 0xEC, 0xF8, 0x21, 0x00, 0x00, 0x3A, 
0xBC, 0x3A, 0x00, 0x36, 0x29, 0x16, 0x05, 0x00, 0x00, 0x00, 0x00, 0x3A, 
0x7A, 0x01, 0x00, 0x00, 0x00, 0x00, 0x26, 0x47, 0x00, 0x00, 0x00, 0x00, 
0x00, 0x17, 0x98, 0x16, 0x00, 0x00, 0x00, 0x00, 0x00, 0x00, 0x0F, 0xEE, 
0xF4, 0x29, 0x00, 0x00, 0x00, 0x00, 0xB0, 0xFF, 0x93, 0x00, 0x00, 0x00, 
0x00, 0x00, 0x00, 0x00, 0x62, 0xFF, 0xD2, 0x08, 0x00, 0x00, 0x6D, 0xFF, 
0xD8, 0x0B, 0x00, 0x00, 0x00, 0x00, 0x00, 0x2E, 0x34, 0x34, 0xC8, 0xEA, 
0x49, 0x34, 0x4F, 0xF9, 0xFE, 0x5E, 0x34, 0x34, 0x0F, 0x00, 0x00, 0x00, 
0xE4, 0xFF, 0xFF, 0xFF, 0xFF, 0xFF, 0xFF, 0xFF, 0xFF, 0xFF, 0xFF, 0xFF, 
0xFF, 0x4C, 0x00, 0x00, 0x00, 0x7C, 0x8C, 0x8C, 0x8C, 0x8C, 0xA1, 0xFF, 
0xE1, 0x8C, 0x8C, 0x8C, 0x8C, 0x8C, 0x29, 0x00, 0x00, 0x00, 0x00, 0x00, 
0x00, 0x00, 0x00, 0x30, 0xFF, 0xBC, 0x00, 0x00, 0x00, 0x00, 0x00, 0x00, 
0x00, 0x00, 0x00, 0x00, 0x00, 0x00, 0x00, 0x00, 0x30, 0xFF, 0xBC, 0x00, 
0x00, 0x00, 0x00, 0x00, 0x00, 0x00, 0x00, 0x84, 0xC0, 0xC0, 0xC0, 0xC0, 
0xC0, 0xCC, 0xFF, 0xEF, 0xC0, 0xC0, 0xC0, 0xC0, 0xC0, 0xC0, 0x18, 0x00, 
0xB0, 0xFF, 0xFF, 0xFF, 0xFF, 0xFF, 0xFF, 0xFF, 0xFF, 0xFF, 0xFF, 0xFF, 
0xFF, 0xFF, 0xFF, 0x20, 0x00, 0x02, 0x04, 0x04, 0x04, 0x04, 0x04, 0xAE, 
0xFF, 0xF9, 0x2A, 0x04, 0x04, 0x04, 0x04, 0x04, 0x00, 0x00, 0x00, 0x00, 
0x00, 0x00, 0x00, 0x5A, 0xFF, 0xF9, 0xFF, 0xBF, 0x05, 0x00, 0x00, 0x00, 
0x00, 0x00, 0x00, 0x00, 0x00, 0x00, 0x00, 0x68, 0xFB, 0xFB, 0x40, 0xBA, 
0xFF, 0xB7, 0x0A, 0x00, 0x00, 0x00, 0x00, 0x00, 0x00, 0x00, 0x29, 0xB7, 
0xFF, 0xF9, 0x5A, 0x00, 0x18, 0xD8, 0xFF, 0xDD, 0x53, 0x00, 0x00, 0x00, 
0x00, 0x40, 0xAC, 0xFD, 0xFF, 0xE2, 0x3D, 0x00, 0x00, 0x00, 0x12, 0xBF, 
0xFF, 0xFF, 0xD1, 0x76, 0x1E, 0x0B, 0xEA, 0xFF, 0xF8, 0x8B, 0x0B, 0x00, 
0x00, 0x00, 0x00, 0x00, 0x01, 0x5E, 0xE4, 0xFF, 0xFF, 0x6F, 0x00, 0x67, 
0x87, 0x18, 0x00, 0x00, 0x00, 0x00, 0x00, 0x00, 0x00, 0x00, 0x00, 0x05, 
0x52, 0xA6, 0x09, 0x00, 0x00, 0x00, 0x00, 0x00, 0x06, 0x89, 0x5E, 0x00, 
0x00, 0x00, 0x00, 0x00, 0x00, 0x00, 0x00, 0x00, 0x00, 0x00, 0x0C, 0xFF, 
0xBC, 0x00, 0x00, 0x00, 0x00, 0x00, 0x00, 0x73, 0xE7, 0x4D, 0x00, 0x00, 
0x0C, 0xFF, 0xBC, 0x00, 0x00, 0x00, 0x97, 0xE5, 0x23, 0x7C, 0xFF, 0x58, 
0x00, 0x00, 0x0C, 0xFF, 0xBC, 0x00, 0x00, 0x00, 0xA4, 0xFF, 0x28, 0x7C, 
0xFF, 0x58, 0x00, 0x00, 0x0C, 0xFF, 0xBC, 0x00, 0x00, 0x00, 0xA4, 0xFF, 
0x28, 0x7C, 0xFF, 0x58, 0x00, 0x00, 0x0C, 0xFF, 0xBC, 0x00, 0x00, 0x00, 
0xA4, 0xFF, 0x28, 0x7C, 0xFF, 0x94, 0x5C, 0x5C, 0x63, 0xFF, 0xD4, 0x5C, 
0x5C, 0x5C, 0xC5, 0xFF, 0x28, 0x7C, 0xFF, 0xFF, 0xFF, 0xFF, 0xFF, 0xFF, 
0xFF, 0xFF, 0xFF, 0xFF, 0xFF, 0xFF, 0x28, 0x32, 0x68, 0x68, 0x68, 0x68, 
0x6F, 0xFF, 0xD7, 0x68, 0x68, 0x68, 0x68, 0x68, 0x10, 0x53, 0x3E, 0x00, 
0x00, 0x00, 0x0C, 0xFF, 0xBC, 0x00, 0x00, 0x00, 0x0D, 0x5A, 0x3A, 0xFF, 
0xD4, 0x00, 0x00, 0x00, 0x0C, 0xFF, 0xBC, 0x00, 0x00, 0x00, 0x24, 0xFF, 
0xB4, 0xFF, 0xD4, 0x00, 0x00, 0x00, 0x0C, 0xFF, 0xBC, 0x00, 0x00, 0x00, 
0x24, 0xFF, 0xB4, 0xFF, 0xD4, 0x00, 0x00, 0x00, 0x0C, 0xFF, 0xBC, 0x00, 
0x00, 0x00, 0x24, 0xFF, 0xB4, 0xFF, 0xD4, 0x00, 0x00, 0x00, 0x0C, 0xFF, 
0xBC, 0x00, 0x00, 0x00, 0x24, 0xFF, 0xB4, 0xFF, 0xEC, 0x90, 0x90, 0x90, 
0x95, 0xFF, 0xE2, 0x90, 0x90, 0x90, 0x9F, 0xFF, 0xB4, 0xFF, 0xFF, 0xFF, 
0xFF, 0xFF, 0xFF, 0xFF, 0xFF, 0xFF, 0xFF, 0xFF, 0xFF, 0xFF, 0xB4, 0x1C, 
0x1C, 0x1C, 0x1C, 0x1C, 0x1C, 0x1C, 0x1C, 0x1C, 0x1C, 0x1C, 0x31, 0xB4, 
0x7E, 0x00, 0x00, 0x00, 0x70, 0x5F, 0x00, 0x00, 0x00, 0x00, 0x00, 0x00, 
0x00, 0x00, 0x00, 0x00, 0x00, 0x00, 0x00, 0x00, 0x00, 0xF0, 0xDC, 0x00, 
0x00, 0x34, 0x50, 0x50, 0x50, 0x50, 0x50, 0x50, 0x50, 0x50, 0x1B, 0x00, 
0x00, 0x00, 0xF0, 0xDC, 0x00, 0x00, 0xA8, 0xFF, 0xFF, 0xFF, 0xFF, 0xFF, 
0xFF, 0xFF, 0xFF, 0x50, 0x00, 0x00, 0x00, 0xF0, 0xDC, 0x00, 0x00, 0x5B, 
0x8C, 0xD3, 0xFF, 0xAB, 0x8C, 0x8C, 0xD2, 0xFF, 0x46, 0x00, 0x00, 0x00, 
0xF0, 0xDC, 0x01, 0x19, 0x20, 0x00, 0xA2, 0xFF, 0x42, 0x00, 0x00, 0xA1, 
0xFF, 0x3D, 0x24, 0x7C, 0x9D, 0xFA, 0xFC, 0xF9, 0xFF, 0xAC, 0x00, 0xAB, 
0xFF, 0x3D, 0x00, 0x00, 0xAA, 0xFF, 0x33, 0x4A, 0xFF, 0xFF, 0xFF, 0xFF, 
0xE7, 0xC5, 0x74, 0x00, 0xB8, 0xFF, 0x32, 0x00, 0x00, 0xB3, 0xFF, 0x2A, 
0x1B, 0x6D, 0x4B, 0xF3, 0xDC, 0x00, 0x00, 0x00, 0x00, 0xC6, 0xFF, 0x21, 
0x00, 0x00, 0xBD, 0xFF, 0x21, 0x00, 0x00, 0x00, 0xF0, 0xDC, 0x00, 0x00, 
0x00, 0x00, 0xDC, 0xFF, 0x0B, 0x00, 0x00, 0xC6, 0xFF, 0x18, 0x00, 0x00, 
0x00, 0xF0, 0xDC, 0x00, 0x00, 0x00, 0x02, 0xF8, 0xEB, 0x00, 0x00, 0x00, 
0xCE, 0xFF, 0x10, 0x00, 0x00, 0x00, 0xF0, 0xDC, 0x00, 0x02, 0x1A, 0x2A, 
0xFF, 0xBF, 0x00, 0x00, 0x00, 0xD6, 0xFF, 0x07, 0x00, 0x00, 0x00, 0xF0, 
0xDC, 0x29, 0xC5, 0x92, 0x76, 0xFF, 0x7A, 0x00, 0x00, 0x00, 0xDF, 0xFD, 
0x00, 0x00, 0x00, 0x00, 0xF5, 0xF7, 0xF8, 0xFF, 0xAE, 0xE3, 0xFE, 0x27, 
0x00, 0x00, 0x00, 0xE7, 0xF4, 0x00, 0x00, 0x00, 0x45, 0xFF, 0xFF, 0xF2, 
0x6B, 0x99, 0xFF, 0xAB, 0x00, 0x00, 0x00, 0x0A, 0xFA, 0xE8, 0x00, 0x00, 
0x00, 0x19, 0xED, 0xB4, 0x1C, 0x74, 0xFF, 0xEF, 0x1E, 0x00, 0x54, 0x89, 
0xD0, 0xFF, 0xC9, 0x00, 0x00, 0x00, 0x00, 0x1E, 0x00, 0x69, 0xFF, 0xFD, 
0x4F, 0x00, 0x00, 0x7F, 0xFF, 0xFF, 0xF8, 0x54, 0x00, 0x00, 0x00, 0x00, 
0x00, 0x00, 0x1A, 0xCD, 0x68, 0x00, 0x00, 0x00, 0x1F, 0x67, 0x4B, 0x13, 
0x00, 0x00, 0x00, 0x00, 0x00, 0x00, 0x00, 0x00, 0x04, 0x00, 0x00, 0x00, 
0x00, 0x00, 0x00, 0x00, 0x00, 0x00, 0x00, 0x45, 0xC0, 0xC0, 0xC0, 0xC0, 
0xC0, 0xC0, 0x51, 0x2B, 0x74, 0x74, 0x74, 0x74, 0x74, 0x65, 0x5C, 0xFF, 
0xDF, 0xD4, 0xD4, 0xDD, 0xFF, 0x6C, 0x60, 0xFF, 0xFF, 0xFF, 0xFF, 0xFF, 
0xE0, 0x5C, 0xFF, 0x44, 0x00, 0x00, 0x38, 0xFF, 0x6C, 0x60, 0xFF, 0x9C, 
0x6C, 0x6C, 0xE6, 0xE0, 0x5C, 0xFF, 0x78, 0x48, 0x48, 0x70, 0xFF, 0x6C, 
0x60, 0xFF, 0x54, 0x00, 0x00, 0xD4, 0xE0, 0x5C, 0xFF, 0xFF, 0xFF, 0xFF, 
0xFF, 0xFF, 0x6C, 0x60, 0xFF, 0x54, 0x00, 0x00, 0xD4, 0xE0, 0x5C, 0xFF, 
0x73, 0x40, 0x40, 0x6A, 0xFF, 0x6C, 0x60, 0xFF, 0x54, 0x00, 0x00, 0xD4, 
0xE0, 0x5C, 0xFF, 0x44, 0x00, 0x00, 0x38, 0xFF, 0x6C, 0x60, 0xFF, 0x54, 
0x00, 0x00, 0xD4, 0xE0, 0x5C, 0xFF, 0xE8, 0xE0, 0xE0, 0xE7, 0xFF, 0x6C, 
0x60, 0xFF, 0x54, 0x00, 0x00, 0xD4, 0xE0, 0x5C, 0xFF, 0xC8, 0xB4, 0xB4, 
0xB4, 0xB4, 0x4B, 0x60, 0xFF, 0x54, 0x00, 0x00, 0xD4, 0xE0, 0x5C, 0xFF, 
0x44, 0x00, 0x58, 0xC8, 0x0D, 0x00, 0x60, 0xFF, 0x54, 0x00, 0x00, 0xD4, 
0xE0, 0x5C, 0xFF, 0x44, 0x00, 0x53, 0xFF, 0x9B, 0x00, 0x60, 0xFF, 0x54, 
0x00, 0x00, 0xD8, 0xE0, 0x5C, 0xFF, 0x44, 0x09, 0x65, 0xF5, 0xFF, 0x44, 
0x60, 0xFF, 0x54, 0x4F, 0xAF, 0xFE, 0xD8, 0x63, 0xFF, 0xB1, 0xEC, 0xFF, 
0xFA, 0xF6, 0xDD, 0x69, 0xFF, 0x54, 0x59, 0xFF, 0xFF, 0x8C, 0xBF, 0xFF, 
0xFF, 0xE7, 0x80, 0x19, 0x6D, 0xDC, 0x7C, 0xFF, 0x54, 0x0D, 0x4D, 0x28, 
0x00, 0x6E, 0xD1, 0x5B, 0x05, 0x00, 0x00, 0x05, 0x14, 0x60, 0xFF, 0x54, 
0x00, 0x00, 0x00, 0x00, 0x02, 0x00, 0x00, 0x00, 0x00, 0x00, 0x00, 0x00, 
0x40, 0xAC, 0x38, 0x00, 0x00, 0x00, 0x00, 0x00, 0x00, 0x0F, 0x78, 0x78, 
0x78, 0x78, 0x78, 0x78, 0x78, 0x78, 0x78, 0x78, 0x78, 0x78, 0x78, 0x49, 
0x00, 0x00, 0x20, 0xFF, 0xFF, 0xFF, 0xFF, 0xFF, 0xFF, 0xFF, 0xFF, 0xFF, 
0xFF, 0xFF, 0xFF, 0xFF, 0x9C, 0x00, 0x00, 0x20, 0xFF, 0xDF, 0x6C, 0x6C, 
0x6C, 0x6C, 0x6C, 0x6C, 0x6C, 0x6C, 0x6C, 0x6C, 0x6C, 0x41, 0x00, 0x00, 
0x20, 0xFF, 0xC8, 0x00, 0x00, 0x00, 0x00, 0x00, 0x00, 0x00, 0x00, 0x00, 
0x00, 0x00, 0x00, 0x00, 0x00, 0x20, 0xFF, 0xC8, 0x00, 0x00, 0x00, 0x00, 
0x00, 0x00, 0x00, 0x00, 0x00, 0x00, 0x00, 0x00, 0x00, 0x00, 0x21, 0xFF, 
0xC6, 0x00, 0x00, 0x00, 0x00, 0x00, 0x00, 0x00, 0x00, 0x00, 0x00, 0x00, 
0x00, 0x00, 0x00, 0x24, 0xFF, 0xC1, 0x00, 0x00, 0x00, 0x00, 0x00, 0x00, 
0x00, 0x00, 0x00, 0x00, 0x00, 0x00, 0x00, 0x00, 0x2B, 0xFF, 0xBA, 0x00, 
0x00, 0x00, 0x00, 0x00, 0x00, 0x00, 0x00, 0x00, 0x00, 0x00, 0x00, 0x00, 
0x00, 0x3A, 0xFF, 0xAB, 0x00, 0x00, 0x00, 0x00, 0x00, 0x00, 0x00, 0x00, 
0x00, 0x00, 0x00, 0x00, 0x00, 0x00, 0x54, 0xFF, 0x93, 0x00, 0x00, 0x00, 
0x00, 0x00, 0x00, 0x00, 0x00, 0x00, 0x00, 0x00, 0x00, 0x00, 0x00, 0x81, 
0xFF, 0x6F, 0x00, 0x00, 0x00, 0x00, 0x00, 0x00, 0x00, 0x00, 0x00, 0x00, 
0x00, 0x00, 0x00, 0x00, 0xC1, 0xFF, 0x3E, 0x00, 0x00, 0x00, 0x00, 0x00, 
0x00, 0x00, 0x00, 0x00, 0x00, 0x00, 0x00, 0x00, 0x20, 0xFD, 0xF1, 0x05, 
0x00, 0x00, 0x00, 0x00, 0x00, 0x00, 0x00, 0x00, 0x00, 0x00, 0x00, 0x00, 
0x00, 0x97, 0xFF, 0x99, 0x00, 0x00, 0x00, 0x00, 0x00, 0x00, 0x00, 0x00, 
0x00, 0x00, 0x00, 0x00, 0x00, 0x26, 0xFB, 0xFC, 0x28, 0x00, 0x00, 0x00, 
0x00, 0x00, 0x00, 0x00, 0x00, 0x00, 0x00, 0x00, 0x00, 0x00, 0x23, 0xA5, 
0x99, 0x00, 0x00, 0x00, 0x00, 0x00, 0x00, 0x00, 0x00, 0x00, 0x00, 0x00, 
0x00, 0x00, 0x00, 0x00, 0x78, 0xD0, 0xD0, 0xD0, 0xD0, 0xD0, 0xD0, 0xD0, 
0x4E, 0x00, 0x00, 0x00, 0x00, 0x00, 0x00, 0x00, 0x00, 0x83, 0xF5, 0xFF, 
0xE4, 0xE4, 0xED, 0xFF, 0xEB, 0xFD, 0xFC, 0xFC, 0xFC, 0xFC, 0xFC, 0xE4, 
0x00, 0x00, 0x00, 0x9C, 0xFF, 0x00, 0x00, 0x58, 0xFF, 0x44, 0xD8, 0xFF, 
0xD7, 0xC8, 0xC8, 0xF3, 0xE6, 0x00, 0x00, 0x00, 0x9C, 0xFF, 0x00, 0x00, 
0x58, 0xFF, 0x44, 0x37, 0xFF, 0x5C, 0x00, 0x00, 0xE4, 0xC7, 0x00, 0x00, 
0x00, 0x9C, 0xFF, 0xFC, 0xFC, 0xFD, 0xFF, 0x44, 0x14, 0xFF, 0x81, 0x00, 
0x12, 0xFF, 0x99, 0x00, 0x00, 0x00, 0x9C, 0xFF, 0x9C, 0x9C, 0xBE, 0xFF, 
0x44, 0x00, 0xEA, 0xB3, 0x00, 0x49, 0xFF, 0x65, 0x00, 0x00, 0x00, 0x9C, 
0xFF, 0x00, 0x00, 0x58, 0xFF, 0x44, 0x00, 0xB5, 0xED, 0x02, 0x8E, 0xFF, 
0x27, 0x00, 0x00, 0x00, 0x9C, 0xFF, 0x50, 0x50, 0x8C, 0xFF, 0x44, 0x00, 
0x76, 0xFF, 0x3C, 0xE3, 0xDF, 0x00, 0x00, 0x00, 0x00, 0x9C, 0xFF, 0xFF, 
0xFF, 0xFF, 0xFF, 0x44, 0x00, 0x24, 0xFF, 0xD0, 0xFF, 0x88, 0x00, 0x00, 
0x00, 0x00, 0x9C, 0xFF, 0x48, 0x48, 0x87, 0xFF, 0x44, 0x00, 0x00, 0xBF, 
0xFF, 0xFB, 0x21, 0x00, 0x00, 0x00, 0x00, 0x9C, 0xFF, 0x00, 0x00, 0x58, 
0xFF, 0x69, 0x32, 0x00, 0x6D, 0xFF, 0xCF, 0x00, 0x00, 0x00, 0x00, 0x01, 
0xA3, 0xFF, 0x77, 0xA5, 0xDC, 0xFF, 0xFF, 0xA1, 0x1B, 0xE7, 0xFF, 0xFF, 
0x73, 0x00, 0x00, 0x1E, 0xF5, 0xFF, 0xFF, 0xFF, 0xFE, 0xED, 0xFF, 0x9F, 
0x51, 0xD1, 0xFF, 0x69, 0xDD, 0xFE, 0x61, 0x00, 0x14, 0xCB, 0x9A, 0x6A, 
0x3A, 0x0C, 0x58, 0xFF, 0x5F, 0xD1, 0xFF, 0x84, 0x00, 0x29, 0xEE, 0xFE, 
0x75, 0x00, 0x00, 0x00, 0x00, 0x00, 0x00, 0x58, 0xFF, 0xA0, 0xFF, 0x8F, 
0x00, 0x00, 0x00, 0x2F, 0xE9, 0xB4, 0x00, 0x00, 0x00, 0x00, 0x00, 0x00, 
0x44, 0xC8, 0x35, 0x46, 0x00, 0x00, 0x00, 0x00, 0x00, 0x27, 0x14, 0x00, 
0x00, 0x00, 0x00, 0x00, 0x00, 0x00, 0x1A, 0x95, 0x56, 0x00, 0x00, 0x00, 
0x00, 0x00, 0x00, 0x00, 0x00, 0x03, 0x04, 0x04, 0x04, 0x04, 0x04, 0x2F, 
0xFF, 0x9D, 0x04, 0x04, 0x04, 0x04, 0x04, 0x04, 0x02, 0x00, 0xF4, 0xFF, 
0xFF, 0xFF, 0xFF, 0xFF, 0xFF, 0xFF, 0xFF, 0xFF, 0xFF, 0xFF, 0xFF, 0xFF, 
0xFF, 0x90, 0x00, 0x7A, 0x80, 0x80, 0x80, 0x80, 0x80, 0x96, 0xFF, 0xCE, 
0x80, 0x80, 0x80, 0x80, 0x80, 0x80, 0x48, 0x00, 0x00, 0x05, 0x0C, 0x0C, 
0x0C, 0x0C, 0x35, 0xFF, 0xA0, 0x0C, 0x0C, 0x0C, 0x0C, 0x0C, 0x01, 0x00, 
0x00, 0x00, 0x7C, 0xFF, 0xFF, 0xFF, 0xFF, 0xFF, 0xFF, 0xFF, 0xFF, 0xFF, 
0xFF, 0xFF, 0xFF, 0x20, 0x00, 0x00, 0x00, 0x38, 0x74, 0x74, 0x74, 0x74, 
0x74, 0x74, 0x74, 0x74, 0x74, 0x74, 0x74, 0x74, 0x0E, 0x00, 0x00, 0x00, 
0x15, 0x74, 0x74, 0x74, 0x74, 0x74, 0x74, 0x74, 0x74, 0x74, 0x74, 0x74, 
0x6C, 0x00, 0x00, 0x00, 0x00, 0x30, 0xFF, 0xFF, 0xFF, 0xFF, 0xFF, 0xFF, 
0xFF, 0xFF, 0xFF, 0xFF, 0xFF, 0xF0, 0x00, 0x00, 0x00, 0x00, 0x30, 0xFF, 
0xA0, 0x14, 0x14, 0x2D, 0xFF, 0xA7, 0x14, 0x14, 0x14, 0xE2, 0xF0, 0x00, 
0x00, 0x00, 0x00, 0x30, 0xFF, 0x98, 0x00, 0x00, 0x1C, 0xFF, 0xA0, 0x00, 
0x00, 0x00, 0xE0, 0xF0, 0x00, 0x00, 0x00, 0x00, 0x36, 0xFF, 0xDC, 0xA8, 
0xA8, 0xB1, 0xFF, 0xDF, 0xA8, 0xA8, 0xA8, 0xF5, 0xF0, 0x00, 0x00, 0x00, 
0x00, 0x4E, 0xFF, 0xEB, 0xD8, 0xD8, 0xD8, 0xD8, 0xD8, 0xD8, 0xD8, 0xD8, 
0xD8, 0xCA, 0x00, 0x00, 0x00, 0x00, 0x8F, 0xFF, 0x59, 0x00, 0x00, 0x00, 
0x00, 0x00, 0x00, 0x00, 0x00, 0x00, 0x00, 0x00, 0x00, 0x00, 0x1E, 0xF2, 
0xF5, 0x0F, 0x00, 0x00, 0x00, 0x00, 0x00, 0x00, 0x00, 0x00, 0x00, 0x00, 
0x00, 0x00, 0x0A, 0xCA, 0xFF, 0x7F, 0x00, 0x00, 0x00, 0x00, 0x00, 0x00, 
0x00, 0x00, 0x00, 0x00, 0x00, 0x00, 0x00, 0x04, 0x92, 0xC4, 0x05, 0x00, 
0x00, 0x00, 0x00, 0x00, 0x00, 0x00, 0x00, 0x00, 0x00, 0x00, 0x00, 0x00, 
0x00, 0x00, 0x07, 0x00, 0x00, 0x00, 0x00, 0x00, 0x00, 0x00, 0x00, 0x00, 
0x00, 0x00, 0x00, 0x00, 0x00, 0x00, 0x00, 0x00, 0x00, 0x6C, 0x40, 0x00, 
0x00, 0x00, 0x00, 0x00, 0x00, 0x00, 0x00, 0x00, 0x00, 0x00, 0x00, 0x00, 
0x00, 0x2D, 0xFC, 0xF2, 0x3F, 0x38, 0x38, 0x38, 0x38, 0x38, 0x38, 0x38, 
0x38, 0x38, 0x0C, 0x00, 0x00, 0x08, 0xD3, 0xFF, 0xFF, 0xFF, 0xFF, 0xFF, 
0xFF, 0xFF, 0xFF, 0xFF, 0xFF, 0xFF, 0xFF, 0x38, 0x00, 0x01, 0xA8, 0xFF, 
0xA7, 0x48, 0x48, 0x48, 0x48, 0x48, 0x48, 0x48, 0x48, 0x48, 0x48, 0x48, 
0x0F, 0x01, 0x93, 0xFF, 0xFF, 0xC9, 0xC0, 0xC0, 0xC0, 0xC0, 0xC0, 0xC0, 
0xC0, 0xC0, 0xC0, 0x8D, 0x00, 0x00, 0x36, 0xFE, 0xDB, 0xF4, 0xEF, 0x8C, 
0x8C, 0x8C, 0x8C, 0x8C, 0x8C, 0x8C, 0x95, 0xFF, 0xBC, 0x00, 0x00, 0x00, 
0x70, 0x1D, 0xEC, 0xEC, 0x74, 0x74, 0x74, 0x74, 0x74, 0x74, 0x74, 0x7E, 
0xFF, 0xBC, 0x00, 0x00, 0x00, 0x00, 0x00, 0xEC, 0xF5, 0xB4, 0xB4, 0xB4, 
0xB4, 0xB4, 0xB4, 0xB4, 0xB9, 0xFF, 0xBC, 0x00, 0x00, 0x00, 0x00, 0x00, 
0xEC, 0xE7, 0x50, 0x50, 0x50, 0x50, 0x50, 0x50, 0x50, 0x5D, 0xFF, 0xBC, 
0x00, 0x00, 0x00, 0x00, 0x00, 0xDD, 0xF0, 0xFE, 0xF2, 0xF0, 0xF0, 0xF0, 
0xF0, 0xF0, 0xF0, 0xF0, 0xB0, 0x00, 0x00, 0x00, 0x00, 0x00, 0x00, 0x61, 
0xFF, 0xC3, 0x24, 0x24, 0x24, 0x24, 0x24, 0x24, 0x24, 0x24, 0x05, 0x00, 
0x00, 0x00, 0x00, 0x73, 0xFE, 0xFF, 0xFF, 0xFF, 0xFF, 0xFF, 0xFF, 0xFF, 
0xFF, 0xFF, 0xFF, 0x24, 0x00, 0x00, 0x19, 0xB0, 0xFF, 0xF6, 0xFF, 0xB1, 
0x37, 0x28, 0x28, 0x29, 0x79, 0xEE, 0xFF, 0xB5, 0x0B, 0x00, 0x04, 0xE2, 
0xFF, 0xA8, 0x10, 0x6C, 0xEE, 0xF0, 0x91, 0x73, 0xD8, 0xFF, 0xE2, 0x5D, 
0x00, 0x00, 0x00, 0x00, 0x5E, 0x50, 0x00, 0x0D, 0x47, 0x95, 0xFE, 0xFF, 
0xFF, 0xFF, 0xEE, 0x71, 0x38, 0x11, 0x00, 0x00, 0x00, 0x63, 0xB3, 0xDB, 
0xFD, 0xFF, 0xFF, 0xD6, 0x8C, 0x5E, 0xA7, 0xEE, 0xFF, 0xFF, 0xFF, 0xF1, 
0x67, 0x00, 0x73, 0xEC, 0xBE, 0x8B, 0x54, 0x18, 0x00, 0x00, 0x00, 0x00, 
0x02, 0x32, 0x6C, 0xA0, 0xCD, 0x45, 0x00, 0x02, 0x00, 0x00, 0x00, 0x00, 
0x00, 0x00, 0x00, 0x00, 0x00, 0x00, 0x00, 0x00, 0x00, 0x00, 0x00, 0x00, 
0x00, 0x14, 0x6C, 0x31, 0x00, 0x00, 0x00, 0x00, 0x00, 0x55, 0x5F, 0x09, 
0x00, 0x00, 0x00, 0x00, 0x00, 0x00, 0x3C, 0xFF, 0x73, 0x00, 0x00, 0x00, 
0x00, 0x05, 0xE1, 0xF7, 0x16, 0x00, 0x00, 0x00, 0x00, 0x00, 0x00, 0x52, 
0xFF, 0x5C, 0x00, 0x00, 0x00, 0x00, 0x68, 0xFF, 0x94, 0x05, 0x71, 0x15, 
0x00, 0x00, 0x03, 0x64, 0xA3, 0xFF, 0x91, 0x64, 0x64, 0x0E, 0x0B, 0xE5, 
0xF4, 0x18, 0x43, 0xFF, 0x9F, 0x00, 0x00, 0x08, 0xFF, 0xFF, 0xFF, 0xFF, 
0xFF, 0xFF, 0x24, 0x84, 0xFF, 0x76, 0x00, 0x00, 0xA8, 0xFE, 0x39, 0x00, 
0x02, 0x54, 0xCE, 0xFC, 0x55, 0xB5, 0xFF, 0x5C, 0xFA, 0xDC, 0x34, 0x3C, 
0x48, 0x71, 0xFF, 0xCB, 0x01, 0x00, 0x00, 0xD8, 0xDA, 0x00, 0xA9, 0xFE, 
0xDE, 0xFF, 0xFF, 0xFF, 0xFF, 0xFF, 0xFF, 0xFF, 0xFF, 0x63, 0x00, 0x05, 
0xFB, 0xAF, 0x00, 0xC7, 0xE6, 0x7B, 0xAD, 0x9E, 0x90, 0x81, 0x72, 0x66, 
0x59, 0xEA, 0x87, 0x00, 0x2E, 0xFF, 0x7E, 0x00, 0xF0, 0xBE, 0x00, 0x00, 
0x00, 0x00, 0x00, 0x00, 0x00, 0x00, 0x24, 0x00, 0x00, 0x65, 0xFF, 0x47, 
0x29, 0xFF, 0x8A, 0x11, 0xBC, 0xBC, 0xBC, 0xBC, 0xBC, 0xBC, 0xBC, 0x8A, 
0x00, 0x00, 0x9B, 0xFF, 0x7B, 0x74, 0xFF, 0x3C, 0x18, 0xFF, 0xF5, 0xE4, 
0xE4, 0xE4, 0xE5, 0xFF, 0xBC, 0x00, 0x00, 0x2D, 0xE0, 0xFF, 0xF7, 0xE3, 
0x01, 0x18, 0xFF, 0xA4, 0x00, 0x00, 0x00, 0x0C, 0xFF, 0xBC, 0x00, 0x00, 
0x00, 0x18, 0xD7, 0xFF, 0xD1, 0x0D, 0x18, 0xFF, 0xA4, 0x00, 0x00, 0x00, 
0x0C, 0xFF, 0xBC, 0x00, 0x00, 0x00, 0x2A, 0xF4, 0xFF, 0xFF, 0xCB, 0x2B, 
0xFF, 0xA4, 0x00, 0x00, 0x00, 0x0C, 0xFF, 0xBC, 0x00, 0x00, 0x18, 0xDB, 
0xFC, 0x4B, 0xB0, 0xFF, 0x7B, 0xFF, 0xDA, 0x98, 0x98, 0x98, 0x9C, 0xFF, 
0xBC, 0x00, 0x10, 0xD5, 0xFF, 0x70, 0x00, 0x04, 0x7E, 0x1A, 0xFF, 0xFE, 
0xFC, 0xFC, 0xFC, 0xFC, 0xFF, 0xBC, 0x00, 0x02, 0xA4, 0x82, 0x00, 0x00, 
0x00, 0x00, 0x12, 0xC4, 0x7D, 0x00, 0x00, 0x00, 0x09, 0xC8, 0x92, 0x00, 
0x00, 0x02, 0x00, 0x00, 0x00, 0x00, 0x00, 0x00, 0x00, 0x00, 0x00, 0x00, 
0x00, 0x00, 0x00, 0x00, 0x00, 0x00, 0x00, 0x00, 0x00, 0x37, 0x32, 0x00, 
0x00, 0x00, 0x02, 0x88, 0x3D, 0x00, 0x00, 0x00, 0x00, 0x00, 0x00, 0x00, 
0x00, 0x00, 0xD4, 0xE4, 0x00, 0x00, 0x00, 0x86, 0xFF, 0x9E, 0x00, 0x00, 
0x00, 0x00, 0x00, 0x00, 0x09, 0x22, 0x00, 0xD4, 0xE4, 0x00, 0x00, 0x75, 
0xFF, 0xFF, 0xDC, 0xD4, 0xD4, 0xD4, 0xD4, 0x48, 0x02, 0xE3, 0xBE, 0x00, 
0xD4, 0xE4, 0x02, 0x89, 0xFF, 0xD8, 0x98, 0x98, 0x98, 0x98, 0xEA, 0xFF, 
0x55, 0x00, 0xA4, 0xFE, 0x1E, 0xD4, 0xE5, 0xB8, 0xFF, 0xFF, 0xDF, 0x3B, 
0x00, 0x03, 0x98, 0xFF, 0xB7, 0x05, 0x00, 0x49, 0xFF, 0x75, 0xD4, 0xE4, 
0x73, 0x8B, 0x5E, 0xF4, 0xEB, 0x2F, 0xC0, 0xFF, 0xB8, 0x0A, 0x00, 0x00, 
0x05, 0xF1, 0xC9, 0xD4, 0xE4, 0x00, 0x00, 0x00, 0x53, 0xDB, 0xF9, 0xFC, 
0x7D, 0x02, 0x00, 0x00, 0x00, 0x00, 0xA8, 0xD0, 0xDB, 0xE4, 0x0E, 0x5E, 
0xB8, 0xFE, 0xFF, 0xB5, 0x2D, 0x9A, 0x96, 0x00, 0x00, 0x00, 0x00, 0x12, 
0x0B, 0xE2, 0xE4, 0x3D, 0xFF, 0xF3, 0x9B, 0x2F, 0x00, 0x00, 0xDC, 0xE0, 
0x00, 0x00, 0x00, 0x00, 0x26, 0xD3, 0xFF, 0xE4, 0x73, 0xEA, 0xAE, 0xA4, 
0xA4, 0xA4, 0xA4, 0xF3, 0xF4, 0xA4, 0x8A, 0x00, 0x53, 0xF1, 0xFD, 0xF7, 
0xE4, 0xAE, 0xF8, 0xFD, 0xF8, 0xF8, 0xF8, 0xF8, 0xFE, 0xFF, 0xF8, 0xD1, 
0x4A, 0xFF, 0xF3, 0x4E, 0xD4, 0xE4, 0x00, 0x4E, 0xFB, 0x6F, 0x00, 0x00, 
0x00, 0xDC, 0xE0, 0x00, 0x00, 0x0A, 0xC8, 0x2E, 0x00, 0xD4, 0xE4, 0x00, 
0x1A, 0xDB, 0xFF, 0x6D, 0x00, 0x00, 0xDC, 0xE0, 0x00, 0x00, 0x00, 0x01, 
0x00, 0x00, 0xD4, 0xE4, 0x00, 0x00, 0x1E, 0xE5, 0xE5, 0x08, 0x00, 0xDC, 
0xE0, 0x00, 0x00, 0x00, 0x00, 0x00, 0x00, 0xD4, 0xE4, 0x00, 0x00, 0x00, 
0x35, 0x35, 0x00, 0x1C, 0xF2, 0xDB, 0x00, 0x00, 0x00, 0x00, 0x00, 0x00, 
0xD4, 0xE4, 0x00, 0x00, 0x00, 0x00, 0x0D, 0xF4, 0xFF, 0xFF, 0xA9, 0x00, 
0x00, 0x00, 0x00, 0x00, 0x00, 0x9B, 0xA7, 0x00, 0x00, 0x00, 0x00, 0x00, 
0x7A, 0x8E, 0x63, 0x0B, 0x00, 0x00, 0x00, 0x00, 0x00, 0x00, 0x00, 0x00, 
0x00, 0x00, 0x25, 0x60, 0x1D, 0x00, 0x00, 0x00, 0x00, 0x00, 0x00, 0x00, 
0x00, 0x00, 0x00, 0x00, 0x00, 0x00, 0x00, 0x6C, 0xFF, 0x81, 0x00, 0x00, 
0x00, 0x00, 0x00, 0x00, 0x00, 0x00, 0xB2, 0xD0, 0xD0, 0xD0, 0xD0, 0xD0, 
0xDB, 0xFF, 0xF2, 0xD0, 0xD0, 0xD0, 0xD0, 0xD0, 0x44, 0x00, 0x00, 0xDC, 
0xF9, 0xC4, 0xC4, 0xC4, 0xC4, 0xC4, 0xC4, 0xC4, 0xC4, 0xC4, 0xC4, 0xC4, 
0xC4, 0x40, 0x00, 0x00, 0xDC, 0xE4, 0x00, 0x00, 0x6C, 0xCA, 0x27, 0x00, 
0x00, 0x03, 0xCE, 0x92, 0x00, 0x00, 0x00, 0x00, 0x00, 0xDC, 0xE4, 0x69, 
0xA0, 0xD1, 0xFF, 0xB3, 0xA0, 0xA0, 0xA1, 0xFF, 0xE6, 0xA0, 0xA0, 0x2A, 
0x00, 0x00, 0xDC, 0xE4, 0x93, 0xE0, 0xF0, 0xFF, 0xE6, 0xE0, 0xE0, 0xE0, 
0xFF, 0xF7, 0xE0, 0xE0, 0x3B, 0x00, 0x00, 0xDC, 0xE4, 0x00, 0x00, 0x84, 
0xFF, 0x47, 0x18, 0x18, 0x1B, 0xFF, 0xBC, 0x00, 0x00, 0x00, 0x00, 0x00, 
0xE0, 0xE1, 0x00, 0x00, 0x84, 0xFF, 0xFF, 0xFF, 0xFF, 0xFF, 0xFF, 0xBC, 
0x00, 0x00, 0x00, 0x00, 0x00, 0xE4, 0xDC, 0x00, 0x00, 0x2D, 0x58, 0x58, 
0x58, 0x58, 0x58, 0x58, 0x40, 0x00, 0x00, 0x00, 0x00, 0x00, 0xF3, 0xD0, 
0x22, 0xC8, 0xC8, 0xC8, 0xC8, 0xC8, 0xC8, 0xC8, 0xC8, 0xC8, 0xBE, 0x00, 
0x00, 0x00, 0x0E, 0xFF, 0xBB, 0x1A, 0xB6, 0xFF, 0xEF, 0x9C, 0x9C, 0x9C, 
0x9C, 0xDC, 0xFF, 0xE2, 0x00, 0x00, 0x00, 0x42, 0xFF, 0x96, 0x00, 0x00, 
0x92, 0xFF, 0xA2, 0x0D, 0x08, 0x83, 0xFE, 0xE6, 0x29, 0x00, 0x00, 0x00, 
0x79, 0xFF, 0x5F, 0x00, 0x00, 0x00, 0x73, 0xFC, 0xE4, 0xDF, 0xFF, 0xB7, 
0x19, 0x00, 0x00, 0x00, 0x01, 0xD6, 0xFA, 0x15, 0x04, 0x30, 0x6C, 0xB1, 
0xF8, 0xFF, 0xFF, 0xFE, 0xB1, 0x72, 0x41, 0x18, 0x00, 0x51, 0xFF, 0xA6, 
0x8C, 0xF7, 0xFF, 0xFF, 0xF1, 0xA5, 0x47, 0x48, 0xAD, 0xF5, 0xFF, 0xFF, 
0xFF, 0xAD, 0x20, 0xAA, 0x2A, 0x45, 0xC4, 0x86, 0x42, 0x06, 0x00, 0x00, 
0x00, 0x00, 0x08, 0x3F, 0x78, 0xAA, 0x57, 0x00, 0x1B, 0x68, 0x68, 0x68, 
0x68, 0x68, 0x68, 0x68, 0x68, 0x68, 0x68, 0x68, 0x68, 0x68, 0x56, 0x00, 
0x00, 0x44, 0xFF, 0xFF, 0xFF, 0xFF, 0xFF, 0xFF, 0xFF, 0xFF, 0xFF, 0xFF, 
0xFF, 0xFF, 0xFF, 0xD4, 0x00, 0x00, 0x18, 0x5C, 0x5C, 0x6D, 0xFF, 0xD4, 
0x5C, 0x5C, 0x5C, 0x5C, 0xEE, 0xF3, 0x5C, 0x5C, 0x4C, 0x00, 0x00, 0x00, 
0x00, 0x00, 0x1C, 0xFF, 0xBC, 0x00, 0x00, 0x00, 0x00, 0xE4, 0xEC, 0x00, 
0x00, 0x00, 0x00, 0x00, 0x00, 0x00, 0x00, 0x1C, 0xFF, 0xBC, 0x00, 0x00, 
0x00, 0x00, 0xE4, 0xEC, 0x00, 0x00, 0x00, 0x00, 0x00, 0x00, 0x00, 0x00, 
0x1C, 0xFF, 0xBC, 0x00, 0x00, 0x00, 0x00, 0xE4, 0xEC, 0x00, 0x00, 0x00, 
0x00, 0x04, 0x18, 0x18, 0x18, 0x31, 0xFF, 0xC2, 0x18, 0x18, 0x18, 0x18, 
0xE6, 0xED, 0x18, 0x18, 0x18, 0x12, 0x30, 0xFF, 0xFF, 0xFF, 0xFF, 0xFF, 
0xFF, 0xFF, 0xFF, 0xFF, 0xFF, 0xFF, 0xFF, 0xFF, 0xFF, 0xFF, 0xC4, 0x20, 
0xAC, 0xAC, 0xAC, 0xBB, 0xFF, 0xE2, 0xAC, 0xAC, 0xAC, 0xAC, 0xF6, 0xF9, 
0xAC, 0xAC, 0xAC, 0x83, 0x00, 0x00, 0x00, 0x00, 0x45, 0xFF, 0x91, 0x00, 
0x00, 0x00, 0x00, 0xE4, 0xEC, 0x00, 0x00, 0x00, 0x00, 0x00, 0x00, 0x00, 
0x00, 0x7E, 0xFF, 0x68, 0x00, 0x00, 0x00, 0x00, 0xE4, 0xEC, 0x00, 0x00, 
0x00, 0x00, 0x00, 0x00, 0x00, 0x04, 0xDD, 0xFF, 0x24, 0x00, 0x00, 0x00, 
0x00, 0xE4, 0xEC, 0x00, 0x00, 0x00, 0x00, 0x00, 0x00, 0x00, 0x84, 0xFF, 
0xB6, 0x00, 0x00, 0x00, 0x00, 0x00, 0xE4, 0xEC, 0x00, 0x00, 0x00, 0x00, 
0x00, 0x00, 0x6F, 0xFF, 0xF0, 0x22, 0x00, 0x00, 0x00, 0x00, 0x00, 0xE4, 
0xEC, 0x00, 0x00, 0x00, 0x00, 0x00, 0x58, 0xFF, 0xF6, 0x40, 0x00, 0x00, 
0x00, 0x00, 0x00, 0x00, 0xE4, 0xEC, 0x00, 0x00, 0x00, 0x00, 0x00, 0x05, 
0xA2, 0x3F, 0x00, 0x00, 0x00, 0x00, 0x00, 0x00, 0x00, 0xB2, 0xB8, 0x00, 
0x00, 0x00, 0x00, 0x00, 0x00, 0x00, 0x68, 0x44, 0x00, 0x00, 0x12, 0x75, 
0x3D, 0x00, 0x00, 0x00, 0x00, 0x00, 0x00, 0x00, 0x00, 0x00, 0x00, 0xF4, 
0xB0, 0x00, 0x00, 0x29, 0xFF, 0x85, 0x00, 0x00, 0x00, 0x00, 0x00, 0x00, 
0x00, 0x00, 0x00, 0x00, 0xF4, 0xB0, 0x00, 0x6B, 0x9F, 0xFF, 0xC3, 0x8C, 
0x8C, 0x8C, 0x8C, 0x8C, 0x8C, 0x3D, 0x00, 0x4F, 0x6F, 0xF4, 0xC5, 0x37, 
0xC4, 0xFF, 0xFF, 0xFF, 0xFF, 0xFF, 0xFF, 0xFF, 0xFF, 0xFF, 0x70, 0x00, 
0xA3, 0xBA, 0xF4, 0xFF, 0xE6, 0x25, 0x63, 0xFF, 0x65, 0x18, 0x3D, 0x34, 
0x18, 0x18, 0x18, 0x0A, 0x00, 0xC6, 0x99, 0xF4, 0xC8, 0xEE, 0xAB, 0x73, 
0xFF, 0x3D, 0x00, 0xCC, 0xB8, 0x00, 0x00, 0x00, 0x00, 0x00, 0xEA, 0x78, 
0xF4, 0xB0, 0x60, 0x6E, 0x94, 0xFF, 0x4B, 0x00, 0xCC, 0xB8, 0x00, 0x3C, 
0x93, 0x0D, 0x17, 0xFF, 0x53, 0xF4, 0xB0, 0x00, 0x00, 0xC6, 0xFF, 0xE7, 
0x08, 0xCF, 0xB7, 0x00, 0xB2, 0xE0, 0x03, 0x45, 0xFF, 0x28, 0xF4, 0xB0, 
0x00, 0x0B, 0xFA, 0xDC, 0xFF, 0x65, 0xE3, 0xBC, 0x31, 0xFE, 0x74, 0x00, 
0x5D, 0xEB, 0x03, 0xF4, 0xB0, 0x00, 0x4D, 0xFF, 0x72, 0xC3, 0xD5, 0xF8, 
0xEA, 0xB9, 0xE8, 0x0C, 0x00, 0x00, 0x00, 0x00, 0xF4, 0xB0, 0x00, 0xB1, 
0xFE, 0x21, 0x59, 0xC2, 0xFF, 0xFF, 0xB3, 0x66, 0x00, 0x00, 0x00, 0x00, 
0x00, 0xF4, 0xB0, 0x1F, 0xFC, 0xBB, 0x00, 0x00, 0x8D, 0xFF, 0xF8, 0xA0, 
0x00, 0x00, 0x00, 0x00, 0x00, 0x00, 0xF4, 0xB0, 0xA4, 0xFF, 0x45, 0x00, 
0x26, 0xF6, 0xB8, 0x8F, 0xFD, 0x38, 0x00, 0x00, 0x00, 0x00, 0x00, 0xF4, 
0xDE, 0xFE, 0xC5, 0x00, 0x16, 0xD3, 0xF9, 0x30, 0x16, 0xEC, 0xE2, 0x20, 
0x00, 0x00, 0x00, 0x00, 0xF4, 0xDB, 0xE7, 0x34, 0x2E, 0xD8, 0xFF, 0x66, 
0x00, 0x00, 0x4F, 0xFD, 0xE2, 0x36, 0x00, 0x00, 0x00, 0xF4, 0xB0, 0x09, 
0x1C, 0xF7, 0xFC, 0x6A, 0x00, 0x00, 0x00, 0x00, 0x65, 0xFD, 0xCB, 0x00, 
0x00, 0x00, 0xAB, 0x7B, 0x00, 0x00, 0x7B, 0x43, 0x00, 0x00, 0x00, 0x00, 
0x00, 0x00, 0x48, 0x30, 0x00, 0x00, 0x00, 0x41, 0x3B, 0x00, 0x00, 0x00, 
0x00, 0x00, 0x4A, 0x74, 0x03, 0x00, 0x00, 0x00, 0x00, 0x00, 0x00, 0x00, 
0xD4, 0xDC, 0x00, 0x00, 0x00, 0x00, 0x00, 0xB1, 0xFF, 0x40, 0x00, 0x00, 
0x00, 0x00, 0x00, 0x00, 0x00, 0xD4, 0xDC, 0x00, 0x39, 0x94, 0x94, 0x94, 
0xC8, 0xFF, 0xC7, 0x94, 0x94, 0x94, 0x10, 0x00, 0x49, 0x5C, 0xE3, 0xE8, 
0x5C, 0x80, 0xFF, 0xFF, 0xFF, 0xFF, 0xFF, 0xFF, 0xFF, 0xFF, 0xFF, 0x1C, 
0x00, 0xCC, 0xFF, 0xFF, 0xFF, 0xFF, 0xB4, 0xFF, 0x57, 0x4C, 0x2C, 0x10, 
0x10, 0x10, 0x9E, 0xFF, 0x1C, 0x00, 0x49, 0x5C, 0xE3, 0xE8, 0x5C, 0x7F, 
0xFC, 0x4C, 0xEA, 0xF3, 0x06, 0x00, 0x00, 0x95, 0xFC, 0x1B, 0x00, 0x00, 
0x00, 0xD4, 0xDC, 0x00, 0x00, 0x00, 0x37, 0xFF, 0xA9, 0x00, 0x00, 0x00, 
0x00, 0x00, 0x00, 0x00, 0x00, 0x00, 0xD4, 0xEA, 0x89, 0x6B, 0xB0, 0xD0, 
0xFF, 0xD4, 0xB0, 0xB0, 0xB0, 0xB0, 0xB0, 0x76, 0x00, 0x09, 0x5F, 0xEE, 
0xFF, 0xFE, 0xA6, 0xF8, 0xFF, 0xFE, 0xF8, 0xF8, 0xF8, 0xFF, 0xFE, 0xF8, 
0xA6, 0x3E, 0xF1, 0xFF, 0xFF, 0xEE, 0x43, 0x00, 0x3A, 0xFF, 0x9E, 0x00, 
0x00, 0x3D, 0xFF, 0xA8, 0x00, 0x00, 0x22, 0xEA, 0x89, 0xE1, 0xDC, 0x00, 
0x00, 0x9F, 0xFF, 0x3A, 0x00, 0x00, 0x9D, 0xFF, 0x5D, 0x00, 0x00, 0x00, 
0x04, 0x00, 0xD4, 0xDC, 0x00, 0x05, 0xE6, 0xFF, 0xD6, 0x50, 0x37, 0xFC, 
0xE5, 0x0A, 0x00, 0x00, 0x00, 0x00, 0x00, 0xD4, 0xDC, 0x00, 0x00, 0x10, 
0x89, 0xF8, 0xFF, 0xF8, 0xFF, 0x5A, 0x00, 0x00, 0x00, 0x00, 0x00, 0x00, 
0xD4, 0xDC, 0x00, 0x00, 0x00, 0x02, 0x82, 0xFF, 0xFF, 0xFF, 0x9C, 0x14, 
0x00, 0x00, 0x00, 0x00, 0x14, 0xE4, 0xDB, 0x00, 0x15, 0x6F, 0xD9, 0xFF, 
0xFC, 0x95, 0xDD, 0xFF, 0xEE, 0x65, 0x01, 0x00, 0x87, 0xFF, 0xFF, 0xC3, 
0x82, 0xFC, 0xFF, 0xFF, 0xBA, 0x31, 0x00, 0x0A, 0x89, 0xFC, 0xFF, 0x70, 
0x00, 0x30, 0xB2, 0x8E, 0x22, 0x45, 0xF3, 0x9E, 0x32, 0x00, 0x00, 0x00, 
0x00, 0x00, 0x38, 0xB9, 0x0B, 0x00, 0x00, 0x00, 0x00, 0x00, 0x01, 0x0A, 
0x00, 0x00, 0x00, 0x00, 0x00, 0x00, 0x00, 0x00, 0x00, 0x00, 0x00, 0x00, 
0x10, 0x3F, 0x1A, 0x00, 0x00, 0x00, 0x18, 0x64, 0x19, 0x00, 0x00, 0x00, 
0x00, 0x00, 0x00, 0x00, 0x00, 0x3C, 0xFF, 0x7C, 0x00, 0x00, 0x00, 0x92, 
0xFF, 0x5E, 0x00, 0x00, 0x00, 0x00, 0x00, 0x00, 0x00, 0x00, 0x3C, 0xFF, 
0x7C, 0x00, 0x00, 0x1C, 0xF8, 0xFF, 0xFC, 0xFC, 0xFC, 0xFC, 0x95, 0x00, 
0x00, 0x00, 0x36, 0x69, 0xFF, 0x9A, 0x3C, 0x04, 0xB9, 0xFF, 0xB0, 0xA0, 
0xA0, 0xE2, 0xFF, 0x80, 0x00, 0x00, 0x00, 0xE8, 0xFF, 0xFF, 0xFF, 0xFF, 
0x88, 0xFF, 0xAE, 0x00, 0x00, 0x3B, 0xFB, 0xD5, 0x09, 0x00, 0x00, 0x00, 
0x7B, 0xA4, 0xFF, 0xC2, 0xBD, 0xFE, 0xFF, 0x8A, 0x78, 0x78, 0xE4, 0xFF, 
0xA3, 0x78, 0x3D, 0x00, 0x00, 0x00, 0x3C, 0xFF, 0x7C, 0x11, 0xDC, 0xFF, 
0xFF, 0xFF, 0xFF, 0xFF, 0xFF, 0xFF, 0xFF, 0x84, 0x00, 0x00, 0x00, 0x3C, 
0xFF, 0x89, 0x5A, 0x54, 0xFF, 0x7A, 0x30, 0xD9, 0xE6, 0x30, 0x43, 0xFF, 
0x84, 0x00, 0x00, 0x00, 0x5E, 0xFF, 0xFF, 0xFB, 0x59, 0xFF, 0x5C, 0x00, 
0xD0, 0xE0, 0x00, 0x18, 0xFF, 0x84, 0x00, 0x3C, 0xDC, 0xFF, 0xFF, 0xF5, 
0x98, 0x5E, 0xFF, 0x5C, 0x00, 0xD0, 0xE0, 0x00, 0x18, 0xFF, 0x84, 0x00, 
0x3A, 0xFF, 0xE3, 0xFF, 0x7C, 0x99, 0xED, 0xFF, 0xEE, 0xE4, 0xFA, 0xFC, 
0xE4, 0xE6, 0xFF, 0xF2, 0xA0, 0x07, 0x2A, 0x3C, 0xFF, 0x7C, 0x8E, 0xD4, 
0xD4, 0xD4, 0xD8, 0xFF, 0xFF, 0xDA, 0xD4, 0xD4, 0xD4, 0x95, 0x00, 0x00, 
0x3C, 0xFF, 0x7C, 0x00, 0x00, 0x00, 0x00, 0x70, 0xFF, 0xFF, 0x8A, 0x00, 
0x00, 0x00, 0x00, 0x00, 0x00, 0x3C, 0xFF, 0x7C, 0x00, 0x00, 0x00, 0x51, 
0xF8, 0xF5, 0xC2, 0xFE, 0x76, 0x00, 0x00, 0x00, 0x00, 0x00, 0x49, 0xFF, 
0x7C, 0x00, 0x2A, 0xA9, 0xFF, 0xFD, 0x5E, 0x14, 0xDC, 0xFF, 0xBD, 0x34, 
0x00, 0x00, 0x97, 0xF6, 0xFF, 0x75, 0xC6, 0xFF, 0xFF, 0xE5, 0x4B, 0x00, 
0x00, 0x18, 0xC5, 0xFF, 0xFF, 0xAA, 0x00, 0x71, 0xEE, 0xBD, 0x18, 0x97, 
0xE4, 0x7A, 0x0B, 0x00, 0x00, 0x00, 0x00, 0x02, 0x65, 0xDA, 0x72, 0x00, 
0x00, 0x00, 0x00, 0x00, 0x0C, 0x04, 0x00, 0x00, 0x00, 0x00, 0x00, 0x00, 
0x00, 0x00, 0x01, 0x06, 0x00, 0x00, 0x03, 0x00, 0x00, 0x00, 0x01, 0x00, 
0x00, 0x02, 0x85, 0x5E, 0x00, 0x00, 0x00, 0x00, 0x00, 0x00, 0x08, 0xD0, 
0x74, 0x03, 0x0C, 0xBE, 0x56, 0x00, 0x04, 0xFF, 0xC4, 0x00, 0x00, 0x89, 
0x68, 0x00, 0x00, 0x24, 0xDF, 0xFF, 0xBE, 0x34, 0xE3, 0xFA, 0x48, 0x04, 
0xFF, 0xC4, 0x00, 0x59, 0xFF, 0xC9, 0x04, 0x00, 0x00, 0x10, 0xB2, 0xFF, 
0x8E, 0x2B, 0xF0, 0xF3, 0x26, 0xFF, 0xC4, 0x44, 0xF9, 0xE5, 0x1A, 0x00, 
0x00, 0x10, 0x02, 0x01, 0x80, 0x15, 0x00, 0x4C, 0xAD, 0x07, 0xFF, 0xC4, 
0x3B, 0xE0, 0x30, 0x00, 0x00, 0x02, 0xBF, 0xC1, 0x1B, 0x00, 0x00, 0xA2, 
0xB0, 0xB1, 0xB1, 0xFF, 0xED, 0xB0, 0xB5, 0xB0, 0x70, 0x00, 0x0B, 0xB4, 
0xFF, 0xEA, 0x3F, 0x00, 0xEC, 0xFF, 0xFC, 0xFC, 0xFC, 0xFC, 0xFC, 0xFC, 
0xFF, 0xA4, 0x00, 0x00, 0x01, 0x7D, 0xFE, 0xC5, 0x00, 0xEC, 0xE4, 0x00, 
0x00, 0x00, 0x00, 0x00, 0x28, 0xFF, 0xA4, 0x00, 0x00, 0x00, 0x00, 0x5D, 
0x36, 0x00, 0xEC, 0xF1, 0x7C, 0x7C, 0x7C, 0x7C, 0x7C, 0x90, 0xFF, 0xA4, 
0x00, 0x00, 0x00, 0x00, 0x11, 0x00, 0x00, 0xEC, 0xFF, 0xFF, 0xFF, 0xFF, 
0xFF, 0xFF, 0xFF, 0xFF, 0xA4, 0x00, 0x00, 0x00, 0x00, 0xDB, 0xC9, 0x01, 
0xEC, 0xE7, 0x24, 0x24, 0x24, 0x24, 0x24, 0x46, 0xFF, 0xA4, 0x00, 0x00, 
0x00, 0x24, 0xFF, 0xBC, 0x00, 0xEC, 0xEB, 0x48, 0x48, 0x48, 0x48, 0x48, 
0x64, 0xFF, 0xA4, 0x00, 0x00, 0x00, 0x73, 0xFF, 0x70, 0x00, 0xEC, 0xFF, 
0xFF, 0xFF, 0xFF, 0xFF, 0xFF, 0xFF, 0xFF, 0xA4, 0x00, 0x00, 0x00, 0xC4, 
0xFF, 0x22, 0x00, 0xEC, 0xEC, 0x50, 0x50, 0x50, 0x50, 0x50, 0x6B, 0xFF, 
0xA4, 0x00, 0x00, 0x19, 0xFD, 0xD1, 0x00, 0x00, 0xEC, 0xE4, 0x00, 0x00, 
0x00, 0x00, 0x01, 0x53, 0xFF, 0xA2, 0x00, 0x00, 0x71, 0xFF, 0x7D, 0x00, 
0x00, 0xEC, 0xE4, 0x00, 0x00, 0x00, 0x18, 0xFA, 0xFF, 0xFF, 0x86, 0x00, 
0x00, 0x1C, 0x70, 0x21, 0x00, 0x00, 0x88, 0x83, 0x00, 0x00, 0x00, 0x00, 
0xA2, 0xAF, 0x82, 0x0F, 0x00, 0x00, 0x00, 0x09, 0x00, 0x00, 0x00, 0x00, 
0x00, 0x00, 0x00, 0x00, 0x00, 0x00, 0x00, 0x00, 0x00, 0x00, 0x00, 0x3F, 
0xE7, 0x47, 0x00, 0x06, 0xD8, 0xD8, 0xD8, 0xD8, 0xD8, 0xD8, 0xD8, 0xD8, 
0xA8, 0x00, 0x00, 0x00, 0x3E, 0xE9, 0xFD, 0x7D, 0x09, 0xFF, 0xE3, 0xB4, 
0xB4, 0xB4, 0xB4, 0xB4, 0xF4, 0xC8, 0x00, 0x00, 0x00, 0x00, 0x1E, 0xD4, 
0xF6, 0x28, 0xFF, 0xB3, 0x34, 0x34, 0x34, 0x34, 0x34, 0xE0, 0xC8, 0x00, 
0x00, 0x00, 0x15, 0x00, 0x10, 0x51, 0x08, 0xFF, 0xFF, 0xFF, 0xFF, 0xFF, 
0xFF, 0xFF, 0xFF, 0xC8, 0x00, 0x00, 0x24, 0xF2, 0x85, 0x03, 0x00, 0x08, 
0xFF, 0xBE, 0x50, 0x50, 0x50, 0x50, 0x50, 0xE4, 0xC8, 0x00, 0x00, 0x1C, 
0xC8, 0xFF, 0xBC, 0x12, 0x08, 0xFF, 0xD1, 0x84, 0x84, 0x84, 0x84, 0x84, 
0xEC, 0xC8, 0x00, 0x00, 0x00, 0x08, 0xA8, 0xFF, 0x76, 0x08, 0xFF, 0xFF, 
0xFF, 0xFF, 0xFF, 0xFF, 0xFF, 0xFF, 0xC8, 0x00, 0x00, 0x00, 0x00, 0x01, 
0x74, 0x06, 0x00, 0x04, 0x04, 0x04, 0x04, 0x04, 0x04, 0x04, 0x04, 0x03, 
0x00, 0x00, 0x00, 0x00, 0x13, 0x2E, 0x00, 0x5D, 0xB0, 0xB0, 0xB0, 0xB0, 
0xB0, 0xB0, 0xB0, 0xB0, 0xB0, 0x34, 0x00, 0x00, 0x00, 0x65, 0xFF, 0x50, 
0x88, 0xFF, 0xE6, 0xF9, 0xF9, 0xE4, 0xFF, 0xF2, 0xEB, 0xFF, 0x4C, 0x00, 
0x00, 0x00, 0xAB, 0xFE, 0x16, 0x88, 0xFF, 0x14, 0xC0, 0xC8, 0x00, 0xFC, 
0x88, 0x48, 0xFF, 0x4C, 0x00, 0x00, 0x03, 0xEF, 0xD2, 0x00, 0x88, 0xFF, 
0x14, 0xC0, 0xC8, 0x00, 0xFC, 0x88, 0x48, 0xFF, 0x4C, 0x00, 0x00, 0x3D, 
0xFF, 0x8D, 0x00, 0x88, 0xFF, 0x14, 0xC0, 0xC8, 0x00, 0xFC, 0x88, 0x48, 
0xFF, 0x4C, 0x00, 0x00, 0x88, 0xFF, 0x4A, 0x3C, 0xA4, 0xFF, 0x4B, 0xCF, 
0xD5, 0x3C, 0xFC, 0xA4, 0x73, 0xFF, 0x76, 0x25, 0x00, 0xD9, 0xF4, 0x1B, 
0xFF, 0xFF, 0xFF, 0xFF, 0xFF, 0xFF, 0xFF, 0xFF, 0xFF, 0xFF, 0xFF, 0xFF, 
0xA0, 0x00, 0x2E, 0x51, 0x06, 0x50, 0x50, 0x50, 0x50, 0x50, 0x50, 0x50, 
0x50, 0x50, 0x50, 0x50, 0x50, 0x32, 0x00, 0x00, 0x00, 0x00, 0x00, 0x4A, 
0x9B, 0x39, 0x00, 0x00, 0x00, 0x00, 0x00, 0x00, 0x00, 0x00, 0x00, 0x00, 
0x00, 0xB1, 0xFF, 0x48, 0x00, 0x00, 0x00, 0x00, 0x00, 0x00, 0x1D, 0x30, 
0x30, 0x30, 0x3D, 0xFB, 0xF0, 0x33, 0x30, 0x30, 0x30, 0x30, 0x30, 0x09, 
0x9C, 0xFF, 0xFF, 0xFF, 0xFF, 0xFF, 0xFF, 0xFF, 0xFF, 0xFF, 0xFF, 0xFF, 
0xFF, 0x34, 0x9C, 0xFF, 0x9F, 0x94, 0x94, 0x94, 0x94, 0x94, 0x94, 0x94, 
0x94, 0xC6, 0xFF, 0x34, 0x9C, 0xFF, 0x1C, 0x00, 0x00, 0x00, 0x00, 0x00, 
0x00, 0x00, 0x00, 0x78, 0xFF, 0x34, 0x9C, 0xFF, 0x1C, 0x00, 0x00, 0x00, 
0x00, 0x00, 0x00, 0x00, 0x00, 0x78, 0xFF, 0x34, 0x9C, 0xFF, 0x1C, 0x00, 
0x00, 0x00, 0x00, 0x00, 0x00, 0x00, 0x00, 0x78, 0xFF, 0x34, 0x9C, 0xFF, 
0xA3, 0x98, 0x98, 0x98, 0x98, 0x98, 0x98, 0x98, 0x98, 0xC8, 0xFF, 0x34, 
0x9C, 0xFF, 0xFF, 0xFF, 0xFF, 0xFF, 0xFF, 0xFF, 0xFF, 0xFF, 0xFF, 0xFF, 
0xFF, 0x34, 0x9C, 0xFF, 0x34, 0x1C, 0x1C, 0x1C, 0x1C, 0x1C, 0x1C, 0x1C, 
0x1C, 0x86, 0xFF, 0x34, 0x9C, 0xFF, 0x1C, 0x00, 0x00, 0x00, 0x00, 0x00, 
0x00, 0x00, 0x00, 0x78, 0xFF, 0x34, 0x9C, 0xFF, 0x1C, 0x00, 0x00, 0x00, 
0x00, 0x00, 0x00, 0x00, 0x00, 0x78, 0xFF, 0x34, 0x9C, 0xFF, 0x1C, 0x00, 
0x00, 0x00, 0x00, 0x00, 0x00, 0x00, 0x00, 0x78, 0xFF, 0x34, 0x9C, 0xFF, 
0xEA, 0xE8, 0xE8, 0xE8, 0xE8, 0xE8, 0xE8, 0xE8, 0xE8, 0xF3, 0xFF, 0x34, 
0x9C, 0xFF, 0xD8, 0xD4, 0xD4, 0xD4, 0xD4, 0xD4, 0xD4, 0xD4, 0xD4, 0xE8, 
0xFF, 0x34, 0x6D, 0xB4, 0x13, 0x00, 0x00, 0x00, 0x00, 0x00, 0x00, 0x00, 
0x00, 0x50, 0xAC, 0x22, 0x00, 0x00, 0x00, 0x00, 0x00, 0x00, 0x00, 0x00, 
0x00, 0x3D, 0x96, 0x2D, 0x00, 0x00, 0x00, 0x00, 0x00, 0x00, 0x47, 0x68, 
0x68, 0x68, 0x68, 0x68, 0x03, 0x00, 0xC4, 0xFF, 0x6A, 0x40, 0x40, 0x40, 
0x01, 0x00, 0x00, 0xB0, 0xFF, 0xFF, 0xFF, 0xFF, 0xFF, 0x08, 0x5E, 0xFF, 
0xFF, 0xFF, 0xFF, 0xFF, 0xFF, 0x04, 0x00, 0x00, 0x3F, 0x5C, 0xF1, 0xD2, 
0x5C, 0x5C, 0x21, 0xED, 0xED, 0x66, 0x64, 0xA7, 0xFF, 0xB9, 0x01, 0x00, 
0x00, 0x00, 0x29, 0xFF, 0x80, 0x00, 0x0B, 0xCA, 0xFF, 0x79, 0x28, 0x4B, 
0xF5, 0xE1, 0x33, 0x28, 0x03, 0x00, 0x00, 0x80, 0xFF, 0x2F, 0x00, 0x83, 
0xFF, 0xFF, 0xFF, 0xFF, 0xFF, 0xFF, 0xFF, 0xFF, 0xFF, 0x14, 0x00, 0x03, 
0xE2, 0xEC, 0x50, 0x50, 0x3E, 0xDC, 0xFF, 0x9A, 0x8C, 0xFC, 0xCD, 0x8C, 
0xBE, 0xFF, 0x14, 0x00, 0x59, 0xFF, 0xFF, 0xFF, 0xFF, 0x58, 0x68, 0xFF, 
0x20, 0x00, 0xF8, 0x90, 0x00, 0x70, 0xFF, 0x14, 0x02, 0xD3, 0xFF, 0xD6, 
0x81, 0xFF, 0x58, 0x68, 0xFF, 0xE0, 0xDC, 0xFE, 0xF0, 0xDC, 0xEB, 0xFF, 
0x14, 0x67, 0xFF, 0xFE, 0xB4, 0x18, 0xFF, 0x58, 0x68, 0xFF, 0xD9, 0xD4, 
0xFE, 0xEC, 0xD4, 0xE7, 0xFF, 0x14, 0x2D, 0xBB, 0xCF, 0xB4, 0x18, 0xFF, 
0x58, 0x6D, 0xFF, 0x1F, 0x00, 0xF8, 0x90, 0x00, 0x70, 0xFF, 0x14, 0x00, 
0x01, 0xCC, 0xB4, 0x18, 0xFF, 0x58, 0x77, 0xFF, 0xAE, 0xA4, 0xFD, 0xD7, 
0xA4, 0xCC, 0xFF, 0x14, 0x00, 0x00, 0xCC, 0xB4, 0x18, 0xFF, 0x58, 0x93, 
0xFF, 0xFF, 0xFF, 0xFF, 0xFF, 0xFF, 0xFF, 0xFF, 0x14, 0x00, 0x00, 0xCC, 
0xDF, 0x9E, 0xFF, 0x58, 0xD1, 0xDE, 0x04, 0x04, 0xF8, 0x91, 0x04, 0x72, 
0xFF, 0x14, 0x00, 0x00, 0xCC, 0xFF, 0xFF, 0xFF, 0x7B, 0xFE, 0xA0, 0x00, 
0x00, 0xF8, 0x90, 0x00, 0x82, 0xFF, 0x12, 0x00, 0x00, 0x19, 0x20, 0x20, 
0x20, 0xB6, 0xFF, 0x47, 0x00, 0x00, 0xF8, 0x90, 0xD3, 0xFF, 0xF4, 0x04, 
0x00, 0x00, 0x00, 0x00, 0x00, 0x01, 0x7B, 0xB2, 0x00, 0x00, 0x00, 0x49, 
0x2A, 0x74, 0xA7, 0x45, 0x00, 0x00, 0x00, 0x00, 0x0C, 0x4E, 0x01, 0x00, 
0x00, 0x00, 0x39, 0x59, 0x0D, 0x00, 0x00, 0x00, 0x00, 0x00, 0x00, 0x00, 
0x00, 0x73, 0xFF, 0x4F, 0x00, 0x00, 0x00, 0xC3, 0xFD, 0x28, 0x08, 0x08, 
0x08, 0x04, 0x00, 0x00, 0x00, 0x0B, 0xE9, 0xCB, 0x01, 0x09, 0x00, 0x49, 
0xFF, 0xFF, 0xFF, 0xFF, 0xFF, 0xFF, 0x88, 0x00, 0x00, 0x00, 0x81, 0xFF, 
0x3E, 0x4D, 0xDE, 0x2D, 0xD7, 0xF8, 0x90, 0x90, 0x90, 0xBE, 0xFF, 0x79, 
0x00, 0x00, 0x27, 0xF6, 0xA4, 0x03, 0xD4, 0xE4, 0x93, 0xFF, 0xFE, 0x4A, 
0x00, 0x11, 0xE0, 0xE8, 0x0F, 0x00, 0x0D, 0xE3, 0xFF, 0xB8, 0xC2, 0xFF, 
0x85, 0xFE, 0xC2, 0xD3, 0xF0, 0x47, 0xCA, 0xFE, 0x50, 0x00, 0x00, 0x00, 
0xE4, 0xFF, 0xF8, 0xFF, 0xCB, 0x01, 0x60, 0x17, 0x1D, 0xE6, 0xFF, 0xFF, 
0x6F, 0x00, 0x00, 0x00, 0x00, 0x18, 0x07, 0x98, 0xFE, 0x39, 0x00, 0x00, 
0x16, 0x95, 0xFB, 0xFF, 0xFF, 0xD0, 0x57, 0x07, 0x00, 0x00, 0x00, 0x39, 
0xFD, 0x9D, 0x00, 0x35, 0xA4, 0xF8, 0xFF, 0xC2, 0x35, 0x7C, 0xF3, 0xFF, 
0xF2, 0x93, 0x00, 0x1F, 0xDB, 0xFA, 0x7C, 0x9A, 0xAB, 0xFF, 0xC2, 0x4E, 
0x01, 0x00, 0x00, 0x17, 0x7A, 0xD8, 0x93, 0x00, 0xAB, 0xFF, 0xFF, 0xFF, 
0xFF, 0x5D, 0x5B, 0xF8, 0xF8, 0xF8, 0xF8, 0xF8, 0xF8, 0xF8, 0x27, 0x09, 
0x00, 0x51, 0x97, 0x65, 0x3D, 0x16, 0x00, 0x30, 0xFF, 0xC0, 0x98, 0x98, 
0x98, 0xC7, 0xFF, 0x28, 0x00, 0x00, 0x00, 0x00, 0x00, 0x00, 0x0A, 0x34, 
0x30, 0xFF, 0x64, 0x00, 0x00, 0x00, 0x74, 0xFF, 0x28, 0x00, 0x0E, 0x42, 
0x70, 0xA0, 0xD2, 0xFC, 0xF7, 0x30, 0xFF, 0x64, 0x00, 0x00, 0x00, 0x74, 
0xFF, 0x28, 0x00, 0x51, 0xFF, 0xFF, 0xFF, 0xEE, 0xC0, 0x8D, 0x31, 0xFF, 
0xD1, 0xB4, 0xB4, 0xB4, 0xD6, 0xFF, 0x28, 0x00, 0x1E, 0x79, 0x4B, 0x1D, 
0x00, 0x00, 0x00, 0x30, 0xFF, 0xE7, 0xD8, 0xD8, 0xD8, 0xEA, 0xFF, 0x28, 
0x00, 0x00, 0x00, 0x00, 0x00, 0x00, 0x00, 0x00, 0x1E, 0xA0, 0x3E, 0x00, 
0x00, 0x00, 0x48, 0xA0, 0x19, 0x00, 0x15, 0xC0, 0xC0, 0xC0, 0xC0, 0xC0, 
0xC0, 0xC0, 0xC0, 0xC0, 0xC0, 0xC0, 0xC0, 0xC0, 0x8A, 0x1C, 0xFF, 0xF7, 
0xE8, 0xE8, 0xE8, 0xE8, 0xE8, 0xE8, 0xE8, 0xE8, 0xE8, 0xE8, 0xFF, 0xB8, 
0x1C, 0xFF, 0xA0, 0x00, 0x00, 0x00, 0x0D, 0x0C, 0x00, 0x00, 0x00, 0x03, 
0x04, 0xFF, 0xB8, 0x1C, 0xFF, 0xA0, 0x75, 0x71, 0x00, 0x73, 0xF3, 0x1B, 
0x01, 0x00, 0xC0, 0x8E, 0xFF, 0xB8, 0x1C, 0xFF, 0xA0, 0xB6, 0xF1, 0x12, 
0xD0, 0xD3, 0x9D, 0x79, 0x21, 0xFF, 0x7D, 0xFF, 0xB8, 0x1C, 0xFF, 0xA0, 
0x30, 0xFE, 0xB0, 0xFF, 0x6F, 0xB8, 0xF2, 0x92, 0xFE, 0x23, 0xFF, 0xB8, 
0x1C, 0xFF, 0xA0, 0x00, 0xAF, 0xFF, 0xFA, 0x14, 0x30, 0xFE, 0xFF, 0xC3, 
0x04, 0xFF, 0xB8, 0x1C, 0xFF, 0xA0, 0x00, 0x3D, 0xFF, 0xB8, 0x00, 0x00, 
0xAD, 0xFF, 0x6A, 0x04, 0xFF, 0xB8, 0x1C, 0xFF, 0xA0, 0x00, 0x78, 0xFF, 
0xEF, 0x0F, 0x01, 0xCF, 0xFF, 0x99, 0x04, 0xFF, 0xB8, 0x1C, 0xFF, 0xA0, 
0x0A, 0xEA, 0xEB, 0xFF, 0x7A, 0x55, 0xFF, 0xF6, 0xFA, 0x21, 0xFF, 0xB8, 
0x1C, 0xFF, 0xA0, 0x80, 0xFF, 0x4C, 0xD5, 0xE0, 0xD8, 0xEF, 0x4A, 0xFF, 
0x94, 0xFF, 0xB8, 0x1C, 0xFF, 0xBE, 0xF6, 0xC7, 0x00, 0x4D, 0x9E, 0xFF, 
0x7A, 0x00, 0xBE, 0xF6, 0xFF, 0xB8, 0x1C, 0xFF, 0xF6, 0xFE, 0x36, 0x00, 
0x10, 0xF3, 0xDB, 0x08, 0x00, 0x49, 0x84, 0xFF, 0xB8, 0x1C, 0xFF, 0xA0, 
0x3D, 0x00, 0x00, 0x00, 0x53, 0x42, 0x00, 0x00, 0x07, 0x4F, 0xFF, 0xB4, 
0x1C, 0xFF, 0xA0, 0x00, 0x00, 0x00, 0x00, 0x00, 0x00, 0x00, 0x4F, 0xFF, 
0xFF, 0xFF, 0x92, 0x11, 0xA0, 0x64, 0x00, 0x00, 0x00, 0x00, 0x00, 0x00, 
0x00, 0x09, 0xC5, 0xB4, 0x82, 0x10, 0x00, 0x00, 0x69, 0x84, 0x84, 0x84, 
0x84, 0x84, 0x84, 0x84, 0x84, 0x84, 0x84, 0x84, 0x84, 0x39, 0x00, 0x00, 
0x00, 0xCC, 0xF9, 0xAC, 0xAC, 0xF1, 0xED, 0xAC, 0xB3, 0xFF, 0xD6, 0xAC, 
0xC2, 0xFF, 0x70, 0x00, 0x00, 0x00, 0xCC, 0xEE, 0x24, 0x24, 0xDA, 0xCF, 
0x24, 0x38, 0xFF, 0x92, 0x24, 0x5E, 0xFF, 0x70, 0x00, 0x00, 0x00, 0xCC, 
0xFF, 0xFF, 0xFF, 0xFF, 0xFF, 0xFF, 0xFF, 0xFF, 0xFF, 0xFF, 0xFF, 0xFF, 
0x70, 0x00, 0x00, 0x00, 0x09, 0x0C, 0x0C, 0x0C, 0x0C, 0x15, 0xCD, 0x90, 
0x0C, 0x0C, 0x0C, 0x0C, 0x0C, 0x05, 0x00, 0x00, 0x3C, 0xFF, 0xFF, 0xFF, 
0xFF, 0xFF, 0xFF, 0xFF, 0xFF, 0xFF, 0xFF, 0xFF, 0xFF, 0xFF, 0xE0, 0x00, 
0x00, 0x0C, 0x34, 0x36, 0x38, 0x38, 0x38, 0x41, 0xFF, 0xC7, 0x38, 0x38, 
0x38, 0x38, 0x35, 0x2D, 0x00, 0x00, 0x00, 0x00, 0xB4, 0xFF, 0xFF, 0xFF, 
0xFF, 0xFF, 0xFF, 0xFF, 0xFF, 0xFF, 0xFF, 0x5C, 0x00, 0x00, 0x00, 0x00, 
0x00, 0xB4, 0xFF, 0x54, 0x4C, 0x4C, 0x4C, 0x4C, 0x4C, 0x4C, 0x8F, 0xFF, 
0x5C, 0x00, 0x00, 0x00, 0x00, 0x00, 0xB4, 0xFF, 0xF4, 0xF4, 0xF4, 0xF4, 
0xF4, 0xF4, 0xF4, 0xF8, 0xFF, 0x5C, 0x00, 0x00, 0x00, 0x00, 0x00, 0xB4, 
0xFF, 0x5C, 0x54, 0x54, 0x54, 0x54, 0x54, 0x54, 0x94, 0xFF, 0x5C, 0x00, 
0x00, 0x00, 0x00, 0x00, 0xB4, 0xFF, 0xC6, 0xC4, 0xC4, 0xC4, 0xC4, 0xC4, 
0xC4, 0xDA, 0xFF, 0x5C, 0x00, 0x00, 0x00, 0x00, 0x00, 0xB4, 0xFF, 0x89, 
0x84, 0x84, 0x84, 0x84, 0x84, 0x84, 0xB2, 0xFF, 0x5C, 0x00, 0x00, 0x00, 
0x00, 0x00, 0xB4, 0xFF, 0x91, 0x8C, 0x8C, 0x8C, 0x8C, 0x8C, 0x8C, 0xB7, 
0xFF, 0x5C, 0x00, 0x00, 0x06, 0xDC, 0xDC, 0xF5, 0xFF, 0xDD, 0xDC, 0xDC, 
0xDC, 0xDC, 0xDC, 0xDC, 0xE9, 0xFF, 0xE8, 0xDC, 0x97, 0x03, 0x74, 0x74, 
0x74, 0x74, 0x74, 0x74, 0x74, 0x74, 0x74, 0x74, 0x74, 0x74, 0x74, 0x74, 
0x74, 0x4F, 0x00, 0x00, 0x00, 0x00, 0x00, 0x72, 0x67, 0x00, 0x00, 0x00, 
0x44, 0x78, 0x1F, 0x00, 0x00, 0x00, 0x00, 0x00, 0x00, 0x00, 0x00, 0x00, 
0xE8, 0xE4, 0x00, 0x00, 0x00, 0x88, 0xFF, 0x48, 0x00, 0x00, 0x00, 0x00, 
0x07, 0x7C, 0x7C, 0x7C, 0x7C, 0xF3, 0xF1, 0x7C, 0x7C, 0x7C, 0xC2, 0xFF, 
0xA1, 0x7C, 0x7C, 0x7C, 0x53, 0x10, 0xFF, 0xFF, 0xFF, 0xFF, 0xFF, 0xFF, 
0xFF, 0xFF, 0xFF, 0xFF, 0xFF, 0xFF, 0xFF, 0xFF, 0xFF, 0xAC, 0x05, 0x50, 
0x50, 0x50, 0x50, 0xEF, 0xEC, 0x50, 0x50, 0x50, 0xAD, 0xFF, 0x81, 0x50, 
0x50, 0x50, 0x35, 0x00, 0x00, 0x00, 0x00, 0x00, 0xE4, 0xE0, 0x00, 0x00, 
0x00, 0x85, 0xFC, 0x46, 0x00, 0x00, 0x00, 0x00, 0x00, 0x14, 0x5C, 0x5C, 
0x5C, 0x5C, 0x5C, 0x5C, 0x5C, 0x5C, 0x5C, 0x5C, 0x5C, 0x5C, 0x5C, 0x09, 
0x00, 0x00, 0x38, 0xFF, 0xFF, 0xFF, 0xFF, 0xFF, 0xFF, 0xFF, 0xFF, 0xFF, 
0xFF, 0xFF, 0xFF, 0xFF, 0x14, 0x00, 0x00, 0x15, 0x64, 0x64, 0x64, 0x64, 
0xD4, 0xFF, 0x7E, 0x64, 0x64, 0x64, 0x64, 0xEB, 0xFF, 0x0B, 0x00, 0x00, 
0x00, 0x00, 0x00, 0x00, 0x00, 0xB8, 0xFF, 0x2C, 0x00, 0x00, 0x00, 0x00, 
0xE7, 0xFF, 0x03, 0x00, 0x00, 0x00, 0x00, 0x00, 0x00, 0x00, 0xB8, 0xFF, 
0x2C, 0x00, 0x00, 0x00, 0x00, 0xF4, 0xFA, 0x00, 0x00, 0x00, 0x00, 0x00, 
0x00, 0x00, 0x00, 0xB8, 0xFF, 0x2C, 0x00, 0x00, 0x00, 0x05, 0xFE, 0xF1, 
0x00, 0x00, 0x00, 0x00, 0x00, 0x00, 0x00, 0x00, 0xB8, 0xFF, 0x2C, 0x03, 
0x0F, 0x1D, 0x71, 0xFF, 0xDD, 0x00, 0x00, 0x00, 0x00, 0x00, 0x00, 0x00, 
0x00, 0xB8, 0xFF, 0x2C, 0x65, 0xFF, 0xFF, 0xFF, 0xFF, 0x9E, 0x00, 0x00, 
0x00, 0x00, 0x00, 0x00, 0x00, 0x00, 0xB8, 0xFF, 0x2C, 0x20, 0xE0, 0xD1, 
0xBB, 0x85, 0x0F, 0x00, 0x00, 0x00, 0x00, 0x00, 0x00, 0x00, 0x00, 0xB8, 
0xFF, 0x2C, 0x00, 0x00, 0x00, 0x00, 0x00, 0x00, 0x00, 0x00, 0x00, 0x00, 
0x00, 0x00, 0x00, 0x00, 0xA1, 0xE0, 0x26, 0x00, 0x00, 0x00, 0x00, 0x00, 
0x00, 0x00, 0x00, 0x00, 0x00, 0x00, 0x2E, 0x5B, 0x00, 0x00, 0x00, 0x00, 
0x00, 0x58, 0x52, 0x00, 0x00, 0x00, 0x00, 0x00, 0x00, 0x00, 0x00, 0x00, 
0x94, 0xFF, 0x30, 0x00, 0x00, 0x00, 0x00, 0xE4, 0xEC, 0x00, 0x00, 0x00, 
0x00, 0x00, 0x00, 0x00, 0x00, 0x00, 0x49, 0xFF, 0x7A, 0x00, 0x00, 0x00, 
0x00, 0xE4, 0xEC, 0x00, 0x00, 0x00, 0x00, 0x00, 0x00, 0x00, 0x69, 0xC0, 
0xC7, 0xFF, 0xE9, 0xC0, 0x12, 0x00, 0x00, 0xE4, 0xEC, 0x00, 0x00, 0x00, 
0x00, 0x00, 0x00, 0x00, 0x89, 0xFC, 0xFC, 0xFC, 0xFF, 0xFF, 0x15, 0x00, 
0x00, 0xE4, 0xEC, 0x00, 0x00, 0x00, 0x00, 0x00, 0x00, 0x00, 0x00, 0x00, 
0x00, 0x4E, 0xFF, 0xA8, 0x00, 0x00, 0x00, 0xE4, 0xEC, 0x13, 0x00, 0x00, 
0x00, 0x00, 0x00, 0x00, 0x00, 0x00, 0x13, 0xE3, 0xEA, 0x15, 0x29, 0x00, 
0x00, 0xE4, 0xF7, 0xF1, 0x8B, 0x07, 0x00, 0x00, 0x00, 0x00, 0x00, 0x03, 
0xB7, 0xFF, 0x60, 0x54, 0xFD, 0x53, 0x00, 0xE4, 0xF6, 0xDC, 0xFF, 0xD5, 
0x2F, 0x00, 0x00, 0x00, 0x00, 0x9B, 0xFF, 0xFF, 0x7B, 0xF6, 0xD8, 0x10, 
0x00, 0xE4, 0xEC, 0x0C, 0xA4, 0xFF, 0xF8, 0x68, 0x00, 0x01, 0x96, 0xFF, 
0xF4, 0xFF, 0xFF, 0xEE, 0x22, 0x00, 0x00, 0xE4, 0xEC, 0x00, 0x00, 0x68, 
0xF9, 0xD1, 0x02, 0x42, 0xFF, 0xB5, 0x7B, 0xFF, 0xF8, 0xFE, 0x85, 0x02, 
0x00, 0xE4, 0xEC, 0x00, 0x00, 0x00, 0x3A, 0x3E, 0x00, 0x00, 0x81, 0x06, 
0x74, 0xFF, 0x53, 0xC1, 0xFF, 0x3D, 0x00, 0xE4, 0xEC, 0x00, 0x00, 0x00, 
0x00, 0x00, 0x00, 0x00, 0x00, 0x00, 0x74, 0xFF, 0x3C, 0x05, 0x6A, 0x00, 
0x00, 0xE4, 0xEC, 0x00, 0x00, 0x00, 0x00, 0x00, 0x00, 0x00, 0x00, 0x00, 
0x74, 0xFF, 0x3C, 0x00, 0x00, 0x00, 0x00, 0xE4, 0xEC, 0x00, 0x00, 0x00, 
0x00, 0x00, 0x00, 0x00, 0x00, 0x00, 0x74, 0xFF, 0x3C, 0x00, 0x00, 0x00, 
0x00, 0xE4, 0xEC, 0x00, 0x00, 0x00, 0x00, 0x00, 0x00, 0x00, 0x00, 0x00, 
0x74, 0xFF, 0x3C, 0x00, 0x00, 0x00, 0x00, 0xE4, 0xEC, 0x00, 0x00, 0x00, 
0x00, 0x00, 0x00, 0x00, 0x00, 0x00, 0x51, 0xB4, 0x2A, 0x00, 0x00, 0x00, 
0x00, 0xA0, 0xA5, 0x00, 0x00, 0x00, 0x00, 0x00, 0x00, 0x00, 0x03, 0x1E, 
0x00, 0x00, 0x00, 0x00, 0x00, 0x00, 0x62, 0x4E, 0x00, 0x00, 0x00, 0x00, 
0x00, 0x00, 0xA8, 0xE8, 0x24, 0x00, 0x00, 0x00, 0x00, 0x00, 0xEC, 0xD0, 
0x00, 0x00, 0x00, 0x00, 0x00, 0x00, 0x61, 0xFF, 0xDD, 0x15, 0x00, 0x00, 
0x00, 0x00, 0xEC, 0xD0, 0x00, 0x00, 0x00, 0x00, 0x00, 0x00, 0x00, 0x91, 
0xFF, 0xBD, 0x00, 0x00, 0x00, 0x00, 0xF5, 0xCA, 0x00, 0x00, 0x00, 0x00, 
0x00, 0x00, 0x00, 0x05, 0xC7, 0x69, 0x00, 0x00, 0x00, 0x00, 0xFD, 0xD2, 
0x00, 0x00, 0x00, 0x00, 0x00, 0x00, 0x00, 0x00, 0x0C, 0x00, 0x00, 0x00, 
0x00, 0x09, 0xFF, 0xF0, 0x00, 0x00, 0x00, 0x00, 0x00, 0xC3, 0xDC, 0xDC, 
0xC7, 0x00, 0x00, 0x00, 0x00, 0x29, 0xFF, 0xFF, 0x1A, 0x00, 0x00, 0x00, 
0x00, 0xE0, 0xFC, 0xFF, 0xE8, 0x00, 0x00, 0x00, 0x00, 0x50, 0xFF, 0xFF, 
0x50, 0x00, 0x00, 0x00, 0x00, 0x00, 0x00, 0xD8, 0xE8, 0x00, 0x00, 0x00, 
0x00, 0x81, 0xFF, 0xFF, 0x97, 0x00, 0x00, 0x00, 0x00, 0x00, 0x00, 0xD8, 
0xE8, 0x00, 0x00, 0x00, 0x00, 0xD1, 0xE9, 0xBA, 0xE8, 0x05, 0x00, 0x00, 
0x00, 0x00, 0x00, 0xD8, 0xE8, 0x00, 0x01, 0x00, 0x2B, 0xFF, 0x95, 0x5F, 
0xFF, 0x58, 0x00, 0x00, 0x00, 0x00, 0x00, 0xD8, 0xE8, 0x23, 0xAC, 0x00, 
0xAF, 0xFD, 0x2B, 0x0D, 0xEE, 0xD8, 0x04, 0x00, 0x00, 0x00, 0x00, 0xD8, 
0xF4, 0xE5, 0xF2, 0x53, 0xFF, 0xA5, 0x00, 0x00, 0x7D, 0xFF, 0x7B, 0x00, 
0x00, 0x00, 0x00, 0xDC, 0xFF, 0xEE, 0x58, 0xEE, 0xEC, 0x1A, 0x00, 0x00, 
0x0D, 0xE0, 0xFA, 0x3D, 0x00, 0x00, 0x14, 0xFA, 0xED, 0x53, 0xDE, 0xFF, 
0x50, 0x00, 0x00, 0x00, 0x00, 0x3E, 0xFD, 0xEB, 0x2C, 0x00, 0x00, 0x6E, 
0x35, 0xDA, 0xFF, 0x79, 0x00, 0x00, 0x00, 0x00, 0x00, 0x00, 0x75, 0xFF, 
0xC7, 0x00, 0x00, 0x00, 0x00, 0x47, 0x89, 0x00, 0x00, 0x00, 0x00, 0x00, 
0x00, 0x00, 0x00, 0x83, 0x27, 0x00, 0x23, 0x0C, 0x00, 0x00, 0x00, 0x00, 
0x00, 0x00, 0x00, 0x00, 0x00, 0x00, 0x00, 0x00, 0x24, 0xEF, 0xB3, 0x02, 
0x05, 0xA0, 0xA0, 0xA0, 0xA0, 0xA0, 0xA0, 0xA0, 0xA0, 0xA0, 0x84, 0x01, 
0xB6, 0xFF, 0x7A, 0x08, 0xFF, 0xFB, 0xF4, 0xF4, 0xF4, 0xF4, 0xF4, 0xF4, 
0xFD, 0xD4, 0x00, 0x19, 0xEF, 0xFA, 0x22, 0xFF, 0x98, 0x00, 0x00, 0xC7, 
0x74, 0x00, 0x00, 0xD4, 0xD4, 0x00, 0x00, 0x61, 0x69, 0x08, 0xFF, 0x98, 
0x5B, 0x6C, 0xFB, 0xC3, 0x6C, 0x37, 0xD4, 0xD4, 0x26, 0x28, 0x28, 0x09, 
0x08, 0xFF, 0x98, 0xD4, 0xFC, 0xFF, 0xFE, 0xFC, 0x81, 0xD4, 0xD4, 0xF8, 
0xFF, 0xFF, 0x3C, 0x08, 0xFF, 0x98, 0x00, 0x00, 0xF8, 0x98, 0x00, 0x00, 
0xD4, 0xD4, 0x9B, 0xC8, 0xFF, 0x3C, 0x08, 0xFF, 0xB1, 0x94, 0x94, 0xFC, 
0xD4, 0x94, 0x86, 0xD4, 0xD4, 0x00, 0x6C, 0xFF, 0x3C, 0x0A, 0xFF, 0xBD, 
0xE4, 0xE4, 0xE4, 0xE4, 0xE4, 0xCE, 0xD4, 0xD4, 0x00, 0x6C, 0xFF, 0x3C, 
0x0D, 0xFF, 0x93, 0x0A, 0x10, 0x10, 0x10, 0x10, 0x02, 0xD4, 0xD4, 0x00, 
0x6C, 0xFF, 0x3C, 0x14, 0xFF, 0x8E, 0xAC, 0xFF, 0xFF, 0xFF, 0xFF, 0x28, 
0xD4, 0xD4, 0x00, 0x6C, 0xFF, 0x65, 0x4B, 0xFF, 0x82, 0xAC, 0xE7, 0x54, 
0x94, 0xFF, 0x28, 0xD4, 0xD4, 0x00, 0x6C, 0xFF, 0xFA, 0xE3, 0xFF, 0x6F, 
0xAC, 0xDC, 0x00, 0x60, 0xFF, 0x28, 0xD4, 0xD4, 0x00, 0x74, 0xFF, 0xF1, 
0xA4, 0xFF, 0x4D, 0xAC, 0xF7, 0xC4, 0xDA, 0xFF, 0x28, 0xD4, 0xD4, 0x00, 
0x8D, 0xFA, 0x43, 0xC2, 0xFF, 0x19, 0x6E, 0xA4, 0xA4, 0xA4, 0xA4, 0x25, 
0xE5, 0xD2, 0x00, 0x06, 0x45, 0x2E, 0xFF, 0xCB, 0x00, 0x00, 0x00, 0x00, 
0x00, 0xA4, 0xFF, 0xFF, 0xAE, 0x00, 0x00, 0x00, 0x20, 0xA9, 0x60, 0x00, 
0x00, 0x00, 0x00, 0x00, 0x50, 0xB1, 0x87, 0x18, 0x08, 0x8C, 0x8C, 0x8C, 
0x8C, 0x8C, 0x8C, 0x8C, 0x8C, 0x36, 0x75, 0x94, 0x94, 0x94, 0x94, 0x86, 
0x00, 0x0F, 0xF4, 0xF4, 0xF9, 0xFF, 0xF7, 0xFF, 0xF5, 0xF4, 0x5F, 0xCC, 
0xFF, 0xFF, 0xFF, 0xFF, 0xE8, 0x00, 0x00, 0x00, 0x00, 0x78, 0xFC, 0x4C, 
0xFF, 0x20, 0x00, 0x00, 0x23, 0x2C, 0x2C, 0x2C, 0xDB, 0xE8, 0x00, 0x00, 
0x1C, 0x44, 0x9C, 0xFD, 0x7B, 0xFF, 0x5B, 0x44, 0x09, 0x00, 0x00, 0x00, 
0x00, 0xD4, 0xE8, 0x00, 0x00, 0x6C, 0xFF, 0xFF, 0xFF, 0xFF, 0xFF, 0xFF, 
0xFF, 0x24, 0x00, 0x00, 0x00, 0x00, 0xD4, 0xE8, 0x00, 0x00, 0x6C, 0xFF, 
0x66, 0xF8, 0x6D, 0xF4, 0x79, 0xFF, 0x24, 0x10, 0x14, 0x14, 0x14, 0xD7, 
0xE8, 0x00, 0x00, 0x6C, 0xFF, 0x40, 0xEB, 0x3C, 0xF0, 0x4C, 0xFF, 0x24, 
0xD4, 0xFF, 0xFF, 0xFF, 0xFF, 0xE8, 0x00, 0x00, 0x6C, 0xFF, 0x6F, 0xC9, 
0x3B, 0xF9, 0x62, 0xFF, 0x24, 0xD4, 0xF9, 0xA8, 0xA8, 0xA8, 0x98, 0x00, 
0x00, 0x6C, 0xFF, 0xD9, 0x80, 0x1D, 0xFC, 0xFF, 0xFF, 0x24, 0xD4, 0xEC, 
0x00, 0x00, 0x00, 0x00, 0x00, 0x00, 0x6C, 0xFF, 0xC3, 0x12, 0x00, 0x23, 
0x7B, 0xFF, 0x24, 0xD4, 0xEC, 0x00, 0x00, 0x00, 0x00, 0x00, 0x00, 0x6C, 
0xFF, 0x50, 0x50, 0x50, 0x50, 0x84, 0xFF, 0x24, 0xD4, 0xEC, 0x00, 0x00, 
0x00, 0x36, 0x04, 0x00, 0x6C, 0xFF, 0xFF, 0xFF, 0xFF, 0xFF, 0xFF, 0xFF, 
0x24, 0xD4, 0xEC, 0x00, 0x00, 0x00, 0xE4, 0xC6, 0x00, 0x6C, 0xFF, 0x30, 
0x30, 0x30, 0x30, 0x6D, 0xFF, 0x24, 0xD4, 0xED, 0x00, 0x00, 0x02, 0xF7, 
0xBA, 0x00, 0x6C, 0xFF, 0x34, 0x34, 0x34, 0x34, 0x70, 0xFF, 0x24, 0xCD, 
0xFD, 0x72, 0x5D, 0x8D, 0xFF, 0x93, 0x00, 0x6C, 0xFF, 0xFF, 0xFF, 0xFF, 
0xFF, 0xFF, 0xFF, 0x24, 0x97, 0xFF, 0xFF, 0xFF, 0xFF, 0xFC, 0x3D, 0x00, 
0x23, 0x54, 0x54, 0x54, 0x54, 0x54, 0x54, 0x54, 0x0B, 0x07, 0x54, 0x71, 
0x76, 0x6D, 0x38, 0x00, 0x00, 0x00, 0x41, 0x82, 0x13, 0x00, 0x00, 0x00, 
0x00, 0x00, 0x00, 0x3E, 0x7A, 0x00, 0x00, 0x00, 0x00, 0x00, 0x00, 0xA5, 
0xF3, 0x07, 0x02, 0x4C, 0x4C, 0x4C, 0x16, 0x08, 0x7C, 0xFF, 0x08, 0x08, 
0x06, 0x00, 0x00, 0x0F, 0xF5, 0xDC, 0x78, 0x54, 0xFF, 0xFF, 0xFF, 0x84, 
0xFF, 0xFF, 0xFF, 0xFF, 0xFF, 0xC0, 0x00, 0x00, 0x73, 0xFF, 0xFF, 0xFF, 
0xA5, 0x34, 0xBE, 0xF8, 0x32, 0x4C, 0xA0, 0xFF, 0x4C, 0xC7, 0xC0, 0x00, 
0x0B, 0xE7, 0xCF, 0x14, 0x14, 0x0C, 0x30, 0xFD, 0x86, 0x66, 0x88, 0xC0, 
0xFF, 0x88, 0xDA, 0xE2, 0x4E, 0x7F, 0xFF, 0x83, 0x3C, 0x3C, 0x06, 0xBD, 
0xE5, 0x0C, 0xA2, 0xD8, 0xEA, 0xFF, 0xD8, 0xF3, 0xF6, 0x7C, 0x0E, 0xC2, 
0xFF, 0xFF, 0xFF, 0x5D, 0xFF, 0xAD, 0x64, 0x18, 0x20, 0x89, 0xFF, 0x20, 
0xBA, 0xC0, 0x00, 0x00, 0x2D, 0xB9, 0xEC, 0x4C, 0x64, 0xFF, 0xFF, 0xFF, 
0x6C, 0xFF, 0xFF, 0xFF, 0xFF, 0xFF, 0xC0, 0x00, 0x00, 0x00, 0x9C, 0xE4, 
0x00, 0x0B, 0x20, 0x65, 0xFF, 0x2D, 0x3C, 0x97, 0xFF, 0x3C, 0x3C, 0x2D, 
0x00, 0x06, 0xC8, 0xEA, 0xF9, 0xC8, 0x67, 0x88, 0x67, 0xFA, 0x58, 0xB0, 
0xD5, 0xFF, 0xB0, 0xB0, 0x84, 0x00, 0x06, 0xC0, 0xE7, 0xF9, 0xC0, 0x88, 
0xFB, 0xAA, 0xD2, 0x51, 0xA8, 0xD1, 0xFF, 0xA8, 0xA8, 0x7E, 0x00, 0x00, 
0x00, 0x9C, 0xE4, 0x00, 0x17, 0xFC, 0xFE, 0x95, 0x5C, 0x5C, 0xA8, 0xFF, 
0x5C, 0x5C, 0x5C, 0x12, 0x00, 0x00, 0x9C, 0xE4, 0x00, 0x0F, 0xB3, 0xFF, 
0x50, 0xFF, 0xFF, 0xFF, 0xFF, 0xFF, 0xFF, 0xFF, 0x34, 0x00, 0x00, 0x9C, 
0xEC, 0xB5, 0x77, 0xCC, 0xFF, 0xA8, 0x06, 0x00, 0x78, 0xFF, 0x00, 0x00, 
0x00, 0x00, 0x00, 0x00, 0xB0, 0xFF, 0xEB, 0xBB, 0xFF, 0xBF, 0xFF, 0xD6, 
0x70, 0x67, 0x83, 0x34, 0x3C, 0x46, 0x3E, 0x00, 0x01, 0xC7, 0xBD, 0x3A, 
0xFB, 0xBE, 0x01, 0x5F, 0xDB, 0xFF, 0xFF, 0xFF, 0xFF, 0xFF, 0xFF, 0xA4, 
0x00, 0x00, 0x16, 0x02, 0x00, 0x55, 0x1C, 0x00, 0x00, 0x00, 0x18, 0x31, 
0x39, 0x3B, 0x39, 0x33, 0x16, 0x00, 0x00, 0x00, 0x00, 0x00, 0x00, 0x1D, 
0x70, 0x4D, 0x00, 0x00, 0x00, 0x00, 0x00, 0x00, 0x00, 0x00, 0x00, 0x00, 
0x00, 0x00, 0x00, 0x23, 0xFF, 0xCB, 0x00, 0x00, 0x00, 0x00, 0x00, 0x00, 
0x00, 0x00, 0xFC, 0xFC, 0xFC, 0xFC, 0xFC, 0xFC, 0xFF, 0xFF, 0xFC, 0xFC, 
0xFC, 0xFC, 0xFC, 0xB9, 0x00, 0x00, 0xB4, 0xB4, 0xCF, 0xFF, 0xD9, 0xB4, 
0xB4, 0xB4, 0xB4, 0xE8, 0xFF, 0xC3, 0xB4, 0x84, 0x00, 0x00, 0x00, 0x00, 
0x41, 0xFF, 0x9C, 0x00, 0x00, 0x00, 0x00, 0xD5, 0xFD, 0x0E, 0x00, 0x00, 
0x00, 0x0B, 0x0C, 0x0C, 0x22, 0xFF, 0xCC, 0x0C, 0x0C, 0x0C, 0x1E, 0xFE, 
0xD1, 0x0C, 0x0C, 0x0C, 0x08, 0xFC, 0xFF, 0xFF, 0xFF, 0xFF, 0xFF, 0xFF, 
0xFF, 0xFF, 0xFF, 0xFF, 0xFF, 0xFF, 0xFF, 0xFF, 0xB8, 0x8D, 0x90, 0x90, 
0x90, 0x90, 0x90, 0x90, 0x90, 0x90, 0x90, 0x90, 0x90, 0x90, 0x90, 0x90, 
0x67, 0x00, 0x00, 0x2E, 0x30, 0x30, 0x30, 0x30, 0x30, 0x30, 0x30, 0x30, 
0x30, 0x30, 0x23, 0x00, 0x00, 0x00, 0x00, 0xF8, 0xFF, 0xFF, 0xFF, 0xFF, 
0xFF, 0xFF, 0xFF, 0xFF, 0xFF, 0xFF, 0xBC, 0x00, 0x00, 0x00, 0x00, 0xF8, 
0xED, 0x7C, 0x7C, 0x7C, 0x7C, 0x7C, 0x7C, 0x7C, 0x8C, 0xFF, 0xBC, 0x00, 
0x00, 0x00, 0x00, 0xF8, 0xE6, 0x48, 0x48, 0x48, 0x48, 0x48, 0x48, 0x48, 
0x5F, 0xFF, 0xBC, 0x00, 0x00, 0x00, 0x00, 0xF8, 0xFF, 0xFF, 0xFF, 0xFF, 
0xFF, 0xFF, 0xFF, 0xFF, 0xFF, 0xFF, 0xBC, 0x00, 0x00, 0x00, 0x00, 0xF8, 
0xE7, 0x54, 0x54, 0x54, 0x54, 0x54, 0x54, 0x54, 0x69, 0xFF, 0xBC, 0x00, 
0x00, 0x00, 0x00, 0xF8, 0xEA, 0x68, 0x68, 0x68, 0x68, 0x68, 0x68, 0x68, 
0x7B, 0xFF, 0xBC, 0x00, 0x00, 0x00, 0x00, 0xF8, 0xFF, 0xFF, 0xFF, 0xFF, 
0xFF, 0xFF, 0xFF, 0xFF, 0xFF, 0xFF, 0xBC, 0x00, 0x00, 0x00, 0x00, 0xC9, 
0xBA, 0x34, 0x34, 0x34, 0x34, 0x34, 0x34, 0x34, 0x47, 0xD0, 0x98, 0x00, 
0x00, 0x00, 0x15, 0xC8, 0xC8, 0xC8, 0xC8, 0xC8, 0xC1, 0x1B, 0x94, 0x94, 
0x94, 0x94, 0x94, 0x94, 0x94, 0x40, 0x00, 0x1C, 0xFF, 0xC0, 0x8C, 0x8C, 
0xD0, 0xF8, 0x2D, 0xF0, 0xF0, 0xF3, 0xFF, 0xF5, 0xF0, 0xF0, 0x69, 0x00, 
0x1C, 0xFF, 0xA4, 0x58, 0x58, 0xBB, 0xF8, 0x00, 0x00, 0x00, 0x5F, 0xFF, 
0x38, 0x00, 0x00, 0x00, 0x00, 0x1C, 0xFF, 0xFD, 0xFC, 0xFC, 0xFE, 0xF8, 
0x00, 0x52, 0x70, 0xC2, 0xFD, 0x73, 0x70, 0x50, 0x00, 0x00, 0x1C, 0xFF, 
0x74, 0x00, 0x00, 0x98, 0xF8, 0x00, 0xBC, 0xFF, 0xFF, 0xFF, 0xFF, 0xFF, 
0xB8, 0x00, 0x00, 0x1C, 0xFF, 0xF5, 0xEC, 0xEC, 0xF7, 0xF8, 0x00, 0xBC, 
0xBD, 0x0C, 0x2F, 0x0A, 0xC4, 0xB8, 0x00, 0x00, 0x0C, 0x74, 0x74, 0x74, 
0x74, 0x74, 0x70, 0x00, 0xBC, 0xBC, 0x2C, 0xFF, 0x30, 0xC4, 0xB8, 0x00, 
0x00, 0x6A, 0x78, 0x78, 0x78, 0x78, 0x78, 0x78, 0x58, 0xBC, 0xBC, 0x2C, 
0xFF, 0x30, 0xC4, 0xB8, 0x00, 0x00, 0xE4, 0xFF, 0xFF, 0xFF, 0xFF, 0xFF, 
0xFF, 0xBC, 0xBC, 0xBC, 0x36, 0xFF, 0x29, 0xC4, 0xB8, 0x00, 0x00, 0x0A, 
0x77, 0x45, 0x54, 0xFF, 0x49, 0x0C, 0x08, 0xBC, 0xBC, 0x60, 0xFF, 0x12, 
0xC4, 0xB8, 0x00, 0x00, 0x01, 0xF9, 0x84, 0x4C, 0xFF, 0x9D, 0x7C, 0x43, 
0x34, 0x45, 0xD7, 0xCF, 0x6F, 0x6B, 0x2E, 0x00, 0x00, 0x26, 0xFF, 0x85, 
0x4C, 0xFF, 0xFA, 0xF8, 0x87, 0x3E, 0xD8, 0xFC, 0x4C, 0xDB, 0xFB, 0x64, 
0x00, 0x00, 0x6C, 0xFF, 0xF0, 0x6D, 0xFF, 0x40, 0x00, 0x91, 0xFF, 0xEE, 
0x52, 0x00, 0x15, 0xC9, 0xF3, 0x0F, 0x01, 0xD2, 0xD6, 0xE4, 0xFA, 0xFF, 
0x7A, 0x42, 0x7C, 0xCA, 0x52, 0x3E, 0x41, 0x46, 0x5C, 0xA9, 0x5B, 0x5D, 
0xFF, 0x5D, 0x30, 0xDA, 0xFF, 0xFF, 0xFF, 0xFF, 0xFF, 0xFF, 0xFF, 0xFF, 
0xFF, 0xFF, 0xFF, 0xB7, 0x16, 0x82, 0x02, 0x00, 0x02, 0x37, 0x5C, 0x6C, 
0x70, 0x73, 0x73, 0x70, 0x6C, 0x67, 0x5E, 0x53, 0x2A, 0x00, 0x81, 0xD4, 
0xD4, 0xD4, 0xD4, 0xD4, 0xD4, 0xD4, 0xD4, 0xD4, 0xD4, 0xD4, 0xD4, 0x31, 
0x00, 0x00, 0x9C, 0xFF, 0xB7, 0xB3, 0xB0, 0xB1, 0xFF, 0xE7, 0xB0, 0xB4, 
0xB1, 0xD5, 0xFF, 0x3C, 0x00, 0x00, 0x9C, 0xFF, 0x4F, 0xDF, 0x3A, 0x04, 
0xFF, 0xB0, 0x00, 0x84, 0xBF, 0x81, 0xFF, 0x3C, 0x00, 0x00, 0x9C, 0xFF, 
0x36, 0xDF, 0xF1, 0x30, 0xFF, 0xB0, 0x44, 0xFC, 0xAE, 0x78, 0xFF, 0x3C, 
0x00, 0x00, 0x9C, 0xFF, 0x18, 0x24, 0xBA, 0x11, 0xFF, 0xB0, 0x47, 0xC6, 
0x13, 0x78, 0xFF, 0x3C, 0x00, 0x00, 0x9C, 0xFF, 0xCD, 0xC8, 0xC8, 0xC8, 
0xFF, 0xEE, 0xC8, 0xC8, 0xC8, 0xE2, 0xFF, 0x3C, 0x00, 0x00, 0x79, 0xC8, 
0xC8, 0xC8, 0xC8, 0xC8, 0xFF, 0xEE, 0xC8, 0xC8, 0xC8, 0xC8, 0xC8, 0x2E, 
0x00, 0x00, 0x17, 0x1C, 0x1C, 0x1C, 0x1C, 0x1F, 0xFF, 0xB8, 0x1C, 0x1C, 
0x1C, 0x1C, 0x1C, 0x0D, 0x00, 0x00, 0xD8, 0xFF, 0xFF, 0xFF, 0xFF, 0xFF, 
0xFF, 0xFF, 0xFF, 0xFF, 0xFF, 0xFF, 0xFF, 0x78, 0x00, 0x00, 0x65, 0x78, 
0x78, 0x78, 0x78, 0x7A, 0xFF, 0xD5, 0x78, 0x78, 0x78, 0x78, 0x78, 0x38, 
0x00, 0x62, 0x64, 0x64, 0x64, 0x64, 0x64, 0x66, 0xFF, 0xCF, 0x64, 0x64, 
0x64, 0x64, 0x64, 0x64, 0x3C, 0xFC, 0xFF, 0xFF, 0xFF, 0xFF, 0xFF, 0xFF, 
0xFF, 0xFF, 0xFF, 0xFF, 0xFF, 0xFF, 0xFF, 0xFF, 0x9C, 0x23, 0x75, 0xAF, 
0x35, 0x30, 0x77, 0x53, 0x24, 0x3F, 0x9A, 0x2E, 0x24, 0x68, 0xAA, 0x24, 
0x15, 0x05, 0xD7, 0xF4, 0x11, 0x20, 0xFF, 0x9D, 0x00, 0x67, 0xFF, 0x7B, 
0x00, 0xAF, 0xFF, 0x67, 0x00, 0x86, 0xFF, 0x8B, 0x00, 0x00, 0xE5, 0xE5, 
0x00, 0x0B, 0xF2, 0xE6, 0x04, 0x1D, 0xF4, 0xF2, 0x1B, 0x80, 0xE0, 0x0E, 
0x00, 0x00, 0x83, 0x6C, 0x03, 0x00, 0x72, 0x50, 0x01, 0x00, 0x7E, 0x8A, 
0x04, 0x00, 0x05, 0x00, 0x00, 0x00, 0x00, 0x00, 0x00, 0x00, 0x00, 0x00, 
0x00, 0x00, 0x00, 0x00, 0x00, 0x00, 0x23, 0xE9, 0x98, 0xBF, 0xE9, 0x87, 
0x8C, 0xE5, 0xB7, 0xB4, 0xE5, 0xB7, 0xB4, 0xE6, 0x99, 0xAE, 0xE6, 0x83, 
0xA0, 0xE4, 0xBD, 0x93, 0x20, 0x33, 0x20, 0x37, 0x35, 0x20, 0x53, 0x65, 
0x6D, 0x69, 0x42, 0x6F, 0x6C, 0x64, 0x00, 0x1C, 0x41, 0x6C, 0x69, 0x62, 
0x61, 0x62, 0x61, 0x50, 0x75, 0x48, 0x75, 0x69, 0x54, 0x69, 0x5F, 0x33, 
0x5F, 0x37, 0x35, 0x5F, 0x53, 0x65, 0x6D, 0x69, 0x42, 0x6F, 0x6C, 0x64, 
0x01
};
