#include <pgmspace.h>
const uint8_t  configTitle_26[] PROGMEM = {
0x00, 0x00, 0x00, 0x61, 0x00, 0x00, 0x00, 0x0B, 0x00, 0x00, 0x00, 0x1A, 
0x00, 0x00, 0x00, 0x00, 0x00, 0x00, 0x00, 0x14, 0x00, 0x00, 0x00, 0x06, 
0x00, 0x00, 0x00, 0x21, 0x00, 0x00, 0x00, 0x14, 0x00, 0x00, 0x00, 0x06, 
0x00, 0x00, 0x00, 0x0A, 0x00, 0x00, 0x00, 0x13, 0x00, 0x00, 0x00, 0x02, 
0x00, 0x00, 0x00, 0x00, 0x00, 0x00, 0x00, 0x22, 0x00, 0x00, 0x00, 0x08, 
0x00, 0x00, 0x00, 0x0B, 0x00, 0x00, 0x00, 0x0B, 0x00, 0x00, 0x00, 0x14, 
0x00, 0x00, 0x00, 0x00, 0x00, 0x00, 0x00, 0x00, 0x00, 0x00, 0x00, 0x23, 
0x00, 0x00, 0x00, 0x13, 0x00, 0x00, 0x00, 0x10, 0x00, 0x00, 0x00, 0x10, 
0x00, 0x00, 0x00, 0x13, 0x00, 0x00, 0x00, 0x00, 0x00, 0x00, 0x00, 0x00, 
0x00, 0x00, 0x00, 0x24, 0x00, 0x00, 0x00, 0x19, 0x00, 0x00, 0x00, 0x0E, 
0x00, 0x00, 0x00, 0x10, 0x00, 0x00, 0x00, 0x15, 0x00, 0x00, 0x00, 0x01, 
0x00, 0x00, 0x00, 0x00, 0x00, 0x00, 0x00, 0x25, 0x00, 0x00, 0x00, 0x14, 
0x00, 0x00, 0x00, 0x14, 0x00, 0x00, 0x00, 0x16, 0x00, 0x00, 0x00, 0x13, 
0x00, 0x00, 0x00, 0x01, 0x00, 0x00, 0x00, 0x00, 0x00, 0x00, 0x00, 0x26, 
0x00, 0x00, 0x00, 0x14, 0x00, 0x00, 0x00, 0x11, 0x00, 0x00, 0x00, 0x11, 
0x00, 0x00, 0x00, 0x13, 0x00, 0x00, 0x00, 0x00, 0x00, 0x00, 0x00, 0x00, 
0x00, 0x00, 0x00, 0x27, 0x00, 0x00, 0x00, 0x08, 0x00, 0x00, 0x00, 0x05, 
0x00, 0x00, 0x00, 0x06, 0x00, 0x00, 0x00, 0x14, 0x00, 0x00, 0x00, 0x00, 
0x00, 0x00, 0x00, 0x00, 0x00, 0x00, 0x00, 0x28, 0x00, 0x00, 0x00, 0x1A, 
0x00, 0x00, 0x00, 0x0A, 0x00, 0x00, 0x00, 0x0B, 0x00, 0x00, 0x00, 0x14, 
0x00, 0x00, 0x00, 0x01, 0x00, 0x00, 0x00, 0x00, 0x00, 0x00, 0x00, 0x29, 
0x00, 0x00, 0x00, 0x1A, 0x00, 0x00, 0x00, 0x0A, 0x00, 0x00, 0x00, 0x0B, 
0x00, 0x00, 0x00, 0x14, 0x00, 0x00, 0x00, 0x00, 0x00, 0x00, 0x00, 0x00, 
0x00, 0x00, 0x00, 0x2A, 0x00, 0x00, 0x00, 0x0B, 0x00, 0x00, 0x00, 0x0C, 
0x00, 0x00, 0x00, 0x0C, 0x00, 0x00, 0x00, 0x14, 0x00, 0x00, 0x00, 0x00, 
0x00, 0x00, 0x00, 0x00, 0x00, 0x00, 0x00, 0x2B, 0x00, 0x00, 0x00, 0x0F, 
0x00, 0x00, 0x00, 0x0F, 0x00, 0x00, 0x00, 0x0F, 0x00, 0x00, 0x00, 0x0F, 
0x00, 0x00, 0x00, 0x00, 0x00, 0x00, 0x00, 0x00, 0x00, 0x00, 0x00, 0x2C, 
0x00, 0x00, 0x00, 0x09, 0x00, 0x00, 0x00, 0x08, 0x00, 0x00, 0x00, 0x09, 
0x00, 0x00, 0x00, 0x05, 0x00, 0x00, 0x00, 0x00, 0x00, 0x00, 0x00, 0x00, 
0x00, 0x00, 0x00, 0x2D, 0x00, 0x00, 0x00, 0x04, 0x00, 0x00, 0x00, 0x09, 
0x00, 0x00, 0x00, 0x0B, 0x00, 0x00, 0x00, 0x0A, 0x00, 0x00, 0x00, 0x01, 
0x00, 0x00, 0x00, 0x00, 0x00, 0x00, 0x00, 0x2E, 0x00, 0x00, 0x00, 0x07, 
0x00, 0x00, 0x00, 0x06, 0x00, 0x00, 0x00, 0x09, 0x00, 0x00, 0x00, 0x06, 
0x00, 0x00, 0x00, 0x01, 0x00, 0x00, 0x00, 0x00, 0x00, 0x00, 0x00, 0x2F, 
0x00, 0x00, 0x00, 0x14, 0x00, 0x00, 0x00, 0x0B, 0x00, 0x00, 0x00, 0x0D, 
0x00, 0x00, 0x00, 0x13, 0x00, 0x00, 0x00, 0x01, 0x00, 0x00, 0x00, 0x00, 
0x00, 0x00, 0x00, 0x30, 0x00, 0x00, 0x00, 0x14, 0x00, 0x00, 0x00, 0x0F, 
0x00, 0x00, 0x00, 0x10, 0x00, 0x00, 0x00, 0x13, 0x00, 0x00, 0x00, 0x00, 
0x00, 0x00, 0x00, 0x00, 0x00, 0x00, 0x00, 0x31, 0x00, 0x00, 0x00, 0x13, 
0x00, 0x00, 0x00, 0x0A, 0x00, 0x00, 0x00, 0x10, 0x00, 0x00, 0x00, 0x13, 
0x00, 0x00, 0x00, 0x02, 0x00, 0x00, 0x00, 0x00, 0x00, 0x00, 0x00, 0x32, 
0x00, 0x00, 0x00, 0x13, 0x00, 0x00, 0x00, 0x0E, 0x00, 0x00, 0x00, 0x10, 
0x00, 0x00, 0x00, 0x13, 0x00, 0x00, 0x00, 0x01, 0x00, 0x00, 0x00, 0x00, 
0x00, 0x00, 0x00, 0x33, 0x00, 0x00, 0x00, 0x14, 0x00, 0x00, 0x00, 0x0D, 
0x00, 0x00, 0x00, 0x10, 0x00, 0x00, 0x00, 0x13, 0x00, 0x00, 0x00, 0x01, 
0x00, 0x00, 0x00, 0x00, 0x00, 0x00, 0x00, 0x34, 0x00, 0x00, 0x00, 0x13, 
0x00, 0x00, 0x00, 0x0F, 0x00, 0x00, 0x00, 0x10, 0x00, 0x00, 0x00, 0x13, 
0x00, 0x00, 0x00, 0x00, 0x00, 0x00, 0x00, 0x00, 0x00, 0x00, 0x00, 0x35, 
0x00, 0x00, 0x00, 0x14, 0x00, 0x00, 0x00, 0x0E, 0x00, 0x00, 0x00, 0x10, 
0x00, 0x00, 0x00, 0x13, 0x00, 0x00, 0x00, 0x01, 0x00, 0x00, 0x00, 0x00, 
0x00, 0x00, 0x00, 0x36, 0x00, 0x00, 0x00, 0x14, 0x00, 0x00, 0x00, 0x0E, 
0x00, 0x00, 0x00, 0x10, 0x00, 0x00, 0x00, 0x13, 0x00, 0x00, 0x00, 0x01, 
0x00, 0x00, 0x00, 0x00, 0x00, 0x00, 0x00, 0x37, 0x00, 0x00, 0x00, 0x13, 
0x00, 0x00, 0x00, 0x0D, 0x00, 0x00, 0x00, 0x10, 0x00, 0x00, 0x00, 0x13, 
0x00, 0x00, 0x00, 0x01, 0x00, 0x00, 0x00, 0x00, 0x00, 0x00, 0x00, 0x38, 
0x00, 0x00, 0x00, 0x14, 0x00, 0x00, 0x00, 0x0F, 0x00, 0x00, 0x00, 0x10, 
0x00, 0x00, 0x00, 0x13, 0x00, 0x00, 0x00, 0x00, 0x00, 0x00, 0x00, 0x00, 
0x00, 0x00, 0x00, 0x39, 0x00, 0x00, 0x00, 0x14, 0x00, 0x00, 0x00, 0x0E, 
0x00, 0x00, 0x00, 0x10, 0x00, 0x00, 0x00, 0x13, 0x00, 0x00, 0x00, 0x01, 
0x00, 0x00, 0x00, 0x00, 0x00, 0x00, 0x00, 0x3A, 0x00, 0x00, 0x00, 0x10, 
0x00, 0x00, 0x00, 0x06, 0x00, 0x00, 0x00, 0x0B, 0x00, 0x00, 0x00, 0x0F, 
0x00, 0x00, 0x00, 0x02, 0x00, 0x00, 0x00, 0x00, 0x00, 0x00, 0x00, 0x3B, 
0x00, 0x00, 0x00, 0x13, 0x00, 0x00, 0x00, 0x07, 0x00, 0x00, 0x00, 0x0B, 
0x00, 0x00, 0x00, 0x0F, 0x00, 0x00, 0x00, 0x01, 0x00, 0x00, 0x00, 0x00, 
0x00, 0x00, 0x00, 0x3C, 0x00, 0x00, 0x00, 0x11, 0x00, 0x00, 0x00, 0x0F, 
0x00, 0x00, 0x00, 0x0F, 0x00, 0x00, 0x00, 0x10, 0x00, 0x00, 0x00, 0x00, 
0x00, 0x00, 0x00, 0x00, 0x00, 0x00, 0x00, 0x3D, 0x00, 0x00, 0x00, 0x0C, 
0x00, 0x00, 0x00, 0x0F, 0x00, 0x00, 0x00, 0x0F, 0x00, 0x00, 0x00, 0x0E, 
0x00, 0x00, 0x00, 0x00, 0x00, 0x00, 0x00, 0x00, 0x00, 0x00, 0x00, 0x3E, 
0x00, 0x00, 0x00, 0x11, 0x00, 0x00, 0x00, 0x0F, 0x00, 0x00, 0x00, 0x0F, 
0x00, 0x00, 0x00, 0x10, 0x00, 0x00, 0x00, 0x00, 0x00, 0x00, 0x00, 0x00, 
0x00, 0x00, 0x00, 0x3F, 0x00, 0x00, 0x00, 0x14, 0x00, 0x00, 0x00, 0x0C, 
0x00, 0x00, 0x00, 0x0C, 0x00, 0x00, 0x00, 0x13, 0x00, 0x00, 0x00, 0x00, 
0x00, 0x00, 0x00, 0x00, 0x00, 0x00, 0x00, 0x40, 0x00, 0x00, 0x00, 0x16, 
0x00, 0x00, 0x00, 0x16, 0x00, 0x00, 0x00, 0x16, 0x00, 0x00, 0x00, 0x13, 
0x00, 0x00, 0x00, 0x00, 0x00, 0x00, 0x00, 0x00, 0x00, 0x00, 0x00, 0x41, 
0x00, 0x00, 0x00, 0x13, 0x00, 0x00, 0x00, 0x14, 0x00, 0x00, 0x00, 0x13, 
0x00, 0x00, 0x00, 0x13, 0x00, 0x00, 0x00, 0x00, 0x00, 0x00, 0x00, 0x00, 
0x00, 0x00, 0x00, 0x42, 0x00, 0x00, 0x00, 0x13, 0x00, 0x00, 0x00, 0x0F, 
0x00, 0x00, 0x00, 0x11, 0x00, 0x00, 0x00, 0x13, 0x00, 0x00, 0x00, 0x01, 
0x00, 0x00, 0x00, 0x00, 0x00, 0x00, 0x00, 0x43, 0x00, 0x00, 0x00, 0x14, 
0x00, 0x00, 0x00, 0x0E, 0x00, 0x00, 0x00, 0x10, 0x00, 0x00, 0x00, 0x13, 
0x00, 0x00, 0x00, 0x01, 0x00, 0x00, 0x00, 0x00, 0x00, 0x00, 0x00, 0x44, 
0x00, 0x00, 0x00, 0x13, 0x00, 0x00, 0x00, 0x11, 0x00, 0x00, 0x00, 0x13, 
0x00, 0x00, 0x00, 0x13, 0x00, 0x00, 0x00, 0x01, 0x00, 0x00, 0x00, 0x00, 
0x00, 0x00, 0x00, 0x45, 0x00, 0x00, 0x00, 0x13, 0x00, 0x00, 0x00, 0x0D, 
0x00, 0x00, 0x00, 0x0F, 0x00, 0x00, 0x00, 0x13, 0x00, 0x00, 0x00, 0x01, 
0x00, 0x00, 0x00, 0x00, 0x00, 0x00, 0x00, 0x46, 0x00, 0x00, 0x00, 0x13, 
0x00, 0x00, 0x00, 0x0D, 0x00, 0x00, 0x00, 0x0E, 0x00, 0x00, 0x00, 0x13, 
0x00, 0x00, 0x00, 0x01, 0x00, 0x00, 0x00, 0x00, 0x00, 0x00, 0x00, 0x47, 
0x00, 0x00, 0x00, 0x14, 0x00, 0x00, 0x00, 0x10, 0x00, 0x00, 0x00, 0x12, 
0x00, 0x00, 0x00, 0x13, 0x00, 0x00, 0x00, 0x01, 0x00, 0x00, 0x00, 0x00, 
0x00, 0x00, 0x00, 0x48, 0x00, 0x00, 0x00, 0x13, 0x00, 0x00, 0x00, 0x11, 
0x00, 0x00, 0x00, 0x13, 0x00, 0x00, 0x00, 0x13, 0x00, 0x00, 0x00, 0x01, 
0x00, 0x00, 0x00, 0x00, 0x00, 0x00, 0x00, 0x49, 0x00, 0x00, 0x00, 0x13, 
0x00, 0x00, 0x00, 0x06, 0x00, 0x00, 0x00, 0x08, 0x00, 0x00, 0x00, 0x13, 
0x00, 0x00, 0x00, 0x01, 0x00, 0x00, 0x00, 0x00, 0x00, 0x00, 0x00, 0x4A, 
0x00, 0x00, 0x00, 0x18, 0x00, 0x00, 0x00, 0x0A, 0x00, 0x00, 0x00, 0x08, 
0x00, 0x00, 0x00, 0x13, 0xFF, 0xFF, 0xFF, 0xFD, 0x00, 0x00, 0x00, 0x00, 
0x00, 0x00, 0x00, 0x4B, 0x00, 0x00, 0x00, 0x13, 0x00, 0x00, 0x00, 0x11, 
0x00, 0x00, 0x00, 0x12, 0x00, 0x00, 0x00, 0x13, 0x00, 0x00, 0x00, 0x01, 
0x00, 0x00, 0x00, 0x00, 0x00, 0x00, 0x00, 0x4C, 0x00, 0x00, 0x00, 0x13, 
0x00, 0x00, 0x00, 0x0D, 0x00, 0x00, 0x00, 0x0E, 0x00, 0x00, 0x00, 0x13, 
0x00, 0x00, 0x00, 0x01, 0x00, 0x00, 0x00, 0x00, 0x00, 0x00, 0x00, 0x4D, 
0x00, 0x00, 0x00, 0x13, 0x00, 0x00, 0x00, 0x15, 0x00, 0x00, 0x00, 0x17, 
0x00, 0x00, 0x00, 0x13, 0x00, 0x00, 0x00, 0x01, 0x00, 0x00, 0x00, 0x00, 
0x00, 0x00, 0x00, 0x4E, 0x00, 0x00, 0x00, 0x13, 0x00, 0x00, 0x00, 0x12, 
0x00, 0x00, 0x00, 0x14, 0x00, 0x00, 0x00, 0x13, 0x00, 0x00, 0x00, 0x01, 
0x00, 0x00, 0x00, 0x00, 0x00, 0x00, 0x00, 0x4F, 0x00, 0x00, 0x00, 0x14, 
0x00, 0x00, 0x00, 0x12, 0x00, 0x00, 0x00, 0x13, 0x00, 0x00, 0x00, 0x13, 
0x00, 0x00, 0x00, 0x01, 0x00, 0x00, 0x00, 0x00, 0x00, 0x00, 0x00, 0x50, 
0x00, 0x00, 0x00, 0x13, 0x00, 0x00, 0x00, 0x0F, 0x00, 0x00, 0x00, 0x11, 
0x00, 0x00, 0x00, 0x13, 0x00, 0x00, 0x00, 0x01, 0x00, 0x00, 0x00, 0x00, 
0x00, 0x00, 0x00, 0x51, 0x00, 0x00, 0x00, 0x17, 0x00, 0x00, 0x00, 0x12, 
0x00, 0x00, 0x00, 0x13, 0x00, 0x00, 0x00, 0x13, 0x00, 0x00, 0x00, 0x01, 
0x00, 0x00, 0x00, 0x00, 0x00, 0x00, 0x00, 0x52, 0x00, 0x00, 0x00, 0x13, 
0x00, 0x00, 0x00, 0x11, 0x00, 0x00, 0x00, 0x11, 0x00, 0x00, 0x00, 0x13, 
0x00, 0x00, 0x00, 0x01, 0x00, 0x00, 0x00, 0x00, 0x00, 0x00, 0x00, 0x53, 
0x00, 0x00, 0x00, 0x14, 0x00, 0x00, 0x00, 0x0D, 0x00, 0x00, 0x00, 0x0F, 
0x00, 0x00, 0x00, 0x13, 0x00, 0x00, 0x00, 0x01, 0x00, 0x00, 0x00, 0x00, 
0x00, 0x00, 0x00, 0x54, 0x00, 0x00, 0x00, 0x13, 0x00, 0x00, 0x00, 0x0F, 
0x00, 0x00, 0x00, 0x0F, 0x00, 0x00, 0x00, 0x13, 0x00, 0x00, 0x00, 0x00, 
0x00, 0x00, 0x00, 0x00, 0x00, 0x00, 0x00, 0x55, 0x00, 0x00, 0x00, 0x14, 
0x00, 0x00, 0x00, 0x11, 0x00, 0x00, 0x00, 0x13, 0x00, 0x00, 0x00, 0x13, 
0x00, 0x00, 0x00, 0x01, 0x00, 0x00, 0x00, 0x00, 0x00, 0x00, 0x00, 0x56, 
0x00, 0x00, 0x00, 0x13, 0x00, 0x00, 0x00, 0x13, 0x00, 0x00, 0x00, 0x13, 
0x00, 0x00, 0x00, 0x13, 0x00, 0x00, 0x00, 0x00, 0x00, 0x00, 0x00, 0x00, 
0x00, 0x00, 0x00, 0x57, 0x00, 0x00, 0x00, 0x13, 0x00, 0x00, 0x00, 0x19, 
0x00, 0x00, 0x00, 0x19, 0x00, 0x00, 0x00, 0x13, 0x00, 0x00, 0x00, 0x00, 
0x00, 0x00, 0x00, 0x00, 0x00, 0x00, 0x00, 0x58, 0x00, 0x00, 0x00, 0x13, 
0x00, 0x00, 0x00, 0x13, 0x00, 0x00, 0x00, 0x12, 0x00, 0x00, 0x00, 0x13, 
0x00, 0x00, 0x00, 0x00, 0x00, 0x00, 0x00, 0x00, 0x00, 0x00, 0x00, 0x59, 
0x00, 0x00, 0x00, 0x13, 0x00, 0x00, 0x00, 0x12, 0x00, 0x00, 0x00, 0x12, 
0x00, 0x00, 0x00, 0x13, 0x00, 0x00, 0x00, 0x00, 0x00, 0x00, 0x00, 0x00, 
0x00, 0x00, 0x00, 0x5A, 0x00, 0x00, 0x00, 0x13, 0x00, 0x00, 0x00, 0x10, 
0x00, 0x00, 0x00, 0x11, 0x00, 0x00, 0x00, 0x13, 0x00, 0x00, 0x00, 0x01, 
0x00, 0x00, 0x00, 0x00, 0x00, 0x00, 0x00, 0x5B, 0x00, 0x00, 0x00, 0x1A, 
0x00, 0x00, 0x00, 0x08, 0x00, 0x00, 0x00, 0x09, 0x00, 0x00, 0x00, 0x14, 
0x00, 0x00, 0x00, 0x01, 0x00, 0x00, 0x00, 0x00, 0x00, 0x00, 0x00, 0x5C, 
0x00, 0x00, 0x00, 0x17, 0x00, 0x00, 0x00, 0x0D, 0x00, 0x00, 0x00, 0x0D, 
0x00, 0x00, 0x00, 0x14, 0x00, 0x00, 0x00, 0x00, 0x00, 0x00, 0x00, 0x00, 
0x00, 0x00, 0x00, 0x5D, 0x00, 0x00, 0x00, 0x1A, 0x00, 0x00, 0x00, 0x08, 
0x00, 0x00, 0x00, 0x09, 0x00, 0x00, 0x00, 0x14, 0x00, 0x00, 0x00, 0x00, 
0x00, 0x00, 0x00, 0x00, 0x00, 0x00, 0x00, 0x5E, 0x00, 0x00, 0x00, 0x0B, 
0x00, 0x00, 0x00, 0x0D, 0x00, 0x00, 0x00, 0x0F, 0x00, 0x00, 0x00, 0x13, 
0x00, 0x00, 0x00, 0x01, 0x00, 0x00, 0x00, 0x00, 0x00, 0x00, 0x00, 0x5F, 
0x00, 0x00, 0x00, 0x04, 0x00, 0x00, 0x00, 0x0D, 0x00, 0x00, 0x00, 0x0D, 
0xFF, 0xFF, 0xFF, 0xFE, 0x00, 0x00, 0x00, 0x00, 0x00, 0x00, 0x00, 0x00, 
0x00, 0x00, 0x00, 0x60, 0x00, 0x00, 0x00, 0x05, 0x00, 0x00, 0x00, 0x08, 
0x00, 0x00, 0x00, 0x0C, 0x00, 0x00, 0x00, 0x14, 0x00, 0x00, 0x00, 0x01, 
0x00, 0x00, 0x00, 0x00, 0x00, 0x00, 0x00, 0x61, 0x00, 0x00, 0x00, 0x10, 
0x00, 0x00, 0x00, 0x0F, 0x00, 0x00, 0x00, 0x10, 0x00, 0x00, 0x00, 0x0F, 
0x00, 0x00, 0x00, 0x00, 0x00, 0x00, 0x00, 0x00, 0x00, 0x00, 0x00, 0x62, 
0x00, 0x00, 0x00, 0x15, 0x00, 0x00, 0x00, 0x0F, 0x00, 0x00, 0x00, 0x11, 
0x00, 0x00, 0x00, 0x14, 0x00, 0x00, 0x00, 0x01, 0x00, 0x00, 0x00, 0x00, 
0x00, 0x00, 0x00, 0x63, 0x00, 0x00, 0x00, 0x10, 0x00, 0x00, 0x00, 0x0B, 
0x00, 0x00, 0x00, 0x0D, 0x00, 0x00, 0x00, 0x0F, 0x00, 0x00, 0x00, 0x01, 
0x00, 0x00, 0x00, 0x00, 0x00, 0x00, 0x00, 0x64, 0x00, 0x00, 0x00, 0x15, 
0x00, 0x00, 0x00, 0x0F, 0x00, 0x00, 0x00, 0x11, 0x00, 0x00, 0x00, 0x14, 
0x00, 0x00, 0x00, 0x01, 0x00, 0x00, 0x00, 0x00, 0x00, 0x00, 0x00, 0x65, 
0x00, 0x00, 0x00, 0x10, 0x00, 0x00, 0x00, 0x0E, 0x00, 0x00, 0x00, 0x0F, 
0x00, 0x00, 0x00, 0x0F, 0x00, 0x00, 0x00, 0x01, 0x00, 0x00, 0x00, 0x00, 
0x00, 0x00, 0x00, 0x66, 0x00, 0x00, 0x00, 0x14, 0x00, 0x00, 0x00, 0x0A, 
0x00, 0x00, 0x00, 0x09, 0x00, 0x00, 0x00, 0x14, 0x00, 0x00, 0x00, 0x00, 
0x00, 0x00, 0x00, 0x00, 0x00, 0x00, 0x00, 0x67, 0x00, 0x00, 0x00, 0x15, 
0x00, 0x00, 0x00, 0x0F, 0x00, 0x00, 0x00, 0x11, 0x00, 0x00, 0x00, 0x0F, 
0x00, 0x00, 0x00, 0x01, 0x00, 0x00, 0x00, 0x00, 0x00, 0x00, 0x00, 0x68, 
0x00, 0x00, 0x00, 0x14, 0x00, 0x00, 0x00, 0x0F, 0x00, 0x00, 0x00, 0x11, 
0x00, 0x00, 0x00, 0x14, 0x00, 0x00, 0x00, 0x01, 0x00, 0x00, 0x00, 0x00, 
0x00, 0x00, 0x00, 0x69, 0x00, 0x00, 0x00, 0x15, 0x00, 0x00, 0x00, 0x06, 
0x00, 0x00, 0x00, 0x08, 0x00, 0x00, 0x00, 0x15, 0x00, 0x00, 0x00, 0x01, 
0x00, 0x00, 0x00, 0x00, 0x00, 0x00, 0x00, 0x6A, 0x00, 0x00, 0x00, 0x1B, 
0x00, 0x00, 0x00, 0x09, 0x00, 0x00, 0x00, 0x08, 0x00, 0x00, 0x00, 0x15, 
0xFF, 0xFF, 0xFF, 0xFE, 0x00, 0x00, 0x00, 0x00, 0x00, 0x00, 0x00, 0x6B, 
0x00, 0x00, 0x00, 0x14, 0x00, 0x00, 0x00, 0x0F, 0x00, 0x00, 0x00, 0x0F, 
0x00, 0x00, 0x00, 0x14, 0x00, 0x00, 0x00, 0x01, 0x00, 0x00, 0x00, 0x00, 
0x00, 0x00, 0x00, 0x6C, 0x00, 0x00, 0x00, 0x15, 0x00, 0x00, 0x00, 0x07, 
0x00, 0x00, 0x00, 0x08, 0x00, 0x00, 0x00, 0x14, 0x00, 0x00, 0x00, 0x01, 
0x00, 0x00, 0x00, 0x00, 0x00, 0x00, 0x00, 0x6D, 0x00, 0x00, 0x00, 0x0F, 
0x00, 0x00, 0x00, 0x17, 0x00, 0x00, 0x00, 0x19, 0x00, 0x00, 0x00, 0x0F, 
0x00, 0x00, 0x00, 0x01, 0x00, 0x00, 0x00, 0x00, 0x00, 0x00, 0x00, 0x6E, 
0x00, 0x00, 0x00, 0x0F, 0x00, 0x00, 0x00, 0x0F, 0x00, 0x00, 0x00, 0x11, 
0x00, 0x00, 0x00, 0x0F, 0x00, 0x00, 0x00, 0x01, 0x00, 0x00, 0x00, 0x00, 
0x00, 0x00, 0x00, 0x6F, 0x00, 0x00, 0x00, 0x10, 0x00, 0x00, 0x00, 0x0F, 
0x00, 0x00, 0x00, 0x10, 0x00, 0x00, 0x00, 0x0F, 0x00, 0x00, 0x00, 0x01, 
0x00, 0x00, 0x00, 0x00, 0x00, 0x00, 0x00, 0x70, 0x00, 0x00, 0x00, 0x15, 
0x00, 0x00, 0x00, 0x0F, 0x00, 0x00, 0x00, 0x11, 0x00, 0x00, 0x00, 0x0F, 
0x00, 0x00, 0x00, 0x01, 0x00, 0x00, 0x00, 0x00, 0x00, 0x00, 0x00, 0x71, 
0x00, 0x00, 0x00, 0x15, 0x00, 0x00, 0x00, 0x0F, 0x00, 0x00, 0x00, 0x11, 
0x00, 0x00, 0x00, 0x0F, 0x00, 0x00, 0x00, 0x01, 0x00, 0x00, 0x00, 0x00, 
0x00, 0x00, 0x00, 0x72, 0x00, 0x00, 0x00, 0x0F, 0x00, 0x00, 0x00, 0x0A, 
0x00, 0x00, 0x00, 0x0B, 0x00, 0x00, 0x00, 0x0F, 0x00, 0x00, 0x00, 0x01, 
0x00, 0x00, 0x00, 0x00, 0x00, 0x00, 0x00, 0x73, 0x00, 0x00, 0x00, 0x10, 
0x00, 0x00, 0x00, 0x0B, 0x00, 0x00, 0x00, 0x0D, 0x00, 0x00, 0x00, 0x0F, 
0x00, 0x00, 0x00, 0x01, 0x00, 0x00, 0x00, 0x00, 0x00, 0x00, 0x00, 0x74, 
0x00, 0x00, 0x00, 0x13, 0x00, 0x00, 0x00, 0x0A, 0x00, 0x00, 0x00, 0x0A, 
0x00, 0x00, 0x00, 0x12, 0x00, 0x00, 0x00, 0x00, 0x00, 0x00, 0x00, 0x00, 
0x00, 0x00, 0x00, 0x75, 0x00, 0x00, 0x00, 0x10, 0x00, 0x00, 0x00, 0x0E, 
0x00, 0x00, 0x00, 0x11, 0x00, 0x00, 0x00, 0x0F, 0x00, 0x00, 0x00, 0x01, 
0x00, 0x00, 0x00, 0x00, 0x00, 0x00, 0x00, 0x76, 0x00, 0x00, 0x00, 0x0F, 
0x00, 0x00, 0x00, 0x10, 0x00, 0x00, 0x00, 0x10, 0x00, 0x00, 0x00, 0x0F, 
0x00, 0x00, 0x00, 0x00, 0x00, 0x00, 0x00, 0x00, 0x00, 0x00, 0x00, 0x77, 
0x00, 0x00, 0x00, 0x0F, 0x00, 0x00, 0x00, 0x17, 0x00, 0x00, 0x00, 0x17, 
0x00, 0x00, 0x00, 0x0F, 0x00, 0x00, 0x00, 0x00, 0x00, 0x00, 0x00, 0x00, 
0x00, 0x00, 0x00, 0x78, 0x00, 0x00, 0x00, 0x0F, 0x00, 0x00, 0x00, 0x10, 
0x00, 0x00, 0x00, 0x10, 0x00, 0x00, 0x00, 0x0F, 0x00, 0x00, 0x00, 0x00, 
0x00, 0x00, 0x00, 0x00, 0x00, 0x00, 0x00, 0x79, 0x00, 0x00, 0x00, 0x15, 
0x00, 0x00, 0x00, 0x10, 0x00, 0x00, 0x00, 0x10, 0x00, 0x00, 0x00, 0x0F, 
0x00, 0x00, 0x00, 0x00, 0x00, 0x00, 0x00, 0x00, 0x00, 0x00, 0x00, 0x7A, 
0x00, 0x00, 0x00, 0x0F, 0x00, 0x00, 0x00, 0x0D, 0x00, 0x00, 0x00, 0x0F, 
0x00, 0x00, 0x00, 0x0F, 0x00, 0x00, 0x00, 0x01, 0x00, 0x00, 0x00, 0x00, 
0x00, 0x00, 0x00, 0x7B, 0x00, 0x00, 0x00, 0x1A, 0x00, 0x00, 0x00, 0x0A, 
0x00, 0x00, 0x00, 0x0A, 0x00, 0x00, 0x00, 0x14, 0x00, 0x00, 0x00, 0x00, 
0x00, 0x00, 0x00, 0x00, 0x00, 0x00, 0x00, 0x7C, 0x00, 0x00, 0x00, 0x1A, 
0x00, 0x00, 0x00, 0x04, 0x00, 0x00, 0x00, 0x06, 0x00, 0x00, 0x00, 0x14, 
0x00, 0x00, 0x00, 0x01, 0x00, 0x00, 0x00, 0x00, 0x00, 0x00, 0x00, 0x7D, 
0x00, 0x00, 0x00, 0x1A, 0x00, 0x00, 0x00, 0x09, 0x00, 0x00, 0x00, 0x0A, 
0x00, 0x00, 0x00, 0x14, 0x00, 0x00, 0x00, 0x00, 0x00, 0x00, 0x00, 0x00, 
0x00, 0x00, 0x00, 0x7E, 0x00, 0x00, 0x00, 0x06, 0x00, 0x00, 0x00, 0x0F, 
0x00, 0x00, 0x00, 0x0F, 0x00, 0x00, 0x00, 0x0B, 0x00, 0x00, 0x00, 0x00, 
0x00, 0x00, 0x00, 0x00, 0x00, 0x00, 0x21, 0x03, 0x00, 0x00, 0x00, 0x14, 
0x00, 0x00, 0x00, 0x19, 0x00, 0x00, 0x00, 0x1A, 0x00, 0x00, 0x00, 0x13, 
0x00, 0x00, 0x00, 0x00, 0x00, 0x00, 0x00, 0x00, 0x00, 0x00, 0x7F, 0x6E, 
0x00, 0x00, 0x00, 0x18, 0x00, 0x00, 0x00, 0x18, 0x00, 0x00, 0x00, 0x1A, 
0x00, 0x00, 0x00, 0x15, 0x00, 0x00, 0x00, 0x01, 0x00, 0x00, 0x00, 0x00, 
0x00, 0x00, 0x8B, 0xBE, 0x00, 0x00, 0x00, 0x18, 0x00, 0x00, 0x00, 0x18, 
0x00, 0x00, 0x00, 0x1A, 0x00, 0x00, 0x00, 0x15, 0x00, 0x00, 0x00, 0x01, 
0x00, 0x00, 0x00, 0x00, 0x06, 0x0C, 0x0C, 0x0C, 0x0C, 0x03, 0x79, 0xFF, 
0xFF, 0xFF, 0xFF, 0x48, 0x6C, 0xFF, 0xFF, 0xFF, 0xFF, 0x3B, 0x60, 0xFF, 
0xFF, 0xFF, 0xFF, 0x2F, 0x53, 0xFF, 0xFF, 0xFF, 0xFF, 0x22, 0x46, 0xFF, 
0xFF, 0xFF, 0xFF, 0x15, 0x39, 0xFF, 0xFF, 0xFF, 0xFF, 0x08, 0x2D, 0xFF, 
0xFF, 0xFF, 0xFC, 0x00, 0x20, 0xFF, 0xFF, 0xFF, 0xEF, 0x00, 0x13, 0xFF, 
0xFF, 0xFF, 0xE2, 0x00, 0x06, 0xFF, 0xFF, 0xFF, 0xD5, 0x00, 0x00, 0xE6, 
0xEC, 0xEC, 0xB9, 0x00, 0x00, 0x00, 0x00, 0x00, 0x00, 0x00, 0x00, 0x00, 
0x00, 0x00, 0x00, 0x00, 0x07, 0x71, 0x96, 0x93, 0x5D, 0x00, 0x66, 0xFF, 
0xFF, 0xFF, 0xFF, 0x31, 0x84, 0xFF, 0xFF, 0xFF, 0xFF, 0x4F, 0x7D, 0xFF, 
0xFF, 0xFF, 0xFF, 0x48, 0x38, 0xF6, 0xFF, 0xFF, 0xE7, 0x13, 0x00, 0x09, 
0x23, 0x20, 0x04, 0x00, 0x1D, 0xC4, 0xC4, 0xC4, 0xA7, 0x00, 0xBC, 0xC4, 
0xC4, 0xC4, 0x0E, 0x12, 0xFF, 0xFF, 0xFF, 0xC6, 0x00, 0xE0, 0xFF, 0xFF, 
0xFC, 0x02, 0x00, 0xF9, 0xFF, 0xFF, 0xAE, 0x00, 0xC7, 0xFF, 0xFF, 0xE6, 
0x00, 0x00, 0xE2, 0xFF, 0xFF, 0x97, 0x00, 0xAD, 0xFF, 0xFF, 0xCF, 0x00, 
0x00, 0xCB, 0xFF, 0xFF, 0x80, 0x00, 0x94, 0xFF, 0xFF, 0xB8, 0x00, 0x00, 
0xB3, 0xFF, 0xFF, 0x68, 0x00, 0x7A, 0xFF, 0xFF, 0xA0, 0x00, 0x00, 0x9B, 
0xFF, 0xFF, 0x51, 0x00, 0x61, 0xFF, 0xFF, 0x89, 0x00, 0x00, 0x7B, 0xF0, 
0xF0, 0x36, 0x00, 0x43, 0xF0, 0xF0, 0x6B, 0x00, 0x00, 0x00, 0x00, 0x00, 
0x0C, 0x0C, 0x0C, 0x05, 0x00, 0x00, 0x02, 0x0C, 0x0C, 0x0C, 0x03, 0x00, 
0x00, 0x00, 0x00, 0x29, 0xFF, 0xFF, 0xFF, 0x5B, 0x00, 0x00, 0x48, 0xFF, 
0xFF, 0xFF, 0x37, 0x00, 0x00, 0x00, 0x00, 0x4F, 0xFF, 0xFF, 0xFF, 0x35, 
0x00, 0x00, 0x6D, 0xFF, 0xFF, 0xFF, 0x11, 0x00, 0x00, 0x00, 0x00, 0x75, 
0xFF, 0xFF, 0xFF, 0x0F, 0x00, 0x00, 0x92, 0xFF, 0xFF, 0xEB, 0x00, 0x00, 
0x00, 0x00, 0x00, 0x9B, 0xFF, 0xFF, 0xE9, 0x00, 0x00, 0x00, 0xB7, 0xFF, 
0xFF, 0xC5, 0x00, 0x00, 0x91, 0xD4, 0xD4, 0xF2, 0xFF, 0xFF, 0xF8, 0xD4, 
0xD4, 0xD4, 0xF7, 0xFF, 0xFF, 0xF2, 0xD4, 0x31, 0xB0, 0xFF, 0xFF, 0xFF, 
0xFF, 0xFF, 0xFF, 0xFF, 0xFF, 0xFF, 0xFF, 0xFF, 0xFF, 0xFF, 0xFF, 0x3C, 
0xB0, 0xFF, 0xFF, 0xFF, 0xFF, 0xFF, 0xFF, 0xFF, 0xFF, 0xFF, 0xFF, 0xFF, 
0xFF, 0xFF, 0xFF, 0x3C, 0x21, 0x30, 0x52, 0xFF, 0xFF, 0xFF, 0x71, 0x30, 
0x30, 0x70, 0xFF, 0xFF, 0xFF, 0x54, 0x30, 0x0B, 0x00, 0x00, 0x4C, 0xFF, 
0xFF, 0xFF, 0x2C, 0x00, 0x00, 0x70, 0xFF, 0xFF, 0xFF, 0x0C, 0x00, 0x00, 
0x00, 0x00, 0x70, 0xFF, 0xFF, 0xFD, 0x08, 0x00, 0x00, 0x94, 0xFF, 0xFF, 
0xE7, 0x00, 0x00, 0x00, 0x5A, 0x84, 0xC7, 0xFF, 0xFF, 0xF4, 0x84, 0x84, 
0x84, 0xD9, 0xFF, 0xFF, 0xE7, 0x84, 0x84, 0x1E, 0xB0, 0xFF, 0xFF, 0xFF, 
0xFF, 0xFF, 0xFF, 0xFF, 0xFF, 0xFF, 0xFF, 0xFF, 0xFF, 0xFF, 0xFF, 0x3C, 
0xB0, 0xFF, 0xFF, 0xFF, 0xFF, 0xFF, 0xFF, 0xFF, 0xFF, 0xFF, 0xFF, 0xFF, 
0xFF, 0xFF, 0xFF, 0x3C, 0x5D, 0x8F, 0xFF, 0xFF, 0xFF, 0xB8, 0x88, 0x88, 
0x9E, 0xFF, 0xFF, 0xFF, 0xA7, 0x88, 0x88, 0x1F, 0x00, 0x2C, 0xFF, 0xFF, 
0xFF, 0x4B, 0x00, 0x00, 0x4D, 0xFF, 0xFF, 0xFF, 0x27, 0x00, 0x00, 0x00, 
0x00, 0x50, 0xFF, 0xFF, 0xFF, 0x25, 0x00, 0x00, 0x72, 0xFF, 0xFF, 0xFC, 
0x05, 0x00, 0x00, 0x00, 0x00, 0x75, 0xFF, 0xFF, 0xFB, 0x04, 0x00, 0x00, 
0x98, 0xFF, 0xFF, 0xDC, 0x00, 0x00, 0x00, 0x00, 0x00, 0x9A, 0xFF, 0xFF, 
0xDA, 0x00, 0x00, 0x00, 0xBD, 0xFF, 0xFF, 0xB6, 0x00, 0x00, 0x00, 0x00, 
0x00, 0x00, 0x00, 0x00, 0x00, 0x23, 0x78, 0x5B, 0x00, 0x00, 0x00, 0x00, 
0x00, 0x00, 0x00, 0x00, 0x00, 0x00, 0x00, 0x4C, 0xFF, 0xC4, 0x00, 0x00, 
0x00, 0x00, 0x00, 0x00, 0x00, 0x00, 0x00, 0x00, 0x00, 0x4E, 0xFF, 0xC6, 
0x00, 0x00, 0x00, 0x00, 0x00, 0x00, 0x00, 0x00, 0x46, 0xAB, 0xE6, 0xFE, 
0xFF, 0xFF, 0xF8, 0xE0, 0xC1, 0x91, 0x00, 0x00, 0x00, 0x90, 0xFF, 0xFF, 
0xFF, 0xFF, 0xFF, 0xFF, 0xFF, 0xFF, 0xFF, 0xFF, 0x00, 0x00, 0x41, 0xFF, 
0xFF, 0xFF, 0xFF, 0xFF, 0xFF, 0xFF, 0xFF, 0xFF, 0xFF, 0xFF, 0x00, 0x00, 
0x93, 0xFF, 0xFF, 0xFF, 0xE6, 0xB6, 0xFF, 0xE1, 0x91, 0xAE, 0xCF, 0xF8, 
0x00, 0x00, 0xB6, 0xFF, 0xFF, 0xFF, 0x3F, 0x4C, 0xFF, 0xC4, 0x00, 0x00, 
0x00, 0x07, 0x00, 0x00, 0xB8, 0xFF, 0xFF, 0xFF, 0x35, 0x4C, 0xFF, 0xC4, 
0x00, 0x00, 0x00, 0x00, 0x00, 0x00, 0xA1, 0xFF, 0xFF, 0xFF, 0xCC, 0x8B, 
0xFF, 0xC4, 0x00, 0x00, 0x00, 0x00, 0x00, 0x00, 0x61, 0xFF, 0xFF, 0xFF, 
0xFF, 0xFF, 0xFF, 0xF3, 0xA8, 0x67, 0x15, 0x00, 0x00, 0x00, 0x05, 0xC7, 
0xFF, 0xFF, 0xFF, 0xFF, 0xFF, 0xFF, 0xFF, 0xFF, 0xF7, 0x7D, 0x02, 0x00, 
0x00, 0x08, 0x84, 0xE9, 0xFF, 0xFF, 0xFF, 0xFF, 0xFF, 0xFF, 0xFF, 0xFF, 
0x7F, 0x00, 0x00, 0x00, 0x00, 0x03, 0x36, 0x95, 0xFF, 0xFE, 0xFF, 0xFF, 
0xFF, 0xFF, 0xEF, 0x04, 0x00, 0x00, 0x00, 0x00, 0x00, 0x4C, 0xFF, 0xC4, 
0x41, 0xF4, 0xFF, 0xFF, 0xFF, 0x29, 0x00, 0x00, 0x00, 0x00, 0x00, 0x4C, 
0xFF, 0xC4, 0x00, 0xBC, 0xFF, 0xFF, 0xFF, 0x3A, 0x44, 0x31, 0x09, 0x00, 
0x00, 0x4C, 0xFF, 0xC4, 0x12, 0xE5, 0xFF, 0xFF, 0xFF, 0x30, 0xB8, 0xFF, 
0xFE, 0xEF, 0xDB, 0xDA, 0xFF, 0xF7, 0xF7, 0xFF, 0xFF, 0xFF, 0xFA, 0x09, 
0xB8, 0xFF, 0xFF, 0xFF, 0xFF, 0xFF, 0xFF, 0xFF, 0xFF, 0xFF, 0xFF, 0xFF, 
0xA1, 0x00, 0xB8, 0xFF, 0xFF, 0xFF, 0xFF, 0xFF, 0xFF, 0xFF, 0xFF, 0xFF, 
0xFF, 0xC8, 0x11, 0x00, 0x4B, 0x94, 0xB9, 0xCF, 0xE0, 0xF3, 0xFF, 0xF8, 
0xCE, 0xA1, 0x53, 0x03, 0x00, 0x00, 0x00, 0x00, 0x00, 0x00, 0x00, 0x4C, 
0xFF, 0xC4, 0x00, 0x00, 0x00, 0x00, 0x00, 0x00, 0x00, 0x00, 0x00, 0x00, 
0x00, 0x4C, 0xFF, 0xC4, 0x00, 0x00, 0x00, 0x00, 0x00, 0x00, 0x00, 0x00, 
0x00, 0x00, 0x00, 0x4C, 0xFF, 0xC4, 0x00, 0x00, 0x00, 0x00, 0x00, 0x00, 
0x00, 0x00, 0x00, 0x00, 0x00, 0x2D, 0x98, 0x74, 0x00, 0x00, 0x00, 0x00, 
0x00, 0x00, 0x00, 0x00, 0x04, 0x33, 0x46, 0x2B, 0x01, 0x00, 0x00, 0x00, 
0x00, 0x00, 0x00, 0x05, 0x0C, 0x0C, 0x03, 0x00, 0x00, 0x00, 0x00, 0x39, 
0xE2, 0xFF, 0xFF, 0xFF, 0xCF, 0x22, 0x00, 0x00, 0x00, 0x00, 0x00, 0xBE, 
0xFF, 0xEE, 0x12, 0x00, 0x00, 0x00, 0x05, 0xE5, 0xFF, 0xFD, 0xE7, 0xFF, 
0xFF, 0xC3, 0x00, 0x00, 0x00, 0x00, 0x4E, 0xFF, 0xFF, 0x71, 0x00, 0x00, 
0x00, 0x00, 0x41, 0xFF, 0xFF, 0x7C, 0x00, 0x9E, 0xFF, 0xFF, 0x1B, 0x00, 
0x00, 0x04, 0xD8, 0xFF, 0xDC, 0x06, 0x00, 0x00, 0x00, 0x00, 0x68, 0xFF, 
0xFF, 0x43, 0x00, 0x66, 0xFF, 0xFF, 0x43, 0x00, 0x00, 0x6D, 0xFF, 0xFF, 
0x53, 0x00, 0x00, 0x00, 0x00, 0x00, 0x75, 0xFF, 0xFF, 0x39, 0x00, 0x5A, 
0xFF, 0xFF, 0x50, 0x00, 0x0F, 0xEC, 0xFF, 0xC3, 0x00, 0x00, 0x00, 0x00, 
0x00, 0x00, 0x6D, 0xFF, 0xFF, 0x3F, 0x00, 0x60, 0xFF, 0xFF, 0x48, 0x00, 
0x8C, 0xFF, 0xFE, 0x35, 0x00, 0x00, 0x00, 0x00, 0x00, 0x00, 0x50, 0xFF, 
0xFF, 0x61, 0x00, 0x85, 0xFF, 0xFF, 0x2A, 0x21, 0xF9, 0xFF, 0xA4, 0x00, 
0x00, 0x00, 0x00, 0x00, 0x00, 0x00, 0x13, 0xF9, 0xFF, 0xE8, 0xA4, 0xF3, 
0xFF, 0xE4, 0x02, 0xAA, 0xFF, 0xF7, 0x1E, 0x00, 0x00, 0x00, 0x00, 0x00, 
0x00, 0x00, 0x00, 0x74, 0xFF, 0xFF, 0xFF, 0xFF, 0xFA, 0x50, 0x3A, 0xFF, 
0xFF, 0x86, 0x00, 0x4A, 0x90, 0x9D, 0x7D, 0x20, 0x00, 0x00, 0x00, 0x00, 
0x37, 0x84, 0x97, 0x7C, 0x27, 0x00, 0xC8, 0xFF, 0xE9, 0x0D, 0x97, 0xFF, 
0xFF, 0xFF, 0xFF, 0xF5, 0x3D, 0x00, 0x00, 0x00, 0x00, 0x00, 0x00, 0x00, 
0x00, 0x59, 0xFF, 0xFF, 0x67, 0x2C, 0xFF, 0xFF, 0xD4, 0x8F, 0xF9, 0xFF, 
0xCF, 0x00, 0x00, 0x00, 0x00, 0x00, 0x00, 0x00, 0x07, 0xE0, 0xFF, 0xD4, 
0x03, 0x6F, 0xFF, 0xFF, 0x40, 0x00, 0x9C, 0xFF, 0xFF, 0x13, 0x00, 0x00, 
0x00, 0x00, 0x00, 0x00, 0x77, 0xFF, 0xFF, 0x48, 0x00, 0x8A, 0xFF, 0xFF, 
0x21, 0x00, 0x7B, 0xFF, 0xFF, 0x31, 0x00, 0x00, 0x00, 0x00, 0x00, 0x15, 
0xF1, 0xFF, 0xB9, 0x00, 0x00, 0x90, 0xFF, 0xFF, 0x1D, 0x00, 0x76, 0xFF, 
0xFF, 0x38, 0x00, 0x00, 0x00, 0x00, 0x00, 0x96, 0xFF, 0xFC, 0x2C, 0x00, 
0x00, 0x83, 0xFF, 0xFF, 0x29, 0x00, 0x83, 0xFF, 0xFF, 0x2A, 0x00, 0x00, 
0x00, 0x00, 0x29, 0xFB, 0xFF, 0x9A, 0x00, 0x00, 0x00, 0x5A, 0xFF, 0xFF, 
0x68, 0x05, 0xC1, 0xFF, 0xF8, 0x07, 0x00, 0x00, 0x00, 0x00, 0xB5, 0xFF, 
0xF3, 0x17, 0x00, 0x00, 0x00, 0x11, 0xF0, 0xFF, 0xFF, 0xF6, 0xFF, 0xFF, 
0xA4, 0x00, 0x00, 0x00, 0x00, 0x44, 0xFF, 0xFF, 0x7B, 0x00, 0x00, 0x00, 
0x00, 0x00, 0x46, 0xE6, 0xFF, 0xFF, 0xFF, 0xB9, 0x12, 0x00, 0x00, 0x00, 
0x00, 0x00, 0x00, 0x00, 0x00, 0x00, 0x00, 0x00, 0x00, 0x00, 0x00, 0x04, 
0x31, 0x3E, 0x1E, 0x00, 0x00, 0x00, 0x00, 0x00, 0x00, 0x00, 0x00, 0x00, 
0x24, 0x41, 0x42, 0x23, 0x00, 0x00, 0x00, 0x00, 0x00, 0x00, 0x00, 0x00, 
0x00, 0x00, 0x00, 0x5C, 0xDC, 0xFF, 0xFF, 0xFF, 0xFF, 0xD5, 0x3E, 0x00, 
0x00, 0x00, 0x00, 0x00, 0x00, 0x00, 0x00, 0x73, 0xFF, 0xFF, 0xFF, 0xFF, 
0xFF, 0xFF, 0xFF, 0xF6, 0x27, 0x00, 0x00, 0x00, 0x00, 0x00, 0x00, 0x13, 
0xF6, 0xFF, 0xFF, 0xFF, 0xE5, 0xEE, 0xFF, 0xFF, 0xFF, 0x93, 0x00, 0x00, 
0x00, 0x00, 0x00, 0x00, 0x48, 0xFF, 0xFF, 0xFF, 0xE6, 0x07, 0x1F, 0xFF, 
0xFF, 0xFF, 0xBC, 0x00, 0x00, 0x00, 0x00, 0x00, 0x00, 0x4F, 0xFF, 0xFF, 
0xFF, 0xD6, 0x00, 0x11, 0xFF, 0xFF, 0xFF, 0xAC, 0x00, 0x00, 0x00, 0x00, 
0x00, 0x00, 0x29, 0xFF, 0xFF, 0xFF, 0xFE, 0x42, 0xAB, 0xFF, 0xFF, 0xFF, 
0x71, 0x00, 0x00, 0x00, 0x00, 0x00, 0x00, 0x00, 0xD4, 0xFF, 0xFF, 0xFF, 
0xFE, 0xFF, 0xFF, 0xFF, 0xDF, 0x0C, 0x00, 0x00, 0x00, 0x00, 0x00, 0x00, 
0x00, 0x49, 0xFF, 0xFF, 0xFF, 0xFF, 0xFF, 0xFF, 0xD9, 0x23, 0x16, 0x1C, 
0x1C, 0x1B, 0x00, 0x00, 0x00, 0x0F, 0xA8, 0xFF, 0xFF, 0xFF, 0xFF, 0xFF, 
0xC5, 0x0D, 0x00, 0xD8, 0xFF, 0xFF, 0xEF, 0x00, 0x00, 0x1A, 0xD7, 0xFF, 
0xFF, 0xFF, 0xFF, 0xFF, 0xFF, 0xF9, 0x37, 0x00, 0xF2, 0xFF, 0xFF, 0xDA, 
0x00, 0x00, 0xC3, 0xFF, 0xFF, 0xFF, 0xF0, 0xE4, 0xFF, 0xFF, 0xFF, 0xE3, 
0x4A, 0xFF, 0xFF, 0xFF, 0xAC, 0x00, 0x41, 0xFF, 0xFF, 0xFF, 0xFC, 0x32, 
0x30, 0xF5, 0xFF, 0xFF, 0xFF, 0xF8, 0xFF, 0xFF, 0xFF, 0x68, 0x00, 0x7C, 
0xFF, 0xFF, 0xFF, 0xC8, 0x00, 0x00, 0x54, 0xFE, 0xFF, 0xFF, 0xFF, 0xFF, 
0xFF, 0xEE, 0x0C, 0x00, 0x88, 0xFF, 0xFF, 0xFF, 0xE2, 0x03, 0x00, 0x00, 
0x82, 0xFF, 0xFF, 0xFF, 0xFF, 0xFF, 0x5D, 0x00, 0x00, 0x61, 0xFF, 0xFF, 
0xFF, 0xFF, 0xA4, 0x3A, 0x4C, 0xAF, 0xFF, 0xFF, 0xFF, 0xFF, 0xFF, 0xA8, 
0x65, 0x17, 0x0F, 0xF1, 0xFF, 0xFF, 0xFF, 0xFF, 0xFF, 0xFF, 0xFF, 0xFF, 
0xFF, 0xFF, 0xFF, 0xFF, 0xFF, 0xFF, 0x40, 0x00, 0x53, 0xFC, 0xFF, 0xFF, 
0xFF, 0xFF, 0xFF, 0xFF, 0xFF, 0xEB, 0xD5, 0xFF, 0xFF, 0xFF, 0xFF, 0x40, 
0x00, 0x00, 0x3B, 0xC2, 0xFE, 0xFF, 0xFF, 0xFF, 0xE7, 0x87, 0x13, 0x08, 
0x7A, 0xCC, 0xED, 0xF9, 0x3F, 0x00, 0x00, 0x00, 0x00, 0x14, 0x34, 0x3D, 
0x24, 0x00, 0x00, 0x00, 0x00, 0x00, 0x00, 0x00, 0x00, 0x00, 0x1D, 0xC4, 
0xC4, 0xC4, 0xA7, 0x12, 0xFF, 0xFF, 0xFF, 0xC6, 0x00, 0xF9, 0xFF, 0xFF, 
0xAE, 0x00, 0xE2, 0xFF, 0xFF, 0x97, 0x00, 0xCB, 0xFF, 0xFF, 0x80, 0x00, 
0xB3, 0xFF, 0xFF, 0x68, 0x00, 0x9B, 0xFF, 0xFF, 0x51, 0x00, 0x7B, 0xF0, 
0xF0, 0x36, 0x00, 0x00, 0x00, 0x00, 0x6D, 0xC4, 0xC4, 0xC4, 0xB5, 0x07, 
0x00, 0x00, 0x00, 0x28, 0xF8, 0xFF, 0xFF, 0xFF, 0x72, 0x00, 0x00, 0x00, 
0x00, 0xB8, 0xFF, 0xFF, 0xFF, 0xE1, 0x06, 0x00, 0x00, 0x00, 0x44, 0xFF, 
0xFF, 0xFF, 0xFF, 0x65, 0x00, 0x00, 0x00, 0x00, 0xC1, 0xFF, 0xFF, 0xFF, 
0xE9, 0x07, 0x00, 0x00, 0x00, 0x2F, 0xFF, 0xFF, 0xFF, 0xFF, 0x86, 0x00, 
0x00, 0x00, 0x00, 0x90, 0xFF, 0xFF, 0xFF, 0xFF, 0x29, 0x00, 0x00, 0x00, 
0x00, 0xDE, 0xFF, 0xFF, 0xFF, 0xE4, 0x00, 0x00, 0x00, 0x00, 0x1F, 0xFF, 
0xFF, 0xFF, 0xFF, 0xA5, 0x00, 0x00, 0x00, 0x00, 0x50, 0xFF, 0xFF, 0xFF, 
0xFF, 0x68, 0x00, 0x00, 0x00, 0x00, 0x73, 0xFF, 0xFF, 0xFF, 0xFF, 0x49, 
0x00, 0x00, 0x00, 0x00, 0x8A, 0xFF, 0xFF, 0xFF, 0xFF, 0x34, 0x00, 0x00, 
0x00, 0x00, 0x94, 0xFF, 0xFF, 0xFF, 0xFF, 0x21, 0x00, 0x00, 0x00, 0x00, 
0x92, 0xFF, 0xFF, 0xFF, 0xFF, 0x2B, 0x00, 0x00, 0x00, 0x00, 0x84, 0xFF, 
0xFF, 0xFF, 0xFF, 0x40, 0x00, 0x00, 0x00, 0x00, 0x67, 0xFF, 0xFF, 0xFF, 
0xFF, 0x55, 0x00, 0x00, 0x00, 0x00, 0x3C, 0xFF, 0xFF, 0xFF, 0xFF, 0x85, 
0x00, 0x00, 0x00, 0x00, 0x0A, 0xFA, 0xFF, 0xFF, 0xFF, 0xC2, 0x00, 0x00, 
0x00, 0x00, 0x00, 0xBC, 0xFF, 0xFF, 0xFF, 0xF8, 0x08, 0x00, 0x00, 0x00, 
0x00, 0x64, 0xFF, 0xFF, 0xFF, 0xFF, 0x55, 0x00, 0x00, 0x00, 0x00, 0x0C, 
0xF1, 0xFF, 0xFF, 0xFF, 0xB8, 0x00, 0x00, 0x00, 0x00, 0x00, 0x89, 0xFF, 
0xFF, 0xFF, 0xFD, 0x1E, 0x00, 0x00, 0x00, 0x00, 0x15, 0xF1, 0xFF, 0xFF, 
0xFF, 0x92, 0x00, 0x00, 0x00, 0x00, 0x00, 0x78, 0xFF, 0xFF, 0xFF, 0xF9, 
0x22, 0x00, 0x00, 0x00, 0x00, 0x05, 0xD4, 0xFF, 0xFF, 0xFF, 0xA6, 0x00, 
0x00, 0x00, 0x00, 0x00, 0x18, 0x34, 0x34, 0x34, 0x32, 0x00, 0x1C, 0xC2, 
0xC4, 0xC4, 0xC4, 0x41, 0x00, 0x00, 0x00, 0x00, 0x00, 0xAA, 0xFF, 0xFF, 
0xFF, 0xDB, 0x08, 0x00, 0x00, 0x00, 0x00, 0x25, 0xFB, 0xFF, 0xFF, 0xFF, 
0x76, 0x00, 0x00, 0x00, 0x00, 0x00, 0x9D, 0xFF, 0xFF, 0xFF, 0xEF, 0x0E, 
0x00, 0x00, 0x00, 0x00, 0x36, 0xFF, 0xFF, 0xFF, 0xFF, 0x76, 0x00, 0x00, 
0x00, 0x00, 0x00, 0xD1, 0xFF, 0xFF, 0xFF, 0xDE, 0x01, 0x00, 0x00, 0x00, 
0x00, 0x71, 0xFF, 0xFF, 0xFF, 0xFF, 0x3E, 0x00, 0x00, 0x00, 0x00, 0x2F, 
0xFF, 0xFF, 0xFF, 0xFF, 0x8C, 0x00, 0x00, 0x00, 0x00, 0x02, 0xEF, 0xFF, 
0xFF, 0xFF, 0xCB, 0x00, 0x00, 0x00, 0x00, 0x00, 0xB7, 0xFF, 0xFF, 0xFF, 
0xF9, 0x03, 0x00, 0x00, 0x00, 0x00, 0x9A, 0xFF, 0xFF, 0xFF, 0xFF, 0x1F, 
0x00, 0x00, 0x00, 0x00, 0x85, 0xFF, 0xFF, 0xFF, 0xFF, 0x34, 0x00, 0x00, 
0x00, 0x00, 0x72, 0xFF, 0xFF, 0xFF, 0xFF, 0x3C, 0x00, 0x00, 0x00, 0x00, 
0x7D, 0xFF, 0xFF, 0xFF, 0xFF, 0x36, 0x00, 0x00, 0x00, 0x00, 0x92, 0xFF, 
0xFF, 0xFF, 0xFF, 0x26, 0x00, 0x00, 0x00, 0x00, 0xA8, 0xFF, 0xFF, 0xFF, 
0xFF, 0x09, 0x00, 0x00, 0x00, 0x00, 0xDD, 0xFF, 0xFF, 0xFF, 0xDC, 0x00, 
0x00, 0x00, 0x00, 0x1C, 0xFF, 0xFF, 0xFF, 0xFF, 0xA4, 0x00, 0x00, 0x00, 
0x00, 0x5C, 0xFF, 0xFF, 0xFF, 0xFF, 0x5B, 0x00, 0x00, 0x00, 0x00, 0xB1, 
0xFF, 0xFF, 0xFF, 0xF4, 0x0E, 0x00, 0x00, 0x00, 0x18, 0xFA, 0xFF, 0xFF, 
0xFF, 0x9B, 0x00, 0x00, 0x00, 0x00, 0x83, 0xFF, 0xFF, 0xFF, 0xFD, 0x27, 
0x00, 0x00, 0x00, 0x10, 0xEF, 0xFF, 0xFF, 0xFF, 0xA0, 0x00, 0x00, 0x00, 
0x00, 0x85, 0xFF, 0xFF, 0xFF, 0xF3, 0x1A, 0x00, 0x00, 0x00, 0x20, 0xF7, 
0xFF, 0xFF, 0xFF, 0x6C, 0x00, 0x00, 0x00, 0x00, 0x16, 0x34, 0x34, 0x34, 
0x33, 0x01, 0x00, 0x00, 0x00, 0x00, 0x00, 0x00, 0x00, 0x00, 0x6B, 0xC4, 
0xC4, 0xAE, 0x00, 0x00, 0x00, 0x00, 0x00, 0x00, 0x00, 0x00, 0x66, 0xFF, 
0xFF, 0xBE, 0x00, 0x00, 0x00, 0x00, 0x00, 0x41, 0x9C, 0x1E, 0x3A, 0xFF, 
0xFF, 0x95, 0x07, 0x6F, 0x83, 0x00, 0x00, 0x97, 0xFF, 0xF9, 0xA1, 0xFF, 
0xFF, 0xB9, 0xE1, 0xFF, 0xE8, 0x02, 0x01, 0xE6, 0xFF, 0xFF, 0xFF, 0xFF, 
0xFF, 0xFF, 0xFF, 0xFF, 0xFF, 0x3E, 0x12, 0x92, 0xB6, 0xDB, 0xFC, 0xFF, 
0xFF, 0xFF, 0xE7, 0xC3, 0x9F, 0x40, 0x00, 0x00, 0x00, 0x57, 0xFC, 0xFF, 
0xFF, 0xFF, 0xA5, 0x03, 0x00, 0x00, 0x00, 0x00, 0x57, 0xFC, 0xFF, 0xFA, 
0xD6, 0xFF, 0xFF, 0xA6, 0x03, 0x00, 0x00, 0x0F, 0xE3, 0xFF, 0xFF, 0x9C, 
0x4B, 0xFF, 0xFF, 0xFD, 0x4D, 0x00, 0x00, 0x00, 0x15, 0xB4, 0xFC, 0x23, 
0x00, 0xCA, 0xE2, 0x3F, 0x00, 0x00, 0x00, 0x00, 0x00, 0x00, 0x3F, 0x00, 
0x00, 0x2F, 0x11, 0x00, 0x00, 0x00, 0x00, 0x00, 0x00, 0x00, 0x00, 0x0F, 
0xC4, 0xC4, 0xC4, 0x4C, 0x00, 0x00, 0x00, 0x00, 0x00, 0x00, 0x00, 0x00, 
0x00, 0x00, 0x14, 0xFF, 0xFF, 0xFF, 0x64, 0x00, 0x00, 0x00, 0x00, 0x00, 
0x00, 0x00, 0x00, 0x00, 0x00, 0x14, 0xFF, 0xFF, 0xFF, 0x64, 0x00, 0x00, 
0x00, 0x00, 0x00, 0x00, 0x00, 0x00, 0x00, 0x00, 0x14, 0xFF, 0xFF, 0xFF, 
0x64, 0x00, 0x00, 0x00, 0x00, 0x00, 0x00, 0x00, 0x00, 0x00, 0x00, 0x14, 
0xFF, 0xFF, 0xFF, 0x64, 0x00, 0x00, 0x00, 0x00, 0x00, 0x29, 0x8C, 0x8C, 
0x8C, 0x8C, 0x95, 0xFF, 0xFF, 0xFF, 0xB9, 0x8C, 0x8C, 0x8C, 0x8C, 0x59, 
0x4C, 0xFF, 0xFF, 0xFF, 0xFF, 0xFF, 0xFF, 0xFF, 0xFF, 0xFF, 0xFF, 0xFF, 
0xFF, 0xFF, 0xA4, 0x4C, 0xFF, 0xFF, 0xFF, 0xFF, 0xFF, 0xFF, 0xFF, 0xFF, 
0xFF, 0xFF, 0xFF, 0xFF, 0xFF, 0xA4, 0x46, 0xEC, 0xEC, 0xEC, 0xEC, 0xED, 
0xFF, 0xFF, 0xFF, 0xF3, 0xEC, 0xEC, 0xEC, 0xEC, 0x97, 0x00, 0x00, 0x00, 
0x00, 0x00, 0x14, 0xFF, 0xFF, 0xFF, 0x64, 0x00, 0x00, 0x00, 0x00, 0x00, 
0x00, 0x00, 0x00, 0x00, 0x00, 0x14, 0xFF, 0xFF, 0xFF, 0x64, 0x00, 0x00, 
0x00, 0x00, 0x00, 0x00, 0x00, 0x00, 0x00, 0x00, 0x14, 0xFF, 0xFF, 0xFF, 
0x64, 0x00, 0x00, 0x00, 0x00, 0x00, 0x00, 0x00, 0x00, 0x00, 0x00, 0x14, 
0xFF, 0xFF, 0xFF, 0x64, 0x00, 0x00, 0x00, 0x00, 0x00, 0x00, 0x00, 0x00, 
0x00, 0x00, 0x14, 0xFF, 0xFF, 0xFF, 0x64, 0x00, 0x00, 0x00, 0x00, 0x00, 
0x00, 0x00, 0x00, 0x00, 0x00, 0x03, 0x2C, 0x2C, 0x2C, 0x11, 0x00, 0x00, 
0x00, 0x00, 0x00, 0x00, 0x00, 0x0B, 0x80, 0x80, 0x80, 0x80, 0x0F, 0x00, 
0x00, 0x29, 0xFF, 0xFF, 0xFF, 0xFE, 0x07, 0x00, 0x00, 0x4A, 0xFF, 0xFF, 
0xFF, 0xD8, 0x00, 0x00, 0x00, 0x87, 0xFF, 0xFF, 0xFF, 0x8A, 0x00, 0x00, 
0x00, 0xC7, 0xFF, 0xFF, 0xFF, 0x37, 0x00, 0x00, 0x1C, 0xFE, 0xFF, 0xFF, 
0xD2, 0x00, 0x00, 0x00, 0x73, 0xFF, 0xFF, 0xFF, 0x5E, 0x00, 0x00, 0x03, 
0xDD, 0xFF, 0xFF, 0xD4, 0x03, 0x00, 0x00, 0x1E, 0x88, 0x88, 0x88, 0x31, 
0x00, 0x00, 0x00, 0x3D, 0xB4, 0xB4, 0xB4, 0xB4, 0xB4, 0xB4, 0xB4, 0x8C, 
0x58, 0xFF, 0xFF, 0xFF, 0xFF, 0xFF, 0xFF, 0xFF, 0xC8, 0x58, 0xFF, 0xFF, 
0xFF, 0xFF, 0xFF, 0xFF, 0xFF, 0xC8, 0x40, 0xBC, 0xBC, 0xBC, 0xBC, 0xBC, 
0xBC, 0xBC, 0x92, 0x00, 0x00, 0x00, 0x01, 0x00, 0x00, 0x00, 0xA0, 0xF6, 
0xFF, 0xF0, 0x7B, 0x0C, 0xFF, 0xFF, 0xFF, 0xFF, 0xE6, 0x19, 0xFF, 0xFF, 
0xFF, 0xFF, 0xF4, 0x0F, 0xFF, 0xFF, 0xFF, 0xFF, 0xEA, 0x00, 0xC1, 0xFF, 
0xFF, 0xFF, 0x97, 0x00, 0x00, 0x19, 0x25, 0x14, 0x00, 0x00, 0x00, 0x00, 
0x00, 0x00, 0x00, 0x00, 0x89, 0xD4, 0xD4, 0x54, 0x00, 0x00, 0x00, 0x00, 
0x00, 0x00, 0x08, 0xF1, 0xFF, 0xFB, 0x16, 0x00, 0x00, 0x00, 0x00, 0x00, 
0x00, 0x57, 0xFF, 0xFF, 0xB6, 0x00, 0x00, 0x00, 0x00, 0x00, 0x00, 0x00, 
0xB3, 0xFF, 0xFF, 0x5A, 0x00, 0x00, 0x00, 0x00, 0x00, 0x00, 0x13, 0xFA, 
0xFF, 0xF4, 0x0B, 0x00, 0x00, 0x00, 0x00, 0x00, 0x00, 0x6B, 0xFF, 0xFF, 
0xA3, 0x00, 0x00, 0x00, 0x00, 0x00, 0x00, 0x00, 0xC7, 0xFF, 0xFF, 0x48, 
0x00, 0x00, 0x00, 0x00, 0x00, 0x00, 0x23, 0xFF, 0xFF, 0xE9, 0x03, 0x00, 
0x00, 0x00, 0x00, 0x00, 0x00, 0x7F, 0xFF, 0xFF, 0x91, 0x00, 0x00, 0x00, 
0x00, 0x00, 0x00, 0x00, 0xDA, 0xFF, 0xFF, 0x35, 0x00, 0x00, 0x00, 0x00, 
0x00, 0x00, 0x37, 0xFF, 0xFF, 0xD9, 0x00, 0x00, 0x00, 0x00, 0x00, 0x00, 
0x00, 0x93, 0xFF, 0xFF, 0x7E, 0x00, 0x00, 0x00, 0x00, 0x00, 0x00, 0x04, 
0xEA, 0xFF, 0xFF, 0x23, 0x00, 0x00, 0x00, 0x00, 0x00, 0x00, 0x4B, 0xFF, 
0xFF, 0xC7, 0x00, 0x00, 0x00, 0x00, 0x00, 0x00, 0x00, 0xA7, 0xFF, 0xFF, 
0x6B, 0x00, 0x00, 0x00, 0x00, 0x00, 0x00, 0x0C, 0xF5, 0xFF, 0xFB, 0x14, 
0x00, 0x00, 0x00, 0x00, 0x00, 0x00, 0x5F, 0xFF, 0xFF, 0xB4, 0x00, 0x00, 
0x00, 0x00, 0x00, 0x00, 0x00, 0xBB, 0xFF, 0xFF, 0x58, 0x00, 0x00, 0x00, 
0x00, 0x00, 0x00, 0x19, 0xFC, 0xFF, 0xF3, 0x0A, 0x00, 0x00, 0x00, 0x00, 
0x00, 0x00, 0x51, 0xC8, 0xC8, 0x85, 0x00, 0x00, 0x00, 0x00, 0x00, 0x00, 
0x00, 0x00, 0x00, 0x00, 0x00, 0x00, 0x0A, 0x2B, 0x43, 0x38, 0x1C, 0x00, 
0x00, 0x00, 0x00, 0x00, 0x00, 0x00, 0x00, 0x24, 0xA4, 0xF5, 0xFF, 0xFF, 
0xFF, 0xFF, 0xD1, 0x64, 0x01, 0x00, 0x00, 0x00, 0x00, 0x2B, 0xEE, 0xFF, 
0xFF, 0xFF, 0xFF, 0xFF, 0xFF, 0xFF, 0xFF, 0x90, 0x00, 0x00, 0x00, 0x00, 
0xCC, 0xFF, 0xFF, 0xFF, 0xFF, 0xFF, 0xFF, 0xFF, 0xFF, 0xFF, 0xFF, 0x40, 
0x00, 0x00, 0x42, 0xFF, 0xFF, 0xFF, 0xFF, 0xC3, 0x73, 0x8C, 0xF5, 0xFF, 
0xFF, 0xFF, 0xB2, 0x00, 0x00, 0x91, 0xFF, 0xFF, 0xFF, 0xDE, 0x07, 0x00, 
0x00, 0x6A, 0xFF, 0xFF, 0xFF, 0xF8, 0x07, 0x00, 0xC4, 0xFF, 0xFF, 0xFF, 
0x8E, 0x00, 0x00, 0x00, 0x16, 0xFF, 0xFF, 0xFF, 0xFF, 0x33, 0x00, 0xE5, 
0xFF, 0xFF, 0xFF, 0x66, 0x00, 0x00, 0x00, 0x00, 0xEF, 0xFF, 0xFF, 0xFF, 
0x53, 0x00, 0xF9, 0xFF, 0xFF, 0xFF, 0x54, 0x00, 0x00, 0x00, 0x00, 0xDD, 
0xFF, 0xFF, 0xFF, 0x67, 0x01, 0xFF, 0xFF, 0xFF, 0xFF, 0x4C, 0x00, 0x00, 
0x00, 0x00, 0xD5, 0xFF, 0xFF, 0xFF, 0x70, 0x01, 0xFF, 0xFF, 0xFF, 0xFF, 
0x4D, 0x00, 0x00, 0x00, 0x00, 0xD6, 0xFF, 0xFF, 0xFF, 0x6F, 0x00, 0xF8, 
0xFF, 0xFF, 0xFF, 0x54, 0x00, 0x00, 0x00, 0x00, 0xDD, 0xFF, 0xFF, 0xFF, 
0x67, 0x00, 0xE3, 0xFF, 0xFF, 0xFF, 0x67, 0x00, 0x00, 0x00, 0x00, 0xEF, 
0xFF, 0xFF, 0xFF, 0x51, 0x00, 0xC0, 0xFF, 0xFF, 0xFF, 0x90, 0x00, 0x00, 
0x00, 0x18, 0xFF, 0xFF, 0xFF, 0xFF, 0x30, 0x00, 0x8C, 0xFF, 0xFF, 0xFF, 
0xE1, 0x09, 0x00, 0x00, 0x72, 0xFF, 0xFF, 0xFF, 0xF5, 0x05, 0x00, 0x3C, 
0xFF, 0xFF, 0xFF, 0xFF, 0xD3, 0x8E, 0xA5, 0xFA, 0xFF, 0xFF, 0xFF, 0xAC, 
0x00, 0x00, 0x00, 0xC5, 0xFF, 0xFF, 0xFF, 0xFF, 0xFF, 0xFF, 0xFF, 0xFF, 
0xFF, 0xFE, 0x39, 0x00, 0x00, 0x00, 0x26, 0xEB, 0xFF, 0xFF, 0xFF, 0xFF, 
0xFF, 0xFF, 0xFF, 0xFF, 0x87, 0x00, 0x00, 0x00, 0x00, 0x00, 0x1F, 0x9D, 
0xF2, 0xFF, 0xFF, 0xFF, 0xFF, 0xCA, 0x5C, 0x00, 0x00, 0x00, 0x00, 0x00, 
0x00, 0x00, 0x00, 0x07, 0x24, 0x3C, 0x31, 0x15, 0x00, 0x00, 0x00, 0x00, 
0x00, 0x00, 0x00, 0x00, 0x00, 0x00, 0x02, 0x0C, 0x0C, 0x0C, 0x03, 0x02, 
0x29, 0x5D, 0x90, 0xC3, 0xF4, 0xFF, 0xFF, 0xFF, 0x44, 0x8E, 0xFF, 0xFF, 
0xFF, 0xFF, 0xFF, 0xFF, 0xFF, 0xFF, 0x44, 0x90, 0xFF, 0xFF, 0xFF, 0xFF, 
0xFF, 0xFF, 0xFF, 0xFF, 0x44, 0x90, 0xFF, 0xFF, 0xFF, 0xF5, 0xFF, 0xFF, 
0xFF, 0xFF, 0x44, 0x61, 0x87, 0x55, 0x24, 0x29, 0xFF, 0xFF, 0xFF, 0xFF, 
0x44, 0x00, 0x00, 0x00, 0x00, 0x28, 0xFF, 0xFF, 0xFF, 0xFF, 0x44, 0x00, 
0x00, 0x00, 0x00, 0x28, 0xFF, 0xFF, 0xFF, 0xFF, 0x44, 0x00, 0x00, 0x00, 
0x00, 0x28, 0xFF, 0xFF, 0xFF, 0xFF, 0x44, 0x00, 0x00, 0x00, 0x00, 0x28, 
0xFF, 0xFF, 0xFF, 0xFF, 0x44, 0x00, 0x00, 0x00, 0x00, 0x28, 0xFF, 0xFF, 
0xFF, 0xFF, 0x44, 0x00, 0x00, 0x00, 0x00, 0x28, 0xFF, 0xFF, 0xFF, 0xFF, 
0x44, 0x00, 0x00, 0x00, 0x00, 0x28, 0xFF, 0xFF, 0xFF, 0xFF, 0x44, 0x00, 
0x00, 0x00, 0x00, 0x28, 0xFF, 0xFF, 0xFF, 0xFF, 0x44, 0x00, 0x00, 0x00, 
0x00, 0x28, 0xFF, 0xFF, 0xFF, 0xFF, 0x44, 0x00, 0x00, 0x00, 0x00, 0x28, 
0xFF, 0xFF, 0xFF, 0xFF, 0x44, 0x00, 0x00, 0x00, 0x00, 0x28, 0xFF, 0xFF, 
0xFF, 0xFF, 0x44, 0x00, 0x00, 0x00, 0x00, 0x28, 0xFF, 0xFF, 0xFF, 0xFF, 
0x44, 0x00, 0x00, 0x00, 0x00, 0x28, 0xFF, 0xFF, 0xFF, 0xFF, 0x44, 0x00, 
0x00, 0x00, 0x11, 0x2A, 0x3C, 0x47, 0x3A, 0x16, 0x00, 0x00, 0x00, 0x00, 
0x00, 0x00, 0x74, 0xD5, 0xFE, 0xFF, 0xFF, 0xFF, 0xFF, 0xFF, 0xD5, 0x66, 
0x02, 0x00, 0x00, 0x00, 0xB8, 0xFF, 0xFF, 0xFF, 0xFF, 0xFF, 0xFF, 0xFF, 
0xFF, 0xFF, 0xA8, 0x01, 0x00, 0x00, 0xB8, 0xFF, 0xFF, 0xFF, 0xFF, 0xFF, 
0xFF, 0xFF, 0xFF, 0xFF, 0xFF, 0x5A, 0x00, 0x00, 0xAF, 0xBC, 0x80, 0x66, 
0x56, 0x6E, 0xCC, 0xFF, 0xFF, 0xFF, 0xFF, 0xB2, 0x00, 0x00, 0x01, 0x00, 
0x00, 0x00, 0x00, 0x00, 0x0A, 0xE7, 0xFF, 0xFF, 0xFF, 0xD4, 0x00, 0x00, 
0x00, 0x00, 0x00, 0x00, 0x00, 0x00, 0x00, 0xBB, 0xFF, 0xFF, 0xFF, 0xCE, 
0x00, 0x00, 0x00, 0x00, 0x00, 0x00, 0x00, 0x00, 0x03, 0xE3, 0xFF, 0xFF, 
0xFF, 0xAC, 0x00, 0x00, 0x00, 0x00, 0x00, 0x00, 0x00, 0x00, 0x6E, 0xFF, 
0xFF, 0xFF, 0xFF, 0x62, 0x00, 0x00, 0x00, 0x00, 0x00, 0x00, 0x00, 0x40, 
0xF9, 0xFF, 0xFF, 0xFF, 0xDC, 0x06, 0x00, 0x00, 0x00, 0x00, 0x00, 0x00, 
0x41, 0xF4, 0xFF, 0xFF, 0xFF, 0xF6, 0x30, 0x00, 0x00, 0x00, 0x00, 0x00, 
0x00, 0x50, 0xF6, 0xFF, 0xFF, 0xFF, 0xF7, 0x49, 0x00, 0x00, 0x00, 0x00, 
0x00, 0x00, 0x6F, 0xFD, 0xFF, 0xFF, 0xFF, 0xEF, 0x3F, 0x00, 0x00, 0x00, 
0x00, 0x00, 0x05, 0x98, 0xFF, 0xFF, 0xFF, 0xFF, 0xD9, 0x27, 0x00, 0x00, 
0x00, 0x00, 0x00, 0x14, 0xBF, 0xFF, 0xFF, 0xFF, 0xFF, 0xB5, 0x0F, 0x00, 
0x00, 0x00, 0x00, 0x00, 0x00, 0xB6, 0xFF, 0xFF, 0xFF, 0xFF, 0xF7, 0x9A, 
0x98, 0x98, 0x98, 0x98, 0x98, 0x98, 0x15, 0xC0, 0xFF, 0xFF, 0xFF, 0xFF, 
0xFF, 0xFF, 0xFF, 0xFF, 0xFF, 0xFF, 0xFF, 0xFF, 0x24, 0xC0, 0xFF, 0xFF, 
0xFF, 0xFF, 0xFF, 0xFF, 0xFF, 0xFF, 0xFF, 0xFF, 0xFF, 0xFF, 0x24, 0xC0, 
0xFF, 0xFF, 0xFF, 0xFF, 0xFF, 0xFF, 0xFF, 0xFF, 0xFF, 0xFF, 0xFF, 0xFF, 
0x24, 0x00, 0x00, 0x07, 0x25, 0x39, 0x47, 0x3E, 0x23, 0x03, 0x00, 0x00, 
0x00, 0x00, 0x00, 0x8D, 0xFC, 0xFF, 0xFF, 0xFF, 0xFF, 0xFF, 0xF0, 0xA1, 
0x27, 0x00, 0x00, 0x00, 0xA8, 0xFF, 0xFF, 0xFF, 0xFF, 0xFF, 0xFF, 0xFF, 
0xFF, 0xF4, 0x3D, 0x00, 0x00, 0xA8, 0xFF, 0xFF, 0xFF, 0xFF, 0xFF, 0xFF, 
0xFF, 0xFF, 0xFF, 0xD8, 0x00, 0x00, 0x6C, 0x76, 0x4E, 0x3B, 0x41, 0x6C, 
0xE2, 0xFF, 0xFF, 0xFF, 0xFF, 0x26, 0x00, 0x00, 0x00, 0x00, 0x00, 0x00, 
0x00, 0x47, 0xFF, 0xFF, 0xFF, 0xFF, 0x40, 0x00, 0x00, 0x00, 0x00, 0x00, 
0x00, 0x00, 0x46, 0xFF, 0xFF, 0xFF, 0xFF, 0x2D, 0x00, 0x00, 0x00, 0x00, 
0x00, 0x0C, 0x41, 0xD2, 0xFF, 0xFF, 0xFF, 0xDC, 0x03, 0x00, 0x00, 0x57, 
0xF4, 0xFB, 0xFF, 0xFF, 0xFF, 0xFF, 0xFF, 0xEF, 0x39, 0x00, 0x00, 0x00, 
0x5C, 0xFF, 0xFF, 0xFF, 0xFF, 0xFF, 0xFF, 0xD0, 0x19, 0x00, 0x00, 0x00, 
0x00, 0x5C, 0xFF, 0xFF, 0xFF, 0xFF, 0xFF, 0xFF, 0xFF, 0xE9, 0x3F, 0x00, 
0x00, 0x00, 0x22, 0x60, 0x64, 0x75, 0xA5, 0xF5, 0xFF, 0xFF, 0xFF, 0xF6, 
0x1B, 0x00, 0x00, 0x00, 0x00, 0x00, 0x00, 0x00, 0x2E, 0xFD, 0xFF, 0xFF, 
0xFF, 0x85, 0x00, 0x00, 0x00, 0x00, 0x00, 0x00, 0x00, 0x00, 0xEB, 0xFF, 
0xFF, 0xFF, 0xB1, 0x00, 0x00, 0x00, 0x00, 0x00, 0x00, 0x00, 0x32, 0xFF, 
0xFF, 0xFF, 0xFF, 0xB0, 0x34, 0xAB, 0x82, 0x6B, 0x60, 0x6D, 0x9A, 0xF0, 
0xFF, 0xFF, 0xFF, 0xFF, 0x84, 0x44, 0xFF, 0xFF, 0xFF, 0xFF, 0xFF, 0xFF, 
0xFF, 0xFF, 0xFF, 0xFF, 0xF7, 0x24, 0x44, 0xFF, 0xFF, 0xFF, 0xFF, 0xFF, 
0xFF, 0xFF, 0xFF, 0xFF, 0xF9, 0x58, 0x00, 0x40, 0xFE, 0xFF, 0xFF, 0xFF, 
0xFF, 0xFF, 0xFF, 0xE1, 0x93, 0x22, 0x00, 0x00, 0x00, 0x08, 0x28, 0x37, 
0x40, 0x3D, 0x30, 0x10, 0x00, 0x00, 0x00, 0x00, 0x00, 0x00, 0x00, 0x00, 
0x00, 0x00, 0x00, 0x00, 0x05, 0x0C, 0x0C, 0x0C, 0x0C, 0x07, 0x00, 0x00, 
0x00, 0x00, 0x00, 0x00, 0x00, 0x00, 0x02, 0xC5, 0xFF, 0xFF, 0xFF, 0xFF, 
0x9C, 0x00, 0x00, 0x00, 0x00, 0x00, 0x00, 0x00, 0x00, 0x77, 0xFF, 0xFF, 
0xFF, 0xFF, 0xFF, 0x9C, 0x00, 0x00, 0x00, 0x00, 0x00, 0x00, 0x00, 0x2C, 
0xF8, 0xFF, 0xFF, 0xFF, 0xFF, 0xFF, 0x9C, 0x00, 0x00, 0x00, 0x00, 0x00, 
0x00, 0x05, 0xCF, 0xFF, 0xFF, 0xFF, 0xFF, 0xFF, 0xFF, 0x9C, 0x00, 0x00, 
0x00, 0x00, 0x00, 0x00, 0x84, 0xFF, 0xFF, 0xFE, 0xD7, 0xFF, 0xFF, 0xFF, 
0x9C, 0x00, 0x00, 0x00, 0x00, 0x00, 0x36, 0xFC, 0xFF, 0xFF, 0x92, 0x9C, 
0xFF, 0xFF, 0xFF, 0x9C, 0x00, 0x00, 0x00, 0x00, 0x09, 0xD8, 0xFF, 0xFF, 
0xDF, 0x0C, 0x9C, 0xFF, 0xFF, 0xFF, 0x9C, 0x00, 0x00, 0x00, 0x00, 0x90, 
0xFF, 0xFF, 0xFF, 0x45, 0x00, 0x9C, 0xFF, 0xFF, 0xFF, 0x9C, 0x00, 0x00, 
0x00, 0x40, 0xFE, 0xFF, 0xFF, 0x9E, 0x00, 0x00, 0x9C, 0xFF, 0xFF, 0xFF, 
0x9C, 0x00, 0x00, 0x0D, 0xE0, 0xFF, 0xFF, 0xE6, 0x10, 0x00, 0x00, 0x9C, 
0xFF, 0xFF, 0xFF, 0x9C, 0x00, 0x00, 0x67, 0xFF, 0xFF, 0xFF, 0x9B, 0x50, 
0x50, 0x50, 0xBB, 0xFF, 0xFF, 0xFF, 0xBB, 0x50, 0x29, 0x6C, 0xFF, 0xFF, 
0xFF, 0xFF, 0xFF, 0xFF, 0xFF, 0xFF, 0xFF, 0xFF, 0xFF, 0xFF, 0xFF, 0x84, 
0x6C, 0xFF, 0xFF, 0xFF, 0xFF, 0xFF, 0xFF, 0xFF, 0xFF, 0xFF, 0xFF, 0xFF, 
0xFF, 0xFF, 0x84, 0x6C, 0xFF, 0xFF, 0xFF, 0xFF, 0xFF, 0xFF, 0xFF, 0xFF, 
0xFF, 0xFF, 0xFF, 0xFF, 0xFF, 0x84, 0x2B, 0x68, 0x68, 0x68, 0x68, 0x68, 
0x68, 0x68, 0xC4, 0xFF, 0xFF, 0xFF, 0xC4, 0x68, 0x35, 0x00, 0x00, 0x00, 
0x00, 0x00, 0x00, 0x00, 0x00, 0x9C, 0xFF, 0xFF, 0xFF, 0x9C, 0x00, 0x00, 
0x00, 0x00, 0x00, 0x00, 0x00, 0x00, 0x00, 0x00, 0x9C, 0xFF, 0xFF, 0xFF, 
0x9C, 0x00, 0x00, 0x00, 0x00, 0x00, 0x00, 0x00, 0x00, 0x00, 0x00, 0x9C, 
0xFF, 0xFF, 0xFF, 0x9C, 0x00, 0x00, 0x00, 0x00, 0x09, 0x0C, 0x0C, 0x0C, 
0x0C, 0x0C, 0x0C, 0x0C, 0x0C, 0x0B, 0x00, 0x00, 0x00, 0x00, 0xD2, 0xFF, 
0xFF, 0xFF, 0xFF, 0xFF, 0xFF, 0xFF, 0xFF, 0xEC, 0x00, 0x00, 0x00, 0x00, 
0xF1, 0xFF, 0xFF, 0xFF, 0xFF, 0xFF, 0xFF, 0xFF, 0xFF, 0xEC, 0x00, 0x00, 
0x00, 0x12, 0xFF, 0xFF, 0xFF, 0xFF, 0xFF, 0xFF, 0xFF, 0xFF, 0xFF, 0xEC, 
0x00, 0x00, 0x00, 0x32, 0xFF, 0xFF, 0xFF, 0xE7, 0xA4, 0xA4, 0xA4, 0xA4, 
0xA4, 0x97, 0x00, 0x00, 0x00, 0x52, 0xFF, 0xFF, 0xFF, 0xA1, 0x00, 0x00, 
0x00, 0x00, 0x00, 0x00, 0x00, 0x00, 0x00, 0x72, 0xFF, 0xFF, 0xFF, 0x79, 
0x00, 0x00, 0x00, 0x00, 0x00, 0x00, 0x00, 0x00, 0x00, 0x93, 0xFF, 0xFF, 
0xFF, 0x76, 0x48, 0x51, 0x3C, 0x0D, 0x00, 0x00, 0x00, 0x00, 0x00, 0xB3, 
0xFF, 0xFF, 0xFF, 0xFF, 0xFF, 0xFF, 0xFF, 0xFB, 0xA5, 0x16, 0x00, 0x00, 
0x00, 0xD3, 0xFF, 0xFF, 0xFF, 0xFF, 0xFF, 0xFF, 0xFF, 0xFF, 0xFF, 0xDC, 
0x11, 0x00, 0x00, 0xF2, 0xFF, 0xFA, 0xED, 0xEF, 0xFF, 0xFF, 0xFF, 0xFF, 
0xFF, 0xFF, 0x86, 0x00, 0x02, 0x39, 0x14, 0x00, 0x00, 0x00, 0x0E, 0x6F, 
0xFE, 0xFF, 0xFF, 0xFF, 0xD8, 0x00, 0x00, 0x00, 0x00, 0x00, 0x00, 0x00, 
0x00, 0x00, 0xB6, 0xFF, 0xFF, 0xFF, 0xFC, 0x01, 0x00, 0x00, 0x00, 0x00, 
0x00, 0x00, 0x00, 0x00, 0xA1, 0xFF, 0xFF, 0xFF, 0xFF, 0x05, 0x00, 0x00, 
0x00, 0x00, 0x00, 0x00, 0x00, 0x19, 0xE5, 0xFF, 0xFF, 0xFF, 0xEB, 0x00, 
0x00, 0xA4, 0x81, 0x65, 0x5E, 0x6D, 0x95, 0xE9, 0xFF, 0xFF, 0xFF, 0xFF, 
0xA6, 0x00, 0x00, 0xEC, 0xFF, 0xFF, 0xFF, 0xFF, 0xFF, 0xFF, 0xFF, 0xFF, 
0xFF, 0xFA, 0x2B, 0x00, 0x00, 0xEC, 0xFF, 0xFF, 0xFF, 0xFF, 0xFF, 0xFF, 
0xFF, 0xFF, 0xF2, 0x4D, 0x00, 0x00, 0x00, 0xE6, 0xFF, 0xFF, 0xFF, 0xFF, 
0xFF, 0xFF, 0xDE, 0x8A, 0x18, 0x00, 0x00, 0x00, 0x00, 0x02, 0x1D, 0x33, 
0x3E, 0x3F, 0x31, 0x11, 0x00, 0x00, 0x00, 0x00, 0x00, 0x00, 0x00, 0x00, 
0x00, 0x00, 0x00, 0x00, 0x00, 0x00, 0x1C, 0x31, 0x3D, 0x00, 0x00, 0x00, 
0x00, 0x00, 0x00, 0x00, 0x00, 0x41, 0xA7, 0xE6, 0xFF, 0xFF, 0xE6, 0x00, 
0x00, 0x00, 0x00, 0x00, 0x00, 0x1B, 0xC0, 0xFF, 0xFF, 0xFF, 0xFF, 0xFF, 
0xE4, 0x00, 0x00, 0x00, 0x00, 0x00, 0x29, 0xE4, 0xFF, 0xFF, 0xFF, 0xFF, 
0xFF, 0xFF, 0xE1, 0x00, 0x00, 0x00, 0x00, 0x08, 0xD4, 0xFF, 0xFF, 0xFF, 
0xFF, 0xED, 0xAD, 0x86, 0x67, 0x00, 0x00, 0x00, 0x00, 0x7F, 0xFF, 0xFF, 
0xFF, 0xF4, 0x67, 0x05, 0x00, 0x00, 0x00, 0x00, 0x00, 0x00, 0x06, 0xE8, 
0xFF, 0xFF, 0xFF, 0x46, 0x00, 0x00, 0x00, 0x00, 0x00, 0x00, 0x00, 0x00, 
0x4B, 0xFF, 0xFF, 0xFF, 0xBF, 0x29, 0x6D, 0x8A, 0x8D, 0x6D, 0x24, 0x00, 
0x00, 0x00, 0x85, 0xFF, 0xFF, 0xFF, 0xEA, 0xFE, 0xFF, 0xFF, 0xFF, 0xFF, 
0xFD, 0x92, 0x03, 0x00, 0xB8, 0xFF, 0xFF, 0xFF, 0xFF, 0xFF, 0xFF, 0xFF, 
0xFF, 0xFF, 0xFF, 0xFF, 0x82, 0x00, 0xCE, 0xFF, 0xFF, 0xFF, 0xFF, 0xD8, 
0xA1, 0xAD, 0xF6, 0xFF, 0xFF, 0xFF, 0xF5, 0x0E, 0xDE, 0xFF, 0xFF, 0xFF, 
0xAF, 0x03, 0x00, 0x00, 0x29, 0xF6, 0xFF, 0xFF, 0xFF, 0x49, 0xE2, 0xFF, 
0xFF, 0xFF, 0x49, 0x00, 0x00, 0x00, 0x00, 0xAE, 0xFF, 0xFF, 0xFF, 0x68, 
0xD2, 0xFF, 0xFF, 0xFF, 0x42, 0x00, 0x00, 0x00, 0x00, 0xA2, 0xFF, 0xFF, 
0xFF, 0x6B, 0xA8, 0xFF, 0xFF, 0xFF, 0x80, 0x00, 0x00, 0x00, 0x08, 0xDF, 
0xFF, 0xFF, 0xFF, 0x53, 0x60, 0xFF, 0xFF, 0xFF, 0xF5, 0x6C, 0x2B, 0x41, 
0xBA, 0xFF, 0xFF, 0xFF, 0xFD, 0x19, 0x08, 0xE1, 0xFF, 0xFF, 0xFF, 0xFF, 
0xFF, 0xFF, 0xFF, 0xFF, 0xFF, 0xFF, 0xA8, 0x00, 0x00, 0x37, 0xEF, 0xFF, 
0xFF, 0xFF, 0xFF, 0xFF, 0xFF, 0xFF, 0xFF, 0xD8, 0x13, 0x00, 0x00, 0x00, 
0x22, 0xA3, 0xF4, 0xFF, 0xFF, 0xFF, 0xFF, 0xEA, 0x8A, 0x0E, 0x00, 0x00, 
0x00, 0x00, 0x00, 0x00, 0x04, 0x2B, 0x3E, 0x3A, 0x22, 0x00, 0x00, 0x00, 
0x00, 0x00, 0x06, 0x0C, 0x0C, 0x0C, 0x0C, 0x0C, 0x0C, 0x0C, 0x0C, 0x0C, 
0x0C, 0x0C, 0x08, 0x90, 0xFF, 0xFF, 0xFF, 0xFF, 0xFF, 0xFF, 0xFF, 0xFF, 
0xFF, 0xFF, 0xFF, 0xAC, 0x90, 0xFF, 0xFF, 0xFF, 0xFF, 0xFF, 0xFF, 0xFF, 
0xFF, 0xFF, 0xFF, 0xFF, 0xAC, 0x90, 0xFF, 0xFF, 0xFF, 0xFF, 0xFF, 0xFF, 
0xFF, 0xFF, 0xFF, 0xFF, 0xFF, 0xAC, 0x5C, 0xA4, 0xA4, 0xA4, 0xA4, 0xA4, 
0xA4, 0xA4, 0xDC, 0xFF, 0xFF, 0xFF, 0xAC, 0x00, 0x00, 0x00, 0x00, 0x00, 
0x00, 0x00, 0x06, 0xE5, 0xFF, 0xFF, 0xFF, 0x89, 0x00, 0x00, 0x00, 0x00, 
0x00, 0x00, 0x00, 0x60, 0xFF, 0xFF, 0xFF, 0xFB, 0x1E, 0x00, 0x00, 0x00, 
0x00, 0x00, 0x00, 0x00, 0xD2, 0xFF, 0xFF, 0xFF, 0xA8, 0x00, 0x00, 0x00, 
0x00, 0x00, 0x00, 0x00, 0x48, 0xFF, 0xFF, 0xFF, 0xFF, 0x36, 0x00, 0x00, 
0x00, 0x00, 0x00, 0x00, 0x00, 0xBC, 0xFF, 0xFF, 0xFF, 0xC4, 0x00, 0x00, 
0x00, 0x00, 0x00, 0x00, 0x00, 0x2F, 0xFF, 0xFF, 0xFF, 0xFF, 0x52, 0x00, 
0x00, 0x00, 0x00, 0x00, 0x00, 0x00, 0xA3, 0xFF, 0xFF, 0xFF, 0xDE, 0x03, 
0x00, 0x00, 0x00, 0x00, 0x00, 0x00, 0x1C, 0xFA, 0xFF, 0xFF, 0xFF, 0x6F, 
0x00, 0x00, 0x00, 0x00, 0x00, 0x00, 0x00, 0x8B, 0xFF, 0xFF, 0xFF, 0xF0, 
0x0D, 0x00, 0x00, 0x00, 0x00, 0x00, 0x00, 0x0D, 0xF0, 0xFF, 0xFF, 0xFF, 
0x8B, 0x00, 0x00, 0x00, 0x00, 0x00, 0x00, 0x00, 0x73, 0xFF, 0xFF, 0xFF, 
0xFB, 0x1E, 0x00, 0x00, 0x00, 0x00, 0x00, 0x00, 0x04, 0xE2, 0xFF, 0xFF, 
0xFF, 0xA8, 0x00, 0x00, 0x00, 0x00, 0x00, 0x00, 0x00, 0x5B, 0xFF, 0xFF, 
0xFF, 0xFF, 0x36, 0x00, 0x00, 0x00, 0x00, 0x00, 0x00, 0x00, 0xCE, 0xFF, 
0xFF, 0xFF, 0xC4, 0x00, 0x00, 0x00, 0x00, 0x00, 0x00, 0x00, 0x00, 0x00, 
0x00, 0x00, 0x1E, 0x47, 0x57, 0x50, 0x35, 0x08, 0x00, 0x00, 0x00, 0x00, 
0x00, 0x00, 0x00, 0x54, 0xD3, 0xFF, 0xFF, 0xFF, 0xFF, 0xFF, 0xF4, 0x98, 
0x13, 0x00, 0x00, 0x00, 0x00, 0x75, 0xFF, 0xFF, 0xFF, 0xFF, 0xFF, 0xFF, 
0xFF, 0xFF, 0xFF, 0xD9, 0x13, 0x00, 0x00, 0x1E, 0xFA, 0xFF, 0xFF, 0xFF, 
0xFF, 0xFD, 0xFF, 0xFF, 0xFF, 0xFF, 0xFF, 0x90, 0x00, 0x00, 0x67, 0xFF, 
0xFF, 0xFF, 0xD8, 0x33, 0x03, 0x13, 0x8D, 0xFF, 0xFF, 0xFF, 0xDE, 0x00, 
0x00, 0x7E, 0xFF, 0xFF, 0xFF, 0x61, 0x00, 0x00, 0x00, 0x00, 0xEA, 0xFF, 
0xFF, 0xF5, 0x00, 0x00, 0x6B, 0xFF, 0xFF, 0xFF, 0x64, 0x00, 0x00, 0x00, 
0x01, 0xEC, 0xFF, 0xFF, 0xDF, 0x00, 0x00, 0x29, 0xFF, 0xFF, 0xFF, 0xD8, 
0x26, 0x00, 0x05, 0x83, 0xFF, 0xFF, 0xFF, 0x95, 0x00, 0x00, 0x00, 0x8D, 
0xFF, 0xFF, 0xFF, 0xFF, 0xEE, 0xFA, 0xFF, 0xFF, 0xFF, 0xD7, 0x15, 0x00, 
0x00, 0x00, 0x00, 0x80, 0xFF, 0xFF, 0xFF, 0xFF, 0xFF, 0xFF, 0xFF, 0xBA, 
0x0C, 0x00, 0x00, 0x00, 0x00, 0x67, 0xF6, 0xFF, 0xFF, 0xFF, 0xFF, 0xFF, 
0xFF, 0xFF, 0xFF, 0xB0, 0x0D, 0x00, 0x00, 0x4D, 0xFF, 0xFF, 0xFF, 0xFA, 
0x9D, 0x6A, 0x7B, 0xD9, 0xFF, 0xFF, 0xFF, 0xBB, 0x00, 0x00, 0xC4, 0xFF, 
0xFF, 0xFF, 0x5F, 0x00, 0x00, 0x00, 0x0B, 0xDC, 0xFF, 0xFF, 0xFF, 0x3A, 
0x00, 0xF1, 0xFF, 0xFF, 0xFF, 0x0B, 0x00, 0x00, 0x00, 0x00, 0x93, 0xFF, 
0xFF, 0xFF, 0x6A, 0x02, 0xFE, 0xFF, 0xFF, 0xFF, 0x23, 0x00, 0x00, 0x00, 
0x00, 0xAD, 0xFF, 0xFF, 0xFF, 0x7C, 0x00, 0xE0, 0xFF, 0xFF, 0xFF, 0xCC, 
0x4F, 0x2B, 0x38, 0x89, 0xFF, 0xFF, 0xFF, 0xFF, 0x5D, 0x00, 0x86, 0xFF, 
0xFF, 0xFF, 0xFF, 0xFF, 0xFF, 0xFF, 0xFF, 0xFF, 0xFF, 0xFF, 0xF1, 0x12, 
0x00, 0x0B, 0xC5, 0xFF, 0xFF, 0xFF, 0xFF, 0xFF, 0xFF, 0xFF, 0xFF, 0xFF, 
0xFB, 0x55, 0x00, 0x00, 0x00, 0x07, 0x77, 0xDD, 0xFF, 0xFF, 0xFF, 0xFF, 
0xFF, 0xF9, 0xB1, 0x32, 0x00, 0x00, 0x00, 0x00, 0x00, 0x00, 0x00, 0x1B, 
0x3F, 0x4C, 0x46, 0x31, 0x08, 0x00, 0x00, 0x00, 0x00, 0x00, 0x00, 0x00, 
0x00, 0x0E, 0x37, 0x46, 0x3B, 0x1B, 0x00, 0x00, 0x00, 0x00, 0x00, 0x00, 
0x00, 0x3E, 0xBF, 0xFD, 0xFF, 0xFF, 0xFF, 0xFF, 0xD5, 0x5D, 0x00, 0x00, 
0x00, 0x00, 0x5F, 0xFC, 0xFF, 0xFF, 0xFF, 0xFF, 0xFF, 0xFF, 0xFF, 0xFF, 
0x95, 0x00, 0x00, 0x21, 0xF8, 0xFF, 0xFF, 0xFF, 0xFF, 0xFF, 0xFF, 0xFF, 
0xFF, 0xFF, 0xFF, 0x56, 0x00, 0x8D, 0xFF, 0xFF, 0xFF, 0xF2, 0x6F, 0x2E, 
0x44, 0xCE, 0xFF, 0xFF, 0xFF, 0xCD, 0x00, 0xCE, 0xFF, 0xFF, 0xFF, 0x63, 
0x00, 0x00, 0x00, 0x1D, 0xF9, 0xFF, 0xFF, 0xFF, 0x19, 0xEA, 0xFF, 0xFF, 
0xFF, 0x16, 0x00, 0x00, 0x00, 0x00, 0xD0, 0xFF, 0xFF, 0xFF, 0x48, 0xEC, 
0xFF, 0xFF, 0xFF, 0x18, 0x00, 0x00, 0x00, 0x00, 0xCB, 0xFF, 0xFF, 0xFF, 
0x5C, 0xD1, 0xFF, 0xFF, 0xFF, 0x6E, 0x00, 0x00, 0x00, 0x19, 0xF7, 0xFF, 
0xFF, 0xFF, 0x64, 0x8F, 0xFF, 0xFF, 0xFF, 0xFB, 0x96, 0x5E, 0x71, 0xDA, 
0xFF, 0xFF, 0xFF, 0xFF, 0x5C, 0x21, 0xF4, 0xFF, 0xFF, 0xFF, 0xFF, 0xFF, 
0xFF, 0xFF, 0xFF, 0xFF, 0xFF, 0xFF, 0x4A, 0x00, 0x48, 0xF0, 0xFF, 0xFF, 
0xFF, 0xFF, 0xFF, 0xFE, 0xFF, 0xFF, 0xFF, 0xFF, 0x2B, 0x00, 0x00, 0x13, 
0x71, 0xAB, 0xC1, 0xB3, 0x8D, 0x4B, 0xFF, 0xFF, 0xFF, 0xF6, 0x04, 0x00, 
0x00, 0x00, 0x00, 0x00, 0x00, 0x00, 0x00, 0x8E, 0xFF, 0xFF, 0xFF, 0xB9, 
0x00, 0x00, 0x00, 0x00, 0x00, 0x00, 0x00, 0x15, 0x91, 0xFF, 0xFF, 0xFF, 
0xFF, 0x5B, 0x00, 0x00, 0x00, 0x32, 0x84, 0x9A, 0xC5, 0xFA, 0xFF, 0xFF, 
0xFF, 0xFF, 0xD1, 0x03, 0x00, 0x00, 0x00, 0x68, 0xFF, 0xFF, 0xFF, 0xFF, 
0xFF, 0xFF, 0xFF, 0xE9, 0x26, 0x00, 0x00, 0x00, 0x00, 0x68, 0xFF, 0xFF, 
0xFF, 0xFF, 0xFF, 0xFF, 0xC4, 0x22, 0x00, 0x00, 0x00, 0x00, 0x00, 0x68, 
0xFF, 0xFF, 0xFF, 0xE5, 0xA5, 0x48, 0x01, 0x00, 0x00, 0x00, 0x00, 0x00, 
0x00, 0x1B, 0x3C, 0x2E, 0x10, 0x00, 0x00, 0x00, 0x00, 0x00, 0x00, 0x00, 
0x00, 0x00, 0x05, 0x2A, 0x34, 0x23, 0x00, 0x01, 0xD6, 0xFF, 0xFF, 0xFF, 
0x9D, 0x19, 0xFF, 0xFF, 0xFF, 0xFF, 0xE3, 0x21, 0xFF, 0xFF, 0xFF, 0xFF, 
0xEC, 0x13, 0xFF, 0xFF, 0xFF, 0xFF, 0xDC, 0x00, 0x9C, 0xE8, 0xF1, 0xE1, 
0x6A, 0x00, 0x00, 0x00, 0x00, 0x00, 0x00, 0x00, 0x00, 0x00, 0x00, 0x00, 
0x00, 0x00, 0x00, 0x00, 0x00, 0x00, 0x00, 0x00, 0x00, 0x00, 0x01, 0x00, 
0x00, 0x00, 0xA8, 0xF6, 0xFF, 0xEF, 0x74, 0x14, 0xFF, 0xFF, 0xFF, 0xFF, 
0xDE, 0x21, 0xFF, 0xFF, 0xFF, 0xFF, 0xEC, 0x18, 0xFF, 0xFF, 0xFF, 0xFF, 
0xE2, 0x00, 0xC8, 0xFF, 0xFF, 0xFF, 0x8F, 0x00, 0x00, 0x1A, 0x25, 0x13, 
0x00, 0x00, 0x00, 0x05, 0x2A, 0x34, 0x23, 0x00, 0x00, 0x01, 0xD6, 0xFF, 
0xFF, 0xFF, 0x9D, 0x00, 0x19, 0xFF, 0xFF, 0xFF, 0xFF, 0xE3, 0x00, 0x21, 
0xFF, 0xFF, 0xFF, 0xFF, 0xEC, 0x00, 0x13, 0xFF, 0xFF, 0xFF, 0xFF, 0xDC, 
0x00, 0x00, 0x9C, 0xE8, 0xF1, 0xE1, 0x6A, 0x00, 0x00, 0x00, 0x00, 0x00, 
0x00, 0x00, 0x00, 0x00, 0x00, 0x00, 0x00, 0x00, 0x00, 0x00, 0x00, 0x00, 
0x00, 0x00, 0x00, 0x00, 0x00, 0x00, 0x00, 0x00, 0x00, 0x00, 0x00, 0x00, 
0x00, 0x4B, 0x80, 0x80, 0x80, 0x4D, 0x00, 0x00, 0xA9, 0xFF, 0xFF, 0xFF, 
0x82, 0x00, 0x00, 0xCA, 0xFF, 0xFF, 0xFF, 0x54, 0x00, 0x0B, 0xFB, 0xFF, 
0xFF, 0xF8, 0x0D, 0x00, 0x47, 0xFF, 0xFF, 0xFF, 0xB4, 0x00, 0x00, 0x9B, 
0xFF, 0xFF, 0xFF, 0x50, 0x00, 0x06, 0xED, 0xFF, 0xFF, 0xDA, 0x02, 0x00, 
0x63, 0xFF, 0xFF, 0xFF, 0x56, 0x00, 0x00, 0x64, 0x88, 0x88, 0x75, 0x00, 
0x00, 0x00, 0x00, 0x00, 0x00, 0x00, 0x00, 0x00, 0x00, 0x00, 0x00, 0x00, 
0x00, 0x00, 0x00, 0x34, 0x58, 0x00, 0x00, 0x00, 0x00, 0x00, 0x00, 0x00, 
0x00, 0x00, 0x00, 0x0A, 0x63, 0xCC, 0xFF, 0xA4, 0x00, 0x00, 0x00, 0x00, 
0x00, 0x00, 0x00, 0x00, 0x2A, 0x92, 0xF0, 0xFF, 0xFF, 0xFF, 0xA4, 0x00, 
0x00, 0x00, 0x00, 0x00, 0x06, 0x59, 0xC1, 0xFF, 0xFF, 0xFF, 0xFF, 0xFF, 
0xFF, 0x94, 0x00, 0x00, 0x00, 0x21, 0x88, 0xEA, 0xFF, 0xFF, 0xFF, 0xFF, 
0xFF, 0xF2, 0x9B, 0x39, 0x00, 0x03, 0x4F, 0xB7, 0xFD, 0xFF, 0xFF, 0xFF, 
0xFF, 0xFF, 0xC2, 0x60, 0x0B, 0x00, 0x00, 0x00, 0x4B, 0xFF, 0xFF, 0xFF, 
0xFF, 0xFF, 0xE6, 0x87, 0x25, 0x00, 0x00, 0x00, 0x00, 0x00, 0x00, 0x4C, 
0xFF, 0xFF, 0xFA, 0xAE, 0x4C, 0x03, 0x00, 0x00, 0x00, 0x00, 0x00, 0x00, 
0x00, 0x00, 0x4C, 0xFF, 0xFF, 0xBC, 0x45, 0x02, 0x00, 0x00, 0x00, 0x00, 
0x00, 0x00, 0x00, 0x00, 0x00, 0x4C, 0xFF, 0xFF, 0xFF, 0xFF, 0xE1, 0x81, 
0x20, 0x00, 0x00, 0x00, 0x00, 0x00, 0x00, 0x00, 0x22, 0xB8, 0xFE, 0xFF, 
0xFF, 0xFF, 0xFF, 0xFE, 0xBC, 0x59, 0x08, 0x00, 0x00, 0x00, 0x00, 0x00, 
0x00, 0x21, 0x88, 0xEA, 0xFF, 0xFF, 0xFF, 0xFF, 0xFF, 0xEF, 0x94, 0x32, 
0x00, 0x00, 0x00, 0x00, 0x00, 0x00, 0x06, 0x59, 0xC2, 0xFF, 0xFF, 0xFF, 
0xFF, 0xFF, 0xFF, 0xD0, 0x51, 0x00, 0x00, 0x00, 0x00, 0x00, 0x00, 0x00, 
0x2B, 0x93, 0xF0, 0xFF, 0xFF, 0xFF, 0xFF, 0xA4, 0x00, 0x00, 0x00, 0x00, 
0x00, 0x00, 0x00, 0x00, 0x00, 0x0A, 0x64, 0xCC, 0xFF, 0xFF, 0xA4, 0x00, 
0x00, 0x00, 0x00, 0x00, 0x00, 0x00, 0x00, 0x00, 0x00, 0x00, 0x00, 0x35, 
0x9D, 0x99, 0x00, 0x00, 0x00, 0x00, 0x00, 0x00, 0x00, 0x00, 0x00, 0x00, 
0x00, 0x00, 0x00, 0x00, 0x01, 0x02, 0x08, 0x08, 0x08, 0x08, 0x08, 0x08, 
0x08, 0x08, 0x08, 0x08, 0x08, 0x08, 0x08, 0x05, 0x4C, 0xFF, 0xFF, 0xFF, 
0xFF, 0xFF, 0xFF, 0xFF, 0xFF, 0xFF, 0xFF, 0xFF, 0xFF, 0xFF, 0xA4, 0x4C, 
0xFF, 0xFF, 0xFF, 0xFF, 0xFF, 0xFF, 0xFF, 0xFF, 0xFF, 0xFF, 0xFF, 0xFF, 
0xFF, 0xA4, 0x4C, 0xFF, 0xFF, 0xFF, 0xFF, 0xFF, 0xFF, 0xFF, 0xFF, 0xFF, 
0xFF, 0xFF, 0xFF, 0xFF, 0xA4, 0x21, 0x70, 0x70, 0x70, 0x70, 0x70, 0x70, 
0x70, 0x70, 0x70, 0x70, 0x70, 0x70, 0x70, 0x47, 0x00, 0x00, 0x00, 0x00, 
0x00, 0x00, 0x00, 0x00, 0x00, 0x00, 0x00, 0x00, 0x00, 0x00, 0x00, 0x00, 
0x00, 0x00, 0x00, 0x00, 0x00, 0x00, 0x00, 0x00, 0x00, 0x00, 0x00, 0x00, 
0x00, 0x00, 0x04, 0x10, 0x10, 0x10, 0x10, 0x10, 0x10, 0x10, 0x10, 0x10, 
0x10, 0x10, 0x10, 0x10, 0x0A, 0x4C, 0xFF, 0xFF, 0xFF, 0xFF, 0xFF, 0xFF, 
0xFF, 0xFF, 0xFF, 0xFF, 0xFF, 0xFF, 0xFF, 0xA4, 0x4C, 0xFF, 0xFF, 0xFF, 
0xFF, 0xFF, 0xFF, 0xFF, 0xFF, 0xFF, 0xFF, 0xFF, 0xFF, 0xFF, 0xA4, 0x4C, 
0xFF, 0xFF, 0xFF, 0xFF, 0xFF, 0xFF, 0xFF, 0xFF, 0xFF, 0xFF, 0xFF, 0xFF, 
0xFF, 0xA4, 0x1E, 0x68, 0x68, 0x68, 0x68, 0x68, 0x68, 0x68, 0x68, 0x68, 
0x68, 0x68, 0x68, 0x68, 0x42, 0x2E, 0x58, 0x06, 0x00, 0x00, 0x00, 0x00, 
0x00, 0x00, 0x00, 0x00, 0x00, 0x00, 0x00, 0x00, 0x4C, 0xFF, 0xE9, 0x87, 
0x21, 0x00, 0x00, 0x00, 0x00, 0x00, 0x00, 0x00, 0x00, 0x00, 0x00, 0x4C, 
0xFF, 0xFF, 0xFF, 0xFD, 0xB6, 0x4E, 0x03, 0x00, 0x00, 0x00, 0x00, 0x00, 
0x00, 0x00, 0x3F, 0xFC, 0xFF, 0xFF, 0xFF, 0xFF, 0xFF, 0xE2, 0x7D, 0x19, 
0x00, 0x00, 0x00, 0x00, 0x00, 0x00, 0x1A, 0x79, 0xDB, 0xFF, 0xFF, 0xFF, 
0xFF, 0xFF, 0xFB, 0xAC, 0x43, 0x01, 0x00, 0x00, 0x00, 0x00, 0x00, 0x00, 
0x3E, 0xA1, 0xF5, 0xFF, 0xFF, 0xFF, 0xFF, 0xFF, 0xDA, 0x72, 0x12, 0x00, 
0x00, 0x00, 0x00, 0x00, 0x00, 0x0E, 0x66, 0xC9, 0xFF, 0xFF, 0xFF, 0xFF, 
0xFF, 0xA3, 0x00, 0x00, 0x00, 0x00, 0x00, 0x00, 0x00, 0x00, 0x00, 0x2B, 
0x8E, 0xEA, 0xFF, 0xFF, 0xA4, 0x00, 0x00, 0x00, 0x00, 0x00, 0x00, 0x00, 
0x00, 0x00, 0x00, 0x25, 0x8D, 0xFC, 0xFF, 0xA4, 0x00, 0x00, 0x00, 0x00, 
0x00, 0x00, 0x00, 0x0B, 0x60, 0xC2, 0xFF, 0xFF, 0xFF, 0xFF, 0xA4, 0x00, 
0x00, 0x00, 0x00, 0x00, 0x38, 0x9B, 0xF2, 0xFF, 0xFF, 0xFF, 0xFF, 0xFF, 
0xD9, 0x55, 0x00, 0x00, 0x16, 0x73, 0xD5, 0xFF, 0xFF, 0xFF, 0xFF, 0xFF, 
0xFB, 0xAC, 0x44, 0x01, 0x00, 0x20, 0xAE, 0xFA, 0xFF, 0xFF, 0xFF, 0xFF, 
0xFF, 0xE2, 0x7D, 0x19, 0x00, 0x00, 0x00, 0x00, 0x4C, 0xFF, 0xFF, 0xFF, 
0xFF, 0xFD, 0xB7, 0x4E, 0x03, 0x00, 0x00, 0x00, 0x00, 0x00, 0x00, 0x4C, 
0xFF, 0xFF, 0xE9, 0x88, 0x21, 0x00, 0x00, 0x00, 0x00, 0x00, 0x00, 0x00, 
0x00, 0x00, 0x4B, 0xC1, 0x59, 0x06, 0x00, 0x00, 0x00, 0x00, 0x00, 0x00, 
0x00, 0x00, 0x00, 0x00, 0x00, 0x01, 0x00, 0x00, 0x00, 0x00, 0x00, 0x00, 
0x00, 0x00, 0x00, 0x00, 0x00, 0x00, 0x00, 0x00, 0x00, 0x10, 0x3A, 0x4F, 
0x5B, 0x58, 0x4B, 0x2B, 0x04, 0x00, 0x00, 0x00, 0x0F, 0xFF, 0xFF, 0xFF, 
0xFF, 0xFF, 0xFF, 0xFF, 0xEF, 0x7F, 0x01, 0x00, 0x10, 0xFF, 0xFF, 0xFF, 
0xFF, 0xFF, 0xFF, 0xFF, 0xFF, 0xFF, 0x75, 0x00, 0x10, 0xFF, 0xFF, 0xFF, 
0xFF, 0xFF, 0xFF, 0xFF, 0xFF, 0xFF, 0xDC, 0x00, 0x0B, 0x97, 0x69, 0x56, 
0x56, 0x7F, 0xF8, 0xFF, 0xFF, 0xFF, 0xFE, 0x04, 0x00, 0x00, 0x00, 0x00, 
0x00, 0x00, 0xAA, 0xFF, 0xFF, 0xFF, 0xFF, 0x0D, 0x00, 0x00, 0x00, 0x00, 
0x00, 0x00, 0xB2, 0xFF, 0xFF, 0xFF, 0xF8, 0x00, 0x00, 0x00, 0x00, 0x00, 
0x00, 0x43, 0xFB, 0xFF, 0xFF, 0xFF, 0xBC, 0x00, 0x00, 0x00, 0x00, 0x00, 
0x46, 0xF6, 0xFF, 0xFF, 0xFF, 0xFB, 0x38, 0x00, 0x00, 0x00, 0x00, 0x1E, 
0xF2, 0xFF, 0xFF, 0xFF, 0xF4, 0x49, 0x00, 0x00, 0x00, 0x00, 0x00, 0x7B, 
0xFF, 0xFF, 0xFF, 0xE4, 0x2F, 0x00, 0x00, 0x00, 0x00, 0x00, 0x00, 0x9B, 
0xFF, 0xFF, 0xFF, 0x37, 0x00, 0x00, 0x00, 0x00, 0x00, 0x00, 0x00, 0x7A, 
0xC4, 0xC4, 0xC4, 0x01, 0x00, 0x00, 0x00, 0x00, 0x00, 0x00, 0x00, 0x00, 
0x00, 0x00, 0x00, 0x00, 0x00, 0x00, 0x00, 0x00, 0x00, 0x00, 0x00, 0x4E, 
0x91, 0x97, 0x78, 0x0D, 0x00, 0x00, 0x00, 0x00, 0x00, 0x00, 0x18, 0xFD, 
0xFF, 0xFF, 0xFF, 0x7F, 0x00, 0x00, 0x00, 0x00, 0x00, 0x00, 0x34, 0xFF, 
0xFF, 0xFF, 0xFF, 0x9F, 0x00, 0x00, 0x00, 0x00, 0x00, 0x00, 0x2D, 0xFF, 
0xFF, 0xFF, 0xFF, 0x97, 0x00, 0x00, 0x00, 0x00, 0x00, 0x00, 0x06, 0xD9, 
0xFF, 0xFF, 0xFB, 0x4B, 0x00, 0x00, 0x00, 0x00, 0x00, 0x00, 0x00, 0x02, 
0x1E, 0x24, 0x0C, 0x00, 0x00, 0x00, 0x00, 0x00, 0x00, 0x00, 0x00, 0x00, 
0x00, 0x00, 0x00, 0x00, 0x00, 0x0B, 0x31, 0x42, 0x3E, 0x2C, 0x09, 0x00, 
0x00, 0x00, 0x00, 0x00, 0x00, 0x00, 0x00, 0x00, 0x00, 0x00, 0x00, 0x00, 
0x0E, 0x72, 0xCB, 0xFE, 0xFF, 0xFF, 0xFF, 0xFF, 0xFC, 0xC6, 0x6A, 0x09, 
0x00, 0x00, 0x00, 0x00, 0x00, 0x00, 0x00, 0x00, 0x00, 0x62, 0xEE, 0xFF, 
0xFF, 0xFF, 0xFF, 0xFF, 0xFF, 0xFF, 0xFF, 0xFF, 0xFF, 0xDE, 0x3D, 0x00, 
0x00, 0x00, 0x00, 0x00, 0x00, 0x04, 0x9E, 0xFF, 0xFF, 0xFF, 0xFF, 0xFE, 
0xE5, 0xC6, 0xC7, 0xE0, 0xFF, 0xFF, 0xFF, 0xFF, 0xFA, 0x49, 0x00, 0x00, 
0x00, 0x00, 0x00, 0x9B, 0xFF, 0xFF, 0xFF, 0xEC, 0x7D, 0x1A, 0x00, 0x00, 
0x00, 0x00, 0x19, 0x7F, 0xF7, 0xFF, 0xFF, 0xEF, 0x18, 0x00, 0x00, 0x00, 
0x5D, 0xFF, 0xFF, 0xFF, 0xC8, 0x1D, 0x00, 0x00, 0x14, 0x25, 0x02, 0x00, 
0x00, 0x00, 0x38, 0xF6, 0xFF, 0xFF, 0x8F, 0x00, 0x00, 0x0B, 0xEB, 0xFF, 
0xFF, 0xDA, 0x0C, 0x00, 0x32, 0xC4, 0xFF, 0xFF, 0xD7, 0x7C, 0xE8, 0xE4, 
0x77, 0x81, 0xFF, 0xFF, 0xEB, 0x03, 0x00, 0x6D, 0xFF, 0xFF, 0xFC, 0x32, 
0x00, 0x3D, 0xF4, 0xFF, 0xFF, 0xFF, 0xFF, 0xFA, 0xFF, 0xFF, 0x5B, 0x24, 
0xFF, 0xFF, 0xFF, 0x29, 0x00, 0xC4, 0xFF, 0xFF, 0xAC, 0x00, 0x0B, 0xDF, 
0xFF, 0xFF, 0xF0, 0xB4, 0xF2, 0xFF, 0xFF, 0xFF, 0x2C, 0x00, 0xF3, 0xFF, 
0xFF, 0x46, 0x07, 0xFB, 0xFF, 0xFF, 0x58, 0x00, 0x66, 0xFF, 0xFF, 0xF7, 
0x2B, 0x00, 0x6B, 0xFF, 0xFF, 0xF8, 0x04, 0x00, 0xE3, 0xFF, 0xFF, 0x47, 
0x2D, 0xFF, 0xFF, 0xFF, 0x24, 0x00, 0xBA, 0xFF, 0xFF, 0x9B, 0x00, 0x00, 
0x58, 0xFF, 0xFF, 0xCE, 0x00, 0x00, 0xE9, 0xFF, 0xFF, 0x34, 0x41, 0xFF, 
0xFF, 0xFF, 0x09, 0x00, 0xDF, 0xFF, 0xFF, 0x5B, 0x00, 0x00, 0x85, 0xFF, 
0xFF, 0xA3, 0x00, 0x05, 0xFC, 0xFF, 0xFE, 0x12, 0x46, 0xFF, 0xFF, 0xFF, 
0x05, 0x00, 0xF0, 0xFF, 0xFF, 0x4F, 0x00, 0x02, 0xD7, 0xFF, 0xFF, 0x86, 
0x00, 0x3A, 0xFF, 0xFF, 0xCF, 0x00, 0x34, 0xFF, 0xFF, 0xFF, 0x18, 0x00, 
0xD3, 0xFF, 0xFF, 0xAB, 0x2D, 0x95, 0xFF, 0xFF, 0xFF, 0xC2, 0x25, 0xBA, 
0xFF, 0xFF, 0x70, 0x00, 0x18, 0xFF, 0xFF, 0xFF, 0x49, 0x00, 0x8E, 0xFF, 
0xFF, 0xFF, 0xFF, 0xFF, 0xFF, 0xFF, 0xFF, 0xFF, 0xFF, 0xFF, 0xFF, 0xE0, 
0x0A, 0x00, 0x00, 0xD7, 0xFF, 0xFF, 0xA1, 0x00, 0x14, 0xE3, 0xFF, 0xFF, 
0xFF, 0xFF, 0x9E, 0x70, 0xFF, 0xFF, 0xFF, 0xFF, 0xE8, 0x2B, 0x00, 0x00, 
0x00, 0x84, 0xFF, 0xFF, 0xFD, 0x3E, 0x00, 0x16, 0x82, 0xB1, 0xA3, 0x50, 
0x00, 0x00, 0x41, 0x98, 0xA3, 0x75, 0x0F, 0x00, 0x00, 0x00, 0x00, 0x11, 
0xEE, 0xFF, 0xFF, 0xF1, 0x5A, 0x00, 0x00, 0x00, 0x00, 0x00, 0x00, 0x00, 
0x00, 0x00, 0x00, 0x00, 0x00, 0x00, 0x00, 0x00, 0x00, 0x00, 0x4E, 0xFC, 
0xFF, 0xFF, 0xFF, 0xD6, 0x80, 0x4C, 0x30, 0x23, 0x2C, 0x3C, 0x55, 0x87, 
0x68, 0x00, 0x00, 0x00, 0x00, 0x00, 0x00, 0x00, 0x00, 0x57, 0xF2, 0xFF, 
0xFF, 0xFF, 0xFF, 0xFF, 0xFF, 0xFF, 0xFF, 0xFF, 0xFF, 0xFF, 0x98, 0x00, 
0x00, 0x00, 0x00, 0x00, 0x00, 0x00, 0x00, 0x00, 0x1F, 0xA4, 0xF9, 0xFF, 
0xFF, 0xFF, 0xFF, 0xFF, 0xFF, 0xFF, 0xFF, 0xFF, 0x98, 0x00, 0x00, 0x00, 
0x00, 0x00, 0x00, 0x00, 0x00, 0x00, 0x00, 0x00, 0x14, 0x5C, 0x93, 0xBA, 
0xCB, 0xD7, 0xCB, 0xB9, 0x97, 0x5E, 0x1D, 0x00, 0x00, 0x00, 0x00, 0x00, 
0x00, 0x00, 0x00, 0x00, 0x00, 0x00, 0x03, 0x0C, 0x0C, 0x0C, 0x0C, 0x0C, 
0x0A, 0x00, 0x00, 0x00, 0x00, 0x00, 0x00, 0x00, 0x00, 0x00, 0x00, 0x00, 
0x00, 0x00, 0x84, 0xFF, 0xFF, 0xFF, 0xFF, 0xFF, 0xFB, 0x17, 0x00, 0x00, 
0x00, 0x00, 0x00, 0x00, 0x00, 0x00, 0x00, 0x00, 0x00, 0x01, 0xE1, 0xFF, 
0xFF, 0xFF, 0xFF, 0xFF, 0xFF, 0x71, 0x00, 0x00, 0x00, 0x00, 0x00, 0x00, 
0x00, 0x00, 0x00, 0x00, 0x00, 0x42, 0xFF, 0xFF, 0xFF, 0xFF, 0xFF, 0xFF, 
0xFF, 0xCF, 0x00, 0x00, 0x00, 0x00, 0x00, 0x00, 0x00, 0x00, 0x00, 0x00, 
0x00, 0xA1, 0xFF, 0xFF, 0xFF, 0xFA, 0xFF, 0xFF, 0xFF, 0xFF, 0x2D, 0x00, 
0x00, 0x00, 0x00, 0x00, 0x00, 0x00, 0x00, 0x00, 0x0B, 0xF3, 0xFF, 0xFF, 
0xFF, 0x68, 0xE5, 0xFF, 0xFF, 0xFF, 0x8B, 0x00, 0x00, 0x00, 0x00, 0x00, 
0x00, 0x00, 0x00, 0x00, 0x5E, 0xFF, 0xFF, 0xFF, 0xFB, 0x13, 0x92, 0xFF, 
0xFF, 0xFF, 0xE6, 0x03, 0x00, 0x00, 0x00, 0x00, 0x00, 0x00, 0x00, 0x00, 
0xBD, 0xFF, 0xFF, 0xFF, 0xB7, 0x00, 0x3D, 0xFF, 0xFF, 0xFF, 0xFF, 0x47, 
0x00, 0x00, 0x00, 0x00, 0x00, 0x00, 0x00, 0x1E, 0xFE, 0xFF, 0xFF, 0xFF, 
0x5F, 0x00, 0x01, 0xE4, 0xFF, 0xFF, 0xFF, 0xA5, 0x00, 0x00, 0x00, 0x00, 
0x00, 0x00, 0x00, 0x7B, 0xFF, 0xFF, 0xFF, 0xF8, 0x0F, 0x00, 0x00, 0x91, 
0xFF, 0xFF, 0xFF, 0xF5, 0x0D, 0x00, 0x00, 0x00, 0x00, 0x00, 0x00, 0xD9, 
0xFF, 0xFF, 0xFF, 0xB0, 0x00, 0x00, 0x00, 0x3B, 0xFF, 0xFF, 0xFF, 0xFF, 
0x61, 0x00, 0x00, 0x00, 0x00, 0x00, 0x39, 0xFF, 0xFF, 0xFF, 0xFF, 0xED, 
0xDC, 0xDC, 0xDC, 0xDD, 0xFF, 0xFF, 0xFF, 0xFF, 0xBF, 0x00, 0x00, 0x00, 
0x00, 0x00, 0x97, 0xFF, 0xFF, 0xFF, 0xFF, 0xFF, 0xFF, 0xFF, 0xFF, 0xFF, 
0xFF, 0xFF, 0xFF, 0xFF, 0xFE, 0x1E, 0x00, 0x00, 0x00, 0x07, 0xEE, 0xFF, 
0xFF, 0xFF, 0xFF, 0xFF, 0xFF, 0xFF, 0xFF, 0xFF, 0xFF, 0xFF, 0xFF, 0xFF, 
0xFF, 0x7B, 0x00, 0x00, 0x00, 0x55, 0xFF, 0xFF, 0xFF, 0xFF, 0xE8, 0xE4, 
0xE4, 0xE4, 0xE4, 0xE4, 0xE4, 0xF8, 0xFF, 0xFF, 0xFF, 0xD8, 0x00, 0x00, 
0x00, 0xB4, 0xFF, 0xFF, 0xFF, 0xF2, 0x08, 0x00, 0x00, 0x00, 0x00, 0x00, 
0x00, 0x90, 0xFF, 0xFF, 0xFF, 0xFF, 0x37, 0x00, 0x17, 0xFB, 0xFF, 0xFF, 
0xFF, 0xA2, 0x00, 0x00, 0x00, 0x00, 0x00, 0x00, 0x00, 0x3A, 0xFF, 0xFF, 
0xFF, 0xFF, 0x95, 0x00, 0x72, 0xFF, 0xFF, 0xFF, 0xFF, 0x4B, 0x00, 0x00, 
0x00, 0x00, 0x00, 0x00, 0x00, 0x01, 0xE3, 0xFF, 0xFF, 0xFF, 0xEC, 0x06, 
0xD1, 0xFF, 0xFF, 0xFF, 0xEE, 0x05, 0x00, 0x00, 0x00, 0x00, 0x00, 0x00, 
0x00, 0x00, 0x8F, 0xFF, 0xFF, 0xFF, 0xFF, 0x51, 0x01, 0x0C, 0x0C, 0x0C, 
0x0C, 0x0C, 0x0C, 0x09, 0x02, 0x00, 0x00, 0x00, 0x00, 0x00, 0x00, 0x28, 
0xFF, 0xFF, 0xFF, 0xFF, 0xFF, 0xFF, 0xFF, 0xFE, 0xEC, 0xC4, 0x7C, 0x11, 
0x00, 0x00, 0x28, 0xFF, 0xFF, 0xFF, 0xFF, 0xFF, 0xFF, 0xFF, 0xFF, 0xFF, 
0xFF, 0xFF, 0xEE, 0x30, 0x00, 0x28, 0xFF, 0xFF, 0xFF, 0xFF, 0xFF, 0xFF, 
0xFF, 0xFF, 0xFF, 0xFF, 0xFF, 0xFF, 0xD3, 0x00, 0x28, 0xFF, 0xFF, 0xFF, 
0xFF, 0xC7, 0x98, 0xA0, 0xC1, 0xFD, 0xFF, 0xFF, 0xFF, 0xFF, 0x28, 0x28, 
0xFF, 0xFF, 0xFF, 0xFF, 0x74, 0x00, 0x00, 0x00, 0x77, 0xFF, 0xFF, 0xFF, 
0xFF, 0x45, 0x28, 0xFF, 0xFF, 0xFF, 0xFF, 0x74, 0x00, 0x00, 0x00, 0x4F, 
0xFF, 0xFF, 0xFF, 0xFF, 0x3C, 0x28, 0xFF, 0xFF, 0xFF, 0xFF, 0x74, 0x00, 
0x00, 0x06, 0xAA, 0xFF, 0xFF, 0xFF, 0xF3, 0x0E, 0x28, 0xFF, 0xFF, 0xFF, 
0xFF, 0xE3, 0xCC, 0xD5, 0xF5, 0xFF, 0xFF, 0xFF, 0xFD, 0x62, 0x00, 0x28, 
0xFF, 0xFF, 0xFF, 0xFF, 0xFF, 0xFF, 0xFF, 0xFF, 0xFF, 0xFF, 0xEC, 0x39, 
0x00, 0x00, 0x28, 0xFF, 0xFF, 0xFF, 0xFF, 0xFF, 0xFF, 0xFF, 0xFF, 0xFF, 
0xFF, 0xFF, 0xF7, 0x65, 0x00, 0x28, 0xFF, 0xFF, 0xFF, 0xFF, 0xB3, 0x74, 
0x79, 0x91, 0xE2, 0xFF, 0xFF, 0xFF, 0xFF, 0x3A, 0x28, 0xFF, 0xFF, 0xFF, 
0xFF, 0x74, 0x00, 0x00, 0x00, 0x16, 0xF8, 0xFF, 0xFF, 0xFF, 0xA0, 0x28, 
0xFF, 0xFF, 0xFF, 0xFF, 0x74, 0x00, 0x00, 0x00, 0x00, 0xDE, 0xFF, 0xFF, 
0xFF, 0xC4, 0x28, 0xFF, 0xFF, 0xFF, 0xFF, 0x74, 0x00, 0x00, 0x00, 0x24, 
0xFA, 0xFF, 0xFF, 0xFF, 0xBD, 0x28, 0xFF, 0xFF, 0xFF, 0xFF, 0xD2, 0xAC, 
0xAF, 0xC4, 0xF8, 0xFF, 0xFF, 0xFF, 0xFF, 0x96, 0x28, 0xFF, 0xFF, 0xFF, 
0xFF, 0xFF, 0xFF, 0xFF, 0xFF, 0xFF, 0xFF, 0xFF, 0xFF, 0xFE, 0x38, 0x28, 
0xFF, 0xFF, 0xFF, 0xFF, 0xFF, 0xFF, 0xFF, 0xFF, 0xFF, 0xFF, 0xFF, 0xFA, 
0x6E, 0x00, 0x28, 0xFF, 0xFF, 0xFF, 0xFF, 0xFF, 0xFF, 0xFF, 0xFB, 0xEC, 
0xCA, 0x8E, 0x24, 0x00, 0x00, 0x00, 0x00, 0x00, 0x00, 0x00, 0x00, 0x08, 
0x2E, 0x40, 0x45, 0x36, 0x21, 0x00, 0x00, 0x00, 0x00, 0x00, 0x04, 0x5B, 
0xC3, 0xF9, 0xFF, 0xFF, 0xFF, 0xFF, 0xFF, 0xEB, 0x62, 0x00, 0x00, 0x1D, 
0xC6, 0xFF, 0xFF, 0xFF, 0xFF, 0xFF, 0xFF, 0xFF, 0xFF, 0xFF, 0x84, 0x00, 
0x0C, 0xD4, 0xFF, 0xFF, 0xFF, 0xFF, 0xFF, 0xFF, 0xFF, 0xFF, 0xFF, 0xFF, 
0x84, 0x00, 0x87, 0xFF, 0xFF, 0xFF, 0xFF, 0xFF, 0xEF, 0xB1, 0x9E, 0xAD, 
0xC4, 0xF6, 0x84, 0x08, 0xEE, 0xFF, 0xFF, 0xFF, 0xFF, 0xA9, 0x09, 0x00, 
0x00, 0x00, 0x00, 0x07, 0x18, 0x3C, 0xFF, 0xFF, 0xFF, 0xFF, 0xEB, 0x0C, 
0x00, 0x00, 0x00, 0x00, 0x00, 0x00, 0x00, 0x71, 0xFF, 0xFF, 0xFF, 0xFF, 
0xA5, 0x00, 0x00, 0x00, 0x00, 0x00, 0x00, 0x00, 0x00, 0x89, 0xFF, 0xFF, 
0xFF, 0xFF, 0x7A, 0x00, 0x00, 0x00, 0x00, 0x00, 0x00, 0x00, 0x00, 0x98, 
0xFF, 0xFF, 0xFF, 0xFF, 0x6A, 0x00, 0x00, 0x00, 0x00, 0x00, 0x00, 0x00, 
0x00, 0x9B, 0xFF, 0xFF, 0xFF, 0xFF, 0x6B, 0x00, 0x00, 0x00, 0x00, 0x00, 
0x00, 0x00, 0x00, 0x90, 0xFF, 0xFF, 0xFF, 0xFF, 0x7A, 0x00, 0x00, 0x00, 
0x00, 0x00, 0x00, 0x00, 0x00, 0x75, 0xFF, 0xFF, 0xFF, 0xFF, 0xA5, 0x00, 
0x00, 0x00, 0x00, 0x00, 0x00, 0x00, 0x00, 0x49, 0xFF, 0xFF, 0xFF, 0xFF, 
0xEB, 0x0D, 0x00, 0x00, 0x00, 0x00, 0x00, 0x00, 0x00, 0x0E, 0xF8, 0xFF, 
0xFF, 0xFF, 0xFF, 0xB0, 0x12, 0x00, 0x00, 0x00, 0x00, 0x16, 0x36, 0x00, 
0x9F, 0xFF, 0xFF, 0xFF, 0xFF, 0xFF, 0xFA, 0xCE, 0xBD, 0xCA, 0xE0, 0xFF, 
0xB8, 0x00, 0x1A, 0xEB, 0xFF, 0xFF, 0xFF, 0xFF, 0xFF, 0xFF, 0xFF, 0xFF, 
0xFF, 0xFF, 0xB8, 0x00, 0x00, 0x34, 0xE5, 0xFF, 0xFF, 0xFF, 0xFF, 0xFF, 
0xFF, 0xFF, 0xFF, 0xFF, 0xB8, 0x00, 0x00, 0x00, 0x10, 0x79, 0xC4, 0xFB, 
0xFF, 0xFF, 0xFF, 0xFF, 0xFF, 0xE5, 0x77, 0x00, 0x00, 0x00, 0x00, 0x00, 
0x00, 0x0A, 0x22, 0x35, 0x3E, 0x2C, 0x16, 0x00, 0x00, 0x01, 0x0C, 0x0C, 
0x0C, 0x0C, 0x0C, 0x0C, 0x0A, 0x02, 0x00, 0x00, 0x00, 0x00, 0x00, 0x00, 
0x00, 0x00, 0x28, 0xFF, 0xFF, 0xFF, 0xFF, 0xFF, 0xFF, 0xFF, 0xFF, 0xED, 
0xC7, 0x8B, 0x2F, 0x00, 0x00, 0x00, 0x00, 0x28, 0xFF, 0xFF, 0xFF, 0xFF, 
0xFF, 0xFF, 0xFF, 0xFF, 0xFF, 0xFF, 0xFF, 0xFF, 0x9A, 0x05, 0x00, 0x00, 
0x28, 0xFF, 0xFF, 0xFF, 0xFF, 0xFF, 0xFF, 0xFF, 0xFF, 0xFF, 0xFF, 0xFF, 
0xFF, 0xFF, 0x9B, 0x00, 0x00, 0x28, 0xFF, 0xFF, 0xFF, 0xFF, 0xE3, 0xCC, 
0xD3, 0xEA, 0xFF, 0xFF, 0xFF, 0xFF, 0xFF, 0xFF, 0x3C, 0x00, 0x28, 0xFF, 
0xFF, 0xFF, 0xFF, 0x74, 0x00, 0x00, 0x00, 0x31, 0xD0, 0xFF, 0xFF, 0xFF, 
0xFF, 0xA7, 0x00, 0x28, 0xFF, 0xFF, 0xFF, 0xFF, 0x74, 0x00, 0x00, 0x00, 
0x00, 0x24, 0xFB, 0xFF, 0xFF, 0xFF, 0xEC, 0x00, 0x28, 0xFF, 0xFF, 0xFF, 
0xFF, 0x74, 0x00, 0x00, 0x00, 0x00, 0x00, 0xC8, 0xFF, 0xFF, 0xFF, 0xFF, 
0x18, 0x28, 0xFF, 0xFF, 0xFF, 0xFF, 0x74, 0x00, 0x00, 0x00, 0x00, 0x00, 
0x9B, 0xFF, 0xFF, 0xFF, 0xFF, 0x34, 0x28, 0xFF, 0xFF, 0xFF, 0xFF, 0x74, 
0x00, 0x00, 0x00, 0x00, 0x00, 0x8B, 0xFF, 0xFF, 0xFF, 0xFF, 0x3F, 0x28, 
0xFF, 0xFF, 0xFF, 0xFF, 0x74, 0x00, 0x00, 0x00, 0x00, 0x00, 0x8C, 0xFF, 
0xFF, 0xFF, 0xFF, 0x3B, 0x28, 0xFF, 0xFF, 0xFF, 0xFF, 0x74, 0x00, 0x00, 
0x00, 0x00, 0x00, 0x9C, 0xFF, 0xFF, 0xFF, 0xFF, 0x2B, 0x28, 0xFF, 0xFF, 
0xFF, 0xFF, 0x74, 0x00, 0x00, 0x00, 0x00, 0x00, 0xCD, 0xFF, 0xFF, 0xFF, 
0xFF, 0x11, 0x28, 0xFF, 0xFF, 0xFF, 0xFF, 0x74, 0x00, 0x00, 0x00, 0x00, 
0x33, 0xFD, 0xFF, 0xFF, 0xFF, 0xDA, 0x00, 0x28, 0xFF, 0xFF, 0xFF, 0xFF, 
0x74, 0x00, 0x00, 0x0B, 0x54, 0xE5, 0xFF, 0xFF, 0xFF, 0xFF, 0x8F, 0x00, 
0x28, 0xFF, 0xFF, 0xFF, 0xFF, 0xF5, 0xEC, 0xF2, 0xFF, 0xFF, 0xFF, 0xFF, 
0xFF, 0xFF, 0xF9, 0x20, 0x00, 0x28, 0xFF, 0xFF, 0xFF, 0xFF, 0xFF, 0xFF, 
0xFF, 0xFF, 0xFF, 0xFF, 0xFF, 0xFF, 0xFF, 0x63, 0x00, 0x00, 0x28, 0xFF, 
0xFF, 0xFF, 0xFF, 0xFF, 0xFF, 0xFF, 0xFF, 0xFF, 0xFF, 0xFF, 0xEA, 0x52, 
0x00, 0x00, 0x00, 0x28, 0xFF, 0xFF, 0xFF, 0xFF, 0xFF, 0xFF, 0xFD, 0xEF, 
0xD9, 0xA6, 0x5F, 0x08, 0x00, 0x00, 0x00, 0x00, 0x01, 0x0C, 0x0C, 0x0C, 
0x0C, 0x0C, 0x0C, 0x0C, 0x0C, 0x0C, 0x0C, 0x0C, 0x03, 0x28, 0xFF, 0xFF, 
0xFF, 0xFF, 0xFF, 0xFF, 0xFF, 0xFF, 0xFF, 0xFF, 0xFF, 0x48, 0x28, 0xFF, 
0xFF, 0xFF, 0xFF, 0xFF, 0xFF, 0xFF, 0xFF, 0xFF, 0xFF, 0xFF, 0x48, 0x28, 
0xFF, 0xFF, 0xFF, 0xFF, 0xFF, 0xFF, 0xFF, 0xFF, 0xFF, 0xFF, 0xFF, 0x48, 
0x28, 0xFF, 0xFF, 0xFF, 0xFF, 0xF7, 0xF0, 0xF0, 0xF0, 0xF0, 0xF0, 0xF0, 
0x43, 0x28, 0xFF, 0xFF, 0xFF, 0xFF, 0x74, 0x00, 0x00, 0x00, 0x00, 0x00, 
0x00, 0x00, 0x28, 0xFF, 0xFF, 0xFF, 0xFF, 0x74, 0x00, 0x00, 0x00, 0x00, 
0x00, 0x00, 0x00, 0x28, 0xFF, 0xFF, 0xFF, 0xFF, 0x83, 0x1C, 0x1C, 0x1C, 
0x1C, 0x1C, 0x14, 0x00, 0x28, 0xFF, 0xFF, 0xFF, 0xFF, 0xFF, 0xFF, 0xFF, 
0xFF, 0xFF, 0xFF, 0xBC, 0x00, 0x28, 0xFF, 0xFF, 0xFF, 0xFF, 0xFF, 0xFF, 
0xFF, 0xFF, 0xFF, 0xFF, 0xBC, 0x00, 0x28, 0xFF, 0xFF, 0xFF, 0xFF, 0xFF, 
0xFF, 0xFF, 0xFF, 0xFF, 0xFF, 0xBC, 0x00, 0x28, 0xFF, 0xFF, 0xFF, 0xFF, 
0xD8, 0xB8, 0xB8, 0xB8, 0xB8, 0xB8, 0x87, 0x00, 0x28, 0xFF, 0xFF, 0xFF, 
0xFF, 0x74, 0x00, 0x00, 0x00, 0x00, 0x00, 0x00, 0x00, 0x28, 0xFF, 0xFF, 
0xFF, 0xFF, 0x74, 0x00, 0x00, 0x00, 0x00, 0x00, 0x00, 0x00, 0x28, 0xFF, 
0xFF, 0xFF, 0xFF, 0x74, 0x00, 0x00, 0x00, 0x00, 0x00, 0x00, 0x00, 0x28, 
0xFF, 0xFF, 0xFF, 0xFF, 0xFD, 0xFC, 0xFC, 0xFC, 0xFC, 0xFC, 0xFC, 0x81, 
0x28, 0xFF, 0xFF, 0xFF, 0xFF, 0xFF, 0xFF, 0xFF, 0xFF, 0xFF, 0xFF, 0xFF, 
0x84, 0x28, 0xFF, 0xFF, 0xFF, 0xFF, 0xFF, 0xFF, 0xFF, 0xFF, 0xFF, 0xFF, 
0xFF, 0x84, 0x28, 0xFF, 0xFF, 0xFF, 0xFF, 0xFF, 0xFF, 0xFF, 0xFF, 0xFF, 
0xFF, 0xFF, 0x84, 0x01, 0x0C, 0x0C, 0x0C, 0x0C, 0x0C, 0x0C, 0x0C, 0x0C, 
0x0C, 0x0C, 0x0C, 0x03, 0x28, 0xFF, 0xFF, 0xFF, 0xFF, 0xFF, 0xFF, 0xFF, 
0xFF, 0xFF, 0xFF, 0xFF, 0x48, 0x28, 0xFF, 0xFF, 0xFF, 0xFF, 0xFF, 0xFF, 
0xFF, 0xFF, 0xFF, 0xFF, 0xFF, 0x48, 0x28, 0xFF, 0xFF, 0xFF, 0xFF, 0xFF, 
0xFF, 0xFF, 0xFF, 0xFF, 0xFF, 0xFF, 0x48, 0x28, 0xFF, 0xFF, 0xFF, 0xFF, 
0xF7, 0xF0, 0xF0, 0xF0, 0xF0, 0xF0, 0xF0, 0x43, 0x28, 0xFF, 0xFF, 0xFF, 
0xFF, 0x74, 0x00, 0x00, 0x00, 0x00, 0x00, 0x00, 0x00, 0x28, 0xFF, 0xFF, 
0xFF, 0xFF, 0x74, 0x00, 0x00, 0x00, 0x00, 0x00, 0x00, 0x00, 0x28, 0xFF, 
0xFF, 0xFF, 0xFF, 0x74, 0x00, 0x00, 0x00, 0x00, 0x00, 0x00, 0x00, 0x28, 
0xFF, 0xFF, 0xFF, 0xFF, 0xC2, 0x90, 0x90, 0x90, 0x90, 0x90, 0x69, 0x00, 
0x28, 0xFF, 0xFF, 0xFF, 0xFF, 0xFF, 0xFF, 0xFF, 0xFF, 0xFF, 0xFF, 0xBC, 
0x00, 0x28, 0xFF, 0xFF, 0xFF, 0xFF, 0xFF, 0xFF, 0xFF, 0xFF, 0xFF, 0xFF, 
0xBC, 0x00, 0x28, 0xFF, 0xFF, 0xFF, 0xFF, 0xFF, 0xFF, 0xFF, 0xFF, 0xFF, 
0xFF, 0xBC, 0x00, 0x28, 0xFF, 0xFF, 0xFF, 0xFF, 0xAA, 0x64, 0x64, 0x64, 
0x64, 0x64, 0x49, 0x00, 0x28, 0xFF, 0xFF, 0xFF, 0xFF, 0x74, 0x00, 0x00, 
0x00, 0x00, 0x00, 0x00, 0x00, 0x28, 0xFF, 0xFF, 0xFF, 0xFF, 0x74, 0x00, 
0x00, 0x00, 0x00, 0x00, 0x00, 0x00, 0x28, 0xFF, 0xFF, 0xFF, 0xFF, 0x74, 
0x00, 0x00, 0x00, 0x00, 0x00, 0x00, 0x00, 0x28, 0xFF, 0xFF, 0xFF, 0xFF, 
0x74, 0x00, 0x00, 0x00, 0x00, 0x00, 0x00, 0x00, 0x28, 0xFF, 0xFF, 0xFF, 
0xFF, 0x74, 0x00, 0x00, 0x00, 0x00, 0x00, 0x00, 0x00, 0x28, 0xFF, 0xFF, 
0xFF, 0xFF, 0x74, 0x00, 0x00, 0x00, 0x00, 0x00, 0x00, 0x00, 0x00, 0x00, 
0x00, 0x00, 0x00, 0x00, 0x03, 0x27, 0x3B, 0x47, 0x3B, 0x2B, 0x13, 0x00, 
0x00, 0x00, 0x00, 0x00, 0x00, 0x01, 0x4D, 0xB6, 0xF3, 0xFF, 0xFF, 0xFF, 
0xFF, 0xFF, 0xFF, 0xE9, 0x4F, 0x00, 0x00, 0x00, 0x16, 0xB9, 0xFF, 0xFF, 
0xFF, 0xFF, 0xFF, 0xFF, 0xFF, 0xFF, 0xFF, 0xFF, 0x6C, 0x00, 0x00, 0x09, 
0xCC, 0xFF, 0xFF, 0xFF, 0xFF, 0xFF, 0xFF, 0xFF, 0xFF, 0xFF, 0xFF, 0xFF, 
0x6C, 0x00, 0x00, 0x7F, 0xFF, 0xFF, 0xFF, 0xFF, 0xFF, 0xF9, 0xBC, 0xA1, 
0xA5, 0xB9, 0xD8, 0xFF, 0x6C, 0x00, 0x06, 0xEA, 0xFF, 0xFF, 0xFF, 0xFF, 
0xBC, 0x14, 0x00, 0x00, 0x00, 0x00, 0x00, 0x18, 0x1D, 0x00, 0x39, 0xFF, 
0xFF, 0xFF, 0xFF, 0xF2, 0x15, 0x00, 0x00, 0x00, 0x00, 0x00, 0x00, 0x00, 
0x00, 0x00, 0x6F, 0xFF, 0xFF, 0xFF, 0xFF, 0xB0, 0x00, 0x00, 0x00, 0x00, 
0x00, 0x00, 0x00, 0x00, 0x00, 0x00, 0x89, 0xFF, 0xFF, 0xFF, 0xFF, 0x83, 
0x00, 0x00, 0x78, 0xBC, 0xBC, 0xBC, 0xBC, 0xBC, 0xBC, 0x52, 0x98, 0xFF, 
0xFF, 0xFF, 0xFF, 0x73, 0x00, 0x00, 0xA4, 0xFF, 0xFF, 0xFF, 0xFF, 0xFF, 
0xFF, 0x70, 0x9B, 0xFF, 0xFF, 0xFF, 0xFF, 0x6E, 0x00, 0x00, 0xA4, 0xFF, 
0xFF, 0xFF, 0xFF, 0xFF, 0xFF, 0x70, 0x91, 0xFF, 0xFF, 0xFF, 0xFF, 0x7A, 
0x00, 0x00, 0xA4, 0xFF, 0xFF, 0xFF, 0xFF, 0xFF, 0xFF, 0x70, 0x76, 0xFF, 
0xFF, 0xFF, 0xFF, 0x99, 0x00, 0x00, 0x11, 0x1C, 0x1C, 0xD5, 0xFF, 0xFF, 
0xFF, 0x70, 0x4C, 0xFF, 0xFF, 0xFF, 0xFF, 0xDF, 0x04, 0x00, 0x00, 0x00, 
0x00, 0xD0, 0xFF, 0xFF, 0xFF, 0x70, 0x11, 0xFA, 0xFF, 0xFF, 0xFF, 0xFF, 
0x8F, 0x02, 0x00, 0x00, 0x00, 0xD0, 0xFF, 0xFF, 0xFF, 0x70, 0x00, 0xA7, 
0xFF, 0xFF, 0xFF, 0xFF, 0xFF, 0xE9, 0xB0, 0x9C, 0x9D, 0xEF, 0xFF, 0xFF, 
0xFF, 0x70, 0x00, 0x20, 0xF0, 0xFF, 0xFF, 0xFF, 0xFF, 0xFF, 0xFF, 0xFF, 
0xFF, 0xFF, 0xFF, 0xFF, 0xFF, 0x70, 0x00, 0x00, 0x3B, 0xEA, 0xFF, 0xFF, 
0xFF, 0xFF, 0xFF, 0xFF, 0xFF, 0xFF, 0xFF, 0xFF, 0xFF, 0x70, 0x00, 0x00, 
0x00, 0x12, 0x7E, 0xD2, 0xFD, 0xFF, 0xFF, 0xFF, 0xFF, 0xFF, 0xFE, 0xDF, 
0xAA, 0x35, 0x00, 0x00, 0x00, 0x00, 0x00, 0x00, 0x0B, 0x2A, 0x3D, 0x40, 
0x2F, 0x1C, 0x07, 0x00, 0x00, 0x00, 0x01, 0x0C, 0x0C, 0x0C, 0x0C, 0x05, 
0x00, 0x00, 0x00, 0x00, 0x00, 0x02, 0x0C, 0x0C, 0x0C, 0x0C, 0x05, 0x28, 
0xFF, 0xFF, 0xFF, 0xFF, 0x74, 0x00, 0x00, 0x00, 0x00, 0x00, 0x30, 0xFF, 
0xFF, 0xFF, 0xFF, 0x6C, 0x28, 0xFF, 0xFF, 0xFF, 0xFF, 0x74, 0x00, 0x00, 
0x00, 0x00, 0x00, 0x30, 0xFF, 0xFF, 0xFF, 0xFF, 0x6C, 0x28, 0xFF, 0xFF, 
0xFF, 0xFF, 0x74, 0x00, 0x00, 0x00, 0x00, 0x00, 0x30, 0xFF, 0xFF, 0xFF, 
0xFF, 0x6C, 0x28, 0xFF, 0xFF, 0xFF, 0xFF, 0x74, 0x00, 0x00, 0x00, 0x00, 
0x00, 0x30, 0xFF, 0xFF, 0xFF, 0xFF, 0x6C, 0x28, 0xFF, 0xFF, 0xFF, 0xFF, 
0x74, 0x00, 0x00, 0x00, 0x00, 0x00, 0x30, 0xFF, 0xFF, 0xFF, 0xFF, 0x6C, 
0x28, 0xFF, 0xFF, 0xFF, 0xFF, 0x74, 0x00, 0x00, 0x00, 0x00, 0x00, 0x30, 
0xFF, 0xFF, 0xFF, 0xFF, 0x6C, 0x28, 0xFF, 0xFF, 0xFF, 0xFF, 0xBC, 0x84, 
0x84, 0x84, 0x84, 0x84, 0x9B, 0xFF, 0xFF, 0xFF, 0xFF, 0x6C, 0x28, 0xFF, 
0xFF, 0xFF, 0xFF, 0xFF, 0xFF, 0xFF, 0xFF, 0xFF, 0xFF, 0xFF, 0xFF, 0xFF, 
0xFF, 0xFF, 0x6C, 0x28, 0xFF, 0xFF, 0xFF, 0xFF, 0xFF, 0xFF, 0xFF, 0xFF, 
0xFF, 0xFF, 0xFF, 0xFF, 0xFF, 0xFF, 0xFF, 0x6C, 0x28, 0xFF, 0xFF, 0xFF, 
0xFF, 0xFF, 0xFF, 0xFF, 0xFF, 0xFF, 0xFF, 0xFF, 0xFF, 0xFF, 0xFF, 0xFF, 
0x6C, 0x28, 0xFF, 0xFF, 0xFF, 0xFF, 0xA1, 0x54, 0x54, 0x54, 0x54, 0x54, 
0x74, 0xFF, 0xFF, 0xFF, 0xFF, 0x6C, 0x28, 0xFF, 0xFF, 0xFF, 0xFF, 0x74, 
0x00, 0x00, 0x00, 0x00, 0x00, 0x30, 0xFF, 0xFF, 0xFF, 0xFF, 0x6C, 0x28, 
0xFF, 0xFF, 0xFF, 0xFF, 0x74, 0x00, 0x00, 0x00, 0x00, 0x00, 0x30, 0xFF, 
0xFF, 0xFF, 0xFF, 0x6C, 0x28, 0xFF, 0xFF, 0xFF, 0xFF, 0x74, 0x00, 0x00, 
0x00, 0x00, 0x00, 0x30, 0xFF, 0xFF, 0xFF, 0xFF, 0x6C, 0x28, 0xFF, 0xFF, 
0xFF, 0xFF, 0x74, 0x00, 0x00, 0x00, 0x00, 0x00, 0x30, 0xFF, 0xFF, 0xFF, 
0xFF, 0x6C, 0x28, 0xFF, 0xFF, 0xFF, 0xFF, 0x74, 0x00, 0x00, 0x00, 0x00, 
0x00, 0x30, 0xFF, 0xFF, 0xFF, 0xFF, 0x6C, 0x28, 0xFF, 0xFF, 0xFF, 0xFF, 
0x74, 0x00, 0x00, 0x00, 0x00, 0x00, 0x30, 0xFF, 0xFF, 0xFF, 0xFF, 0x6C, 
0x28, 0xFF, 0xFF, 0xFF, 0xFF, 0x74, 0x00, 0x00, 0x00, 0x00, 0x00, 0x30, 
0xFF, 0xFF, 0xFF, 0xFF, 0x6C, 0x01, 0x0C, 0x0C, 0x0C, 0x0C, 0x05, 0x28, 
0xFF, 0xFF, 0xFF, 0xFF, 0x74, 0x28, 0xFF, 0xFF, 0xFF, 0xFF, 0x74, 0x28, 
0xFF, 0xFF, 0xFF, 0xFF, 0x74, 0x28, 0xFF, 0xFF, 0xFF, 0xFF, 0x74, 0x28, 
0xFF, 0xFF, 0xFF, 0xFF, 0x74, 0x28, 0xFF, 0xFF, 0xFF, 0xFF, 0x74, 0x28, 
0xFF, 0xFF, 0xFF, 0xFF, 0x74, 0x28, 0xFF, 0xFF, 0xFF, 0xFF, 0x74, 0x28, 
0xFF, 0xFF, 0xFF, 0xFF, 0x74, 0x28, 0xFF, 0xFF, 0xFF, 0xFF, 0x74, 0x28, 
0xFF, 0xFF, 0xFF, 0xFF, 0x74, 0x28, 0xFF, 0xFF, 0xFF, 0xFF, 0x74, 0x28, 
0xFF, 0xFF, 0xFF, 0xFF, 0x74, 0x28, 0xFF, 0xFF, 0xFF, 0xFF, 0x74, 0x28, 
0xFF, 0xFF, 0xFF, 0xFF, 0x74, 0x28, 0xFF, 0xFF, 0xFF, 0xFF, 0x74, 0x28, 
0xFF, 0xFF, 0xFF, 0xFF, 0x74, 0x28, 0xFF, 0xFF, 0xFF, 0xFF, 0x74, 0x00, 
0x00, 0x00, 0x00, 0x01, 0x0C, 0x0C, 0x0C, 0x0C, 0x05, 0x00, 0x00, 0x00, 
0x00, 0x20, 0xFF, 0xFF, 0xFF, 0xFF, 0x74, 0x00, 0x00, 0x00, 0x00, 0x20, 
0xFF, 0xFF, 0xFF, 0xFF, 0x74, 0x00, 0x00, 0x00, 0x00, 0x20, 0xFF, 0xFF, 
0xFF, 0xFF, 0x74, 0x00, 0x00, 0x00, 0x00, 0x20, 0xFF, 0xFF, 0xFF, 0xFF, 
0x74, 0x00, 0x00, 0x00, 0x00, 0x20, 0xFF, 0xFF, 0xFF, 0xFF, 0x74, 0x00, 
0x00, 0x00, 0x00, 0x20, 0xFF, 0xFF, 0xFF, 0xFF, 0x74, 0x00, 0x00, 0x00, 
0x00, 0x20, 0xFF, 0xFF, 0xFF, 0xFF, 0x74, 0x00, 0x00, 0x00, 0x00, 0x20, 
0xFF, 0xFF, 0xFF, 0xFF, 0x74, 0x00, 0x00, 0x00, 0x00, 0x20, 0xFF, 0xFF, 
0xFF, 0xFF, 0x74, 0x00, 0x00, 0x00, 0x00, 0x20, 0xFF, 0xFF, 0xFF, 0xFF, 
0x74, 0x00, 0x00, 0x00, 0x00, 0x20, 0xFF, 0xFF, 0xFF, 0xFF, 0x74, 0x00, 
0x00, 0x00, 0x00, 0x20, 0xFF, 0xFF, 0xFF, 0xFF, 0x74, 0x00, 0x00, 0x00, 
0x00, 0x20, 0xFF, 0xFF, 0xFF, 0xFF, 0x74, 0x00, 0x00, 0x00, 0x00, 0x20, 
0xFF, 0xFF, 0xFF, 0xFF, 0x74, 0x00, 0x00, 0x00, 0x00, 0x20, 0xFF, 0xFF, 
0xFF, 0xFF, 0x74, 0x00, 0x00, 0x00, 0x00, 0x20, 0xFF, 0xFF, 0xFF, 0xFF, 
0x74, 0x00, 0x00, 0x00, 0x00, 0x28, 0xFF, 0xFF, 0xFF, 0xFF, 0x6F, 0x00, 
0x00, 0x00, 0x00, 0x48, 0xFF, 0xFF, 0xFF, 0xFF, 0x5D, 0x00, 0x00, 0x00, 
0x03, 0xB2, 0xFF, 0xFF, 0xFF, 0xFF, 0x31, 0x49, 0x9F, 0x9B, 0xD2, 0xFF, 
0xFF, 0xFF, 0xFF, 0xDD, 0x02, 0x6C, 0xFF, 0xFF, 0xFF, 0xFF, 0xFF, 0xFF, 
0xFF, 0x54, 0x00, 0x6C, 0xFF, 0xFF, 0xFF, 0xFF, 0xFF, 0xF9, 0x6B, 0x00, 
0x00, 0x5C, 0xE6, 0xF3, 0xEB, 0xCC, 0x8B, 0x23, 0x00, 0x00, 0x00, 0x01, 
0x0C, 0x0C, 0x0C, 0x0C, 0x05, 0x00, 0x00, 0x00, 0x00, 0x00, 0x0B, 0x0C, 
0x0C, 0x0C, 0x0C, 0x04, 0x28, 0xFF, 0xFF, 0xFF, 0xFF, 0x74, 0x00, 0x00, 
0x00, 0x00, 0x5B, 0xFF, 0xFF, 0xFF, 0xFF, 0xE3, 0x13, 0x28, 0xFF, 0xFF, 
0xFF, 0xFF, 0x74, 0x00, 0x00, 0x00, 0x1F, 0xF0, 0xFF, 0xFF, 0xFF, 0xFB, 
0x3A, 0x00, 0x28, 0xFF, 0xFF, 0xFF, 0xFF, 0x74, 0x00, 0x00, 0x02, 0xC3, 
0xFF, 0xFF, 0xFF, 0xFF, 0x76, 0x00, 0x00, 0x28, 0xFF, 0xFF, 0xFF, 0xFF, 
0x74, 0x00, 0x00, 0x7C, 0xFF, 0xFF, 0xFF, 0xFF, 0xB4, 0x01, 0x00, 0x00, 
0x28, 0xFF, 0xFF, 0xFF, 0xFF, 0x74, 0x00, 0x35, 0xFB, 0xFF, 0xFF, 0xFF, 
0xE2, 0x13, 0x00, 0x00, 0x00, 0x28, 0xFF, 0xFF, 0xFF, 0xFF, 0x74, 0x0B, 
0xDA, 0xFF, 0xFF, 0xFF, 0xFB, 0x3A, 0x00, 0x00, 0x00, 0x00, 0x28, 0xFF, 
0xFF, 0xFF, 0xFF, 0xA4, 0xA9, 0xFF, 0xFF, 0xFF, 0xFF, 0x75, 0x00, 0x00, 
0x00, 0x00, 0x00, 0x28, 0xFF, 0xFF, 0xFF, 0xFF, 0xFF, 0xFF, 0xFF, 0xFF, 
0xFF, 0xB4, 0x01, 0x00, 0x00, 0x00, 0x00, 0x00, 0x28, 0xFF, 0xFF, 0xFF, 
0xFF, 0xFF, 0xFF, 0xFF, 0xFF, 0xFF, 0x4E, 0x00, 0x00, 0x00, 0x00, 0x00, 
0x00, 0x28, 0xFF, 0xFF, 0xFF, 0xFF, 0xFF, 0xFF, 0xFF, 0xFF, 0xFF, 0xDE, 
0x0C, 0x00, 0x00, 0x00, 0x00, 0x00, 0x28, 0xFF, 0xFF, 0xFF, 0xFF, 0x9D, 
0xA6, 0xFF, 0xFF, 0xFF, 0xFF, 0x96, 0x00, 0x00, 0x00, 0x00, 0x00, 0x28, 
0xFF, 0xFF, 0xFF, 0xFF, 0x74, 0x10, 0xE7, 0xFF, 0xFF, 0xFF, 0xFE, 0x43, 
0x00, 0x00, 0x00, 0x00, 0x28, 0xFF, 0xFF, 0xFF, 0xFF, 0x74, 0x00, 0x57, 
0xFF, 0xFF, 0xFF, 0xFF, 0xE0, 0x0D, 0x00, 0x00, 0x00, 0x28, 0xFF, 0xFF, 
0xFF, 0xFF, 0x74, 0x00, 0x00, 0xB6, 0xFF, 0xFF, 0xFF, 0xFF, 0x9A, 0x00, 
0x00, 0x00, 0x28, 0xFF, 0xFF, 0xFF, 0xFF, 0x74, 0x00, 0x00, 0x20, 0xF5, 
0xFF, 0xFF, 0xFF, 0xFF, 0x46, 0x00, 0x00, 0x28, 0xFF, 0xFF, 0xFF, 0xFF, 
0x74, 0x00, 0x00, 0x00, 0x75, 0xFF, 0xFF, 0xFF, 0xFF, 0xE2, 0x0F, 0x00, 
0x28, 0xFF, 0xFF, 0xFF, 0xFF, 0x74, 0x00, 0x00, 0x00, 0x04, 0xD0, 0xFF, 
0xFF, 0xFF, 0xFF, 0x9E, 0x00, 0x28, 0xFF, 0xFF, 0xFF, 0xFF, 0x74, 0x00, 
0x00, 0x00, 0x00, 0x37, 0xFD, 0xFF, 0xFF, 0xFF, 0xFF, 0x4A, 0x01, 0x0C, 
0x0C, 0x0C, 0x0C, 0x05, 0x00, 0x00, 0x00, 0x00, 0x00, 0x00, 0x00, 0x28, 
0xFF, 0xFF, 0xFF, 0xFF, 0x74, 0x00, 0x00, 0x00, 0x00, 0x00, 0x00, 0x00, 
0x28, 0xFF, 0xFF, 0xFF, 0xFF, 0x74, 0x00, 0x00, 0x00, 0x00, 0x00, 0x00, 
0x00, 0x28, 0xFF, 0xFF, 0xFF, 0xFF, 0x74, 0x00, 0x00, 0x00, 0x00, 0x00, 
0x00, 0x00, 0x28, 0xFF, 0xFF, 0xFF, 0xFF, 0x74, 0x00, 0x00, 0x00, 0x00, 
0x00, 0x00, 0x00, 0x28, 0xFF, 0xFF, 0xFF, 0xFF, 0x74, 0x00, 0x00, 0x00, 
0x00, 0x00, 0x00, 0x00, 0x28, 0xFF, 0xFF, 0xFF, 0xFF, 0x74, 0x00, 0x00, 
0x00, 0x00, 0x00, 0x00, 0x00, 0x28, 0xFF, 0xFF, 0xFF, 0xFF, 0x74, 0x00, 
0x00, 0x00, 0x00, 0x00, 0x00, 0x00, 0x28, 0xFF, 0xFF, 0xFF, 0xFF, 0x74, 
0x00, 0x00, 0x00, 0x00, 0x00, 0x00, 0x00, 0x28, 0xFF, 0xFF, 0xFF, 0xFF, 
0x74, 0x00, 0x00, 0x00, 0x00, 0x00, 0x00, 0x00, 0x28, 0xFF, 0xFF, 0xFF, 
0xFF, 0x74, 0x00, 0x00, 0x00, 0x00, 0x00, 0x00, 0x00, 0x28, 0xFF, 0xFF, 
0xFF, 0xFF, 0x74, 0x00, 0x00, 0x00, 0x00, 0x00, 0x00, 0x00, 0x28, 0xFF, 
0xFF, 0xFF, 0xFF, 0x74, 0x00, 0x00, 0x00, 0x00, 0x00, 0x00, 0x00, 0x28, 
0xFF, 0xFF, 0xFF, 0xFF, 0x74, 0x00, 0x00, 0x00, 0x00, 0x00, 0x00, 0x00, 
0x28, 0xFF, 0xFF, 0xFF, 0xFF, 0x74, 0x00, 0x00, 0x00, 0x00, 0x00, 0x00, 
0x00, 0x28, 0xFF, 0xFF, 0xFF, 0xFF, 0xFD, 0xFC, 0xFC, 0xFC, 0xFC, 0xFC, 
0xFC, 0x5A, 0x28, 0xFF, 0xFF, 0xFF, 0xFF, 0xFF, 0xFF, 0xFF, 0xFF, 0xFF, 
0xFF, 0xFF, 0x5C, 0x28, 0xFF, 0xFF, 0xFF, 0xFF, 0xFF, 0xFF, 0xFF, 0xFF, 
0xFF, 0xFF, 0xFF, 0x5C, 0x28, 0xFF, 0xFF, 0xFF, 0xFF, 0xFF, 0xFF, 0xFF, 
0xFF, 0xFF, 0xFF, 0xFF, 0x5C, 0x01, 0x0C, 0x0C, 0x0C, 0x0C, 0x0C, 0x0C, 
0x0C, 0x04, 0x00, 0x00, 0x00, 0x00, 0x07, 0x0C, 0x0C, 0x0C, 0x0C, 0x0C, 
0x0C, 0x07, 0x28, 0xFF, 0xFF, 0xFF, 0xFF, 0xFF, 0xFF, 0xFF, 0x7D, 0x00, 
0x00, 0x00, 0x00, 0xC5, 0xFF, 0xFF, 0xFF, 0xFF, 0xFF, 0xFF, 0xA0, 0x28, 
0xFF, 0xFF, 0xFF, 0xFF, 0xFF, 0xFF, 0xFF, 0xBC, 0x00, 0x00, 0x00, 0x0C, 
0xFB, 0xFF, 0xFF, 0xFF, 0xFF, 0xFF, 0xFF, 0xA0, 0x28, 0xFF, 0xFF, 0xFF, 
0xFF, 0xFF, 0xFF, 0xFF, 0xF5, 0x05, 0x00, 0x00, 0x4B, 0xFF, 0xFF, 0xFF, 
0xFF, 0xFF, 0xFF, 0xFF, 0xA0, 0x28, 0xFF, 0xFF, 0xFF, 0xFF, 0xFF, 0xFF, 
0xFF, 0xFF, 0x39, 0x00, 0x00, 0x8F, 0xFF, 0xFF, 0xFF, 0xFF, 0xFF, 0xFF, 
0xFF, 0xA0, 0x28, 0xFF, 0xFF, 0xFF, 0xFF, 0xDB, 0xFF, 0xFF, 0xFF, 0x78, 
0x00, 0x00, 0xD2, 0xFF, 0xFF, 0xEB, 0xEF, 0xFF, 0xFF, 0xFF, 0xA0, 0x28, 
0xFF, 0xFF, 0xFF, 0xFF, 0x8A, 0xFF, 0xFF, 0xFF, 0xB7, 0x00, 0x16, 0xFE, 
0xFF, 0xFF, 0xA3, 0xE4, 0xFF, 0xFF, 0xFF, 0xA0, 0x28, 0xFF, 0xFF, 0xFF, 
0xFF, 0x53, 0xEE, 0xFF, 0xFF, 0xF2, 0x03, 0x58, 0xFF, 0xFF, 0xFF, 0x59, 
0xE4, 0xFF, 0xFF, 0xFF, 0xA0, 0x28, 0xFF, 0xFF, 0xFF, 0xFF, 0x50, 0xAA, 
0xFF, 0xFF, 0xFF, 0x34, 0x9C, 0xFF, 0xFF, 0xFC, 0x12, 0xE4, 0xFF, 0xFF, 
0xFF, 0xA0, 0x28, 0xFF, 0xFF, 0xFF, 0xFF, 0x50, 0x62, 0xFF, 0xFF, 0xFF, 
0x73, 0xDF, 0xFF, 0xFF, 0xC5, 0x00, 0xE4, 0xFF, 0xFF, 0xFF, 0xA0, 0x28, 
0xFF, 0xFF, 0xFF, 0xFF, 0x50, 0x1B, 0xFF, 0xFF, 0xFF, 0xD8, 0xFF, 0xFF, 
0xFF, 0x7C, 0x00, 0xE4, 0xFF, 0xFF, 0xFF, 0xA0, 0x28, 0xFF, 0xFF, 0xFF, 
0xFF, 0x50, 0x00, 0xD3, 0xFF, 0xFF, 0xFF, 0xFF, 0xFF, 0xFF, 0x32, 0x00, 
0xE4, 0xFF, 0xFF, 0xFF, 0xA0, 0x28, 0xFF, 0xFF, 0xFF, 0xFF, 0x50, 0x00, 
0x8B, 0xFF, 0xFF, 0xFF, 0xFF, 0xFF, 0xE7, 0x01, 0x00, 0xE4, 0xFF, 0xFF, 
0xFF, 0xA0, 0x28, 0xFF, 0xFF, 0xFF, 0xFF, 0x50, 0x00, 0x43, 0xFF, 0xFF, 
0xFF, 0xFF, 0xFF, 0x9F, 0x00, 0x00, 0xE4, 0xFF, 0xFF, 0xFF, 0xA0, 0x28, 
0xFF, 0xFF, 0xFF, 0xFF, 0x50, 0x00, 0x06, 0xF4, 0xFF, 0xFF, 0xFF, 0xFF, 
0x55, 0x00, 0x00, 0xE4, 0xFF, 0xFF, 0xFF, 0xA0, 0x28, 0xFF, 0xFF, 0xFF, 
0xFF, 0x50, 0x00, 0x00, 0xA0, 0xE0, 0xE0, 0xE0, 0xDE, 0x0F, 0x00, 0x00, 
0xE4, 0xFF, 0xFF, 0xFF, 0xA0, 0x28, 0xFF, 0xFF, 0xFF, 0xFF, 0x50, 0x00, 
0x00, 0x00, 0x00, 0x00, 0x00, 0x00, 0x00, 0x00, 0x00, 0xE4, 0xFF, 0xFF, 
0xFF, 0xA0, 0x28, 0xFF, 0xFF, 0xFF, 0xFF, 0x50, 0x00, 0x00, 0x00, 0x00, 
0x00, 0x00, 0x00, 0x00, 0x00, 0x00, 0xE4, 0xFF, 0xFF, 0xFF, 0xA0, 0x28, 
0xFF, 0xFF, 0xFF, 0xFF, 0x50, 0x00, 0x00, 0x00, 0x00, 0x00, 0x00, 0x00, 
0x00, 0x00, 0x00, 0xE4, 0xFF, 0xFF, 0xFF, 0xA0, 0x01, 0x0C, 0x0C, 0x0C, 
0x0C, 0x0C, 0x0C, 0x09, 0x00, 0x00, 0x00, 0x00, 0x04, 0x0C, 0x0C, 0x0C, 
0x0C, 0x01, 0x28, 0xFF, 0xFF, 0xFF, 0xFF, 0xFF, 0xFF, 0xF6, 0x0F, 0x00, 
0x00, 0x00, 0x60, 0xFF, 0xFF, 0xFF, 0xFF, 0x20, 0x28, 0xFF, 0xFF, 0xFF, 
0xFF, 0xFF, 0xFF, 0xFF, 0x68, 0x00, 0x00, 0x00, 0x60, 0xFF, 0xFF, 0xFF, 
0xFF, 0x20, 0x28, 0xFF, 0xFF, 0xFF, 0xFF, 0xFF, 0xFF, 0xFF, 0xCB, 0x00, 
0x00, 0x00, 0x60, 0xFF, 0xFF, 0xFF, 0xFF, 0x20, 0x28, 0xFF, 0xFF, 0xFF, 
0xFF, 0xFF, 0xFF, 0xFF, 0xFF, 0x2E, 0x00, 0x00, 0x60, 0xFF, 0xFF, 0xFF, 
0xFF, 0x20, 0x28, 0xFF, 0xFF, 0xFF, 0xFF, 0xFF, 0xFF, 0xFF, 0xFF, 0x90, 
0x00, 0x00, 0x60, 0xFF, 0xFF, 0xFF, 0xFF, 0x20, 0x28, 0xFF, 0xFF, 0xFF, 
0xFF, 0xB9, 0xFF, 0xFF, 0xFF, 0xEC, 0x07, 0x00, 0x60, 0xFF, 0xFF, 0xFF, 
0xFF, 0x20, 0x28, 0xFF, 0xFF, 0xFF, 0xFF, 0x68, 0xE4, 0xFF, 0xFF, 0xFF, 
0x56, 0x00, 0x60, 0xFF, 0xFF, 0xFF, 0xFF, 0x20, 0x28, 0xFF, 0xFF, 0xFF, 
0xFF, 0x64, 0x81, 0xFF, 0xFF, 0xFF, 0xB9, 0x00, 0x60, 0xFF, 0xFF, 0xFF, 
0xFF, 0x20, 0x28, 0xFF, 0xFF, 0xFF, 0xFF, 0x64, 0x1D, 0xFC, 0xFF, 0xFF, 
0xFD, 0x1E, 0x60, 0xFF, 0xFF, 0xFF, 0xFF, 0x20, 0x28, 0xFF, 0xFF, 0xFF, 
0xFF, 0x64, 0x00, 0xB2, 0xFF, 0xFF, 0xFF, 0x7E, 0x60, 0xFF, 0xFF, 0xFF, 
0xFF, 0x20, 0x28, 0xFF, 0xFF, 0xFF, 0xFF, 0x64, 0x00, 0x4A, 0xFF, 0xFF, 
0xFF, 0xDF, 0x61, 0xFF, 0xFF, 0xFF, 0xFF, 0x20, 0x28, 0xFF, 0xFF, 0xFF, 
0xFF, 0x64, 0x00, 0x02, 0xE0, 0xFF, 0xFF, 0xFF, 0xA4, 0xFF, 0xFF, 0xFF, 
0xFF, 0x20, 0x28, 0xFF, 0xFF, 0xFF, 0xFF, 0x64, 0x00, 0x00, 0x7B, 0xFF, 
0xFF, 0xFF, 0xFF, 0xFF, 0xFF, 0xFF, 0xFF, 0x20, 0x28, 0xFF, 0xFF, 0xFF, 
0xFF, 0x64, 0x00, 0x00, 0x18, 0xFA, 0xFF, 0xFF, 0xFF, 0xFF, 0xFF, 0xFF, 
0xFF, 0x20, 0x28, 0xFF, 0xFF, 0xFF, 0xFF, 0x64, 0x00, 0x00, 0x00, 0xAB, 
0xFF, 0xFF, 0xFF, 0xFF, 0xFF, 0xFF, 0xFF, 0x20, 0x28, 0xFF, 0xFF, 0xFF, 
0xFF, 0x64, 0x00, 0x00, 0x00, 0x44, 0xFF, 0xFF, 0xFF, 0xFF, 0xFF, 0xFF, 
0xFF, 0x20, 0x28, 0xFF, 0xFF, 0xFF, 0xFF, 0x64, 0x00, 0x00, 0x00, 0x01, 
0xDA, 0xFF, 0xFF, 0xFF, 0xFF, 0xFF, 0xFF, 0x20, 0x28, 0xFF, 0xFF, 0xFF, 
0xFF, 0x64, 0x00, 0x00, 0x00, 0x00, 0x74, 0xFF, 0xFF, 0xFF, 0xFF, 0xFF, 
0xFF, 0x20, 0x00, 0x00, 0x00, 0x00, 0x00, 0x00, 0x1D, 0x32, 0x46, 0x44, 
0x31, 0x0D, 0x00, 0x00, 0x00, 0x00, 0x00, 0x00, 0x00, 0x00, 0x00, 0x29, 
0x98, 0xE4, 0xFF, 0xFF, 0xFF, 0xFF, 0xFF, 0xFD, 0xC9, 0x64, 0x03, 0x00, 
0x00, 0x00, 0x00, 0x00, 0x58, 0xF9, 0xFF, 0xFF, 0xFF, 0xFF, 0xFF, 0xFF, 
0xFF, 0xFF, 0xFF, 0xFF, 0xBD, 0x0A, 0x00, 0x00, 0x00, 0x30, 0xF9, 0xFF, 
0xFF, 0xFF, 0xFF, 0xFF, 0xFF, 0xFF, 0xFF, 0xFF, 0xFF, 0xFF, 0xFF, 0x9C, 
0x00, 0x00, 0x00, 0xB6, 0xFF, 0xFF, 0xFF, 0xFF, 0xF0, 0x99, 0x78, 0x85, 
0xC8, 0xFF, 0xFF, 0xFF, 0xFF, 0xFE, 0x27, 0x00, 0x17, 0xFD, 0xFF, 0xFF, 
0xFF, 0xEF, 0x22, 0x00, 0x00, 0x00, 0x00, 0x9A, 0xFF, 0xFF, 0xFF, 0xFF, 
0x83, 0x00, 0x52, 0xFF, 0xFF, 0xFF, 0xFF, 0x92, 0x00, 0x00, 0x00, 0x00, 
0x00, 0x1B, 0xFF, 0xFF, 0xFF, 0xFF, 0xC1, 0x00, 0x79, 0xFF, 0xFF, 0xFF, 
0xFF, 0x5A, 0x00, 0x00, 0x00, 0x00, 0x00, 0x00, 0xE2, 0xFF, 0xFF, 0xFF, 
0xE8, 0x00, 0x92, 0xFF, 0xFF, 0xFF, 0xFF, 0x43, 0x00, 0x00, 0x00, 0x00, 
0x00, 0x00, 0xC8, 0xFF, 0xFF, 0xFF, 0xFE, 0x02, 0x9C, 0xFF, 0xFF, 0xFF, 
0xFF, 0x39, 0x00, 0x00, 0x00, 0x00, 0x00, 0x00, 0xBE, 0xFF, 0xFF, 0xFF, 
0xFF, 0x0B, 0x9C, 0xFF, 0xFF, 0xFF, 0xFF, 0x3A, 0x00, 0x00, 0x00, 0x00, 
0x00, 0x00, 0xBF, 0xFF, 0xFF, 0xFF, 0xFF, 0x0A, 0x92, 0xFF, 0xFF, 0xFF, 
0xFF, 0x43, 0x00, 0x00, 0x00, 0x00, 0x00, 0x00, 0xC9, 0xFF, 0xFF, 0xFF, 
0xFE, 0x02, 0x79, 0xFF, 0xFF, 0xFF, 0xFF, 0x5C, 0x00, 0x00, 0x00, 0x00, 
0x00, 0x00, 0xE3, 0xFF, 0xFF, 0xFF, 0xE7, 0x00, 0x51, 0xFF, 0xFF, 0xFF, 
0xFF, 0x98, 0x00, 0x00, 0x00, 0x00, 0x00, 0x21, 0xFF, 0xFF, 0xFF, 0xFF, 
0xC0, 0x00, 0x16, 0xFD, 0xFF, 0xFF, 0xFF, 0xF3, 0x2F, 0x00, 0x00, 0x00, 
0x02, 0xA9, 0xFF, 0xFF, 0xFF, 0xFF, 0x82, 0x00, 0x00, 0xB4, 0xFF, 0xFF, 
0xFF, 0xFF, 0xFA, 0xB7, 0x97, 0xA2, 0xE0, 0xFF, 0xFF, 0xFF, 0xFF, 0xFD, 
0x26, 0x00, 0x00, 0x2D, 0xF8, 0xFF, 0xFF, 0xFF, 0xFF, 0xFF, 0xFF, 0xFF, 
0xFF, 0xFF, 0xFF, 0xFF, 0xFF, 0x98, 0x00, 0x00, 0x00, 0x00, 0x51, 0xF7, 
0xFF, 0xFF, 0xFF, 0xFF, 0xFF, 0xFF, 0xFF, 0xFF, 0xFF, 0xFF, 0xB6, 0x08, 
0x00, 0x00, 0x00, 0x00, 0x00, 0x23, 0x91, 0xDD, 0xFF, 0xFF, 0xFF, 0xFF, 
0xFF, 0xFA, 0xC2, 0x5C, 0x01, 0x00, 0x00, 0x00, 0x00, 0x00, 0x00, 0x00, 
0x00, 0x00, 0x16, 0x2B, 0x3E, 0x3D, 0x29, 0x08, 0x00, 0x00, 0x00, 0x00, 
0x00, 0x00, 0x01, 0x0C, 0x0C, 0x0C, 0x0C, 0x0C, 0x0C, 0x0A, 0x03, 0x00, 
0x00, 0x00, 0x00, 0x00, 0x00, 0x28, 0xFF, 0xFF, 0xFF, 0xFF, 0xFF, 0xFF, 
0xFF, 0xFF, 0xEF, 0xC8, 0x85, 0x15, 0x00, 0x00, 0x28, 0xFF, 0xFF, 0xFF, 
0xFF, 0xFF, 0xFF, 0xFF, 0xFF, 0xFF, 0xFF, 0xFF, 0xEE, 0x42, 0x00, 0x28, 
0xFF, 0xFF, 0xFF, 0xFF, 0xFF, 0xFF, 0xFF, 0xFF, 0xFF, 0xFF, 0xFF, 0xFF, 
0xEA, 0x10, 0x28, 0xFF, 0xFF, 0xFF, 0xFF, 0xBC, 0x84, 0x8E, 0xBB, 0xFE, 
0xFF, 0xFF, 0xFF, 0xFF, 0x5E, 0x28, 0xFF, 0xFF, 0xFF, 0xFF, 0x74, 0x00, 
0x00, 0x00, 0x63, 0xFF, 0xFF, 0xFF, 0xFF, 0x9A, 0x28, 0xFF, 0xFF, 0xFF, 
0xFF, 0x74, 0x00, 0x00, 0x00, 0x06, 0xFB, 0xFF, 0xFF, 0xFF, 0xB0, 0x28, 
0xFF, 0xFF, 0xFF, 0xFF, 0x74, 0x00, 0x00, 0x00, 0x00, 0xF4, 0xFF, 0xFF, 
0xFF, 0xBC, 0x28, 0xFF, 0xFF, 0xFF, 0xFF, 0x74, 0x00, 0x00, 0x00, 0x19, 
0xFF, 0xFF, 0xFF, 0xFF, 0xAE, 0x28, 0xFF, 0xFF, 0xFF, 0xFF, 0x74, 0x00, 
0x00, 0x17, 0xAE, 0xFF, 0xFF, 0xFF, 0xFF, 0x89, 0x28, 0xFF, 0xFF, 0xFF, 
0xFF, 0xF0, 0xE4, 0xEC, 0xFF, 0xFF, 0xFF, 0xFF, 0xFF, 0xFF, 0x41, 0x28, 
0xFF, 0xFF, 0xFF, 0xFF, 0xFF, 0xFF, 0xFF, 0xFF, 0xFF, 0xFF, 0xFF, 0xFF, 
0xB5, 0x01, 0x28, 0xFF, 0xFF, 0xFF, 0xFF, 0xFF, 0xFF, 0xFF, 0xFF, 0xFF, 
0xFF, 0xFF, 0xAF, 0x12, 0x00, 0x28, 0xFF, 0xFF, 0xFF, 0xFF, 0xE1, 0xC8, 
0xC6, 0xBF, 0xAA, 0x80, 0x37, 0x00, 0x00, 0x00, 0x28, 0xFF, 0xFF, 0xFF, 
0xFF, 0x74, 0x00, 0x00, 0x00, 0x00, 0x00, 0x00, 0x00, 0x00, 0x00, 0x28, 
0xFF, 0xFF, 0xFF, 0xFF, 0x74, 0x00, 0x00, 0x00, 0x00, 0x00, 0x00, 0x00, 
0x00, 0x00, 0x28, 0xFF, 0xFF, 0xFF, 0xFF, 0x74, 0x00, 0x00, 0x00, 0x00, 
0x00, 0x00, 0x00, 0x00, 0x00, 0x28, 0xFF, 0xFF, 0xFF, 0xFF, 0x74, 0x00, 
0x00, 0x00, 0x00, 0x00, 0x00, 0x00, 0x00, 0x00, 0x28, 0xFF, 0xFF, 0xFF, 
0xFF, 0x74, 0x00, 0x00, 0x00, 0x00, 0x00, 0x00, 0x00, 0x00, 0x00, 0x00, 
0x00, 0x00, 0x00, 0x00, 0x00, 0x1D, 0x32, 0x46, 0x44, 0x31, 0x0D, 0x00, 
0x00, 0x00, 0x00, 0x00, 0x00, 0x00, 0x00, 0x00, 0x29, 0x98, 0xE4, 0xFF, 
0xFF, 0xFF, 0xFF, 0xFF, 0xFD, 0xC9, 0x64, 0x03, 0x00, 0x00, 0x00, 0x00, 
0x00, 0x58, 0xF9, 0xFF, 0xFF, 0xFF, 0xFF, 0xFF, 0xFF, 0xFF, 0xFF, 0xFF, 
0xFF, 0xBD, 0x0A, 0x00, 0x00, 0x00, 0x30, 0xF9, 0xFF, 0xFF, 0xFF, 0xFF, 
0xFF, 0xFF, 0xFF, 0xFF, 0xFF, 0xFF, 0xFF, 0xFF, 0x9C, 0x00, 0x00, 0x00, 
0xB6, 0xFF, 0xFF, 0xFF, 0xFF, 0xF0, 0x99, 0x78, 0x85, 0xC8, 0xFF, 0xFF, 
0xFF, 0xFF, 0xFE, 0x27, 0x00, 0x17, 0xFD, 0xFF, 0xFF, 0xFF, 0xEF, 0x22, 
0x00, 0x00, 0x00, 0x00, 0x9A, 0xFF, 0xFF, 0xFF, 0xFF, 0x83, 0x00, 0x52, 
0xFF, 0xFF, 0xFF, 0xFF, 0x92, 0x00, 0x00, 0x00, 0x00, 0x00, 0x1B, 0xFF, 
0xFF, 0xFF, 0xFF, 0xC1, 0x00, 0x79, 0xFF, 0xFF, 0xFF, 0xFF, 0x5A, 0x00, 
0x00, 0x00, 0x00, 0x00, 0x00, 0xE2, 0xFF, 0xFF, 0xFF, 0xE8, 0x00, 0x92, 
0xFF, 0xFF, 0xFF, 0xFF, 0x43, 0x00, 0x00, 0x00, 0x00, 0x00, 0x00, 0xC8, 
0xFF, 0xFF, 0xFF, 0xFE, 0x02, 0x9C, 0xFF, 0xFF, 0xFF, 0xFF, 0x39, 0x00, 
0x00, 0x00, 0x00, 0x00, 0x00, 0xBE, 0xFF, 0xFF, 0xFF, 0xFF, 0x0B, 0x9B, 
0xFF, 0xFF, 0xFF, 0xFF, 0x3A, 0x00, 0x00, 0x00, 0x00, 0x00, 0x00, 0xBF, 
0xFF, 0xFF, 0xFF, 0xFF, 0x0A, 0x91, 0xFF, 0xFF, 0xFF, 0xFF, 0x43, 0x00, 
0x00, 0x00, 0x00, 0x00, 0x00, 0xC9, 0xFF, 0xFF, 0xFF, 0xFE, 0x02, 0x78, 
0xFF, 0xFF, 0xFF, 0xFF, 0x5C, 0x00, 0x00, 0x00, 0x00, 0x00, 0x00, 0xE3, 
0xFF, 0xFF, 0xFF, 0xE7, 0x00, 0x4F, 0xFF, 0xFF, 0xFF, 0xFF, 0x98, 0x00, 
0x00, 0x00, 0x00, 0x00, 0x21, 0xFF, 0xFF, 0xFF, 0xFF, 0xC1, 0x00, 0x13, 
0xFB, 0xFF, 0xFF, 0xFF, 0xF3, 0x2F, 0x00, 0x00, 0x00, 0x02, 0xA9, 0xFF, 
0xFF, 0xFF, 0xFF, 0x83, 0x00, 0x00, 0xAF, 0xFF, 0xFF, 0xFF, 0xFF, 0xFA, 
0xB7, 0x97, 0xA2, 0xE0, 0xFF, 0xFF, 0xFF, 0xFF, 0xFE, 0x27, 0x00, 0x00, 
0x2A, 0xF6, 0xFF, 0xFF, 0xFF, 0xFF, 0xFF, 0xFF, 0xFF, 0xFF, 0xFF, 0xFF, 
0xFF, 0xFF, 0x98, 0x00, 0x00, 0x00, 0x00, 0x4F, 0xF7, 0xFF, 0xFF, 0xFF, 
0xFF, 0xFF, 0xFF, 0xFF, 0xFF, 0xFF, 0xFF, 0xB2, 0x07, 0x00, 0x00, 0x00, 
0x00, 0x00, 0x23, 0x90, 0xE0, 0xFF, 0xFF, 0xFF, 0xFF, 0xFF, 0xFF, 0xF9, 
0x5A, 0x01, 0x00, 0x00, 0x00, 0x00, 0x00, 0x00, 0x00, 0x00, 0x00, 0x14, 
0x2D, 0x78, 0xFF, 0xFF, 0xFF, 0xFF, 0x7D, 0x00, 0x00, 0x00, 0x00, 0x00, 
0x00, 0x00, 0x00, 0x00, 0x00, 0x00, 0x00, 0x00, 0xC0, 0xFF, 0xFF, 0xFF, 
0xFD, 0x49, 0x00, 0x00, 0x00, 0x00, 0x00, 0x00, 0x00, 0x00, 0x00, 0x00, 
0x00, 0x00, 0x29, 0xFA, 0xFF, 0xFF, 0xFF, 0xEE, 0x22, 0x00, 0x00, 0x00, 
0x00, 0x00, 0x00, 0x00, 0x00, 0x00, 0x00, 0x00, 0x00, 0x74, 0xC4, 0xC4, 
0xC4, 0xC4, 0x94, 0x00, 0x00, 0x01, 0x0C, 0x0C, 0x0C, 0x0C, 0x0C, 0x0C, 
0x0A, 0x01, 0x00, 0x00, 0x00, 0x00, 0x00, 0x00, 0x00, 0x00, 0x28, 0xFF, 
0xFF, 0xFF, 0xFF, 0xFF, 0xFF, 0xFF, 0xFE, 0xEA, 0xBC, 0x6B, 0x0A, 0x00, 
0x00, 0x00, 0x00, 0x28, 0xFF, 0xFF, 0xFF, 0xFF, 0xFF, 0xFF, 0xFF, 0xFF, 
0xFF, 0xFF, 0xFF, 0xDE, 0x24, 0x00, 0x00, 0x00, 0x28, 0xFF, 0xFF, 0xFF, 
0xFF, 0xFF, 0xFF, 0xFF, 0xFF, 0xFF, 0xFF, 0xFF, 0xFF, 0xD1, 0x02, 0x00, 
0x00, 0x28, 0xFF, 0xFF, 0xFF, 0xFF, 0xBC, 0x84, 0x8B, 0xAD, 0xF7, 0xFF, 
0xFF, 0xFF, 0xFF, 0x41, 0x00, 0x00, 0x28, 0xFF, 0xFF, 0xFF, 0xFF, 0x74, 
0x00, 0x00, 0x00, 0x43, 0xFF, 0xFF, 0xFF, 0xFF, 0x7B, 0x00, 0x00, 0x28, 
0xFF, 0xFF, 0xFF, 0xFF, 0x74, 0x00, 0x00, 0x00, 0x01, 0xFB, 0xFF, 0xFF, 
0xFF, 0x90, 0x00, 0x00, 0x28, 0xFF, 0xFF, 0xFF, 0xFF, 0x74, 0x00, 0x00, 
0x00, 0x0D, 0xFF, 0xFF, 0xFF, 0xFF, 0x86, 0x00, 0x00, 0x28, 0xFF, 0xFF, 
0xFF, 0xFF, 0x74, 0x00, 0x00, 0x00, 0x73, 0xFF, 0xFF, 0xFF, 0xFF, 0x6B, 
0x00, 0x00, 0x28, 0xFF, 0xFF, 0xFF, 0xFF, 0xCD, 0xA4, 0xAB, 0xD2, 0xFF, 
0xFF, 0xFF, 0xFF, 0xFE, 0x21, 0x00, 0x00, 0x28, 0xFF, 0xFF, 0xFF, 0xFF, 
0xFF, 0xFF, 0xFF, 0xFF, 0xFF, 0xFF, 0xFF, 0xFF, 0xA0, 0x00, 0x00, 0x00, 
0x28, 0xFF, 0xFF, 0xFF, 0xFF, 0xFF, 0xFF, 0xFF, 0xFF, 0xFF, 0xFF, 0xFC, 
0x9A, 0x06, 0x00, 0x00, 0x00, 0x28, 0xFF, 0xFF, 0xFF, 0xFF, 0xD6, 0xB5, 
0xFE, 0xFF, 0xFF, 0xFF, 0x9C, 0x00, 0x00, 0x00, 0x00, 0x00, 0x28, 0xFF, 
0xFF, 0xFF, 0xFF, 0x74, 0x00, 0x98, 0xFF, 0xFF, 0xFF, 0xFE, 0x48, 0x00, 
0x00, 0x00, 0x00, 0x28, 0xFF, 0xFF, 0xFF, 0xFF, 0x74, 0x00, 0x10, 0xE7, 
0xFF, 0xFF, 0xFF, 0xE9, 0x18, 0x00, 0x00, 0x00, 0x28, 0xFF, 0xFF, 0xFF, 
0xFF, 0x74, 0x00, 0x00, 0x57, 0xFF, 0xFF, 0xFF, 0xFF, 0xBB, 0x01, 0x00, 
0x00, 0x28, 0xFF, 0xFF, 0xFF, 0xFF, 0x74, 0x00, 0x00, 0x00, 0xB6, 0xFF, 
0xFF, 0xFF, 0xFF, 0x78, 0x00, 0x00, 0x28, 0xFF, 0xFF, 0xFF, 0xFF, 0x74, 
0x00, 0x00, 0x00, 0x20, 0xF5, 0xFF, 0xFF, 0xFF, 0xFB, 0x38, 0x00, 0x28, 
0xFF, 0xFF, 0xFF, 0xFF, 0x74, 0x00, 0x00, 0x00, 0x00, 0x74, 0xFF, 0xFF, 
0xFF, 0xFF, 0xDF, 0x0F, 0x00, 0x00, 0x00, 0x00, 0x08, 0x2F, 0x42, 0x46, 
0x36, 0x24, 0x03, 0x00, 0x00, 0x00, 0x00, 0x3F, 0xB8, 0xFB, 0xFF, 0xFF, 
0xFF, 0xFF, 0xFF, 0xF2, 0xA2, 0x00, 0x00, 0x6C, 0xFF, 0xFF, 0xFF, 0xFF, 
0xFF, 0xFF, 0xFF, 0xFF, 0xFF, 0xD8, 0x00, 0x1F, 0xF9, 0xFF, 0xFF, 0xFF, 
0xFF, 0xFF, 0xFF, 0xFF, 0xFF, 0xFF, 0xD8, 0x00, 0x71, 0xFF, 0xFF, 0xFF, 
0xFF, 0xCB, 0x82, 0x73, 0x7E, 0x9A, 0xC0, 0xCA, 0x00, 0x97, 0xFF, 0xFF, 
0xFF, 0xE7, 0x05, 0x00, 0x00, 0x00, 0x00, 0x00, 0x01, 0x00, 0x9D, 0xFF, 
0xFF, 0xFF, 0xEA, 0x05, 0x00, 0x00, 0x00, 0x00, 0x00, 0x00, 0x00, 0x89, 
0xFF, 0xFF, 0xFF, 0xFF, 0xD2, 0x70, 0x28, 0x00, 0x00, 0x00, 0x00, 0x00, 
0x4E, 0xFF, 0xFF, 0xFF, 0xFF, 0xFF, 0xFF, 0xFF, 0xE1, 0x8B, 0x20, 0x00, 
0x00, 0x02, 0xBC, 0xFF, 0xFF, 0xFF, 0xFF, 0xFF, 0xFF, 0xFF, 0xFF, 0xF8, 
0x60, 0x00, 0x00, 0x06, 0x7D, 0xE8, 0xFF, 0xFF, 0xFF, 0xFF, 0xFF, 0xFF, 
0xFF, 0xFD, 0x31, 0x00, 0x00, 0x00, 0x02, 0x39, 0x7F, 0xC8, 0xFF, 0xFF, 
0xFF, 0xFF, 0xFF, 0x8C, 0x00, 0x00, 0x00, 0x00, 0x00, 0x00, 0x00, 0x42, 
0xFE, 0xFF, 0xFF, 0xFF, 0xB5, 0x00, 0x00, 0x00, 0x00, 0x00, 0x00, 0x00, 
0x00, 0xDF, 0xFF, 0xFF, 0xFF, 0xC3, 0x28, 0x13, 0x00, 0x00, 0x00, 0x00, 
0x00, 0x17, 0xF6, 0xFF, 0xFF, 0xFF, 0xB7, 0x98, 0xFF, 0xE3, 0xC8, 0xB5, 
0xA7, 0xB6, 0xEF, 0xFF, 0xFF, 0xFF, 0xFF, 0x8A, 0x98, 0xFF, 0xFF, 0xFF, 
0xFF, 0xFF, 0xFF, 0xFF, 0xFF, 0xFF, 0xFF, 0xFD, 0x2D, 0x98, 0xFF, 0xFF, 
0xFF, 0xFF, 0xFF, 0xFF, 0xFF, 0xFF, 0xFF, 0xFF, 0x77, 0x00, 0x6B, 0xDD, 
0xFE, 0xFF, 0xFF, 0xFF, 0xFF, 0xFF, 0xF9, 0xB8, 0x44, 0x00, 0x00, 0x00, 
0x00, 0x09, 0x20, 0x31, 0x40, 0x3A, 0x27, 0x04, 0x00, 0x00, 0x00, 0x00, 
0x06, 0x0C, 0x0C, 0x0C, 0x0C, 0x0C, 0x0C, 0x0C, 0x0C, 0x0C, 0x0C, 0x0C, 
0x0C, 0x0C, 0x00, 0x80, 0xFF, 0xFF, 0xFF, 0xFF, 0xFF, 0xFF, 0xFF, 0xFF, 
0xFF, 0xFF, 0xFF, 0xFF, 0xFF, 0x10, 0x80, 0xFF, 0xFF, 0xFF, 0xFF, 0xFF, 
0xFF, 0xFF, 0xFF, 0xFF, 0xFF, 0xFF, 0xFF, 0xFF, 0x10, 0x80, 0xFF, 0xFF, 
0xFF, 0xFF, 0xFF, 0xFF, 0xFF, 0xFF, 0xFF, 0xFF, 0xFF, 0xFF, 0xFF, 0x10, 
0x7E, 0xFC, 0xFC, 0xFC, 0xFC, 0xFF, 0xFF, 0xFF, 0xFF, 0xFE, 0xFC, 0xFC, 
0xFC, 0xFC, 0x0F, 0x00, 0x00, 0x00, 0x00, 0x04, 0xFF, 0xFF, 0xFF, 0xFF, 
0x90, 0x00, 0x00, 0x00, 0x00, 0x00, 0x00, 0x00, 0x00, 0x00, 0x04, 0xFF, 
0xFF, 0xFF, 0xFF, 0x90, 0x00, 0x00, 0x00, 0x00, 0x00, 0x00, 0x00, 0x00, 
0x00, 0x04, 0xFF, 0xFF, 0xFF, 0xFF, 0x90, 0x00, 0x00, 0x00, 0x00, 0x00, 
0x00, 0x00, 0x00, 0x00, 0x04, 0xFF, 0xFF, 0xFF, 0xFF, 0x90, 0x00, 0x00, 
0x00, 0x00, 0x00, 0x00, 0x00, 0x00, 0x00, 0x04, 0xFF, 0xFF, 0xFF, 0xFF, 
0x90, 0x00, 0x00, 0x00, 0x00, 0x00, 0x00, 0x00, 0x00, 0x00, 0x04, 0xFF, 
0xFF, 0xFF, 0xFF, 0x90, 0x00, 0x00, 0x00, 0x00, 0x00, 0x00, 0x00, 0x00, 
0x00, 0x04, 0xFF, 0xFF, 0xFF, 0xFF, 0x90, 0x00, 0x00, 0x00, 0x00, 0x00, 
0x00, 0x00, 0x00, 0x00, 0x04, 0xFF, 0xFF, 0xFF, 0xFF, 0x90, 0x00, 0x00, 
0x00, 0x00, 0x00, 0x00, 0x00, 0x00, 0x00, 0x04, 0xFF, 0xFF, 0xFF, 0xFF, 
0x90, 0x00, 0x00, 0x00, 0x00, 0x00, 0x00, 0x00, 0x00, 0x00, 0x04, 0xFF, 
0xFF, 0xFF, 0xFF, 0x90, 0x00, 0x00, 0x00, 0x00, 0x00, 0x00, 0x00, 0x00, 
0x00, 0x04, 0xFF, 0xFF, 0xFF, 0xFF, 0x90, 0x00, 0x00, 0x00, 0x00, 0x00, 
0x00, 0x00, 0x00, 0x00, 0x04, 0xFF, 0xFF, 0xFF, 0xFF, 0x90, 0x00, 0x00, 
0x00, 0x00, 0x00, 0x00, 0x00, 0x00, 0x00, 0x04, 0xFF, 0xFF, 0xFF, 0xFF, 
0x90, 0x00, 0x00, 0x00, 0x00, 0x00, 0x00, 0x00, 0x00, 0x00, 0x04, 0xFF, 
0xFF, 0xFF, 0xFF, 0x90, 0x00, 0x00, 0x00, 0x00, 0x00, 0x02, 0x0C, 0x0C, 
0x0C, 0x0C, 0x04, 0x00, 0x00, 0x00, 0x00, 0x00, 0x00, 0x0C, 0x0C, 0x0C, 
0x0C, 0x06, 0x3C, 0xFF, 0xFF, 0xFF, 0xFF, 0x60, 0x00, 0x00, 0x00, 0x00, 
0x00, 0x14, 0xFF, 0xFF, 0xFF, 0xFF, 0x80, 0x3C, 0xFF, 0xFF, 0xFF, 0xFF, 
0x60, 0x00, 0x00, 0x00, 0x00, 0x00, 0x14, 0xFF, 0xFF, 0xFF, 0xFF, 0x80, 
0x3C, 0xFF, 0xFF, 0xFF, 0xFF, 0x60, 0x00, 0x00, 0x00, 0x00, 0x00, 0x14, 
0xFF, 0xFF, 0xFF, 0xFF, 0x80, 0x3C, 0xFF, 0xFF, 0xFF, 0xFF, 0x60, 0x00, 
0x00, 0x00, 0x00, 0x00, 0x14, 0xFF, 0xFF, 0xFF, 0xFF, 0x80, 0x3C, 0xFF, 
0xFF, 0xFF, 0xFF, 0x60, 0x00, 0x00, 0x00, 0x00, 0x00, 0x14, 0xFF, 0xFF, 
0xFF, 0xFF, 0x80, 0x3C, 0xFF, 0xFF, 0xFF, 0xFF, 0x60, 0x00, 0x00, 0x00, 
0x00, 0x00, 0x14, 0xFF, 0xFF, 0xFF, 0xFF, 0x80, 0x3C, 0xFF, 0xFF, 0xFF, 
0xFF, 0x60, 0x00, 0x00, 0x00, 0x00, 0x00, 0x14, 0xFF, 0xFF, 0xFF, 0xFF, 
0x80, 0x3C, 0xFF, 0xFF, 0xFF, 0xFF, 0x60, 0x00, 0x00, 0x00, 0x00, 0x00, 
0x14, 0xFF, 0xFF, 0xFF, 0xFF, 0x80, 0x3C, 0xFF, 0xFF, 0xFF, 0xFF, 0x60, 
0x00, 0x00, 0x00, 0x00, 0x00, 0x14, 0xFF, 0xFF, 0xFF, 0xFF, 0x80, 0x3C, 
0xFF, 0xFF, 0xFF, 0xFF, 0x60, 0x00, 0x00, 0x00, 0x00, 0x00, 0x14, 0xFF, 
0xFF, 0xFF, 0xFF, 0x80, 0x3C, 0xFF, 0xFF, 0xFF, 0xFF, 0x60, 0x00, 0x00, 
0x00, 0x00, 0x00, 0x14, 0xFF, 0xFF, 0xFF, 0xFF, 0x80, 0x3C, 0xFF, 0xFF, 
0xFF, 0xFF, 0x63, 0x00, 0x00, 0x00, 0x00, 0x00, 0x18, 0xFF, 0xFF, 0xFF, 
0xFF, 0x7F, 0x36, 0xFF, 0xFF, 0xFF, 0xFF, 0x87, 0x00, 0x00, 0x00, 0x00, 
0x00, 0x3E, 0xFF, 0xFF, 0xFF, 0xFF, 0x74, 0x1C, 0xFF, 0xFF, 0xFF, 0xFF, 
0xEC, 0x22, 0x00, 0x00, 0x00, 0x0B, 0xC1, 0xFF, 0xFF, 0xFF, 0xFF, 0x58, 
0x00, 0xE0, 0xFF, 0xFF, 0xFF, 0xFF, 0xFA, 0xC5, 0xAF, 0xBC, 0xF0, 0xFF, 
0xFF, 0xFF, 0xFF, 0xFD, 0x17, 0x00, 0x70, 0xFF, 0xFF, 0xFF, 0xFF, 0xFF, 
0xFF, 0xFF, 0xFF, 0xFF, 0xFF, 0xFF, 0xFF, 0xFF, 0x99, 0x00, 0x00, 0x00, 
0x98, 0xFF, 0xFF, 0xFF, 0xFF, 0xFF, 0xFF, 0xFF, 0xFF, 0xFF, 0xFF, 0xFF, 
0xB6, 0x09, 0x00, 0x00, 0x00, 0x00, 0x47, 0xB8, 0xF2, 0xFF, 0xFF, 0xFF, 
0xFF, 0xFF, 0xF8, 0xBA, 0x56, 0x00, 0x00, 0x00, 0x00, 0x00, 0x00, 0x00, 
0x00, 0x02, 0x22, 0x33, 0x40, 0x39, 0x26, 0x03, 0x00, 0x00, 0x00, 0x00, 
0x00, 0x08, 0x0C, 0x0C, 0x0C, 0x0C, 0x05, 0x00, 0x00, 0x00, 0x00, 0x00, 
0x00, 0x00, 0x01, 0x0C, 0x0C, 0x0C, 0x0C, 0x08, 0x7F, 0xFF, 0xFF, 0xFF, 
0xFF, 0x9A, 0x00, 0x00, 0x00, 0x00, 0x00, 0x00, 0x00, 0x51, 0xFF, 0xFF, 
0xFF, 0xFF, 0x7D, 0x26, 0xFF, 0xFF, 0xFF, 0xFF, 0xE7, 0x01, 0x00, 0x00, 
0x00, 0x00, 0x00, 0x00, 0xA4, 0xFF, 0xFF, 0xFF, 0xFF, 0x23, 0x00, 0xCE, 
0xFF, 0xFF, 0xFF, 0xFF, 0x37, 0x00, 0x00, 0x00, 0x00, 0x00, 0x06, 0xF0, 
0xFF, 0xFF, 0xFF, 0xC7, 0x00, 0x00, 0x75, 0xFF, 0xFF, 0xFF, 0xFF, 0x86, 
0x00, 0x00, 0x00, 0x00, 0x00, 0x49, 0xFF, 0xFF, 0xFF, 0xFF, 0x6C, 0x00, 
0x00, 0x1D, 0xFE, 0xFF, 0xFF, 0xFF, 0xD4, 0x00, 0x00, 0x00, 0x00, 0x00, 
0x9B, 0xFF, 0xFF, 0xFF, 0xFB, 0x16, 0x00, 0x00, 0x00, 0xC3, 0xFF, 0xFF, 
0xFF, 0xFF, 0x23, 0x00, 0x00, 0x00, 0x03, 0xEA, 0xFF, 0xFF, 0xFF, 0xB6, 
0x00, 0x00, 0x00, 0x00, 0x6A, 0xFF, 0xFF, 0xFF, 0xFF, 0x71, 0x00, 0x00, 
0x00, 0x40, 0xFF, 0xFF, 0xFF, 0xFF, 0x5B, 0x00, 0x00, 0x00, 0x00, 0x15, 
0xFB, 0xFF, 0xFF, 0xFF, 0xC0, 0x00, 0x00, 0x00, 0x93, 0xFF, 0xFF, 0xFF, 
0xF4, 0x0B, 0x00, 0x00, 0x00, 0x00, 0x00, 0xB8, 0xFF, 0xFF, 0xFF, 0xFC, 
0x12, 0x00, 0x01, 0xE3, 0xFF, 0xFF, 0xFF, 0xA4, 0x00, 0x00, 0x00, 0x00, 
0x00, 0x00, 0x60, 0xFF, 0xFF, 0xFF, 0xFF, 0x5D, 0x00, 0x38, 0xFF, 0xFF, 
0xFF, 0xFF, 0x49, 0x00, 0x00, 0x00, 0x00, 0x00, 0x00, 0x0F, 0xF8, 0xFF, 
0xFF, 0xFF, 0xAC, 0x00, 0x8A, 0xFF, 0xFF, 0xFF, 0xEA, 0x04, 0x00, 0x00, 
0x00, 0x00, 0x00, 0x00, 0x00, 0xAE, 0xFF, 0xFF, 0xFF, 0xF3, 0x07, 0xDC, 
0xFF, 0xFF, 0xFF, 0x93, 0x00, 0x00, 0x00, 0x00, 0x00, 0x00, 0x00, 0x00, 
0x55, 0xFF, 0xFF, 0xFF, 0xFF, 0x78, 0xFF, 0xFF, 0xFF, 0xFF, 0x38, 0x00, 
0x00, 0x00, 0x00, 0x00, 0x00, 0x00, 0x00, 0x09, 0xF2, 0xFF, 0xFF, 0xFF, 
0xFB, 0xFF, 0xFF, 0xFF, 0xDD, 0x00, 0x00, 0x00, 0x00, 0x00, 0x00, 0x00, 
0x00, 0x00, 0x00, 0xA3, 0xFF, 0xFF, 0xFF, 0xFF, 0xFF, 0xFF, 0xFF, 0x82, 
0x00, 0x00, 0x00, 0x00, 0x00, 0x00, 0x00, 0x00, 0x00, 0x00, 0x4A, 0xFF, 
0xFF, 0xFF, 0xFF, 0xFF, 0xFF, 0xFF, 0x27, 0x00, 0x00, 0x00, 0x00, 0x00, 
0x00, 0x00, 0x00, 0x00, 0x00, 0x05, 0xEC, 0xFF, 0xFF, 0xFF, 0xFF, 0xFF, 
0xCC, 0x00, 0x00, 0x00, 0x00, 0x00, 0x00, 0x00, 0x00, 0x00, 0x00, 0x00, 
0x00, 0x98, 0xFF, 0xFF, 0xFF, 0xFF, 0xFF, 0x71, 0x00, 0x00, 0x00, 0x00, 
0x00, 0x00, 0x07, 0x0C, 0x0C, 0x0C, 0x0C, 0x02, 0x00, 0x00, 0x00, 0x00, 
0x00, 0x00, 0x00, 0x00, 0x00, 0x00, 0x00, 0x00, 0x00, 0x00, 0x0B, 0x0C, 
0x0C, 0x0C, 0x09, 0x7F, 0xFF, 0xFF, 0xFF, 0xFF, 0x4D, 0x00, 0x00, 0x00, 
0x00, 0x00, 0x00, 0x00, 0x00, 0x00, 0x00, 0x00, 0x00, 0x00, 0x16, 0xFF, 
0xFF, 0xFF, 0xFF, 0xAC, 0x49, 0xFF, 0xFF, 0xFF, 0xFF, 0x7B, 0x00, 0x00, 
0x00, 0x02, 0x73, 0x74, 0x74, 0x74, 0x74, 0x29, 0x00, 0x00, 0x00, 0x47, 
0xFF, 0xFF, 0xFF, 0xFF, 0x72, 0x13, 0xFF, 0xFF, 0xFF, 0xFF, 0xAA, 0x00, 
0x00, 0x00, 0x2E, 0xFF, 0xFF, 0xFF, 0xFF, 0xFF, 0x80, 0x00, 0x00, 0x00, 
0x77, 0xFF, 0xFF, 0xFF, 0xFF, 0x38, 0x00, 0xDD, 0xFF, 0xFF, 0xFF, 0xD8, 
0x00, 0x00, 0x00, 0x66, 0xFF, 0xFF, 0xFF, 0xFF, 0xFF, 0xB3, 0x00, 0x00, 
0x00, 0xA7, 0xFF, 0xFF, 0xFF, 0xF7, 0x06, 0x00, 0xA8, 0xFF, 0xFF, 0xFF, 
0xFD, 0x0A, 0x00, 0x00, 0x9E, 0xFF, 0xFF, 0xFF, 0xFF, 0xFF, 0xE6, 0x00, 
0x00, 0x00, 0xD8, 0xFF, 0xFF, 0xFF, 0xC4, 0x00, 0x00, 0x72, 0xFF, 0xFF, 
0xFF, 0xFF, 0x36, 0x00, 0x00, 0xD6, 0xFF, 0xFF, 0xFF, 0xFF, 0xFF, 0xFF, 
0x19, 0x00, 0x0A, 0xFD, 0xFF, 0xFF, 0xFF, 0x8B, 0x00, 0x00, 0x3C, 0xFF, 
0xFF, 0xFF, 0xFF, 0x64, 0x00, 0x0F, 0xFE, 0xFF, 0xFF, 0xFF, 0xFF, 0xFF, 
0xFF, 0x4D, 0x00, 0x38, 0xFF, 0xFF, 0xFF, 0xFF, 0x51, 0x00, 0x00, 0x09, 
0xFB, 0xFF, 0xFF, 0xFF, 0x93, 0x00, 0x46, 0xFF, 0xFF, 0xFF, 0xCC, 0xFF, 
0xFF, 0xFF, 0x80, 0x00, 0x68, 0xFF, 0xFF, 0xFF, 0xFF, 0x17, 0x00, 0x00, 
0x00, 0xD0, 0xFF, 0xFF, 0xFF, 0xC2, 0x00, 0x7E, 0xFF, 0xFF, 0xFF, 0x51, 
0xFF, 0xFF, 0xFF, 0xB3, 0x00, 0x98, 0xFF, 0xFF, 0xFF, 0xDD, 0x00, 0x00, 
0x00, 0x00, 0x9A, 0xFF, 0xFF, 0xFF, 0xEF, 0x00, 0xB5, 0xFF, 0xFF, 0xE7, 
0x02, 0xF1, 0xFF, 0xFF, 0xE6, 0x00, 0xC9, 0xFF, 0xFF, 0xFF, 0xA3, 0x00, 
0x00, 0x00, 0x00, 0x64, 0xFF, 0xFF, 0xFF, 0xFF, 0x1F, 0xEC, 0xFF, 0xFF, 
0xAC, 0x00, 0xBA, 0xFF, 0xFF, 0xFF, 0x1C, 0xF5, 0xFF, 0xFF, 0xFF, 0x69, 
0x00, 0x00, 0x00, 0x00, 0x2F, 0xFF, 0xFF, 0xFF, 0xFF, 0x72, 0xFF, 0xFF, 
0xFF, 0x71, 0x00, 0x80, 0xFF, 0xFF, 0xFF, 0x76, 0xFF, 0xFF, 0xFF, 0xFF, 
0x2F, 0x00, 0x00, 0x00, 0x00, 0x03, 0xF5, 0xFF, 0xFF, 0xFF, 0xE0, 0xFF, 
0xFF, 0xFF, 0x35, 0x00, 0x46, 0xFF, 0xFF, 0xFF, 0xE1, 0xFF, 0xFF, 0xFF, 
0xF2, 0x03, 0x00, 0x00, 0x00, 0x00, 0x00, 0xC3, 0xFF, 0xFF, 0xFF, 0xFF, 
0xFF, 0xFF, 0xF5, 0x04, 0x00, 0x0E, 0xFD, 0xFF, 0xFF, 0xFF, 0xFF, 0xFF, 
0xFF, 0xBC, 0x00, 0x00, 0x00, 0x00, 0x00, 0x00, 0x8D, 0xFF, 0xFF, 0xFF, 
0xFF, 0xFF, 0xFF, 0xBF, 0x00, 0x00, 0x00, 0xD3, 0xFF, 0xFF, 0xFF, 0xFF, 
0xFF, 0xFF, 0x82, 0x00, 0x00, 0x00, 0x00, 0x00, 0x00, 0x57, 0xFF, 0xFF, 
0xFF, 0xFF, 0xFF, 0xFF, 0x83, 0x00, 0x00, 0x00, 0x99, 0xFF, 0xFF, 0xFF, 
0xFF, 0xFF, 0xFF, 0x48, 0x00, 0x00, 0x00, 0x00, 0x00, 0x00, 0x21, 0xFF, 
0xFF, 0xFF, 0xFF, 0xFF, 0xFF, 0x48, 0x00, 0x00, 0x00, 0x5F, 0xFF, 0xFF, 
0xFF, 0xFF, 0xFF, 0xFE, 0x10, 0x00, 0x00, 0x00, 0x00, 0x00, 0x00, 0x00, 
0xEA, 0xFF, 0xFF, 0xFF, 0xFF, 0xFD, 0x0F, 0x00, 0x00, 0x00, 0x25, 0xFF, 
0xFF, 0xFF, 0xFF, 0xFF, 0xD4, 0x00, 0x00, 0x00, 0x00, 0x03, 0x0C, 0x0C, 
0x0C, 0x0C, 0x0C, 0x00, 0x00, 0x00, 0x00, 0x00, 0x00, 0x04, 0x0C, 0x0C, 
0x0C, 0x0C, 0x0B, 0x00, 0x15, 0xF0, 0xFF, 0xFF, 0xFF, 0xFF, 0x4A, 0x00, 
0x00, 0x00, 0x00, 0x00, 0xAE, 0xFF, 0xFF, 0xFF, 0xFF, 0xA6, 0x00, 0x00, 
0x6F, 0xFF, 0xFF, 0xFF, 0xFF, 0xD0, 0x01, 0x00, 0x00, 0x00, 0x35, 0xFF, 
0xFF, 0xFF, 0xFF, 0xF1, 0x19, 0x00, 0x00, 0x04, 0xD4, 0xFF, 0xFF, 0xFF, 
0xFF, 0x59, 0x00, 0x00, 0x00, 0xBC, 0xFF, 0xFF, 0xFF, 0xFF, 0x6F, 0x00, 
0x00, 0x00, 0x00, 0x42, 0xFF, 0xFF, 0xFF, 0xFF, 0xDC, 0x05, 0x00, 0x43, 
0xFF, 0xFF, 0xFF, 0xFF, 0xD0, 0x03, 0x00, 0x00, 0x00, 0x00, 0x00, 0xAC, 
0xFF, 0xFF, 0xFF, 0xFF, 0x69, 0x00, 0xCA, 0xFF, 0xFF, 0xFF, 0xFE, 0x3A, 
0x00, 0x00, 0x00, 0x00, 0x00, 0x00, 0x1F, 0xF6, 0xFF, 0xFF, 0xFF, 0xE6, 
0x5C, 0xFF, 0xFF, 0xFF, 0xFF, 0x9D, 0x00, 0x00, 0x00, 0x00, 0x00, 0x00, 
0x00, 0x00, 0x7F, 0xFF, 0xFF, 0xFF, 0xFF, 0xFD, 0xFF, 0xFF, 0xFF, 0xED, 
0x14, 0x00, 0x00, 0x00, 0x00, 0x00, 0x00, 0x00, 0x00, 0x08, 0xDF, 0xFF, 
0xFF, 0xFF, 0xFF, 0xFF, 0xFF, 0xFF, 0x66, 0x00, 0x00, 0x00, 0x00, 0x00, 
0x00, 0x00, 0x00, 0x00, 0x00, 0x56, 0xFF, 0xFF, 0xFF, 0xFF, 0xFF, 0xFF, 
0xD9, 0x01, 0x00, 0x00, 0x00, 0x00, 0x00, 0x00, 0x00, 0x00, 0x00, 0x00, 
0x89, 0xFF, 0xFF, 0xFF, 0xFF, 0xFF, 0xFF, 0xFC, 0x2F, 0x00, 0x00, 0x00, 
0x00, 0x00, 0x00, 0x00, 0x00, 0x00, 0x2A, 0xFA, 0xFF, 0xFF, 0xFF, 0xFF, 
0xFF, 0xFF, 0xFF, 0xC1, 0x00, 0x00, 0x00, 0x00, 0x00, 0x00, 0x00, 0x00, 
0x00, 0xC0, 0xFF, 0xFF, 0xFF, 0xFF, 0xE2, 0xFF, 0xFF, 0xFF, 0xFF, 0x59, 
0x00, 0x00, 0x00, 0x00, 0x00, 0x00, 0x00, 0x5E, 0xFF, 0xFF, 0xFF, 0xFF, 
0xB5, 0x3B, 0xFF, 0xFF, 0xFF, 0xFF, 0xE4, 0x0B, 0x00, 0x00, 0x00, 0x00, 
0x00, 0x10, 0xE9, 0xFF, 0xFF, 0xFF, 0xFC, 0x2C, 0x00, 0xB5, 0xFF, 0xFF, 
0xFF, 0xFF, 0x86, 0x00, 0x00, 0x00, 0x00, 0x00, 0x96, 0xFF, 0xFF, 0xFF, 
0xFF, 0x9B, 0x00, 0x00, 0x30, 0xFE, 0xFF, 0xFF, 0xFF, 0xF8, 0x23, 0x00, 
0x00, 0x00, 0x34, 0xFD, 0xFF, 0xFF, 0xFF, 0xF5, 0x1A, 0x00, 0x00, 0x00, 
0xA8, 0xFF, 0xFF, 0xFF, 0xFF, 0xB3, 0x00, 0x00, 0x02, 0xCB, 0xFF, 0xFF, 
0xFF, 0xFF, 0x82, 0x00, 0x00, 0x00, 0x00, 0x25, 0xFB, 0xFF, 0xFF, 0xFF, 
0xFF, 0x49, 0x00, 0x6A, 0xFF, 0xFF, 0xFF, 0xFF, 0xE9, 0x0D, 0x00, 0x00, 
0x00, 0x00, 0x00, 0x9B, 0xFF, 0xFF, 0xFF, 0xFF, 0xD9, 0x06, 0x0B, 0x0C, 
0x0C, 0x0C, 0x0C, 0x05, 0x00, 0x00, 0x00, 0x00, 0x00, 0x00, 0x03, 0x0C, 
0x0C, 0x0C, 0x0C, 0x0B, 0xA1, 0xFF, 0xFF, 0xFF, 0xFF, 0xBB, 0x00, 0x00, 
0x00, 0x00, 0x00, 0x00, 0x8F, 0xFF, 0xFF, 0xFF, 0xFF, 0x9B, 0x18, 0xF1, 
0xFF, 0xFF, 0xFF, 0xFF, 0x3D, 0x00, 0x00, 0x00, 0x00, 0x1F, 0xF8, 0xFF, 
0xFF, 0xFF, 0xED, 0x14, 0x00, 0x72, 0xFF, 0xFF, 0xFF, 0xFF, 0xBF, 0x00, 
0x00, 0x00, 0x00, 0xA2, 0xFF, 0xFF, 0xFF, 0xFF, 0x68, 0x00, 0x00, 0x04, 
0xD5, 0xFF, 0xFF, 0xFF, 0xFF, 0x42, 0x00, 0x00, 0x2D, 0xFD, 0xFF, 0xFF, 
0xFF, 0xCB, 0x02, 0x00, 0x00, 0x00, 0x43, 0xFF, 0xFF, 0xFF, 0xFF, 0xC4, 
0x00, 0x00, 0xB5, 0xFF, 0xFF, 0xFF, 0xFE, 0x36, 0x00, 0x00, 0x00, 0x00, 
0x00, 0xAB, 0xFF, 0xFF, 0xFF, 0xFF, 0x46, 0x3E, 0xFF, 0xFF, 0xFF, 0xFF, 
0x9B, 0x00, 0x00, 0x00, 0x00, 0x00, 0x00, 0x1D, 0xF5, 0xFF, 0xFF, 0xFF, 
0xCA, 0xC8, 0xFF, 0xFF, 0xFF, 0xED, 0x13, 0x00, 0x00, 0x00, 0x00, 0x00, 
0x00, 0x00, 0x7C, 0xFF, 0xFF, 0xFF, 0xFF, 0xFF, 0xFF, 0xFF, 0xFF, 0x67, 
0x00, 0x00, 0x00, 0x00, 0x00, 0x00, 0x00, 0x00, 0x07, 0xDC, 0xFF, 0xFF, 
0xFF, 0xFF, 0xFF, 0xFF, 0xCB, 0x02, 0x00, 0x00, 0x00, 0x00, 0x00, 0x00, 
0x00, 0x00, 0x00, 0x4C, 0xFF, 0xFF, 0xFF, 0xFF, 0xFF, 0xFD, 0x36, 0x00, 
0x00, 0x00, 0x00, 0x00, 0x00, 0x00, 0x00, 0x00, 0x00, 0x00, 0xB4, 0xFF, 
0xFF, 0xFF, 0xFF, 0x9A, 0x00, 0x00, 0x00, 0x00, 0x00, 0x00, 0x00, 0x00, 
0x00, 0x00, 0x00, 0x00, 0x58, 0xFF, 0xFF, 0xFF, 0xFF, 0x50, 0x00, 0x00, 
0x00, 0x00, 0x00, 0x00, 0x00, 0x00, 0x00, 0x00, 0x00, 0x00, 0x58, 0xFF, 
0xFF, 0xFF, 0xFF, 0x50, 0x00, 0x00, 0x00, 0x00, 0x00, 0x00, 0x00, 0x00, 
0x00, 0x00, 0x00, 0x00, 0x58, 0xFF, 0xFF, 0xFF, 0xFF, 0x50, 0x00, 0x00, 
0x00, 0x00, 0x00, 0x00, 0x00, 0x00, 0x00, 0x00, 0x00, 0x00, 0x58, 0xFF, 
0xFF, 0xFF, 0xFF, 0x50, 0x00, 0x00, 0x00, 0x00, 0x00, 0x00, 0x00, 0x00, 
0x00, 0x00, 0x00, 0x00, 0x58, 0xFF, 0xFF, 0xFF, 0xFF, 0x50, 0x00, 0x00, 
0x00, 0x00, 0x00, 0x00, 0x00, 0x00, 0x00, 0x00, 0x00, 0x00, 0x58, 0xFF, 
0xFF, 0xFF, 0xFF, 0x50, 0x00, 0x00, 0x00, 0x00, 0x00, 0x00, 0x00, 0x00, 
0x00, 0x00, 0x00, 0x00, 0x58, 0xFF, 0xFF, 0xFF, 0xFF, 0x50, 0x00, 0x00, 
0x00, 0x00, 0x00, 0x00, 0x02, 0x0C, 0x0C, 0x0C, 0x0C, 0x0C, 0x0C, 0x0C, 
0x0C, 0x0C, 0x0C, 0x0C, 0x0C, 0x0C, 0x04, 0x00, 0x34, 0xFF, 0xFF, 0xFF, 
0xFF, 0xFF, 0xFF, 0xFF, 0xFF, 0xFF, 0xFF, 0xFF, 0xFF, 0xFF, 0x58, 0x00, 
0x34, 0xFF, 0xFF, 0xFF, 0xFF, 0xFF, 0xFF, 0xFF, 0xFF, 0xFF, 0xFF, 0xFF, 
0xFF, 0xFF, 0x58, 0x00, 0x34, 0xFF, 0xFF, 0xFF, 0xFF, 0xFF, 0xFF, 0xFF, 
0xFF, 0xFF, 0xFF, 0xFF, 0xFF, 0xFF, 0x58, 0x00, 0x2F, 0xE8, 0xE8, 0xE8, 
0xE8, 0xE8, 0xE8, 0xE8, 0xF1, 0xFF, 0xFF, 0xFF, 0xFF, 0xFF, 0x54, 0x00, 
0x00, 0x00, 0x00, 0x00, 0x00, 0x00, 0x00, 0x03, 0xBA, 0xFF, 0xFF, 0xFF, 
0xFF, 0xC2, 0x06, 0x00, 0x00, 0x00, 0x00, 0x00, 0x00, 0x00, 0x00, 0x93, 
0xFF, 0xFF, 0xFF, 0xFF, 0xDE, 0x14, 0x00, 0x00, 0x00, 0x00, 0x00, 0x00, 
0x00, 0x00, 0x67, 0xFF, 0xFF, 0xFF, 0xFF, 0xF2, 0x2C, 0x00, 0x00, 0x00, 
0x00, 0x00, 0x00, 0x00, 0x00, 0x42, 0xFB, 0xFF, 0xFF, 0xFF, 0xFD, 0x4C, 
0x00, 0x00, 0x00, 0x00, 0x00, 0x00, 0x00, 0x00, 0x24, 0xED, 0xFF, 0xFF, 
0xFF, 0xFF, 0x74, 0x00, 0x00, 0x00, 0x00, 0x00, 0x00, 0x00, 0x00, 0x10, 
0xD8, 0xFF, 0xFF, 0xFF, 0xFF, 0x9F, 0x00, 0x00, 0x00, 0x00, 0x00, 0x00, 
0x00, 0x00, 0x03, 0xBA, 0xFF, 0xFF, 0xFF, 0xFF, 0xC4, 0x06, 0x00, 0x00, 
0x00, 0x00, 0x00, 0x00, 0x00, 0x00, 0x93, 0xFF, 0xFF, 0xFF, 0xFF, 0xE0, 
0x15, 0x00, 0x00, 0x00, 0x00, 0x00, 0x00, 0x00, 0x00, 0x68, 0xFF, 0xFF, 
0xFF, 0xFF, 0xF3, 0x2D, 0x00, 0x00, 0x00, 0x00, 0x00, 0x00, 0x00, 0x00, 
0x42, 0xFB, 0xFF, 0xFF, 0xFF, 0xFF, 0x4E, 0x00, 0x00, 0x00, 0x00, 0x00, 
0x00, 0x00, 0x00, 0x00, 0xAB, 0xFF, 0xFF, 0xFF, 0xFF, 0xFF, 0xFC, 0xFC, 
0xFC, 0xFC, 0xFC, 0xFC, 0xFC, 0xFC, 0xFC, 0x17, 0xAC, 0xFF, 0xFF, 0xFF, 
0xFF, 0xFF, 0xFF, 0xFF, 0xFF, 0xFF, 0xFF, 0xFF, 0xFF, 0xFF, 0xFF, 0x18, 
0xAC, 0xFF, 0xFF, 0xFF, 0xFF, 0xFF, 0xFF, 0xFF, 0xFF, 0xFF, 0xFF, 0xFF, 
0xFF, 0xFF, 0xFF, 0x18, 0xAC, 0xFF, 0xFF, 0xFF, 0xFF, 0xFF, 0xFF, 0xFF, 
0xFF, 0xFF, 0xFF, 0xFF, 0xFF, 0xFF, 0xFF, 0x18, 0x24, 0xC4, 0xC4, 0xC4, 
0xC4, 0xC4, 0xC4, 0x6B, 0x30, 0xFF, 0xFF, 0xFF, 0xFF, 0xFF, 0xFF, 0x8C, 
0x30, 0xFF, 0xFF, 0xFF, 0xFF, 0xFF, 0xFF, 0x8C, 0x30, 0xFF, 0xFF, 0xFF, 
0xFF, 0xC7, 0xB8, 0x64, 0x30, 0xFF, 0xFF, 0xFF, 0xFF, 0x38, 0x00, 0x00, 
0x30, 0xFF, 0xFF, 0xFF, 0xFF, 0x38, 0x00, 0x00, 0x30, 0xFF, 0xFF, 0xFF, 
0xFF, 0x38, 0x00, 0x00, 0x30, 0xFF, 0xFF, 0xFF, 0xFF, 0x38, 0x00, 0x00, 
0x30, 0xFF, 0xFF, 0xFF, 0xFF, 0x38, 0x00, 0x00, 0x30, 0xFF, 0xFF, 0xFF, 
0xFF, 0x38, 0x00, 0x00, 0x30, 0xFF, 0xFF, 0xFF, 0xFF, 0x38, 0x00, 0x00, 
0x30, 0xFF, 0xFF, 0xFF, 0xFF, 0x38, 0x00, 0x00, 0x30, 0xFF, 0xFF, 0xFF, 
0xFF, 0x38, 0x00, 0x00, 0x30, 0xFF, 0xFF, 0xFF, 0xFF, 0x38, 0x00, 0x00, 
0x30, 0xFF, 0xFF, 0xFF, 0xFF, 0x38, 0x00, 0x00, 0x30, 0xFF, 0xFF, 0xFF, 
0xFF, 0x38, 0x00, 0x00, 0x30, 0xFF, 0xFF, 0xFF, 0xFF, 0x38, 0x00, 0x00, 
0x30, 0xFF, 0xFF, 0xFF, 0xFF, 0x38, 0x00, 0x00, 0x30, 0xFF, 0xFF, 0xFF, 
0xFF, 0x38, 0x00, 0x00, 0x30, 0xFF, 0xFF, 0xFF, 0xFF, 0x38, 0x00, 0x00, 
0x30, 0xFF, 0xFF, 0xFF, 0xFF, 0x38, 0x00, 0x00, 0x30, 0xFF, 0xFF, 0xFF, 
0xFF, 0x70, 0x48, 0x27, 0x30, 0xFF, 0xFF, 0xFF, 0xFF, 0xFF, 0xFF, 0x8C, 
0x30, 0xFF, 0xFF, 0xFF, 0xFF, 0xFF, 0xFF, 0x8C, 0x30, 0xFF, 0xFF, 0xFF, 
0xFF, 0xFF, 0xFF, 0x8C, 0x09, 0x34, 0x34, 0x34, 0x34, 0x34, 0x34, 0x1C, 
0x70, 0xC4, 0xC4, 0x69, 0x00, 0x00, 0x00, 0x00, 0x00, 0x00, 0x00, 0x00, 
0x00, 0x32, 0xFF, 0xFF, 0xE4, 0x04, 0x00, 0x00, 0x00, 0x00, 0x00, 0x00, 
0x00, 0x00, 0x00, 0xC7, 0xFF, 0xFF, 0x55, 0x00, 0x00, 0x00, 0x00, 0x00, 
0x00, 0x00, 0x00, 0x00, 0x5A, 0xFF, 0xFF, 0xC2, 0x00, 0x00, 0x00, 0x00, 
0x00, 0x00, 0x00, 0x00, 0x00, 0x05, 0xE7, 0xFF, 0xFF, 0x2F, 0x00, 0x00, 
0x00, 0x00, 0x00, 0x00, 0x00, 0x00, 0x00, 0x81, 0xFF, 0xFF, 0x9B, 0x00, 
0x00, 0x00, 0x00, 0x00, 0x00, 0x00, 0x00, 0x00, 0x19, 0xFA, 0xFF, 0xF6, 
0x12, 0x00, 0x00, 0x00, 0x00, 0x00, 0x00, 0x00, 0x00, 0x00, 0xA8, 0xFF, 
0xFF, 0x75, 0x00, 0x00, 0x00, 0x00, 0x00, 0x00, 0x00, 0x00, 0x00, 0x3C, 
0xFF, 0xFF, 0xDE, 0x02, 0x00, 0x00, 0x00, 0x00, 0x00, 0x00, 0x00, 0x00, 
0x00, 0xCF, 0xFF, 0xFF, 0x4E, 0x00, 0x00, 0x00, 0x00, 0x00, 0x00, 0x00, 
0x00, 0x00, 0x63, 0xFF, 0xFF, 0xBA, 0x00, 0x00, 0x00, 0x00, 0x00, 0x00, 
0x00, 0x00, 0x00, 0x09, 0xED, 0xFF, 0xFE, 0x28, 0x00, 0x00, 0x00, 0x00, 
0x00, 0x00, 0x00, 0x00, 0x00, 0x8A, 0xFF, 0xFF, 0x94, 0x00, 0x00, 0x00, 
0x00, 0x00, 0x00, 0x00, 0x00, 0x00, 0x20, 0xFD, 0xFF, 0xF2, 0x0D, 0x00, 
0x00, 0x00, 0x00, 0x00, 0x00, 0x00, 0x00, 0x00, 0xB1, 0xFF, 0xFF, 0x6D, 
0x00, 0x00, 0x00, 0x00, 0x00, 0x00, 0x00, 0x00, 0x00, 0x45, 0xFF, 0xFF, 
0xD9, 0x01, 0x00, 0x00, 0x00, 0x00, 0x00, 0x00, 0x00, 0x00, 0x00, 0xD7, 
0xFF, 0xFF, 0x46, 0x00, 0x00, 0x00, 0x00, 0x00, 0x00, 0x00, 0x00, 0x00, 
0x6C, 0xFF, 0xFF, 0xB3, 0x00, 0x00, 0x00, 0x00, 0x00, 0x00, 0x00, 0x00, 
0x00, 0x0D, 0xF2, 0xFF, 0xFD, 0x22, 0x00, 0x00, 0x00, 0x00, 0x00, 0x00, 
0x00, 0x00, 0x00, 0x93, 0xFF, 0xFF, 0x8C, 0x00, 0x00, 0x00, 0x00, 0x00, 
0x00, 0x00, 0x00, 0x00, 0x27, 0xFE, 0xFF, 0xEE, 0x0A, 0x00, 0x00, 0x00, 
0x00, 0x00, 0x00, 0x00, 0x00, 0x00, 0xBA, 0xFF, 0xFF, 0x65, 0x00, 0x00, 
0x00, 0x00, 0x00, 0x00, 0x00, 0x00, 0x00, 0x37, 0x8C, 0x8C, 0x65, 0x6E, 
0xC4, 0xC4, 0xC4, 0xC4, 0xC4, 0xC4, 0x21, 0x90, 0xFF, 0xFF, 0xFF, 0xFF, 
0xFF, 0xFF, 0x2C, 0x90, 0xFF, 0xFF, 0xFF, 0xFF, 0xFF, 0xFF, 0x2C, 0x67, 
0xB8, 0xC7, 0xFF, 0xFF, 0xFF, 0xFF, 0x2C, 0x00, 0x00, 0x38, 0xFF, 0xFF, 
0xFF, 0xFF, 0x2C, 0x00, 0x00, 0x38, 0xFF, 0xFF, 0xFF, 0xFF, 0x2C, 0x00, 
0x00, 0x38, 0xFF, 0xFF, 0xFF, 0xFF, 0x2C, 0x00, 0x00, 0x38, 0xFF, 0xFF, 
0xFF, 0xFF, 0x2C, 0x00, 0x00, 0x38, 0xFF, 0xFF, 0xFF, 0xFF, 0x2C, 0x00, 
0x00, 0x38, 0xFF, 0xFF, 0xFF, 0xFF, 0x2C, 0x00, 0x00, 0x38, 0xFF, 0xFF, 
0xFF, 0xFF, 0x2C, 0x00, 0x00, 0x38, 0xFF, 0xFF, 0xFF, 0xFF, 0x2C, 0x00, 
0x00, 0x38, 0xFF, 0xFF, 0xFF, 0xFF, 0x2C, 0x00, 0x00, 0x38, 0xFF, 0xFF, 
0xFF, 0xFF, 0x2C, 0x00, 0x00, 0x38, 0xFF, 0xFF, 0xFF, 0xFF, 0x2C, 0x00, 
0x00, 0x38, 0xFF, 0xFF, 0xFF, 0xFF, 0x2C, 0x00, 0x00, 0x38, 0xFF, 0xFF, 
0xFF, 0xFF, 0x2C, 0x00, 0x00, 0x38, 0xFF, 0xFF, 0xFF, 0xFF, 0x2C, 0x00, 
0x00, 0x38, 0xFF, 0xFF, 0xFF, 0xFF, 0x2C, 0x00, 0x00, 0x38, 0xFF, 0xFF, 
0xFF, 0xFF, 0x2C, 0x00, 0x00, 0x38, 0xFF, 0xFF, 0xFF, 0xFF, 0x2C, 0x28, 
0x48, 0x70, 0xFF, 0xFF, 0xFF, 0xFF, 0x2C, 0x90, 0xFF, 0xFF, 0xFF, 0xFF, 
0xFF, 0xFF, 0x2C, 0x90, 0xFF, 0xFF, 0xFF, 0xFF, 0xFF, 0xFF, 0x2C, 0x90, 
0xFF, 0xFF, 0xFF, 0xFF, 0xFF, 0xFF, 0x2C, 0x1D, 0x34, 0x34, 0x34, 0x34, 
0x34, 0x34, 0x08, 0x00, 0x00, 0x00, 0x00, 0x06, 0x0C, 0x0C, 0x0C, 0x0A, 
0x00, 0x00, 0x00, 0x00, 0x00, 0x00, 0x00, 0x00, 0xC4, 0xFF, 0xFF, 0xFF, 
0xFB, 0x19, 0x00, 0x00, 0x00, 0x00, 0x00, 0x00, 0x2B, 0xFF, 0xFF, 0xFF, 
0xFF, 0xFF, 0x7B, 0x00, 0x00, 0x00, 0x00, 0x00, 0x00, 0x92, 0xFF, 0xFF, 
0xE8, 0xFF, 0xFF, 0xE0, 0x02, 0x00, 0x00, 0x00, 0x00, 0x09, 0xEE, 0xFF, 
0xFF, 0x53, 0xEE, 0xFF, 0xFF, 0x4A, 0x00, 0x00, 0x00, 0x00, 0x5F, 0xFF, 
0xFF, 0xE8, 0x04, 0x96, 0xFF, 0xFF, 0xB2, 0x00, 0x00, 0x00, 0x00, 0xC6, 
0xFF, 0xFF, 0x8D, 0x00, 0x36, 0xFF, 0xFF, 0xFC, 0x1D, 0x00, 0x00, 0x2C, 
0xFF, 0xFF, 0xFF, 0x2E, 0x00, 0x00, 0xD7, 0xFF, 0xFF, 0x81, 0x00, 0x00, 
0x93, 0xFF, 0xFF, 0xCF, 0x00, 0x00, 0x00, 0x78, 0xFF, 0xFF, 0xE4, 0x04, 
0x0A, 0xEF, 0xFF, 0xFF, 0x6F, 0x00, 0x00, 0x00, 0x1B, 0xFD, 0xFF, 0xFF, 
0x50, 0x4B, 0xD8, 0xD8, 0xD6, 0x15, 0x00, 0x00, 0x00, 0x00, 0xA2, 0xD8, 
0xD8, 0x94, 0x44, 0x44, 0x44, 0x44, 0x44, 0x44, 0x44, 0x44, 0x44, 0x44, 
0x44, 0x44, 0x44, 0xFF, 0xFF, 0xFF, 0xFF, 0xFF, 0xFF, 0xFF, 0xFF, 0xFF, 
0xFF, 0xFF, 0xFF, 0xFF, 0xFF, 0xFF, 0xFF, 0xFF, 0xFF, 0xFF, 0xFF, 0xFF, 
0xFF, 0xFF, 0xFF, 0xFF, 0xFF, 0x7C, 0x7C, 0x7C, 0x7C, 0x7C, 0x7C, 0x7C, 
0x7C, 0x7C, 0x7C, 0x7C, 0x7C, 0x7C, 0x0B, 0x79, 0x80, 0x80, 0x80, 0x31, 
0x00, 0x00, 0x00, 0x43, 0xF2, 0xFF, 0xFF, 0xD9, 0x09, 0x00, 0x00, 0x00, 
0x31, 0xE8, 0xFF, 0xFF, 0x8E, 0x00, 0x00, 0x00, 0x00, 0x22, 0xDC, 0xFF, 
0xFD, 0x3B, 0x00, 0x00, 0x00, 0x00, 0x10, 0x30, 0x30, 0x1D, 0x00, 0x00, 
0x00, 0x00, 0x12, 0x2E, 0x3E, 0x45, 0x3E, 0x2E, 0x0A, 0x00, 0x00, 0x00, 
0x00, 0x00, 0x00, 0x00, 0x00, 0xD0, 0xFF, 0xFF, 0xFF, 0xFF, 0xFF, 0xFD, 
0xC4, 0x4D, 0x00, 0x00, 0x00, 0x00, 0x00, 0x00, 0xD0, 0xFF, 0xFF, 0xFF, 
0xFF, 0xFF, 0xFF, 0xFF, 0xFF, 0x65, 0x00, 0x00, 0x00, 0x00, 0x00, 0xD0, 
0xFF, 0xFF, 0xFF, 0xFF, 0xFF, 0xFF, 0xFF, 0xFF, 0xF0, 0x06, 0x00, 0x00, 
0x00, 0x00, 0x7C, 0x7A, 0x6B, 0x68, 0x80, 0xDF, 0xFF, 0xFF, 0xFF, 0xFF, 
0x36, 0x00, 0x00, 0x00, 0x00, 0x00, 0x00, 0x00, 0x00, 0x00, 0x34, 0xFF, 
0xFF, 0xFF, 0xFF, 0x4A, 0x00, 0x00, 0x00, 0x0B, 0x44, 0x66, 0x74, 0x78, 
0x78, 0x81, 0xFF, 0xFF, 0xFF, 0xFF, 0x4C, 0x00, 0x02, 0x86, 0xF6, 0xFF, 
0xFF, 0xFF, 0xFF, 0xFF, 0xFF, 0xFF, 0xFF, 0xFF, 0xFF, 0x4C, 0x00, 0x80, 
0xFF, 0xFF, 0xFF, 0xFF, 0xFF, 0xFF, 0xFF, 0xFF, 0xFF, 0xFF, 0xFF, 0xFF, 
0x4C, 0x00, 0xE8, 0xFF, 0xFF, 0xFF, 0xD7, 0x79, 0x66, 0x64, 0x6D, 0xFF, 
0xFF, 0xFF, 0xFF, 0x4C, 0x0F, 0xFF, 0xFF, 0xFF, 0xFF, 0x43, 0x00, 0x00, 
0x00, 0x19, 0xFF, 0xFF, 0xFF, 0xFF, 0x4C, 0x0D, 0xFF, 0xFF, 0xFF, 0xFF, 
0x8C, 0x17, 0x16, 0x47, 0xC9, 0xFF, 0xFF, 0xFF, 0xFF, 0x4C, 0x00, 0xDF, 
0xFF, 0xFF, 0xFF, 0xFF, 0xFF, 0xFF, 0xFF, 0xFF, 0xFF, 0xFF, 0xFF, 0xFF, 
0x4C, 0x00, 0x6C, 0xFF, 0xFF, 0xFF, 0xFF, 0xFF, 0xFF, 0xFF, 0xE6, 0xFB, 
0xFF, 0xFF, 0xFF, 0x4C, 0x00, 0x00, 0x70, 0xEA, 0xFF, 0xFF, 0xFF, 0xFC, 
0xB6, 0x25, 0xC8, 0xFF, 0xFF, 0xFF, 0x4C, 0x00, 0x00, 0x00, 0x03, 0x2A, 
0x3F, 0x34, 0x11, 0x00, 0x00, 0x00, 0x00, 0x00, 0x00, 0x00, 0x37, 0xC4, 
0xC4, 0xC4, 0xC4, 0x15, 0x00, 0x00, 0x00, 0x00, 0x00, 0x00, 0x00, 0x00, 
0x00, 0x48, 0xFF, 0xFF, 0xFF, 0xFF, 0x1C, 0x00, 0x00, 0x00, 0x00, 0x00, 
0x00, 0x00, 0x00, 0x00, 0x48, 0xFF, 0xFF, 0xFF, 0xFF, 0x1C, 0x00, 0x00, 
0x00, 0x00, 0x00, 0x00, 0x00, 0x00, 0x00, 0x48, 0xFF, 0xFF, 0xFF, 0xFF, 
0x1C, 0x00, 0x00, 0x00, 0x00, 0x00, 0x00, 0x00, 0x00, 0x00, 0x48, 0xFF, 
0xFF, 0xFF, 0xFF, 0x1C, 0x00, 0x00, 0x00, 0x00, 0x00, 0x00, 0x00, 0x00, 
0x00, 0x48, 0xFF, 0xFF, 0xFF, 0xFF, 0x1C, 0x00, 0x1A, 0x3D, 0x42, 0x26, 
0x04, 0x00, 0x00, 0x00, 0x48, 0xFF, 0xFF, 0xFF, 0xFF, 0x42, 0xC0, 0xFF, 
0xFF, 0xFF, 0xFF, 0xE5, 0x6B, 0x00, 0x00, 0x48, 0xFF, 0xFF, 0xFF, 0xFF, 
0xF0, 0xFF, 0xFF, 0xFF, 0xFF, 0xFF, 0xFF, 0xFF, 0x76, 0x00, 0x48, 0xFF, 
0xFF, 0xFF, 0xFF, 0xFF, 0xFF, 0xEF, 0xF9, 0xFF, 0xFF, 0xFF, 0xFF, 0xF3, 
0x11, 0x48, 0xFF, 0xFF, 0xFF, 0xFF, 0xCC, 0x22, 0x00, 0x0A, 0x9E, 0xFF, 
0xFF, 0xFF, 0xFF, 0x57, 0x48, 0xFF, 0xFF, 0xFF, 0xFF, 0x2E, 0x00, 0x00, 
0x00, 0x11, 0xFB, 0xFF, 0xFF, 0xFF, 0x88, 0x48, 0xFF, 0xFF, 0xFF, 0xF2, 
0x00, 0x00, 0x00, 0x00, 0x00, 0xD5, 0xFF, 0xFF, 0xFF, 0xA0, 0x48, 0xFF, 
0xFF, 0xFF, 0xDB, 0x00, 0x00, 0x00, 0x00, 0x00, 0xC0, 0xFF, 0xFF, 0xFF, 
0xAD, 0x48, 0xFF, 0xFF, 0xFF, 0xDC, 0x00, 0x00, 0x00, 0x00, 0x00, 0xC6, 
0xFF, 0xFF, 0xFF, 0xAD, 0x48, 0xFF, 0xFF, 0xFF, 0xF4, 0x01, 0x00, 0x00, 
0x00, 0x00, 0xDA, 0xFF, 0xFF, 0xFF, 0xA0, 0x48, 0xFF, 0xFF, 0xFF, 0xFF, 
0x37, 0x00, 0x00, 0x00, 0x1A, 0xFE, 0xFF, 0xFF, 0xFF, 0x7D, 0x48, 0xFF, 
0xFF, 0xFF, 0xFF, 0xDA, 0x39, 0x07, 0x1A, 0xAC, 0xFF, 0xFF, 0xFF, 0xFF, 
0x46, 0x48, 0xFF, 0xFF, 0xFF, 0xFF, 0xFF, 0xFF, 0xFF, 0xFF, 0xFF, 0xFF, 
0xFF, 0xFF, 0xE7, 0x06, 0x48, 0xFF, 0xFF, 0xFF, 0xF2, 0xD1, 0xFF, 0xFF, 
0xFF, 0xFF, 0xFF, 0xFF, 0xFF, 0x5F, 0x00, 0x48, 0xFF, 0xFF, 0xFF, 0xD0, 
0x22, 0xC4, 0xFF, 0xFF, 0xFF, 0xFF, 0xE3, 0x60, 0x00, 0x00, 0x00, 0x00, 
0x00, 0x00, 0x00, 0x00, 0x00, 0x18, 0x36, 0x3D, 0x26, 0x00, 0x00, 0x00, 
0x00, 0x00, 0x00, 0x00, 0x00, 0x09, 0x2B, 0x3F, 0x45, 0x35, 0x1D, 0x01, 
0x00, 0x00, 0x31, 0xB5, 0xF7, 0xFF, 0xFF, 0xFF, 0xFF, 0xFF, 0xB8, 0x00, 
0x55, 0xFB, 0xFF, 0xFF, 0xFF, 0xFF, 0xFF, 0xFF, 0xFF, 0xC0, 0x1C, 0xF1, 
0xFF, 0xFF, 0xFF, 0xFF, 0xFF, 0xFF, 0xFF, 0xFF, 0xC0, 0x81, 0xFF, 0xFF, 
0xFF, 0xFF, 0xE1, 0x6F, 0x48, 0x4A, 0x68, 0x79, 0xC3, 0xFF, 0xFF, 0xFF, 
0xEB, 0x11, 0x00, 0x00, 0x00, 0x00, 0x00, 0xE8, 0xFF, 0xFF, 0xFF, 0xA0, 
0x00, 0x00, 0x00, 0x00, 0x00, 0x00, 0xF7, 0xFF, 0xFF, 0xFF, 0x81, 0x00, 
0x00, 0x00, 0x00, 0x00, 0x00, 0xF7, 0xFF, 0xFF, 0xFF, 0x85, 0x00, 0x00, 
0x00, 0x00, 0x00, 0x00, 0xE7, 0xFF, 0xFF, 0xFF, 0xA5, 0x00, 0x00, 0x00, 
0x00, 0x00, 0x00, 0xC1, 0xFF, 0xFF, 0xFF, 0xF0, 0x1A, 0x00, 0x00, 0x00, 
0x00, 0x00, 0x7E, 0xFF, 0xFF, 0xFF, 0xFF, 0xE5, 0x80, 0x5B, 0x5F, 0x7A, 
0xA4, 0x19, 0xEE, 0xFF, 0xFF, 0xFF, 0xFF, 0xFF, 0xFF, 0xFF, 0xFF, 0xE8, 
0x00, 0x4E, 0xF9, 0xFF, 0xFF, 0xFF, 0xFF, 0xFF, 0xFF, 0xFF, 0xE8, 0x00, 
0x00, 0x2B, 0xAE, 0xF2, 0xFF, 0xFF, 0xFF, 0xFF, 0xFF, 0xC4, 0x00, 0x00, 
0x00, 0x00, 0x05, 0x24, 0x38, 0x3C, 0x2A, 0x0E, 0x00, 0x00, 0x00, 0x00, 
0x00, 0x00, 0x00, 0x00, 0x00, 0x00, 0x43, 0xC4, 0xC4, 0xC4, 0xC4, 0x06, 
0x00, 0x00, 0x00, 0x00, 0x00, 0x00, 0x00, 0x00, 0x00, 0x58, 0xFF, 0xFF, 
0xFF, 0xFF, 0x08, 0x00, 0x00, 0x00, 0x00, 0x00, 0x00, 0x00, 0x00, 0x00, 
0x58, 0xFF, 0xFF, 0xFF, 0xFF, 0x08, 0x00, 0x00, 0x00, 0x00, 0x00, 0x00, 
0x00, 0x00, 0x00, 0x58, 0xFF, 0xFF, 0xFF, 0xFF, 0x08, 0x00, 0x00, 0x00, 
0x00, 0x00, 0x00, 0x00, 0x00, 0x00, 0x58, 0xFF, 0xFF, 0xFF, 0xFF, 0x08, 
0x00, 0x00, 0x00, 0x08, 0x34, 0x46, 0x39, 0x12, 0x00, 0x58, 0xFF, 0xFF, 
0xFF, 0xFF, 0x08, 0x00, 0x08, 0x8E, 0xF5, 0xFF, 0xFF, 0xFF, 0xFC, 0xA8, 
0x65, 0xFF, 0xFF, 0xFF, 0xFF, 0x08, 0x00, 0xA5, 0xFF, 0xFF, 0xFF, 0xFF, 
0xFF, 0xFF, 0xFF, 0xE5, 0xFF, 0xFF, 0xFF, 0xFF, 0x08, 0x35, 0xFF, 0xFF, 
0xFF, 0xFF, 0xFF, 0xF3, 0xEE, 0xFF, 0xFF, 0xFF, 0xFF, 0xFF, 0xFF, 0x08, 
0x8E, 0xFF, 0xFF, 0xFF, 0xFF, 0x61, 0x02, 0x00, 0x3B, 0xEF, 0xFF, 0xFF, 
0xFF, 0xFF, 0x08, 0xC6, 0xFF, 0xFF, 0xFF, 0xD0, 0x00, 0x00, 0x00, 0x00, 
0x87, 0xFF, 0xFF, 0xFF, 0xFF, 0x08, 0xE9, 0xFF, 0xFF, 0xFF, 0x97, 0x00, 
0x00, 0x00, 0x00, 0x42, 0xFF, 0xFF, 0xFF, 0xFF, 0x08, 0xF6, 0xFF, 0xFF, 
0xFF, 0x84, 0x00, 0x00, 0x00, 0x00, 0x2A, 0xFF, 0xFF, 0xFF, 0xFF, 0x08, 
0xF5, 0xFF, 0xFF, 0xFF, 0x80, 0x00, 0x00, 0x00, 0x00, 0x25, 0xFF, 0xFF, 
0xFF, 0xFF, 0x08, 0xE8, 0xFF, 0xFF, 0xFF, 0x95, 0x00, 0x00, 0x00, 0x00, 
0x3C, 0xFF, 0xFF, 0xFF, 0xFF, 0x08, 0xCD, 0xFF, 0xFF, 0xFF, 0xCD, 0x00, 
0x00, 0x00, 0x00, 0x7B, 0xFF, 0xFF, 0xFF, 0xFF, 0x08, 0x9B, 0xFF, 0xFF, 
0xFF, 0xFF, 0x76, 0x0C, 0x05, 0x4A, 0xEF, 0xFF, 0xFF, 0xFF, 0xFF, 0x08, 
0x45, 0xFF, 0xFF, 0xFF, 0xFF, 0xFF, 0xFF, 0xFF, 0xFF, 0xFF, 0xFF, 0xFF, 
0xFF, 0xFF, 0x08, 0x00, 0xB2, 0xFF, 0xFF, 0xFF, 0xFF, 0xFF, 0xFF, 0xFF, 
0xBC, 0xFF, 0xFF, 0xFF, 0xFF, 0x08, 0x00, 0x07, 0x8D, 0xF2, 0xFF, 0xFF, 
0xFF, 0xF5, 0x8D, 0x19, 0xFF, 0xFF, 0xFF, 0xFF, 0x08, 0x00, 0x00, 0x00, 
0x08, 0x27, 0x3D, 0x30, 0x0A, 0x00, 0x00, 0x00, 0x00, 0x00, 0x00, 0x00, 
0x00, 0x00, 0x00, 0x00, 0x08, 0x2B, 0x3E, 0x47, 0x38, 0x11, 0x00, 0x00, 
0x00, 0x00, 0x00, 0x00, 0x33, 0xB6, 0xF7, 0xFF, 0xFF, 0xFF, 0xFF, 0xFE, 
0xC1, 0x30, 0x00, 0x00, 0x00, 0x59, 0xFC, 0xFF, 0xFF, 0xFF, 0xFF, 0xFF, 
0xFF, 0xFF, 0xFF, 0xF7, 0x3A, 0x00, 0x1F, 0xF3, 0xFF, 0xFF, 0xFF, 0xFF, 
0xFF, 0xFC, 0xFF, 0xFF, 0xFF, 0xFF, 0xCC, 0x00, 0x85, 0xFF, 0xFF, 0xFF, 
0xF7, 0x53, 0x09, 0x03, 0x45, 0xF8, 0xFF, 0xFF, 0xFF, 0x19, 0xC5, 0xFF, 
0xFF, 0xFF, 0x97, 0x00, 0x00, 0x00, 0x00, 0xAD, 0xFF, 0xFF, 0xFF, 0x45, 
0xE8, 0xFF, 0xFF, 0xFF, 0xAA, 0x7A, 0x8E, 0xA1, 0xB5, 0xE7, 0xFF, 0xFF, 
0xFF, 0x57, 0xF7, 0xFF, 0xFF, 0xFF, 0xFF, 0xFF, 0xFF, 0xFF, 0xFF, 0xFF, 
0xFF, 0xFF, 0xFF, 0x55, 0xF7, 0xFF, 0xFF, 0xFF, 0xFF, 0xFF, 0xFF, 0xFF, 
0xFF, 0xFF, 0xFF, 0xFF, 0xFF, 0x42, 0xE7, 0xFF, 0xFF, 0xFF, 0xC3, 0x87, 
0x78, 0x69, 0x5A, 0x4C, 0x3D, 0x2E, 0x1F, 0x04, 0xC2, 0xFF, 0xFF, 0xFF, 
0xB7, 0x00, 0x00, 0x00, 0x00, 0x00, 0x00, 0x00, 0x03, 0x00, 0x81, 0xFF, 
0xFF, 0xFF, 0xFF, 0xAE, 0x49, 0x29, 0x29, 0x41, 0x6F, 0xAF, 0xA0, 0x00, 
0x1B, 0xF0, 0xFF, 0xFF, 0xFF, 0xFF, 0xFF, 0xFF, 0xFF, 0xFF, 0xFF, 0xFF, 
0xA8, 0x00, 0x00, 0x53, 0xFA, 0xFF, 0xFF, 0xFF, 0xFF, 0xFF, 0xFF, 0xFF, 
0xFF, 0xFF, 0xA8, 0x00, 0x00, 0x00, 0x2F, 0xB2, 0xF5, 0xFF, 0xFF, 0xFF, 
0xFF, 0xFF, 0xEB, 0xAA, 0x39, 0x00, 0x00, 0x00, 0x00, 0x00, 0x07, 0x26, 
0x3A, 0x3E, 0x32, 0x16, 0x00, 0x00, 0x00, 0x00, 0x00, 0x00, 0x00, 0x00, 
0x22, 0x86, 0xBB, 0xCF, 0xD5, 0xB2, 0x00, 0x00, 0x00, 0x4C, 0xF8, 0xFF, 
0xFF, 0xFF, 0xFF, 0xE8, 0x00, 0x00, 0x0D, 0xEF, 0xFF, 0xFF, 0xFF, 0xFF, 
0xFF, 0xE8, 0x00, 0x00, 0x56, 0xFF, 0xFF, 0xFF, 0xFF, 0x8F, 0x44, 0x3F, 
0x00, 0x00, 0x80, 0xFF, 0xFF, 0xFF, 0xE6, 0x00, 0x00, 0x00, 0x08, 0x0C, 
0x95, 0xFF, 0xFF, 0xFF, 0xCE, 0x0C, 0x0C, 0x03, 0xB0, 0xFF, 0xFF, 0xFF, 
0xFF, 0xFF, 0xFF, 0xFF, 0xFF, 0x54, 0xB0, 0xFF, 0xFF, 0xFF, 0xFF, 0xFF, 
0xFF, 0xFF, 0xFF, 0x54, 0xB0, 0xFF, 0xFF, 0xFF, 0xFF, 0xFF, 0xFF, 0xFF, 
0xFF, 0x54, 0x3C, 0x58, 0xB9, 0xFF, 0xFF, 0xFF, 0xDB, 0x58, 0x58, 0x1C, 
0x00, 0x00, 0x94, 0xFF, 0xFF, 0xFF, 0xC8, 0x00, 0x00, 0x00, 0x00, 0x00, 
0x94, 0xFF, 0xFF, 0xFF, 0xC8, 0x00, 0x00, 0x00, 0x00, 0x00, 0x94, 0xFF, 
0xFF, 0xFF, 0xC8, 0x00, 0x00, 0x00, 0x00, 0x00, 0x94, 0xFF, 0xFF, 0xFF, 
0xC8, 0x00, 0x00, 0x00, 0x00, 0x00, 0x94, 0xFF, 0xFF, 0xFF, 0xC8, 0x00, 
0x00, 0x00, 0x00, 0x00, 0x94, 0xFF, 0xFF, 0xFF, 0xC8, 0x00, 0x00, 0x00, 
0x00, 0x00, 0x94, 0xFF, 0xFF, 0xFF, 0xC8, 0x00, 0x00, 0x00, 0x00, 0x00, 
0x94, 0xFF, 0xFF, 0xFF, 0xC8, 0x00, 0x00, 0x00, 0x00, 0x00, 0x94, 0xFF, 
0xFF, 0xFF, 0xC8, 0x00, 0x00, 0x00, 0x00, 0x00, 0x94, 0xFF, 0xFF, 0xFF, 
0xC8, 0x00, 0x00, 0x00, 0x00, 0x00, 0x00, 0x05, 0x31, 0x45, 0x3C, 0x1A, 
0x00, 0x02, 0x0C, 0x0C, 0x0C, 0x0C, 0x01, 0x00, 0x04, 0x81, 0xF1, 0xFF, 
0xFF, 0xFF, 0xFF, 0xC0, 0x5A, 0xFF, 0xFF, 0xFF, 0xFF, 0x20, 0x00, 0x96, 
0xFF, 0xFF, 0xFF, 0xFF, 0xFF, 0xFF, 0xFF, 0xED, 0xFF, 0xFF, 0xFF, 0xFF, 
0x20, 0x2D, 0xFE, 0xFF, 0xFF, 0xFF, 0xFF, 0xF3, 0xEF, 0xFF, 0xFF, 0xFF, 
0xFF, 0xFF, 0xFF, 0x20, 0x8A, 0xFF, 0xFF, 0xFF, 0xFF, 0x63, 0x02, 0x00, 
0x29, 0xD6, 0xFF, 0xFF, 0xFF, 0xFF, 0x20, 0xC6, 0xFF, 0xFF, 0xFF, 0xD0, 
0x00, 0x00, 0x00, 0x00, 0x4E, 0xFF, 0xFF, 0xFF, 0xFF, 0x20, 0xE9, 0xFF, 
0xFF, 0xFF, 0x96, 0x00, 0x00, 0x00, 0x00, 0x1B, 0xFF, 0xFF, 0xFF, 0xFF, 
0x20, 0xF7, 0xFF, 0xFF, 0xFF, 0x82, 0x00, 0x00, 0x00, 0x00, 0x0B, 0xFF, 
0xFF, 0xFF, 0xFF, 0x20, 0xF5, 0xFF, 0xFF, 0xFF, 0x88, 0x00, 0x00, 0x00, 
0x00, 0x0F, 0xFF, 0xFF, 0xFF, 0xFF, 0x20, 0xE5, 0xFF, 0xFF, 0xFF, 0xA0, 
0x00, 0x00, 0x00, 0x00, 0x22, 0xFF, 0xFF, 0xFF, 0xFF, 0x20, 0xBF, 0xFF, 
0xFF, 0xFF, 0xE3, 0x01, 0x00, 0x00, 0x00, 0x60, 0xFF, 0xFF, 0xFF, 0xFF, 
0x20, 0x81, 0xFF, 0xFF, 0xFF, 0xFF, 0x98, 0x29, 0x22, 0x5A, 0xEC, 0xFF, 
0xFF, 0xFF, 0xFF, 0x20, 0x22, 0xFA, 0xFF, 0xFF, 0xFF, 0xFF, 0xFF, 0xFF, 
0xFF, 0xFF, 0xFF, 0xFF, 0xFF, 0xFF, 0x20, 0x00, 0x73, 0xFF, 0xFF, 0xFF, 
0xFF, 0xFF, 0xFF, 0xFF, 0xC5, 0xFF, 0xFF, 0xFF, 0xFF, 0x1F, 0x00, 0x00, 
0x46, 0xB2, 0xE8, 0xFB, 0xF0, 0xCB, 0x6D, 0x52, 0xFF, 0xFF, 0xFF, 0xFF, 
0x12, 0x00, 0x00, 0x00, 0x00, 0x00, 0x00, 0x00, 0x00, 0x00, 0xA1, 0xFF, 
0xFF, 0xFF, 0xF1, 0x01, 0x00, 0x24, 0x67, 0x41, 0x2D, 0x1F, 0x27, 0x49, 
0xA1, 0xFF, 0xFF, 0xFF, 0xFF, 0xAB, 0x00, 0x00, 0x44, 0xFF, 0xFF, 0xFF, 
0xFF, 0xFF, 0xFF, 0xFF, 0xFF, 0xFF, 0xFF, 0xFA, 0x30, 0x00, 0x00, 0x44, 
0xFF, 0xFF, 0xFF, 0xFF, 0xFF, 0xFF, 0xFF, 0xFF, 0xFF, 0xF6, 0x59, 0x00, 
0x00, 0x00, 0x3B, 0xF6, 0xFF, 0xFF, 0xFF, 0xFF, 0xFF, 0xFD, 0xD8, 0x8C, 
0x22, 0x00, 0x00, 0x00, 0x00, 0x00, 0x01, 0x14, 0x24, 0x2F, 0x2E, 0x22, 
0x09, 0x00, 0x00, 0x00, 0x00, 0x00, 0x00, 0x37, 0xC4, 0xC4, 0xC4, 0xC4, 
0x0F, 0x00, 0x00, 0x00, 0x00, 0x00, 0x00, 0x00, 0x00, 0x00, 0x48, 0xFF, 
0xFF, 0xFF, 0xFF, 0x14, 0x00, 0x00, 0x00, 0x00, 0x00, 0x00, 0x00, 0x00, 
0x00, 0x48, 0xFF, 0xFF, 0xFF, 0xFF, 0x14, 0x00, 0x00, 0x00, 0x00, 0x00, 
0x00, 0x00, 0x00, 0x00, 0x48, 0xFF, 0xFF, 0xFF, 0xFF, 0x14, 0x00, 0x00, 
0x00, 0x00, 0x00, 0x00, 0x00, 0x00, 0x00, 0x48, 0xFF, 0xFF, 0xFF, 0xFF, 
0x14, 0x00, 0x00, 0x00, 0x00, 0x00, 0x00, 0x00, 0x00, 0x00, 0x48, 0xFF, 
0xFF, 0xFF, 0xFF, 0x14, 0x00, 0x0D, 0x37, 0x47, 0x37, 0x0B, 0x00, 0x00, 
0x00, 0x48, 0xFF, 0xFF, 0xFF, 0xFF, 0x29, 0xA4, 0xF9, 0xFF, 0xFF, 0xFF, 
0xF7, 0x8A, 0x02, 0x00, 0x48, 0xFF, 0xFF, 0xFF, 0xFF, 0xDB, 0xFF, 0xFF, 
0xFF, 0xFF, 0xFF, 0xFF, 0xFF, 0x71, 0x00, 0x48, 0xFF, 0xFF, 0xFF, 0xFF, 
0xFF, 0xFF, 0xFF, 0xFF, 0xFF, 0xFF, 0xFF, 0xFF, 0xD7, 0x00, 0x48, 0xFF, 
0xFF, 0xFF, 0xFF, 0xE2, 0x61, 0x3B, 0x59, 0xE3, 0xFF, 0xFF, 0xFF, 0xFE, 
0x05, 0x48, 0xFF, 0xFF, 0xFF, 0xFF, 0x3D, 0x00, 0x00, 0x00, 0x72, 0xFF, 
0xFF, 0xFF, 0xFF, 0x12, 0x48, 0xFF, 0xFF, 0xFF, 0xFF, 0x14, 0x00, 0x00, 
0x00, 0x53, 0xFF, 0xFF, 0xFF, 0xFF, 0x14, 0x48, 0xFF, 0xFF, 0xFF, 0xFF, 
0x14, 0x00, 0x00, 0x00, 0x50, 0xFF, 0xFF, 0xFF, 0xFF, 0x14, 0x48, 0xFF, 
0xFF, 0xFF, 0xFF, 0x14, 0x00, 0x00, 0x00, 0x50, 0xFF, 0xFF, 0xFF, 0xFF, 
0x14, 0x48, 0xFF, 0xFF, 0xFF, 0xFF, 0x14, 0x00, 0x00, 0x00, 0x50, 0xFF, 
0xFF, 0xFF, 0xFF, 0x14, 0x48, 0xFF, 0xFF, 0xFF, 0xFF, 0x14, 0x00, 0x00, 
0x00, 0x50, 0xFF, 0xFF, 0xFF, 0xFF, 0x14, 0x48, 0xFF, 0xFF, 0xFF, 0xFF, 
0x14, 0x00, 0x00, 0x00, 0x50, 0xFF, 0xFF, 0xFF, 0xFF, 0x14, 0x48, 0xFF, 
0xFF, 0xFF, 0xFF, 0x14, 0x00, 0x00, 0x00, 0x50, 0xFF, 0xFF, 0xFF, 0xFF, 
0x14, 0x48, 0xFF, 0xFF, 0xFF, 0xFF, 0x14, 0x00, 0x00, 0x00, 0x50, 0xFF, 
0xFF, 0xFF, 0xFF, 0x14, 0x48, 0xFF, 0xFF, 0xFF, 0xFF, 0x14, 0x00, 0x00, 
0x00, 0x50, 0xFF, 0xFF, 0xFF, 0xFF, 0x14, 0x00, 0x1F, 0x38, 0x34, 0x0E, 
0x00, 0x5C, 0xFF, 0xFF, 0xFF, 0xEC, 0x0C, 0x91, 0xFF, 0xFF, 0xFF, 0xFF, 
0x31, 0x91, 0xFF, 0xFF, 0xFF, 0xFF, 0x30, 0x5D, 0xFF, 0xFF, 0xFF, 0xEE, 
0x0C, 0x00, 0x27, 0x41, 0x3C, 0x12, 0x00, 0x04, 0x0C, 0x0C, 0x0C, 0x0C, 
0x00, 0x64, 0xFF, 0xFF, 0xFF, 0xFF, 0x00, 0x64, 0xFF, 0xFF, 0xFF, 0xFF, 
0x00, 0x64, 0xFF, 0xFF, 0xFF, 0xFF, 0x00, 0x64, 0xFF, 0xFF, 0xFF, 0xFF, 
0x00, 0x64, 0xFF, 0xFF, 0xFF, 0xFF, 0x00, 0x64, 0xFF, 0xFF, 0xFF, 0xFF, 
0x00, 0x64, 0xFF, 0xFF, 0xFF, 0xFF, 0x00, 0x64, 0xFF, 0xFF, 0xFF, 0xFF, 
0x00, 0x64, 0xFF, 0xFF, 0xFF, 0xFF, 0x00, 0x64, 0xFF, 0xFF, 0xFF, 0xFF, 
0x00, 0x64, 0xFF, 0xFF, 0xFF, 0xFF, 0x00, 0x64, 0xFF, 0xFF, 0xFF, 0xFF, 
0x00, 0x64, 0xFF, 0xFF, 0xFF, 0xFF, 0x00, 0x64, 0xFF, 0xFF, 0xFF, 0xFF, 
0x00, 0x00, 0x00, 0x00, 0x00, 0x1F, 0x38, 0x34, 0x0E, 0x00, 0x00, 0x00, 
0x00, 0x5C, 0xFF, 0xFF, 0xFF, 0xEC, 0x0C, 0x00, 0x00, 0x00, 0x91, 0xFF, 
0xFF, 0xFF, 0xFF, 0x31, 0x00, 0x00, 0x00, 0x91, 0xFF, 0xFF, 0xFF, 0xFF, 
0x30, 0x00, 0x00, 0x00, 0x5D, 0xFF, 0xFF, 0xFF, 0xEE, 0x0C, 0x00, 0x00, 
0x00, 0x00, 0x27, 0x41, 0x3C, 0x12, 0x00, 0x00, 0x00, 0x00, 0x04, 0x0C, 
0x0C, 0x0C, 0x0C, 0x00, 0x00, 0x00, 0x00, 0x64, 0xFF, 0xFF, 0xFF, 0xFF, 
0x00, 0x00, 0x00, 0x00, 0x64, 0xFF, 0xFF, 0xFF, 0xFF, 0x00, 0x00, 0x00, 
0x00, 0x64, 0xFF, 0xFF, 0xFF, 0xFF, 0x00, 0x00, 0x00, 0x00, 0x64, 0xFF, 
0xFF, 0xFF, 0xFF, 0x00, 0x00, 0x00, 0x00, 0x64, 0xFF, 0xFF, 0xFF, 0xFF, 
0x00, 0x00, 0x00, 0x00, 0x64, 0xFF, 0xFF, 0xFF, 0xFF, 0x00, 0x00, 0x00, 
0x00, 0x64, 0xFF, 0xFF, 0xFF, 0xFF, 0x00, 0x00, 0x00, 0x00, 0x64, 0xFF, 
0xFF, 0xFF, 0xFF, 0x00, 0x00, 0x00, 0x00, 0x64, 0xFF, 0xFF, 0xFF, 0xFF, 
0x00, 0x00, 0x00, 0x00, 0x64, 0xFF, 0xFF, 0xFF, 0xFF, 0x00, 0x00, 0x00, 
0x00, 0x64, 0xFF, 0xFF, 0xFF, 0xFF, 0x00, 0x00, 0x00, 0x00, 0x64, 0xFF, 
0xFF, 0xFF, 0xFF, 0x00, 0x00, 0x00, 0x00, 0x64, 0xFF, 0xFF, 0xFF, 0xFF, 
0x00, 0x00, 0x00, 0x00, 0x64, 0xFF, 0xFF, 0xFF, 0xFF, 0x00, 0x00, 0x00, 
0x00, 0x6D, 0xFF, 0xFF, 0xFF, 0xF4, 0x00, 0x05, 0x10, 0x1B, 0xBD, 0xFF, 
0xFF, 0xFF, 0xDD, 0x00, 0x34, 0xFF, 0xFF, 0xFF, 0xFF, 0xFF, 0xFF, 0x9B, 
0x00, 0x34, 0xFF, 0xFF, 0xFF, 0xFF, 0xFF, 0xF4, 0x2B, 0x00, 0x34, 0xFF, 
0xFF, 0xFF, 0xFB, 0xC2, 0x38, 0x00, 0x00, 0x03, 0x1F, 0x2F, 0x24, 0x0A, 
0x00, 0x00, 0x00, 0x00, 0x37, 0xC4, 0xC4, 0xC4, 0xC4, 0x0F, 0x00, 0x00, 
0x00, 0x00, 0x00, 0x00, 0x00, 0x00, 0x00, 0x48, 0xFF, 0xFF, 0xFF, 0xFF, 
0x14, 0x00, 0x00, 0x00, 0x00, 0x00, 0x00, 0x00, 0x00, 0x00, 0x48, 0xFF, 
0xFF, 0xFF, 0xFF, 0x14, 0x00, 0x00, 0x00, 0x00, 0x00, 0x00, 0x00, 0x00, 
0x00, 0x48, 0xFF, 0xFF, 0xFF, 0xFF, 0x14, 0x00, 0x00, 0x00, 0x00, 0x00, 
0x00, 0x00, 0x00, 0x00, 0x48, 0xFF, 0xFF, 0xFF, 0xFF, 0x14, 0x00, 0x00, 
0x00, 0x00, 0x00, 0x00, 0x00, 0x00, 0x00, 0x48, 0xFF, 0xFF, 0xFF, 0xFF, 
0x14, 0x00, 0x00, 0x00, 0x0B, 0x0C, 0x0C, 0x0C, 0x0C, 0x00, 0x48, 0xFF, 
0xFF, 0xFF, 0xFF, 0x14, 0x00, 0x00, 0x42, 0xFF, 0xFF, 0xFF, 0xFF, 0xB1, 
0x00, 0x48, 0xFF, 0xFF, 0xFF, 0xFF, 0x14, 0x00, 0x09, 0xDC, 0xFF, 0xFF, 
0xFF, 0xE9, 0x15, 0x00, 0x48, 0xFF, 0xFF, 0xFF, 0xFF, 0x14, 0x00, 0x8A, 
0xFF, 0xFF, 0xFF, 0xFF, 0x4C, 0x00, 0x00, 0x48, 0xFF, 0xFF, 0xFF, 0xFF, 
0x14, 0x31, 0xFB, 0xFF, 0xFF, 0xFF, 0x97, 0x00, 0x00, 0x00, 0x48, 0xFF, 
0xFF, 0xFF, 0xFF, 0x2B, 0xCD, 0xFF, 0xFF, 0xFF, 0xDA, 0x0A, 0x00, 0x00, 
0x00, 0x48, 0xFF, 0xFF, 0xFF, 0xFF, 0xFF, 0xFF, 0xFF, 0xFF, 0xFB, 0x36, 
0x00, 0x00, 0x00, 0x00, 0x48, 0xFF, 0xFF, 0xFF, 0xFF, 0xFF, 0xFF, 0xFF, 
0xFF, 0xA6, 0x00, 0x00, 0x00, 0x00, 0x00, 0x48, 0xFF, 0xFF, 0xFF, 0xFF, 
0xFF, 0xFF, 0xFF, 0xFF, 0xF7, 0x25, 0x00, 0x00, 0x00, 0x00, 0x48, 0xFF, 
0xFF, 0xFF, 0xFF, 0x62, 0xFC, 0xFF, 0xFF, 0xFF, 0xBE, 0x00, 0x00, 0x00, 
0x00, 0x48, 0xFF, 0xFF, 0xFF, 0xFF, 0x14, 0x96, 0xFF, 0xFF, 0xFF, 0xFF, 
0x63, 0x00, 0x00, 0x00, 0x48, 0xFF, 0xFF, 0xFF, 0xFF, 0x14, 0x14, 0xEF, 
0xFF, 0xFF, 0xFF, 0xEE, 0x18, 0x00, 0x00, 0x48, 0xFF, 0xFF, 0xFF, 0xFF, 
0x14, 0x00, 0x72, 0xFF, 0xFF, 0xFF, 0xFF, 0xAA, 0x00, 0x00, 0x48, 0xFF, 
0xFF, 0xFF, 0xFF, 0x14, 0x00, 0x05, 0xDA, 0xFF, 0xFF, 0xFF, 0xFF, 0x4E, 
0x00, 0x48, 0xFF, 0xFF, 0xFF, 0xFF, 0x14, 0x00, 0x00, 0x4D, 0xFF, 0xFF, 
0xFF, 0xFF, 0xE3, 0x0E, 0x43, 0xC4, 0xC4, 0xC4, 0xC4, 0x0C, 0x00, 0x58, 
0xFF, 0xFF, 0xFF, 0xFF, 0x10, 0x00, 0x58, 0xFF, 0xFF, 0xFF, 0xFF, 0x10, 
0x00, 0x58, 0xFF, 0xFF, 0xFF, 0xFF, 0x10, 0x00, 0x58, 0xFF, 0xFF, 0xFF, 
0xFF, 0x10, 0x00, 0x58, 0xFF, 0xFF, 0xFF, 0xFF, 0x10, 0x00, 0x58, 0xFF, 
0xFF, 0xFF, 0xFF, 0x10, 0x00, 0x58, 0xFF, 0xFF, 0xFF, 0xFF, 0x10, 0x00, 
0x58, 0xFF, 0xFF, 0xFF, 0xFF, 0x10, 0x00, 0x58, 0xFF, 0xFF, 0xFF, 0xFF, 
0x10, 0x00, 0x58, 0xFF, 0xFF, 0xFF, 0xFF, 0x10, 0x00, 0x58, 0xFF, 0xFF, 
0xFF, 0xFF, 0x10, 0x00, 0x58, 0xFF, 0xFF, 0xFF, 0xFF, 0x10, 0x00, 0x58, 
0xFF, 0xFF, 0xFF, 0xFF, 0x10, 0x00, 0x58, 0xFF, 0xFF, 0xFF, 0xFF, 0x10, 
0x00, 0x58, 0xFF, 0xFF, 0xFF, 0xFF, 0x16, 0x00, 0x52, 0xFF, 0xFF, 0xFF, 
0xFF, 0x8C, 0x40, 0x38, 0xFF, 0xFF, 0xFF, 0xFF, 0xFF, 0xD4, 0x04, 0xE0, 
0xFF, 0xFF, 0xFF, 0xFF, 0xD4, 0x00, 0x2A, 0xBE, 0xFB, 0xFF, 0xFF, 0xD4, 
0x00, 0x00, 0x00, 0x08, 0x1D, 0x1F, 0x08, 0x03, 0x0C, 0x0C, 0x0C, 0x0C, 
0x00, 0x00, 0x1F, 0x40, 0x41, 0x22, 0x00, 0x00, 0x00, 0x00, 0x15, 0x3A, 
0x46, 0x32, 0x05, 0x00, 0x00, 0x00, 0x48, 0xFF, 0xFF, 0xFF, 0xFF, 0x38, 
0xC4, 0xFF, 0xFF, 0xFF, 0xFF, 0xCE, 0x2C, 0x27, 0xBE, 0xFE, 0xFF, 0xFF, 
0xFF, 0xEE, 0x6D, 0x00, 0x00, 0x48, 0xFF, 0xFF, 0xFF, 0xFF, 0xE8, 0xFF, 
0xFF, 0xFF, 0xFF, 0xFF, 0xFF, 0xE1, 0xE2, 0xFF, 0xFF, 0xFF, 0xFF, 0xFF, 
0xFF, 0xFF, 0x59, 0x00, 0x48, 0xFF, 0xFF, 0xFF, 0xFF, 0xFF, 0xFF, 0xFF, 
0xFF, 0xFF, 0xFF, 0xFF, 0xFF, 0xFF, 0xFF, 0xFF, 0xFF, 0xFF, 0xFF, 0xFF, 
0xFF, 0xCB, 0x00, 0x48, 0xFF, 0xFF, 0xFF, 0xFF, 0xCF, 0x4E, 0x3F, 0xA0, 
0xFF, 0xFF, 0xFF, 0xFF, 0xFF, 0x8A, 0x3F, 0x52, 0xDE, 0xFF, 0xFF, 0xFF, 
0xFB, 0x05, 0x48, 0xFF, 0xFF, 0xFF, 0xFF, 0x31, 0x00, 0x00, 0x07, 0xF7, 
0xFF, 0xFF, 0xFF, 0xB7, 0x00, 0x00, 0x00, 0x69, 0xFF, 0xFF, 0xFF, 0xFF, 
0x16, 0x48, 0xFF, 0xFF, 0xFF, 0xFF, 0x14, 0x00, 0x00, 0x00, 0xDF, 0xFF, 
0xFF, 0xFF, 0x88, 0x00, 0x00, 0x00, 0x4B, 0xFF, 0xFF, 0xFF, 0xFF, 0x1C, 
0x48, 0xFF, 0xFF, 0xFF, 0xFF, 0x14, 0x00, 0x00, 0x00, 0xDC, 0xFF, 0xFF, 
0xFF, 0x88, 0x00, 0x00, 0x00, 0x48, 0xFF, 0xFF, 0xFF, 0xFF, 0x1C, 0x48, 
0xFF, 0xFF, 0xFF, 0xFF, 0x14, 0x00, 0x00, 0x00, 0xDC, 0xFF, 0xFF, 0xFF, 
0x88, 0x00, 0x00, 0x00, 0x48, 0xFF, 0xFF, 0xFF, 0xFF, 0x1C, 0x48, 0xFF, 
0xFF, 0xFF, 0xFF, 0x14, 0x00, 0x00, 0x00, 0xDC, 0xFF, 0xFF, 0xFF, 0x88, 
0x00, 0x00, 0x00, 0x48, 0xFF, 0xFF, 0xFF, 0xFF, 0x1C, 0x48, 0xFF, 0xFF, 
0xFF, 0xFF, 0x14, 0x00, 0x00, 0x00, 0xDC, 0xFF, 0xFF, 0xFF, 0x88, 0x00, 
0x00, 0x00, 0x48, 0xFF, 0xFF, 0xFF, 0xFF, 0x1C, 0x48, 0xFF, 0xFF, 0xFF, 
0xFF, 0x14, 0x00, 0x00, 0x00, 0xDC, 0xFF, 0xFF, 0xFF, 0x88, 0x00, 0x00, 
0x00, 0x48, 0xFF, 0xFF, 0xFF, 0xFF, 0x1C, 0x48, 0xFF, 0xFF, 0xFF, 0xFF, 
0x14, 0x00, 0x00, 0x00, 0xDC, 0xFF, 0xFF, 0xFF, 0x88, 0x00, 0x00, 0x00, 
0x48, 0xFF, 0xFF, 0xFF, 0xFF, 0x1C, 0x48, 0xFF, 0xFF, 0xFF, 0xFF, 0x14, 
0x00, 0x00, 0x00, 0xDC, 0xFF, 0xFF, 0xFF, 0x88, 0x00, 0x00, 0x00, 0x48, 
0xFF, 0xFF, 0xFF, 0xFF, 0x1C, 0x48, 0xFF, 0xFF, 0xFF, 0xFF, 0x14, 0x00, 
0x00, 0x00, 0xDC, 0xFF, 0xFF, 0xFF, 0x88, 0x00, 0x00, 0x00, 0x48, 0xFF, 
0xFF, 0xFF, 0xFF, 0x1C, 0x03, 0x0C, 0x0C, 0x0C, 0x0C, 0x00, 0x00, 0x0E, 
0x37, 0x47, 0x37, 0x0B, 0x00, 0x00, 0x00, 0x48, 0xFF, 0xFF, 0xFF, 0xFF, 
0x2D, 0xAA, 0xFA, 0xFF, 0xFF, 0xFF, 0xF7, 0x8A, 0x02, 0x00, 0x48, 0xFF, 
0xFF, 0xFF, 0xFF, 0xE1, 0xFF, 0xFF, 0xFF, 0xFF, 0xFF, 0xFF, 0xFF, 0x71, 
0x00, 0x48, 0xFF, 0xFF, 0xFF, 0xFF, 0xFF, 0xFF, 0xFF, 0xFF, 0xFF, 0xFF, 
0xFF, 0xFF, 0xD7, 0x00, 0x48, 0xFF, 0xFF, 0xFF, 0xFF, 0xDC, 0x5D, 0x39, 
0x52, 0xDD, 0xFF, 0xFF, 0xFF, 0xFE, 0x05, 0x48, 0xFF, 0xFF, 0xFF, 0xFF, 
0x33, 0x00, 0x00, 0x00, 0x6A, 0xFF, 0xFF, 0xFF, 0xFF, 0x12, 0x48, 0xFF, 
0xFF, 0xFF, 0xFF, 0x14, 0x00, 0x00, 0x00, 0x52, 0xFF, 0xFF, 0xFF, 0xFF, 
0x14, 0x48, 0xFF, 0xFF, 0xFF, 0xFF, 0x14, 0x00, 0x00, 0x00, 0x50, 0xFF, 
0xFF, 0xFF, 0xFF, 0x14, 0x48, 0xFF, 0xFF, 0xFF, 0xFF, 0x14, 0x00, 0x00, 
0x00, 0x50, 0xFF, 0xFF, 0xFF, 0xFF, 0x14, 0x48, 0xFF, 0xFF, 0xFF, 0xFF, 
0x14, 0x00, 0x00, 0x00, 0x50, 0xFF, 0xFF, 0xFF, 0xFF, 0x14, 0x48, 0xFF, 
0xFF, 0xFF, 0xFF, 0x14, 0x00, 0x00, 0x00, 0x50, 0xFF, 0xFF, 0xFF, 0xFF, 
0x14, 0x48, 0xFF, 0xFF, 0xFF, 0xFF, 0x14, 0x00, 0x00, 0x00, 0x50, 0xFF, 
0xFF, 0xFF, 0xFF, 0x14, 0x48, 0xFF, 0xFF, 0xFF, 0xFF, 0x14, 0x00, 0x00, 
0x00, 0x50, 0xFF, 0xFF, 0xFF, 0xFF, 0x14, 0x48, 0xFF, 0xFF, 0xFF, 0xFF, 
0x14, 0x00, 0x00, 0x00, 0x50, 0xFF, 0xFF, 0xFF, 0xFF, 0x14, 0x48, 0xFF, 
0xFF, 0xFF, 0xFF, 0x14, 0x00, 0x00, 0x00, 0x50, 0xFF, 0xFF, 0xFF, 0xFF, 
0x14, 0x00, 0x00, 0x00, 0x00, 0x0B, 0x2D, 0x40, 0x43, 0x2F, 0x0F, 0x00, 
0x00, 0x00, 0x00, 0x00, 0x00, 0x00, 0x36, 0xBA, 0xF9, 0xFF, 0xFF, 0xFF, 
0xFF, 0xFC, 0xC3, 0x46, 0x00, 0x00, 0x00, 0x00, 0x5A, 0xFC, 0xFF, 0xFF, 
0xFF, 0xFF, 0xFF, 0xFF, 0xFF, 0xFF, 0xFF, 0x74, 0x00, 0x00, 0x1F, 0xF3, 
0xFF, 0xFF, 0xFF, 0xFF, 0xF3, 0xF0, 0xFF, 0xFF, 0xFF, 0xFF, 0xFB, 0x30, 
0x00, 0x85, 0xFF, 0xFF, 0xFF, 0xFE, 0x5C, 0x01, 0x00, 0x47, 0xF7, 0xFF, 
0xFF, 0xFF, 0x9C, 0x00, 0xC5, 0xFF, 0xFF, 0xFF, 0xC1, 0x00, 0x00, 0x00, 
0x00, 0xA2, 0xFF, 0xFF, 0xFF, 0xDC, 0x00, 0xE8, 0xFF, 0xFF, 0xFF, 0x90, 
0x00, 0x00, 0x00, 0x00, 0x71, 0xFF, 0xFF, 0xFF, 0xFC, 0x03, 0xF7, 0xFF, 
0xFF, 0xFF, 0x80, 0x00, 0x00, 0x00, 0x00, 0x61, 0xFF, 0xFF, 0xFF, 0xFF, 
0x0F, 0xF7, 0xFF, 0xFF, 0xFF, 0x81, 0x00, 0x00, 0x00, 0x00, 0x62, 0xFF, 
0xFF, 0xFF, 0xFF, 0x0E, 0xE7, 0xFF, 0xFF, 0xFF, 0x92, 0x00, 0x00, 0x00, 
0x00, 0x72, 0xFF, 0xFF, 0xFF, 0xFB, 0x03, 0xC3, 0xFF, 0xFF, 0xFF, 0xC6, 
0x00, 0x00, 0x00, 0x00, 0xA6, 0xFF, 0xFF, 0xFF, 0xDB, 0x00, 0x82, 0xFF, 
0xFF, 0xFF, 0xFF, 0x6E, 0x0C, 0x07, 0x56, 0xF9, 0xFF, 0xFF, 0xFF, 0x9A, 
0x00, 0x1D, 0xF1, 0xFF, 0xFF, 0xFF, 0xFF, 0xFF, 0xFF, 0xFF, 0xFF, 0xFF, 
0xFF, 0xF9, 0x2D, 0x00, 0x00, 0x54, 0xFA, 0xFF, 0xFF, 0xFF, 0xFF, 0xFF, 
0xFF, 0xFF, 0xFF, 0xFE, 0x6C, 0x00, 0x00, 0x00, 0x00, 0x2F, 0xB2, 0xF5, 
0xFF, 0xFF, 0xFF, 0xFF, 0xF9, 0xBC, 0x3F, 0x00, 0x00, 0x00, 0x00, 0x00, 
0x00, 0x00, 0x07, 0x26, 0x39, 0x3B, 0x28, 0x0A, 0x00, 0x00, 0x00, 0x00, 
0x00, 0x03, 0x0C, 0x0C, 0x0C, 0x0C, 0x01, 0x00, 0x1A, 0x3D, 0x42, 0x26, 
0x04, 0x00, 0x00, 0x00, 0x48, 0xFF, 0xFF, 0xFF, 0xFF, 0x42, 0xC0, 0xFF, 
0xFF, 0xFF, 0xFF, 0xE5, 0x6B, 0x00, 0x00, 0x48, 0xFF, 0xFF, 0xFF, 0xFF, 
0xF0, 0xFF, 0xFF, 0xFF, 0xFF, 0xFF, 0xFF, 0xFF, 0x76, 0x00, 0x48, 0xFF, 
0xFF, 0xFF, 0xFF, 0xFF, 0xFF, 0xEF, 0xF9, 0xFF, 0xFF, 0xFF, 0xFF, 0xF3, 
0x11, 0x48, 0xFF, 0xFF, 0xFF, 0xFF, 0xCC, 0x22, 0x00, 0x0A, 0x9E, 0xFF, 
0xFF, 0xFF, 0xFF, 0x57, 0x48, 0xFF, 0xFF, 0xFF, 0xFF, 0x2E, 0x00, 0x00, 
0x00, 0x11, 0xFB, 0xFF, 0xFF, 0xFF, 0x88, 0x48, 0xFF, 0xFF, 0xFF, 0xF2, 
0x00, 0x00, 0x00, 0x00, 0x00, 0xD5, 0xFF, 0xFF, 0xFF, 0xA0, 0x48, 0xFF, 
0xFF, 0xFF, 0xDB, 0x00, 0x00, 0x00, 0x00, 0x00, 0xC0, 0xFF, 0xFF, 0xFF, 
0xAD, 0x48, 0xFF, 0xFF, 0xFF, 0xDC, 0x00, 0x00, 0x00, 0x00, 0x00, 0xC6, 
0xFF, 0xFF, 0xFF, 0xAD, 0x48, 0xFF, 0xFF, 0xFF, 0xF4, 0x01, 0x00, 0x00, 
0x00, 0x00, 0xDA, 0xFF, 0xFF, 0xFF, 0xA0, 0x48, 0xFF, 0xFF, 0xFF, 0xFF, 
0x37, 0x00, 0x00, 0x00, 0x1A, 0xFE, 0xFF, 0xFF, 0xFF, 0x7D, 0x48, 0xFF, 
0xFF, 0xFF, 0xFF, 0xDA, 0x39, 0x07, 0x1A, 0xAC, 0xFF, 0xFF, 0xFF, 0xFF, 
0x46, 0x48, 0xFF, 0xFF, 0xFF, 0xFF, 0xFF, 0xFF, 0xFF, 0xFF, 0xFF, 0xFF, 
0xFF, 0xFF, 0xE7, 0x06, 0x48, 0xFF, 0xFF, 0xFF, 0xFF, 0xE5, 0xFF, 0xFF, 
0xFF, 0xFF, 0xFF, 0xFF, 0xFF, 0x5F, 0x00, 0x48, 0xFF, 0xFF, 0xFF, 0xFF, 
0x3F, 0xC3, 0xFF, 0xFF, 0xFF, 0xFF, 0xE3, 0x60, 0x00, 0x00, 0x48, 0xFF, 
0xFF, 0xFF, 0xFF, 0x1C, 0x00, 0x18, 0x37, 0x3D, 0x26, 0x00, 0x00, 0x00, 
0x00, 0x48, 0xFF, 0xFF, 0xFF, 0xFF, 0x1C, 0x00, 0x00, 0x00, 0x00, 0x00, 
0x00, 0x00, 0x00, 0x00, 0x48, 0xFF, 0xFF, 0xFF, 0xFF, 0x1C, 0x00, 0x00, 
0x00, 0x00, 0x00, 0x00, 0x00, 0x00, 0x00, 0x48, 0xFF, 0xFF, 0xFF, 0xFF, 
0x1C, 0x00, 0x00, 0x00, 0x00, 0x00, 0x00, 0x00, 0x00, 0x00, 0x48, 0xFF, 
0xFF, 0xFF, 0xFF, 0x1C, 0x00, 0x00, 0x00, 0x00, 0x00, 0x00, 0x00, 0x00, 
0x00, 0x0E, 0x34, 0x34, 0x34, 0x34, 0x05, 0x00, 0x00, 0x00, 0x00, 0x00, 
0x00, 0x00, 0x00, 0x00, 0x00, 0x00, 0x00, 0x08, 0x34, 0x46, 0x39, 0x13, 
0x00, 0x04, 0x0C, 0x0C, 0x0C, 0x0C, 0x00, 0x00, 0x08, 0x8E, 0xF5, 0xFF, 
0xFF, 0xFF, 0xFD, 0xA8, 0x68, 0xFF, 0xFF, 0xFF, 0xFF, 0x08, 0x00, 0xA5, 
0xFF, 0xFF, 0xFF, 0xFF, 0xFF, 0xFF, 0xFF, 0xE8, 0xFF, 0xFF, 0xFF, 0xFF, 
0x08, 0x35, 0xFF, 0xFF, 0xFF, 0xFF, 0xFF, 0xF3, 0xEE, 0xFF, 0xFF, 0xFF, 
0xFF, 0xFF, 0xFF, 0x08, 0x8E, 0xFF, 0xFF, 0xFF, 0xFF, 0x61, 0x02, 0x00, 
0x3B, 0xEF, 0xFF, 0xFF, 0xFF, 0xFF, 0x08, 0xC6, 0xFF, 0xFF, 0xFF, 0xD0, 
0x00, 0x00, 0x00, 0x00, 0x87, 0xFF, 0xFF, 0xFF, 0xFF, 0x08, 0xE9, 0xFF, 
0xFF, 0xFF, 0x97, 0x00, 0x00, 0x00, 0x00, 0x42, 0xFF, 0xFF, 0xFF, 0xFF, 
0x08, 0xF6, 0xFF, 0xFF, 0xFF, 0x84, 0x00, 0x00, 0x00, 0x00, 0x2A, 0xFF, 
0xFF, 0xFF, 0xFF, 0x08, 0xF5, 0xFF, 0xFF, 0xFF, 0x80, 0x00, 0x00, 0x00, 
0x00, 0x25, 0xFF, 0xFF, 0xFF, 0xFF, 0x08, 0xE8, 0xFF, 0xFF, 0xFF, 0x95, 
0x00, 0x00, 0x00, 0x00, 0x3C, 0xFF, 0xFF, 0xFF, 0xFF, 0x08, 0xCD, 0xFF, 
0xFF, 0xFF, 0xCD, 0x00, 0x00, 0x00, 0x00, 0x7B, 0xFF, 0xFF, 0xFF, 0xFF, 
0x08, 0x9B, 0xFF, 0xFF, 0xFF, 0xFF, 0x76, 0x0C, 0x05, 0x4A, 0xEF, 0xFF, 
0xFF, 0xFF, 0xFF, 0x08, 0x45, 0xFF, 0xFF, 0xFF, 0xFF, 0xFF, 0xFF, 0xFF, 
0xFF, 0xFF, 0xFF, 0xFF, 0xFF, 0xFF, 0x08, 0x00, 0xB2, 0xFF, 0xFF, 0xFF, 
0xFF, 0xFF, 0xFF, 0xFF, 0xD5, 0xFF, 0xFF, 0xFF, 0xFF, 0x08, 0x00, 0x07, 
0x8D, 0xF2, 0xFF, 0xFF, 0xFF, 0xF6, 0x8E, 0x60, 0xFF, 0xFF, 0xFF, 0xFF, 
0x08, 0x00, 0x00, 0x00, 0x08, 0x27, 0x3D, 0x30, 0x0B, 0x00, 0x5C, 0xFF, 
0xFF, 0xFF, 0xFF, 0x08, 0x00, 0x00, 0x00, 0x00, 0x00, 0x00, 0x00, 0x00, 
0x00, 0x5C, 0xFF, 0xFF, 0xFF, 0xFF, 0x08, 0x00, 0x00, 0x00, 0x00, 0x00, 
0x00, 0x00, 0x00, 0x00, 0x5C, 0xFF, 0xFF, 0xFF, 0xFF, 0x08, 0x00, 0x00, 
0x00, 0x00, 0x00, 0x00, 0x00, 0x00, 0x00, 0x5C, 0xFF, 0xFF, 0xFF, 0xFF, 
0x08, 0x00, 0x00, 0x00, 0x00, 0x00, 0x00, 0x00, 0x00, 0x00, 0x5C, 0xFF, 
0xFF, 0xFF, 0xFF, 0x08, 0x00, 0x00, 0x00, 0x00, 0x00, 0x00, 0x00, 0x00, 
0x00, 0x12, 0x34, 0x34, 0x34, 0x34, 0x01, 0x03, 0x0C, 0x0C, 0x0C, 0x0C, 
0x01, 0x00, 0x11, 0x3C, 0x18, 0x48, 0xFF, 0xFF, 0xFF, 0xFF, 0x1C, 0x86, 
0xF8, 0xFF, 0x4D, 0x48, 0xFF, 0xFF, 0xFF, 0xFF, 0x84, 0xFF, 0xFF, 0xFF, 
0x46, 0x48, 0xFF, 0xFF, 0xFF, 0xFF, 0xF3, 0xFF, 0xFF, 0xFF, 0x3F, 0x48, 
0xFF, 0xFF, 0xFF, 0xFF, 0xFF, 0xFF, 0xCB, 0xA2, 0x22, 0x48, 0xFF, 0xFF, 
0xFF, 0xFF, 0xED, 0x38, 0x00, 0x00, 0x00, 0x48, 0xFF, 0xFF, 0xFF, 0xFF, 
0x64, 0x00, 0x00, 0x00, 0x00, 0x48, 0xFF, 0xFF, 0xFF, 0xFF, 0x21, 0x00, 
0x00, 0x00, 0x00, 0x48, 0xFF, 0xFF, 0xFF, 0xFF, 0x1C, 0x00, 0x00, 0x00, 
0x00, 0x48, 0xFF, 0xFF, 0xFF, 0xFF, 0x1C, 0x00, 0x00, 0x00, 0x00, 0x48, 
0xFF, 0xFF, 0xFF, 0xFF, 0x1C, 0x00, 0x00, 0x00, 0x00, 0x48, 0xFF, 0xFF, 
0xFF, 0xFF, 0x1C, 0x00, 0x00, 0x00, 0x00, 0x48, 0xFF, 0xFF, 0xFF, 0xFF, 
0x1C, 0x00, 0x00, 0x00, 0x00, 0x48, 0xFF, 0xFF, 0xFF, 0xFF, 0x1C, 0x00, 
0x00, 0x00, 0x00, 0x48, 0xFF, 0xFF, 0xFF, 0xFF, 0x1C, 0x00, 0x00, 0x00, 
0x00, 0x00, 0x00, 0x00, 0x0A, 0x30, 0x43, 0x46, 0x39, 0x27, 0x06, 0x00, 
0x00, 0x22, 0xAE, 0xF9, 0xFF, 0xFF, 0xFF, 0xFF, 0xFF, 0xF7, 0x1D, 0x10, 
0xE4, 0xFF, 0xFF, 0xFF, 0xFF, 0xFF, 0xFF, 0xFF, 0xFF, 0x17, 0x70, 0xFF, 
0xFF, 0xFF, 0xFF, 0xFE, 0xF9, 0xFF, 0xFF, 0xFF, 0x0B, 0xA1, 0xFF, 0xFF, 
0xFF, 0x9F, 0x06, 0x00, 0x0F, 0x2A, 0x5A, 0x01, 0xA4, 0xFF, 0xFF, 0xFF, 
0xBB, 0x25, 0x00, 0x00, 0x00, 0x00, 0x00, 0x80, 0xFF, 0xFF, 0xFF, 0xFF, 
0xFF, 0xD9, 0x8C, 0x32, 0x00, 0x00, 0x1A, 0xE5, 0xFF, 0xFF, 0xFF, 0xFF, 
0xFF, 0xFF, 0xFF, 0x9E, 0x02, 0x00, 0x15, 0x84, 0xDB, 0xFF, 0xFF, 0xFF, 
0xFF, 0xFF, 0xFF, 0x58, 0x00, 0x00, 0x00, 0x00, 0x25, 0x78, 0xF2, 0xFF, 
0xFF, 0xFF, 0x97, 0x00, 0x00, 0x00, 0x00, 0x00, 0x00, 0x96, 0xFF, 0xFF, 
0xFF, 0xA7, 0xA8, 0x9C, 0x66, 0x4D, 0x3C, 0x4E, 0xD7, 0xFF, 0xFF, 0xFF, 
0x96, 0xCC, 0xFF, 0xFF, 0xFF, 0xFF, 0xFF, 0xFF, 0xFF, 0xFF, 0xFF, 0x59, 
0xCC, 0xFF, 0xFF, 0xFF, 0xFF, 0xFF, 0xFF, 0xFF, 0xFF, 0xC7, 0x04, 0x9E, 
0xEA, 0xFF, 0xFF, 0xFF, 0xFF, 0xFE, 0xD8, 0x7E, 0x0B, 0x00, 0x00, 0x00, 
0x0B, 0x19, 0x24, 0x20, 0x0B, 0x00, 0x00, 0x00, 0x00, 0x00, 0x00, 0x5B, 
0x60, 0x60, 0x60, 0x2B, 0x00, 0x00, 0x00, 0x00, 0x00, 0xF4, 0xFF, 0xFF, 
0xFF, 0x74, 0x00, 0x00, 0x00, 0x00, 0x00, 0xF4, 0xFF, 0xFF, 0xFF, 0x74, 
0x00, 0x00, 0x00, 0x08, 0x0C, 0xF4, 0xFF, 0xFF, 0xFF, 0x7A, 0x0C, 0x0C, 
0x01, 0xB0, 0xFF, 0xFF, 0xFF, 0xFF, 0xFF, 0xFF, 0xFF, 0xFF, 0x28, 0xB0, 
0xFF, 0xFF, 0xFF, 0xFF, 0xFF, 0xFF, 0xFF, 0xFF, 0x28, 0xB0, 0xFF, 0xFF, 
0xFF, 0xFF, 0xFF, 0xFF, 0xFF, 0xFF, 0x28, 0x3F, 0x5C, 0xF8, 0xFF, 0xFF, 
0xFF, 0xA6, 0x5C, 0x5C, 0x0E, 0x00, 0x00, 0xF4, 0xFF, 0xFF, 0xFF, 0x74, 
0x00, 0x00, 0x00, 0x00, 0x00, 0xF4, 0xFF, 0xFF, 0xFF, 0x74, 0x00, 0x00, 
0x00, 0x00, 0x00, 0xF4, 0xFF, 0xFF, 0xFF, 0x74, 0x00, 0x00, 0x00, 0x00, 
0x00, 0xF4, 0xFF, 0xFF, 0xFF, 0x74, 0x00, 0x00, 0x00, 0x00, 0x00, 0xF4, 
0xFF, 0xFF, 0xFF, 0x74, 0x00, 0x00, 0x00, 0x00, 0x00, 0xF1, 0xFF, 0xFF, 
0xFF, 0x7E, 0x00, 0x00, 0x00, 0x00, 0x00, 0xE1, 0xFF, 0xFF, 0xFF, 0xD4, 
0x46, 0x35, 0x00, 0x00, 0x00, 0xB7, 0xFF, 0xFF, 0xFF, 0xFF, 0xFF, 0xD8, 
0x00, 0x00, 0x00, 0x55, 0xFF, 0xFF, 0xFF, 0xFF, 0xFF, 0xD8, 0x00, 0x00, 
0x00, 0x00, 0x6A, 0xDE, 0xFF, 0xFF, 0xFF, 0xD8, 0x00, 0x00, 0x00, 0x00, 
0x00, 0x00, 0x10, 0x21, 0x1F, 0x0D, 0x00, 0x04, 0x0C, 0x0C, 0x0C, 0x0C, 
0x00, 0x00, 0x00, 0x00, 0x06, 0x0C, 0x0C, 0x0C, 0x0A, 0x64, 0xFF, 0xFF, 
0xFF, 0xFF, 0x00, 0x00, 0x00, 0x00, 0x80, 0xFF, 0xFF, 0xFF, 0xE0, 0x64, 
0xFF, 0xFF, 0xFF, 0xFF, 0x00, 0x00, 0x00, 0x00, 0x80, 0xFF, 0xFF, 0xFF, 
0xE0, 0x64, 0xFF, 0xFF, 0xFF, 0xFF, 0x00, 0x00, 0x00, 0x00, 0x80, 0xFF, 
0xFF, 0xFF, 0xE0, 0x64, 0xFF, 0xFF, 0xFF, 0xFF, 0x00, 0x00, 0x00, 0x00, 
0x80, 0xFF, 0xFF, 0xFF, 0xE0, 0x64, 0xFF, 0xFF, 0xFF, 0xFF, 0x00, 0x00, 
0x00, 0x00, 0x80, 0xFF, 0xFF, 0xFF, 0xE0, 0x64, 0xFF, 0xFF, 0xFF, 0xFF, 
0x00, 0x00, 0x00, 0x00, 0x80, 0xFF, 0xFF, 0xFF, 0xE0, 0x64, 0xFF, 0xFF, 
0xFF, 0xFF, 0x00, 0x00, 0x00, 0x00, 0x80, 0xFF, 0xFF, 0xFF, 0xE0, 0x64, 
0xFF, 0xFF, 0xFF, 0xFF, 0x00, 0x00, 0x00, 0x00, 0x80, 0xFF, 0xFF, 0xFF, 
0xE0, 0x64, 0xFF, 0xFF, 0xFF, 0xFF, 0x03, 0x00, 0x00, 0x00, 0x80, 0xFF, 
0xFF, 0xFF, 0xE0, 0x62, 0xFF, 0xFF, 0xFF, 0xFF, 0x22, 0x00, 0x00, 0x00, 
0xA6, 0xFF, 0xFF, 0xFF, 0xE0, 0x53, 0xFF, 0xFF, 0xFF, 0xFF, 0xBC, 0x52, 
0x4A, 0x94, 0xFF, 0xFF, 0xFF, 0xFF, 0xE0, 0x23, 0xFF, 0xFF, 0xFF, 0xFF, 
0xFF, 0xFF, 0xFF, 0xFF, 0xFF, 0xFF, 0xFF, 0xFF, 0xE0, 0x00, 0xB8, 0xFF, 
0xFF, 0xFF, 0xFF, 0xFF, 0xFF, 0xFF, 0xD9, 0xFF, 0xFF, 0xFF, 0xE0, 0x00, 
0x14, 0xAD, 0xFD, 0xFF, 0xFF, 0xFF, 0xEE, 0x7C, 0x3C, 0xFF, 0xFF, 0xFF, 
0xE0, 0x00, 0x00, 0x00, 0x10, 0x37, 0x3E, 0x2B, 0x03, 0x00, 0x00, 0x00, 
0x00, 0x00, 0x00, 0x0A, 0x0C, 0x0C, 0x0C, 0x0C, 0x00, 0x00, 0x00, 0x00, 
0x00, 0x02, 0x0C, 0x0C, 0x0C, 0x0C, 0x06, 0xBA, 0xFF, 0xFF, 0xFF, 0xFF, 
0x33, 0x00, 0x00, 0x00, 0x00, 0x5B, 0xFF, 0xFF, 0xFF, 0xFF, 0x58, 0x60, 
0xFF, 0xFF, 0xFF, 0xFF, 0x7D, 0x00, 0x00, 0x00, 0x00, 0xAA, 0xFF, 0xFF, 
0xFF, 0xF2, 0x09, 0x0E, 0xF7, 0xFF, 0xFF, 0xFF, 0xC6, 0x00, 0x00, 0x00, 
0x06, 0xF2, 0xFF, 0xFF, 0xFF, 0x9F, 0x00, 0x00, 0xAA, 0xFF, 0xFF, 0xFF, 
0xFD, 0x13, 0x00, 0x00, 0x48, 0xFF, 0xFF, 0xFF, 0xFF, 0x42, 0x00, 0x00, 
0x4F, 0xFF, 0xFF, 0xFF, 0xFF, 0x59, 0x00, 0x00, 0x97, 0xFF, 0xFF, 0xFF, 
0xE3, 0x02, 0x00, 0x00, 0x06, 0xEE, 0xFF, 0xFF, 0xFF, 0xA3, 0x00, 0x01, 
0xE4, 0xFF, 0xFF, 0xFF, 0x88, 0x00, 0x00, 0x00, 0x00, 0x99, 0xFF, 0xFF, 
0xFF, 0xEA, 0x02, 0x35, 0xFF, 0xFF, 0xFF, 0xFF, 0x2C, 0x00, 0x00, 0x00, 
0x00, 0x3F, 0xFF, 0xFF, 0xFF, 0xFF, 0x36, 0x84, 0xFF, 0xFF, 0xFF, 0xCE, 
0x00, 0x00, 0x00, 0x00, 0x00, 0x01, 0xE2, 0xFF, 0xFF, 0xFF, 0x7F, 0xD3, 
0xFF, 0xFF, 0xFF, 0x72, 0x00, 0x00, 0x00, 0x00, 0x00, 0x00, 0x89, 0xFF, 
0xFF, 0xFF, 0xE6, 0xFF, 0xFF, 0xFF, 0xFC, 0x18, 0x00, 0x00, 0x00, 0x00, 
0x00, 0x00, 0x2E, 0xFF, 0xFF, 0xFF, 0xFF, 0xFF, 0xFF, 0xFF, 0xB8, 0x00, 
0x00, 0x00, 0x00, 0x00, 0x00, 0x00, 0x00, 0xD3, 0xFF, 0xFF, 0xFF, 0xFF, 
0xFF, 0xFF, 0x5B, 0x00, 0x00, 0x00, 0x00, 0x00, 0x00, 0x00, 0x00, 0x78, 
0xFF, 0xFF, 0xFF, 0xFF, 0xFF, 0xF3, 0x0B, 0x00, 0x00, 0x00, 0x00, 0x00, 
0x00, 0x00, 0x00, 0x1E, 0xFE, 0xFF, 0xFF, 0xFF, 0xFF, 0xA2, 0x00, 0x00, 
0x00, 0x00, 0x00, 0x07, 0x0C, 0x0C, 0x0C, 0x0C, 0x01, 0x00, 0x00, 0x00, 
0x09, 0x0C, 0x0C, 0x0C, 0x0C, 0x01, 0x00, 0x00, 0x00, 0x09, 0x0C, 0x0C, 
0x0C, 0x0A, 0x76, 0xFF, 0xFF, 0xFF, 0xFF, 0x33, 0x00, 0x00, 0x00, 0xE3, 
0xFF, 0xFF, 0xFF, 0xFF, 0x41, 0x00, 0x00, 0x00, 0xE4, 0xFF, 0xFF, 0xFF, 
0xB9, 0x31, 0xFF, 0xFF, 0xFF, 0xFF, 0x67, 0x00, 0x00, 0x1A, 0xFF, 0xFF, 
0xFF, 0xFF, 0xFF, 0x78, 0x00, 0x00, 0x17, 0xFF, 0xFF, 0xFF, 0xFF, 0x74, 
0x01, 0xEA, 0xFF, 0xFF, 0xFF, 0x9A, 0x00, 0x00, 0x53, 0xFF, 0xFF, 0xFF, 
0xFF, 0xFF, 0xAF, 0x00, 0x00, 0x4A, 0xFF, 0xFF, 0xFF, 0xFF, 0x2E, 0x00, 
0xA7, 0xFF, 0xFF, 0xFF, 0xCD, 0x00, 0x00, 0x8B, 0xFF, 0xFF, 0xFF, 0xFF, 
0xFF, 0xE5, 0x00, 0x00, 0x7D, 0xFF, 0xFF, 0xFF, 0xE8, 0x01, 0x00, 0x61, 
0xFF, 0xFF, 0xFF, 0xFA, 0x07, 0x00, 0xC3, 0xFF, 0xFF, 0xFF, 0xFF, 0xFF, 
0xFF, 0x1C, 0x00, 0xB0, 0xFF, 0xFF, 0xFF, 0xA3, 0x00, 0x00, 0x1C, 0xFF, 
0xFF, 0xFF, 0xFF, 0x34, 0x04, 0xF6, 0xFF, 0xFF, 0xBC, 0xFF, 0xFF, 0xFF, 
0x53, 0x00, 0xE3, 0xFF, 0xFF, 0xFF, 0x5E, 0x00, 0x00, 0x00, 0xD7, 0xFF, 
0xFF, 0xFF, 0x67, 0x33, 0xFF, 0xFF, 0xFF, 0x4F, 0xFB, 0xFF, 0xFF, 0x89, 
0x16, 0xFF, 0xFF, 0xFF, 0xFF, 0x19, 0x00, 0x00, 0x00, 0x92, 0xFF, 0xFF, 
0xFF, 0x9B, 0x6B, 0xFF, 0xFF, 0xFE, 0x10, 0xD0, 0xFF, 0xFF, 0xC0, 0x49, 
0xFF, 0xFF, 0xFF, 0xD3, 0x00, 0x00, 0x00, 0x00, 0x4D, 0xFF, 0xFF, 0xFF, 
0xCE, 0xA3, 0xFF, 0xFF, 0xDA, 0x00, 0x9B, 0xFF, 0xFF, 0xF4, 0x7E, 0xFF, 
0xFF, 0xFF, 0x8D, 0x00, 0x00, 0x00, 0x00, 0x0C, 0xFA, 0xFF, 0xFF, 0xFA, 
0xE8, 0xFF, 0xFF, 0xA4, 0x00, 0x65, 0xFF, 0xFF, 0xFF, 0xE3, 0xFF, 0xFF, 
0xFF, 0x48, 0x00, 0x00, 0x00, 0x00, 0x00, 0xC2, 0xFF, 0xFF, 0xFF, 0xFF, 
0xFF, 0xFF, 0x6F, 0x00, 0x30, 0xFF, 0xFF, 0xFF, 0xFF, 0xFF, 0xFF, 0xF8, 
0x0A, 0x00, 0x00, 0x00, 0x00, 0x00, 0x7D, 0xFF, 0xFF, 0xFF, 0xFF, 0xFF, 
0xFF, 0x39, 0x00, 0x04, 0xF6, 0xFF, 0xFF, 0xFF, 0xFF, 0xFF, 0xBD, 0x00, 
0x00, 0x00, 0x00, 0x00, 0x00, 0x38, 0xFF, 0xFF, 0xFF, 0xFF, 0xFF, 0xFB, 
0x09, 0x00, 0x00, 0xC5, 0xFF, 0xFF, 0xFF, 0xFF, 0xFF, 0x77, 0x00, 0x00, 
0x00, 0x00, 0x00, 0x00, 0x03, 0xEF, 0xFF, 0xFF, 0xFF, 0xFF, 0xCE, 0x00, 
0x00, 0x00, 0x8F, 0xFF, 0xFF, 0xFF, 0xFF, 0xFF, 0x32, 0x00, 0x00, 0x00, 
0x06, 0x0C, 0x0C, 0x0C, 0x0C, 0x08, 0x00, 0x00, 0x00, 0x00, 0x04, 0x0C, 
0x0C, 0x0C, 0x0C, 0x09, 0x30, 0xFA, 0xFF, 0xFF, 0xFF, 0xEB, 0x0F, 0x00, 
0x00, 0x00, 0xAA, 0xFF, 0xFF, 0xFF, 0xFF, 0x6A, 0x00, 0x7F, 0xFF, 0xFF, 
0xFF, 0xFF, 0x8D, 0x00, 0x00, 0x3F, 0xFF, 0xFF, 0xFF, 0xFF, 0xBF, 0x01, 
0x00, 0x05, 0xCF, 0xFF, 0xFF, 0xFF, 0xFA, 0x25, 0x03, 0xD0, 0xFF, 0xFF, 
0xFF, 0xF4, 0x22, 0x00, 0x00, 0x00, 0x2E, 0xFA, 0xFF, 0xFF, 0xFF, 0xB2, 
0x69, 0xFF, 0xFF, 0xFF, 0xFF, 0x6C, 0x00, 0x00, 0x00, 0x00, 0x00, 0x7D, 
0xFF, 0xFF, 0xFF, 0xFF, 0xF7, 0xFF, 0xFF, 0xFF, 0xC0, 0x01, 0x00, 0x00, 
0x00, 0x00, 0x00, 0x04, 0xCD, 0xFF, 0xFF, 0xFF, 0xFF, 0xFF, 0xFF, 0xF5, 
0x23, 0x00, 0x00, 0x00, 0x00, 0x00, 0x00, 0x00, 0x2F, 0xFF, 0xFF, 0xFF, 
0xFF, 0xFF, 0xFF, 0x75, 0x00, 0x00, 0x00, 0x00, 0x00, 0x00, 0x00, 0x00, 
0x6E, 0xFF, 0xFF, 0xFF, 0xFF, 0xFF, 0xFF, 0xB3, 0x00, 0x00, 0x00, 0x00, 
0x00, 0x00, 0x00, 0x24, 0xF5, 0xFF, 0xFF, 0xFF, 0xFF, 0xFF, 0xFF, 0xFF, 
0x5E, 0x00, 0x00, 0x00, 0x00, 0x00, 0x02, 0xC4, 0xFF, 0xFF, 0xFF, 0xF6, 
0xD8, 0xFF, 0xFF, 0xFF, 0xEF, 0x1A, 0x00, 0x00, 0x00, 0x00, 0x74, 0xFF, 
0xFF, 0xFF, 0xFF, 0x7E, 0x3B, 0xFF, 0xFF, 0xFF, 0xFF, 0xB4, 0x00, 0x00, 
0x00, 0x28, 0xF7, 0xFF, 0xFF, 0xFF, 0xDD, 0x08, 0x00, 0xA7, 0xFF, 0xFF, 
0xFF, 0xFF, 0x5F, 0x00, 0x03, 0xC9, 0xFF, 0xFF, 0xFF, 0xFF, 0x4C, 0x00, 
0x00, 0x1D, 0xF5, 0xFF, 0xFF, 0xFF, 0xEF, 0x1B, 0x7A, 0xFF, 0xFF, 0xFF, 
0xFF, 0xB4, 0x00, 0x00, 0x00, 0x00, 0x7E, 0xFF, 0xFF, 0xFF, 0xFF, 0xB5, 
0x0A, 0x0C, 0x0C, 0x0C, 0x0B, 0x00, 0x00, 0x00, 0x00, 0x00, 0x02, 0x0C, 
0x0C, 0x0C, 0x0C, 0x06, 0xB6, 0xFF, 0xFF, 0xFF, 0xFF, 0x23, 0x00, 0x00, 
0x00, 0x00, 0x5D, 0xFF, 0xFF, 0xFF, 0xFF, 0x58, 0x52, 0xFF, 0xFF, 0xFF, 
0xFF, 0x74, 0x00, 0x00, 0x00, 0x00, 0xA8, 0xFF, 0xFF, 0xFF, 0xF1, 0x09, 
0x05, 0xE9, 0xFF, 0xFF, 0xFF, 0xC4, 0x00, 0x00, 0x00, 0x03, 0xEE, 0xFF, 
0xFF, 0xFF, 0x9C, 0x00, 0x00, 0x8B, 0xFF, 0xFF, 0xFF, 0xFD, 0x17, 0x00, 
0x00, 0x3D, 0xFF, 0xFF, 0xFF, 0xFF, 0x3F, 0x00, 0x00, 0x27, 0xFF, 0xFF, 
0xFF, 0xFF, 0x65, 0x00, 0x00, 0x88, 0xFF, 0xFF, 0xFF, 0xDF, 0x01, 0x00, 
0x00, 0x00, 0xC4, 0xFF, 0xFF, 0xFF, 0xB5, 0x00, 0x00, 0xD3, 0xFF, 0xFF, 
0xFF, 0x83, 0x00, 0x00, 0x00, 0x00, 0x60, 0xFF, 0xFF, 0xFF, 0xF8, 0x0D, 
0x1E, 0xFF, 0xFF, 0xFF, 0xFF, 0x25, 0x00, 0x00, 0x00, 0x00, 0x0A, 0xF1, 
0xFF, 0xFF, 0xFF, 0x56, 0x69, 0xFF, 0xFF, 0xFF, 0xC7, 0x00, 0x00, 0x00, 
0x00, 0x00, 0x00, 0x99, 0xFF, 0xFF, 0xFF, 0xA6, 0xB3, 0xFF, 0xFF, 0xFF, 
0x6A, 0x00, 0x00, 0x00, 0x00, 0x00, 0x00, 0x35, 0xFF, 0xFF, 0xFF, 0xF4, 
0xF7, 0xFF, 0xFF, 0xF9, 0x12, 0x00, 0x00, 0x00, 0x00, 0x00, 0x00, 0x00, 
0xD1, 0xFF, 0xFF, 0xFF, 0xFF, 0xFF, 0xFF, 0xAE, 0x00, 0x00, 0x00, 0x00, 
0x00, 0x00, 0x00, 0x00, 0x6E, 0xFF, 0xFF, 0xFF, 0xFF, 0xFF, 0xFF, 0x50, 
0x00, 0x00, 0x00, 0x00, 0x00, 0x00, 0x00, 0x00, 0x12, 0xF8, 0xFF, 0xFF, 
0xFF, 0xFF, 0xEB, 0x05, 0x00, 0x00, 0x00, 0x00, 0x00, 0x00, 0x00, 0x00, 
0x00, 0xA9, 0xFF, 0xFF, 0xFF, 0xFF, 0x8B, 0x00, 0x00, 0x00, 0x00, 0x00, 
0x00, 0x00, 0x00, 0x00, 0x16, 0xDA, 0xFF, 0xFF, 0xFF, 0xFB, 0x1F, 0x00, 
0x00, 0x00, 0x00, 0x00, 0x00, 0x00, 0x9A, 0xB7, 0xF3, 0xFF, 0xFF, 0xFF, 
0xFF, 0x99, 0x00, 0x00, 0x00, 0x00, 0x00, 0x00, 0x00, 0x00, 0xF8, 0xFF, 
0xFF, 0xFF, 0xFF, 0xFF, 0xE4, 0x13, 0x00, 0x00, 0x00, 0x00, 0x00, 0x00, 
0x00, 0x00, 0xF8, 0xFF, 0xFF, 0xFF, 0xFF, 0xE6, 0x27, 0x00, 0x00, 0x00, 
0x00, 0x00, 0x00, 0x00, 0x00, 0x00, 0xF8, 0xFF, 0xFF, 0xDC, 0x83, 0x0F, 
0x00, 0x00, 0x00, 0x00, 0x00, 0x00, 0x00, 0x00, 0x00, 0x00, 0x2F, 0x26, 
0x0C, 0x00, 0x00, 0x00, 0x00, 0x00, 0x00, 0x00, 0x00, 0x00, 0x00, 0x00, 
0x02, 0x0C, 0x0C, 0x0C, 0x0C, 0x0C, 0x0C, 0x0C, 0x0C, 0x0C, 0x0C, 0x0B, 
0x00, 0x34, 0xFF, 0xFF, 0xFF, 0xFF, 0xFF, 0xFF, 0xFF, 0xFF, 0xFF, 0xFF, 
0xF8, 0x00, 0x34, 0xFF, 0xFF, 0xFF, 0xFF, 0xFF, 0xFF, 0xFF, 0xFF, 0xFF, 
0xFF, 0xF8, 0x00, 0x34, 0xFF, 0xFF, 0xFF, 0xFF, 0xFF, 0xFF, 0xFF, 0xFF, 
0xFF, 0xFF, 0xF8, 0x00, 0x18, 0x78, 0x78, 0x78, 0x78, 0x78, 0xCA, 0xFF, 
0xFF, 0xFF, 0xFF, 0xDA, 0x00, 0x00, 0x00, 0x00, 0x00, 0x00, 0x50, 0xFC, 
0xFF, 0xFF, 0xFF, 0xE6, 0x22, 0x00, 0x00, 0x00, 0x00, 0x00, 0x42, 0xF8, 
0xFF, 0xFF, 0xFF, 0xED, 0x2B, 0x00, 0x00, 0x00, 0x00, 0x00, 0x36, 0xF3, 
0xFF, 0xFF, 0xFF, 0xF3, 0x36, 0x00, 0x00, 0x00, 0x00, 0x00, 0x2B, 0xEC, 
0xFF, 0xFF, 0xFF, 0xF8, 0x42, 0x00, 0x00, 0x00, 0x00, 0x00, 0x20, 0xE5, 
0xFF, 0xFF, 0xFF, 0xFB, 0x4E, 0x00, 0x00, 0x00, 0x00, 0x00, 0x18, 0xDC, 
0xFF, 0xFF, 0xFF, 0xFE, 0x5C, 0x00, 0x00, 0x00, 0x00, 0x00, 0x00, 0x9D, 
0xFF, 0xFF, 0xFF, 0xFF, 0xDF, 0x90, 0x90, 0x90, 0x90, 0x90, 0x90, 0x53, 
0xA4, 0xFF, 0xFF, 0xFF, 0xFF, 0xFF, 0xFF, 0xFF, 0xFF, 0xFF, 0xFF, 0xFF, 
0x94, 0xA4, 0xFF, 0xFF, 0xFF, 0xFF, 0xFF, 0xFF, 0xFF, 0xFF, 0xFF, 0xFF, 
0xFF, 0x94, 0xA4, 0xFF, 0xFF, 0xFF, 0xFF, 0xFF, 0xFF, 0xFF, 0xFF, 0xFF, 
0xFF, 0xFF, 0x94, 0x00, 0x00, 0x00, 0x00, 0x00, 0x2E, 0x7C, 0xA8, 0xBA, 
0x21, 0x00, 0x00, 0x00, 0x0A, 0xAA, 0xFF, 0xFF, 0xFF, 0xFF, 0x2C, 0x00, 
0x00, 0x00, 0xA2, 0xFF, 0xFF, 0xFF, 0xFF, 0xFF, 0x2C, 0x00, 0x00, 0x19, 
0xFE, 0xFF, 0xFF, 0xFF, 0xAA, 0x4D, 0x0B, 0x00, 0x00, 0x50, 0xFF, 0xFF, 
0xFF, 0xFF, 0x14, 0x00, 0x00, 0x00, 0x00, 0x64, 0xFF, 0xFF, 0xFF, 0xFF, 
0x01, 0x00, 0x00, 0x00, 0x00, 0x68, 0xFF, 0xFF, 0xFF, 0xFF, 0x00, 0x00, 
0x00, 0x00, 0x00, 0x68, 0xFF, 0xFF, 0xFF, 0xFF, 0x00, 0x00, 0x00, 0x00, 
0x00, 0x68, 0xFF, 0xFF, 0xFF, 0xFF, 0x00, 0x00, 0x00, 0x00, 0x00, 0x6D, 
0xFF, 0xFF, 0xFF, 0xF5, 0x00, 0x00, 0x00, 0x00, 0x00, 0xA7, 0xFF, 0xFF, 
0xFF, 0xCE, 0x00, 0x00, 0x00, 0x42, 0xDD, 0xFF, 0xFF, 0xFF, 0xFB, 0x4F, 
0x00, 0x00, 0x00, 0x54, 0xFF, 0xFF, 0xFE, 0xA5, 0x2D, 0x00, 0x00, 0x00, 
0x00, 0x54, 0xFF, 0xFF, 0xFF, 0xFF, 0xB9, 0x17, 0x00, 0x00, 0x00, 0x12, 
0x53, 0xE1, 0xFF, 0xFF, 0xFF, 0xA5, 0x00, 0x00, 0x00, 0x00, 0x00, 0x7D, 
0xFF, 0xFF, 0xFF, 0xE7, 0x00, 0x00, 0x00, 0x00, 0x00, 0x68, 0xFF, 0xFF, 
0xFF, 0xFF, 0x00, 0x00, 0x00, 0x00, 0x00, 0x68, 0xFF, 0xFF, 0xFF, 0xFF, 
0x00, 0x00, 0x00, 0x00, 0x00, 0x68, 0xFF, 0xFF, 0xFF, 0xFF, 0x00, 0x00, 
0x00, 0x00, 0x00, 0x67, 0xFF, 0xFF, 0xFF, 0xFF, 0x00, 0x00, 0x00, 0x00, 
0x00, 0x5B, 0xFF, 0xFF, 0xFF, 0xFF, 0x08, 0x00, 0x00, 0x00, 0x00, 0x35, 
0xFF, 0xFF, 0xFF, 0xFF, 0x48, 0x00, 0x00, 0x00, 0x00, 0x02, 0xDC, 0xFF, 
0xFF, 0xFF, 0xFD, 0xDB, 0x23, 0x00, 0x00, 0x00, 0x3F, 0xF7, 0xFF, 0xFF, 
0xFF, 0xFF, 0x2C, 0x00, 0x00, 0x00, 0x00, 0x27, 0xA1, 0xED, 0xFF, 0xFF, 
0x2C, 0x00, 0x00, 0x00, 0x00, 0x00, 0x00, 0x00, 0x19, 0x2C, 0x08, 0x89, 
0xC4, 0xC4, 0xB7, 0xB4, 0xFF, 0xFF, 0xF0, 0xB4, 0xFF, 0xFF, 0xF0, 0xB4, 
0xFF, 0xFF, 0xF0, 0xB4, 0xFF, 0xFF, 0xF0, 0xB4, 0xFF, 0xFF, 0xF0, 0xB4, 
0xFF, 0xFF, 0xF0, 0xB4, 0xFF, 0xFF, 0xF0, 0xB4, 0xFF, 0xFF, 0xF0, 0xB4, 
0xFF, 0xFF, 0xF0, 0xB4, 0xFF, 0xFF, 0xF0, 0xB4, 0xFF, 0xFF, 0xF0, 0xB4, 
0xFF, 0xFF, 0xF0, 0xB4, 0xFF, 0xFF, 0xF0, 0xB4, 0xFF, 0xFF, 0xF0, 0xB4, 
0xFF, 0xFF, 0xF0, 0xB4, 0xFF, 0xFF, 0xF0, 0xB4, 0xFF, 0xFF, 0xF0, 0xB4, 
0xFF, 0xFF, 0xF0, 0xB4, 0xFF, 0xFF, 0xF0, 0xB4, 0xFF, 0xFF, 0xF0, 0xB4, 
0xFF, 0xFF, 0xF0, 0xB4, 0xFF, 0xFF, 0xF0, 0xB4, 0xFF, 0xFF, 0xF0, 0xB4, 
0xFF, 0xFF, 0xF0, 0x24, 0x34, 0x34, 0x30, 0x6C, 0xB5, 0x99, 0x62, 0x11, 
0x00, 0x00, 0x00, 0x00, 0x90, 0xFF, 0xFF, 0xFF, 0xF1, 0x5B, 0x00, 0x00, 
0x00, 0x90, 0xFF, 0xFF, 0xFF, 0xFF, 0xFD, 0x3C, 0x00, 0x00, 0x26, 0x5B, 
0xE1, 0xFF, 0xFF, 0xFF, 0xB0, 0x00, 0x00, 0x00, 0x00, 0x77, 0xFF, 0xFF, 
0xFF, 0xEA, 0x00, 0x00, 0x00, 0x00, 0x62, 0xFF, 0xFF, 0xFF, 0xFE, 0x01, 
0x00, 0x00, 0x00, 0x60, 0xFF, 0xFF, 0xFF, 0xFF, 0x04, 0x00, 0x00, 0x00, 
0x60, 0xFF, 0xFF, 0xFF, 0xFF, 0x04, 0x00, 0x00, 0x00, 0x60, 0xFF, 0xFF, 
0xFF, 0xFF, 0x04, 0x00, 0x00, 0x00, 0x56, 0xFF, 0xFF, 0xFF, 0xFF, 0x09, 
0x00, 0x00, 0x00, 0x2F, 0xFF, 0xFF, 0xFF, 0xFF, 0x44, 0x00, 0x00, 0x00, 
0x00, 0xAB, 0xFF, 0xFF, 0xFF, 0xF9, 0xBF, 0x00, 0x00, 0x00, 0x01, 0x5C, 
0xD7, 0xFF, 0xFF, 0xF0, 0x00, 0x00, 0x00, 0x4B, 0xE6, 0xFF, 0xFF, 0xFF, 
0xF0, 0x00, 0x00, 0x14, 0xF2, 0xFF, 0xFF, 0xFF, 0xA1, 0x3F, 0x00, 0x00, 
0x48, 0xFF, 0xFF, 0xFF, 0xFF, 0x15, 0x00, 0x00, 0x00, 0x5F, 0xFF, 0xFF, 
0xFF, 0xFF, 0x04, 0x00, 0x00, 0x00, 0x60, 0xFF, 0xFF, 0xFF, 0xFF, 0x04, 
0x00, 0x00, 0x00, 0x60, 0xFF, 0xFF, 0xFF, 0xFF, 0x04, 0x00, 0x00, 0x00, 
0x60, 0xFF, 0xFF, 0xFF, 0xFF, 0x03, 0x00, 0x00, 0x00, 0x69, 0xFF, 0xFF, 
0xFF, 0xF6, 0x00, 0x00, 0x00, 0x01, 0xAC, 0xFF, 0xFF, 0xFF, 0xD0, 0x00, 
0x00, 0x76, 0xEA, 0xFF, 0xFF, 0xFF, 0xFF, 0x79, 0x00, 0x00, 0x90, 0xFF, 
0xFF, 0xFF, 0xFF, 0xC6, 0x09, 0x00, 0x00, 0x90, 0xFF, 0xFE, 0xD3, 0x75, 
0x07, 0x00, 0x00, 0x00, 0x1B, 0x27, 0x0B, 0x00, 0x00, 0x00, 0x00, 0x00, 
0x00, 0x00, 0x00, 0x00, 0x3D, 0x76, 0x70, 0x36, 0x00, 0x00, 0x00, 0x00, 
0x26, 0x38, 0x25, 0x0D, 0x00, 0x03, 0xA5, 0xFF, 0xFF, 0xFF, 0xFF, 0xC4, 
0x2E, 0x00, 0x00, 0xA5, 0xFF, 0xFF, 0x86, 0x00, 0x64, 0xFF, 0xFF, 0xFF, 
0xFF, 0xFF, 0xFF, 0xFA, 0x8E, 0x5E, 0xF1, 0xFF, 0xFF, 0x53, 0x00, 0xE0, 
0xFF, 0xFF, 0xDA, 0xD2, 0xFF, 0xFF, 0xFF, 0xFF, 0xFF, 0xFF, 0xFF, 0xE7, 
0x0B, 0x1C, 0xFF, 0xFF, 0xFF, 0x1B, 0x00, 0x52, 0xE8, 0xFF, 0xFF, 0xFF, 
0xFF, 0xFF, 0x5E, 0x00, 0x1D, 0x81, 0x97, 0x9E, 0x00, 0x00, 0x00, 0x11, 
0x80, 0xCC, 0xE2, 0xC2, 0x52, 0x00, 0x00, 0x00, 0x00, 0x00, 0x02, 0x2D, 
0x43, 0x24, 0x00, 0x00, 0x00, 0x00, 0x00, 0x00, 0x00, 0x00, 0x00, 0x00, 
0x08, 0x2E, 0x40, 0x45, 0x35, 0x20, 0x00, 0x00, 0x00, 0x00, 0x50, 0xDD, 
0xFF, 0xFF, 0xFF, 0xCC, 0x34, 0x00, 0x00, 0x00, 0x00, 0x00, 0x04, 0x5D, 
0xC4, 0xFA, 0xFF, 0xFF, 0xFF, 0xFF, 0xFF, 0xEA, 0x5C, 0x00, 0x5E, 0xFF, 
0xFF, 0xFF, 0xFF, 0xFF, 0xFF, 0xF9, 0x3A, 0x00, 0x00, 0x00, 0x1E, 0xC8, 
0xFF, 0xFF, 0xFF, 0xFF, 0xFF, 0xFF, 0xFF, 0xFF, 0xFF, 0x7C, 0x11, 0xF4, 
0xFF, 0xFF, 0xFF, 0xFF, 0xFF, 0xFF, 0xFF, 0xDB, 0x02, 0x00, 0x0D, 0xD7, 
0xFF, 0xFF, 0xFF, 0xFF, 0xFF, 0xFF, 0xFF, 0xFF, 0xFF, 0xFF, 0x7C, 0x66, 
0xFF, 0xFF, 0xFF, 0x7D, 0x29, 0x9B, 0xFF, 0xFF, 0xFF, 0x3D, 0x00, 0x8B, 
0xFF, 0xFF, 0xFF, 0xFF, 0xFF, 0xEF, 0xB1, 0x9D, 0xAD, 0xC4, 0xF7, 0x7C, 
0x8A, 0xFF, 0xFF, 0xE3, 0x00, 0x00, 0x0B, 0xFF, 0xFF, 0xFF, 0x61, 0x09, 
0xF0, 0xFF, 0xFF, 0xFF, 0xFF, 0xA7, 0x08, 0x00, 0x00, 0x00, 0x00, 0x07, 
0x17, 0x7A, 0xFF, 0xFF, 0xF8, 0x22, 0x00, 0x45, 0xFF, 0xFF, 0xFF, 0x51, 
0x40, 0xFF, 0xFF, 0xFF, 0xFF, 0xE9, 0x0B, 0x00, 0x00, 0x00, 0x00, 0x00, 
0x00, 0x00, 0x35, 0xFF, 0xFF, 0xFF, 0xF0, 0xC0, 0xF9, 0xFF, 0xFF, 0xF8, 
0x14, 0x75, 0xFF, 0xFF, 0xFF, 0xFF, 0xA1, 0x00, 0x00, 0x00, 0x00, 0x00, 
0x00, 0x00, 0x00, 0x00, 0xAE, 0xFF, 0xFF, 0xFF, 0xFF, 0xFF, 0xFF, 0xFF, 
0x85, 0x00, 0x8D, 0xFF, 0xFF, 0xFF, 0xFF, 0x76, 0x00, 0x00, 0x00, 0x00, 
0x00, 0x00, 0x00, 0x00, 0x00, 0x0E, 0xB6, 0xFF, 0xFF, 0xFF, 0xFF, 0xFF, 
0x97, 0x03, 0x00, 0x9C, 0xFF, 0xFF, 0xFF, 0xFF, 0x66, 0x00, 0x00, 0x00, 
0x00, 0x00, 0x00, 0x00, 0x00, 0x00, 0x00, 0x01, 0x48, 0x95, 0xAB, 0x8D, 
0x35, 0x00, 0x00, 0x00, 0x9F, 0xFF, 0xFF, 0xFF, 0xFF, 0x67, 0x00, 0x00, 
0x00, 0x00, 0x00, 0x00, 0x00, 0x00, 0x00, 0x00, 0x00, 0x00, 0x00, 0x00, 
0x00, 0x00, 0x00, 0x00, 0x00, 0x94, 0xFF, 0xFF, 0xFF, 0xFF, 0x76, 0x00, 
0x00, 0x00, 0x00, 0x00, 0x00, 0x00, 0x00, 0x00, 0x00, 0x00, 0x00, 0x00, 
0x00, 0x00, 0x00, 0x00, 0x00, 0x00, 0x79, 0xFF, 0xFF, 0xFF, 0xFF, 0xA1, 
0x00, 0x00, 0x00, 0x00, 0x00, 0x00, 0x00, 0x00, 0x00, 0x00, 0x00, 0x00, 
0x00, 0x00, 0x00, 0x00, 0x00, 0x00, 0x00, 0x4D, 0xFF, 0xFF, 0xFF, 0xFF, 
0xE8, 0x0B, 0x00, 0x00, 0x00, 0x00, 0x00, 0x00, 0x00, 0x00, 0x00, 0x00, 
0x00, 0x00, 0x00, 0x00, 0x00, 0x00, 0x00, 0x00, 0x10, 0xF9, 0xFF, 0xFF, 
0xFF, 0xFF, 0xAD, 0x11, 0x00, 0x00, 0x00, 0x00, 0x16, 0x36, 0x00, 0x00, 
0x00, 0x00, 0x00, 0x00, 0x00, 0x00, 0x00, 0x00, 0x00, 0x00, 0xA3, 0xFF, 
0xFF, 0xFF, 0xFF, 0xFF, 0xFA, 0xCD, 0xBC, 0xCB, 0xE0, 0xFF, 0xB4, 0x00, 
0x00, 0x00, 0x00, 0x00, 0x00, 0x00, 0x00, 0x00, 0x00, 0x00, 0x00, 0x1C, 
0xED, 0xFF, 0xFF, 0xFF, 0xFF, 0xFF, 0xFF, 0xFF, 0xFF, 0xFF, 0xFF, 0xB4, 
0x00, 0x00, 0x00, 0x00, 0x00, 0x00, 0x00, 0x00, 0x00, 0x00, 0x00, 0x00, 
0x00, 0x36, 0xE7, 0xFF, 0xFF, 0xFF, 0xFF, 0xFF, 0xFF, 0xFF, 0xFF, 0xFF, 
0xB4, 0x00, 0x00, 0x00, 0x00, 0x00, 0x00, 0x00, 0x00, 0x00, 0x00, 0x00, 
0x00, 0x00, 0x00, 0x11, 0x7A, 0xC5, 0xFB, 0xFF, 0xFF, 0xFF, 0xFF, 0xFF, 
0xE5, 0x74, 0x00, 0x00, 0x00, 0x00, 0x00, 0x00, 0x00, 0x00, 0x00, 0x00, 
0x00, 0x00, 0x00, 0x00, 0x00, 0x00, 0x00, 0x0A, 0x23, 0x35, 0x3E, 0x2C, 
0x15, 0x00, 0x00, 0x00, 0x01, 0x04, 0x04, 0x04, 0x04, 0x04, 0x04, 0x04, 
0x04, 0x04, 0x04, 0x04, 0x04, 0x04, 0x04, 0x04, 0x04, 0x04, 0x04, 0x04, 
0x03, 0x00, 0x00, 0x00, 0x54, 0xFF, 0xFF, 0xFF, 0xFF, 0xFF, 0xFF, 0xFF, 
0xFF, 0xFF, 0xFF, 0xFF, 0xFF, 0xFF, 0xFF, 0xFF, 0xFF, 0xFF, 0xFF, 0xFF, 
0xC8, 0x00, 0x00, 0x00, 0x54, 0xFF, 0xFF, 0xFF, 0xFF, 0xFF, 0xFF, 0xFF, 
0xFF, 0xFF, 0xFF, 0xFF, 0xFF, 0xFF, 0xFF, 0xFF, 0xFF, 0xFF, 0xFF, 0xFF, 
0xC8, 0x00, 0x00, 0x00, 0x54, 0xFF, 0xFF, 0xFF, 0x3E, 0x38, 0x92, 0xFF, 
0xFF, 0x9F, 0x38, 0x3E, 0xFF, 0xFF, 0xF6, 0x38, 0x38, 0xA2, 0xFF, 0xFF, 
0xC8, 0x00, 0x00, 0x00, 0x54, 0xFF, 0xFF, 0xFF, 0x8B, 0x88, 0xBE, 0xFF, 
0xFF, 0xC5, 0x88, 0x8B, 0xFF, 0xFF, 0xFA, 0x88, 0x88, 0xC7, 0xFF, 0xFF, 
0xC8, 0x00, 0x00, 0x00, 0x54, 0xFF, 0xFF, 0xFF, 0xFF, 0xFF, 0xFF, 0xFF, 
0xFF, 0xFF, 0xFF, 0xFF, 0xFF, 0xFF, 0xFF, 0xFF, 0xFF, 0xFF, 0xFF, 0xFF, 
0xC8, 0x00, 0x00, 0x00, 0x31, 0x98, 0x98, 0x98, 0x98, 0x98, 0x98, 0x98, 
0x98, 0xFF, 0xFF, 0xFF, 0xC5, 0x98, 0x98, 0x98, 0x98, 0x98, 0x98, 0x98, 
0x76, 0x00, 0x00, 0x00, 0x56, 0x84, 0x84, 0x84, 0x84, 0x84, 0x84, 0x84, 
0x84, 0xFF, 0xFF, 0xFF, 0xBA, 0x84, 0x84, 0x84, 0x84, 0x84, 0x84, 0x84, 
0x84, 0x0E, 0x00, 0x00, 0xA8, 0xFF, 0xFF, 0xFF, 0xFF, 0xFF, 0xFF, 0xFF, 
0xFF, 0xFF, 0xFF, 0xFF, 0xFF, 0xFF, 0xFF, 0xFF, 0xFF, 0xFF, 0xFF, 0xFF, 
0xFF, 0x1C, 0x00, 0x00, 0x73, 0xB0, 0xB0, 0xB0, 0xB0, 0xB0, 0xB0, 0xB0, 
0xB0, 0xFF, 0xFF, 0xFF, 0xD3, 0xB0, 0xB0, 0xB0, 0xB0, 0xB0, 0xB0, 0xB0, 
0xB0, 0x13, 0x00, 0x00, 0x00, 0x00, 0x68, 0x7C, 0x7C, 0x7C, 0x7C, 0x7C, 
0x7C, 0xFF, 0xFF, 0xFF, 0xB5, 0x7C, 0x7C, 0x7C, 0x7C, 0x7C, 0x7C, 0x26, 
0x00, 0x00, 0x00, 0x00, 0x00, 0x00, 0xD8, 0xFF, 0xFF, 0xFF, 0xFF, 0xFF, 
0xFF, 0xFF, 0xFF, 0xFF, 0xFF, 0xFF, 0xFF, 0xFF, 0xFF, 0xFF, 0xFF, 0x50, 
0x00, 0x00, 0x00, 0x00, 0x00, 0x00, 0xD8, 0xFF, 0xFF, 0xC8, 0x80, 0x80, 
0x80, 0x80, 0x80, 0x80, 0x80, 0x80, 0x80, 0x94, 0xFF, 0xFF, 0xFF, 0x50, 
0x00, 0x00, 0x00, 0x00, 0x00, 0x00, 0xD8, 0xFF, 0xFF, 0xDE, 0xB4, 0xB4, 
0xB4, 0xB4, 0xB4, 0xB4, 0xB4, 0xB4, 0xB4, 0xBF, 0xFF, 0xFF, 0xFF, 0x50, 
0x00, 0x00, 0x00, 0x00, 0x00, 0x00, 0xD8, 0xFF, 0xFF, 0xFF, 0xFF, 0xFF, 
0xFF, 0xFF, 0xFF, 0xFF, 0xFF, 0xFF, 0xFF, 0xFF, 0xFF, 0xFF, 0xFF, 0x50, 
0x00, 0x00, 0x00, 0x00, 0x00, 0x00, 0xD8, 0xFF, 0xFF, 0xA8, 0x38, 0x38, 
0x38, 0x38, 0x38, 0x38, 0x38, 0x38, 0x38, 0x57, 0xFF, 0xFF, 0xFF, 0x50, 
0x00, 0x00, 0x00, 0x00, 0x00, 0x00, 0xD8, 0xFF, 0xFF, 0xFF, 0xFF, 0xFF, 
0xFF, 0xFF, 0xFF, 0xFF, 0xFF, 0xFF, 0xFF, 0xFF, 0xFF, 0xFF, 0xFF, 0x50, 
0x00, 0x00, 0x00, 0x00, 0x00, 0x00, 0xD8, 0xFF, 0xFF, 0xC4, 0x78, 0x78, 
0x78, 0x78, 0x78, 0x78, 0x78, 0x78, 0x78, 0x8D, 0xFF, 0xFF, 0xFF, 0x50, 
0x00, 0x00, 0x00, 0x00, 0x00, 0x00, 0xD8, 0xFF, 0xFF, 0xDE, 0xB4, 0xB4, 
0xB4, 0xB4, 0xB4, 0xB4, 0xB4, 0xB4, 0xB4, 0xBF, 0xFF, 0xFF, 0xFF, 0x50, 
0x00, 0x00, 0x00, 0x00, 0x00, 0x00, 0xD8, 0xFF, 0xFF, 0xFE, 0xFC, 0xFC, 
0xFC, 0xFC, 0xFC, 0xFC, 0xFC, 0xFC, 0xFC, 0xFC, 0xFF, 0xFF, 0xFF, 0x50, 
0x00, 0x00, 0x00, 0x51, 0x6C, 0x6C, 0xE8, 0xFF, 0xFF, 0xAA, 0x3C, 0x3C, 
0x3C, 0x3C, 0x3C, 0x3C, 0x3C, 0x3C, 0x3C, 0x5A, 0xFF, 0xFF, 0xFF, 0x9A, 
0x6C, 0x6C, 0x19, 0xC0, 0xFF, 0xFF, 0xFF, 0xFF, 0xFF, 0xFF, 0xFF, 0xFF, 
0xFF, 0xFF, 0xFF, 0xFF, 0xFF, 0xFF, 0xFF, 0xFF, 0xFF, 0xFF, 0xFF, 0xFF, 
0xFF, 0xFF, 0x3C, 0xC0, 0xFF, 0xFF, 0xFF, 0xFF, 0xFF, 0xFF, 0xFF, 0xFF, 
0xFF, 0xFF, 0xFF, 0xFF, 0xFF, 0xFF, 0xFF, 0xFF, 0xFF, 0xFF, 0xFF, 0xFF, 
0xFF, 0xFF, 0x3C, 0x33, 0x44, 0x44, 0x44, 0x44, 0x44, 0x44, 0x44, 0x44, 
0x44, 0x44, 0x44, 0x44, 0x44, 0x44, 0x44, 0x44, 0x44, 0x44, 0x44, 0x44, 
0x44, 0x44, 0x0F, 0x00, 0x00, 0x00, 0x54, 0xC5, 0x13, 0x00, 0x00, 0x00, 
0x00, 0x23, 0x2C, 0x2C, 0x2C, 0x2C, 0x2C, 0x2C, 0x2C, 0x2C, 0x2C, 0x11, 
0x00, 0x00, 0x00, 0x00, 0x02, 0x86, 0xFF, 0xFF, 0xC5, 0x07, 0x00, 0x00, 
0x00, 0xCC, 0xFF, 0xFF, 0xFF, 0xFF, 0xFF, 0xFF, 0xFF, 0xFF, 0xFF, 0x64, 
0x00, 0x00, 0x00, 0x00, 0x26, 0xF2, 0xFF, 0xFF, 0xFF, 0xA1, 0x00, 0x00, 
0x00, 0xCC, 0xFF, 0xFF, 0xFF, 0xFF, 0xFF, 0xFF, 0xFF, 0xFF, 0xFF, 0x64, 
0x00, 0x00, 0x00, 0x00, 0x00, 0x49, 0xFD, 0xFF, 0xFF, 0xFF, 0x64, 0x00, 
0x00, 0xCF, 0xFF, 0xFF, 0xFD, 0xF8, 0xF8, 0xF8, 0xFF, 0xFF, 0xFF, 0x64, 
0x00, 0x00, 0x00, 0x00, 0x00, 0x00, 0x7F, 0xFF, 0xFF, 0xFF, 0xED, 0x09, 
0x00, 0xE9, 0xFF, 0xFF, 0xA4, 0x00, 0x00, 0x04, 0xFF, 0xFF, 0xFF, 0x64, 
0x00, 0x00, 0x00, 0x00, 0x00, 0x00, 0x02, 0xC1, 0xFF, 0xF5, 0x48, 0x00, 
0x29, 0xFF, 0xFF, 0xFF, 0x87, 0x00, 0x00, 0x04, 0xFF, 0xFF, 0xFF, 0x9F, 
0x2C, 0x29, 0x00, 0x00, 0x00, 0x00, 0x00, 0x21, 0xE3, 0x39, 0x00, 0x06, 
0xC1, 0xFF, 0xFF, 0xFF, 0x49, 0x00, 0x00, 0x02, 0xFE, 0xFF, 0xFF, 0xFF, 
0xFF, 0xDB, 0x00, 0x08, 0x1C, 0x1C, 0x1C, 0x1C, 0x26, 0x0F, 0x0D, 0xBC, 
0xFF, 0xFF, 0xFF, 0xD2, 0x01, 0x00, 0x00, 0x00, 0xDB, 0xFF, 0xFF, 0xFF, 
0xFF, 0xB7, 0x00, 0x50, 0xFF, 0xFF, 0xFF, 0xFF, 0xFF, 0x8C, 0x01, 0x7B, 
0xFD, 0xFF, 0xF4, 0x2B, 0x00, 0x00, 0x00, 0x00, 0x44, 0xDF, 0xFF, 0xFF, 
0xFF, 0x93, 0x00, 0x50, 0xFF, 0xFF, 0xFF, 0xFF, 0xFF, 0x8C, 0x00, 0x00, 
0x48, 0xD7, 0x37, 0x00, 0x00, 0x00, 0x00, 0x00, 0x00, 0x00, 0x0E, 0x17, 
0x16, 0x09, 0x00, 0x50, 0xFF, 0xFF, 0xFF, 0xFF, 0xFF, 0x8C, 0x00, 0x4C, 
0xA8, 0xA8, 0xA8, 0xA8, 0xA8, 0xA8, 0xA8, 0xA8, 0xA8, 0xA8, 0xA8, 0xA8, 
0x7E, 0x00, 0x00, 0x1A, 0x54, 0x54, 0xFF, 0xFF, 0xFF, 0x8C, 0x00, 0x74, 
0xFF, 0xFF, 0xFF, 0xFF, 0xFF, 0xFF, 0xFF, 0xFF, 0xFF, 0xFF, 0xFF, 0xFF, 
0xC0, 0x00, 0x00, 0x00, 0x00, 0x00, 0xFF, 0xFF, 0xFF, 0x8C, 0x00, 0x74, 
0xFF, 0xFF, 0xFF, 0xFF, 0xFF, 0xFF, 0xFF, 0xFF, 0xFF, 0xFF, 0xFF, 0xFF, 
0xC0, 0x00, 0x00, 0x00, 0x00, 0x00, 0xFF, 0xFF, 0xFF, 0x8C, 0x00, 0x3D, 
0xD2, 0xFF, 0xFF, 0xFF, 0xA0, 0x88, 0x88, 0x88, 0x96, 0xFF, 0xFF, 0xFF, 
0xB3, 0x00, 0x00, 0x00, 0x00, 0x00, 0xFF, 0xFF, 0xFF, 0x8C, 0x00, 0x00, 
0x38, 0xFF, 0xFF, 0xFF, 0xB4, 0x00, 0x00, 0x00, 0x9A, 0xFF, 0xFF, 0xFF, 
0x3C, 0x00, 0x00, 0x00, 0x00, 0x00, 0xFF, 0xFF, 0xFF, 0x8C, 0x00, 0x18, 
0x00, 0x9E, 0xFF, 0xFF, 0xFF, 0x7F, 0x00, 0x62, 0xFE, 0xFF, 0xFF, 0xA9, 
0x00, 0x00, 0x00, 0x00, 0x00, 0x00, 0xFF, 0xFF, 0xFF, 0x8C, 0x74, 0xD6, 
0x00, 0x10, 0xDF, 0xFF, 0xFF, 0xFF, 0xAD, 0xFD, 0xFF, 0xFF, 0xE7, 0x1B, 
0x00, 0x00, 0x00, 0x00, 0x00, 0x00, 0xFF, 0xFF, 0xFF, 0xF0, 0xFF, 0xFF, 
0x32, 0x00, 0x31, 0xF3, 0xFF, 0xFF, 0xFF, 0xFF, 0xFF, 0xF6, 0x36, 0x00, 
0x00, 0x00, 0x00, 0x00, 0x00, 0x01, 0xFF, 0xFF, 0xFF, 0xFF, 0xFF, 0xFF, 
0x8A, 0x00, 0x06, 0x9C, 0xFF, 0xFF, 0xFF, 0xFF, 0xFF, 0xB6, 0x12, 0x00, 
0x00, 0x00, 0x00, 0x00, 0x00, 0x1C, 0xFF, 0xFF, 0xFF, 0xFF, 0xFF, 0xD6, 
0x36, 0x73, 0xE5, 0xFF, 0xFF, 0xFF, 0xFF, 0xFF, 0xFF, 0xFF, 0xF6, 0xA2, 
0x46, 0x04, 0x00, 0x00, 0x00, 0x8E, 0xFF, 0xFF, 0xFF, 0xFF, 0xEF, 0xB9, 
0xF9, 0xFF, 0xFF, 0xFF, 0xFF, 0xFF, 0xD6, 0xFF, 0xFF, 0xFF, 0xFF, 0xFF, 
0xFF, 0xEE, 0x66, 0x00, 0x00, 0x28, 0xF1, 0xFF, 0xFF, 0x85, 0x70, 0xFF, 
0xFF, 0xFF, 0xFF, 0xFF, 0xDC, 0x51, 0x00, 0x42, 0xCC, 0xFF, 0xFF, 0xFF, 
0xFF, 0xFC, 0x27, 0x00, 0x00, 0x00, 0x4D, 0xF6, 0x5D, 0x00, 0x04, 0xD5, 
0xFF, 0xFF, 0xDC, 0x66, 0x05, 0x00, 0x00, 0x00, 0x00, 0x4E, 0xC6, 0xFF, 
0xFF, 0xA1, 0x00, 0x00, 0x00, 0x00, 0x00, 0x19, 0x00, 0x00, 0x00, 0x45, 
0xBA, 0x50, 0x02, 0x00, 0x00, 0x00, 0x00, 0x00, 0x00, 0x00, 0x00, 0x38, 
0xA2, 0x23, 0x00, 0x00, 0x21, 0xE9, 0x98, 0xBF, 0xE9, 0x87, 0x8C, 0xE5, 
0xB7, 0xB4, 0xE5, 0xB7, 0xB4, 0xE6, 0x99, 0xAE, 0xE6, 0x83, 0xA0, 0xE4, 
0xBD, 0x93, 0x20, 0x33, 0x20, 0x31, 0x30, 0x35, 0x20, 0x48, 0x65, 0x61, 
0x76, 0x79, 0x00, 0x1A, 0x41, 0x6C, 0x69, 0x62, 0x61, 0x62, 0x61, 0x50, 
0x75, 0x48, 0x75, 0x69, 0x54, 0x69, 0x5F, 0x33, 0x5F, 0x31, 0x30, 0x35, 
0x5F, 0x48, 0x65, 0x61, 0x76, 0x79, 0x01
};
