#include <pgmspace.h>
const uint8_t  name_24[] PROGMEM = {
0x00, 0x00, 0x00, 0x66, 0x00, 0x00, 0x00, 0x0B, 0x00, 0x00, 0x00, 0x18, 
0x00, 0x00, 0x00, 0x00, 0x00, 0x00, 0x00, 0x13, 0x00, 0x00, 0x00, 0x04, 
0x00, 0x00, 0x00, 0x21, 0x00, 0x00, 0x00, 0x11, 0x00, 0x00, 0x00, 0x06, 
0x00, 0x00, 0x00, 0x06, 0x00, 0x00, 0x00, 0x12, 0x00, 0x00, 0x00, 0x01, 
0x00, 0x00, 0x00, 0x00, 0x00, 0x00, 0x00, 0x22, 0x00, 0x00, 0x00, 0x07, 
0x00, 0x00, 0x00, 0x06, 0x00, 0x00, 0x00, 0x06, 0x00, 0x00, 0x00, 0x13, 
0x00, 0x00, 0x00, 0x01, 0x00, 0x00, 0x00, 0x00, 0x00, 0x00, 0x00, 0x23, 
0x00, 0x00, 0x00, 0x0F, 0x00, 0x00, 0x00, 0x0C, 0x00, 0x00, 0x00, 0x0B, 
0x00, 0x00, 0x00, 0x11, 0x00, 0x00, 0x00, 0x00, 0x00, 0x00, 0x00, 0x00, 
0x00, 0x00, 0x00, 0x24, 0x00, 0x00, 0x00, 0x17, 0x00, 0x00, 0x00, 0x09, 
0x00, 0x00, 0x00, 0x08, 0x00, 0x00, 0x00, 0x15, 0x00, 0x00, 0x00, 0x00, 
0x00, 0x00, 0x00, 0x00, 0x00, 0x00, 0x00, 0x25, 0x00, 0x00, 0x00, 0x13, 
0x00, 0x00, 0x00, 0x0E, 0x00, 0x00, 0x00, 0x0E, 0x00, 0x00, 0x00, 0x13, 
0x00, 0x00, 0x00, 0x00, 0x00, 0x00, 0x00, 0x00, 0x00, 0x00, 0x00, 0x26, 
0x00, 0x00, 0x00, 0x13, 0x00, 0x00, 0x00, 0x0D, 0x00, 0x00, 0x00, 0x0C, 
0x00, 0x00, 0x00, 0x13, 0x00, 0x00, 0x00, 0x00, 0x00, 0x00, 0x00, 0x00, 
0x00, 0x00, 0x00, 0x27, 0x00, 0x00, 0x00, 0x07, 0x00, 0x00, 0x00, 0x03, 
0x00, 0x00, 0x00, 0x03, 0x00, 0x00, 0x00, 0x13, 0x00, 0x00, 0x00, 0x01, 
0x00, 0x00, 0x00, 0x00, 0x00, 0x00, 0x00, 0x28, 0x00, 0x00, 0x00, 0x19, 
0x00, 0x00, 0x00, 0x08, 0x00, 0x00, 0x00, 0x08, 0x00, 0x00, 0x00, 0x14, 
0x00, 0x00, 0x00, 0x01, 0x00, 0x00, 0x00, 0x00, 0x00, 0x00, 0x00, 0x29, 
0x00, 0x00, 0x00, 0x19, 0x00, 0x00, 0x00, 0x08, 0x00, 0x00, 0x00, 0x08, 
0x00, 0x00, 0x00, 0x14, 0xFF, 0xFF, 0xFF, 0xFF, 0x00, 0x00, 0x00, 0x00, 
0x00, 0x00, 0x00, 0x2A, 0x00, 0x00, 0x00, 0x09, 0x00, 0x00, 0x00, 0x07, 
0x00, 0x00, 0x00, 0x07, 0x00, 0x00, 0x00, 0x13, 0x00, 0x00, 0x00, 0x01, 
0x00, 0x00, 0x00, 0x00, 0x00, 0x00, 0x00, 0x2B, 0x00, 0x00, 0x00, 0x0A, 
0x00, 0x00, 0x00, 0x0A, 0x00, 0x00, 0x00, 0x0A, 0x00, 0x00, 0x00, 0x0E, 
0x00, 0x00, 0x00, 0x00, 0x00, 0x00, 0x00, 0x00, 0x00, 0x00, 0x00, 0x2C, 
0x00, 0x00, 0x00, 0x09, 0x00, 0x00, 0x00, 0x04, 0x00, 0x00, 0x00, 0x05, 
0x00, 0x00, 0x00, 0x07, 0x00, 0x00, 0x00, 0x00, 0x00, 0x00, 0x00, 0x00, 
0x00, 0x00, 0x00, 0x2D, 0x00, 0x00, 0x00, 0x03, 0x00, 0x00, 0x00, 0x08, 
0x00, 0x00, 0x00, 0x08, 0x00, 0x00, 0x00, 0x08, 0x00, 0x00, 0x00, 0x00, 
0x00, 0x00, 0x00, 0x00, 0x00, 0x00, 0x00, 0x2E, 0x00, 0x00, 0x00, 0x04, 
0x00, 0x00, 0x00, 0x04, 0x00, 0x00, 0x00, 0x04, 0x00, 0x00, 0x00, 0x05, 
0x00, 0x00, 0x00, 0x00, 0x00, 0x00, 0x00, 0x00, 0x00, 0x00, 0x00, 0x2F, 
0x00, 0x00, 0x00, 0x17, 0x00, 0x00, 0x00, 0x0C, 0x00, 0x00, 0x00, 0x0C, 
0x00, 0x00, 0x00, 0x15, 0x00, 0x00, 0x00, 0x00, 0x00, 0x00, 0x00, 0x00, 
0x00, 0x00, 0x00, 0x30, 0x00, 0x00, 0x00, 0x12, 0x00, 0x00, 0x00, 0x0A, 
0x00, 0x00, 0x00, 0x0A, 0x00, 0x00, 0x00, 0x13, 0x00, 0x00, 0x00, 0x00, 
0x00, 0x00, 0x00, 0x00, 0x00, 0x00, 0x00, 0x31, 0x00, 0x00, 0x00, 0x12, 
0x00, 0x00, 0x00, 0x04, 0x00, 0x00, 0x00, 0x05, 0x00, 0x00, 0x00, 0x13, 
0x00, 0x00, 0x00, 0x01, 0x00, 0x00, 0x00, 0x00, 0x00, 0x00, 0x00, 0x32, 
0x00, 0x00, 0x00, 0x12, 0x00, 0x00, 0x00, 0x0A, 0x00, 0x00, 0x00, 0x09, 
0x00, 0x00, 0x00, 0x13, 0x00, 0x00, 0x00, 0x00, 0x00, 0x00, 0x00, 0x00, 
0x00, 0x00, 0x00, 0x33, 0x00, 0x00, 0x00, 0x12, 0x00, 0x00, 0x00, 0x09, 
0x00, 0x00, 0x00, 0x09, 0x00, 0x00, 0x00, 0x13, 0x00, 0x00, 0x00, 0x00, 
0x00, 0x00, 0x00, 0x00, 0x00, 0x00, 0x00, 0x34, 0x00, 0x00, 0x00, 0x14, 
0x00, 0x00, 0x00, 0x0B, 0x00, 0x00, 0x00, 0x0B, 0x00, 0x00, 0x00, 0x14, 
0x00, 0x00, 0x00, 0x00, 0x00, 0x00, 0x00, 0x00, 0x00, 0x00, 0x00, 0x35, 
0x00, 0x00, 0x00, 0x12, 0x00, 0x00, 0x00, 0x08, 0x00, 0x00, 0x00, 0x09, 
0x00, 0x00, 0x00, 0x13, 0x00, 0x00, 0x00, 0x01, 0x00, 0x00, 0x00, 0x00, 
0x00, 0x00, 0x00, 0x36, 0x00, 0x00, 0x00, 0x12, 0x00, 0x00, 0x00, 0x0A, 
0x00, 0x00, 0x00, 0x0A, 0x00, 0x00, 0x00, 0x13, 0x00, 0x00, 0x00, 0x00, 
0x00, 0x00, 0x00, 0x00, 0x00, 0x00, 0x00, 0x37, 0x00, 0x00, 0x00, 0x12, 
0x00, 0x00, 0x00, 0x0A, 0x00, 0x00, 0x00, 0x08, 0x00, 0x00, 0x00, 0x13, 
0x00, 0x00, 0x00, 0x00, 0x00, 0x00, 0x00, 0x00, 0x00, 0x00, 0x00, 0x38, 
0x00, 0x00, 0x00, 0x12, 0x00, 0x00, 0x00, 0x09, 0x00, 0x00, 0x00, 0x09, 
0x00, 0x00, 0x00, 0x13, 0x00, 0x00, 0x00, 0x00, 0x00, 0x00, 0x00, 0x00, 
0x00, 0x00, 0x00, 0x39, 0x00, 0x00, 0x00, 0x12, 0x00, 0x00, 0x00, 0x09, 
0x00, 0x00, 0x00, 0x09, 0x00, 0x00, 0x00, 0x13, 0x00, 0x00, 0x00, 0x00, 
0x00, 0x00, 0x00, 0x00, 0x00, 0x00, 0x00, 0x3A, 0x00, 0x00, 0x00, 0x0A, 
0x00, 0x00, 0x00, 0x05, 0x00, 0x00, 0x00, 0x06, 0x00, 0x00, 0x00, 0x0B, 
0x00, 0x00, 0x00, 0x00, 0x00, 0x00, 0x00, 0x00, 0x00, 0x00, 0x00, 0x3B, 
0x00, 0x00, 0x00, 0x0D, 0x00, 0x00, 0x00, 0x05, 0x00, 0x00, 0x00, 0x06, 
0x00, 0x00, 0x00, 0x0B, 0x00, 0x00, 0x00, 0x00, 0x00, 0x00, 0x00, 0x00, 
0x00, 0x00, 0x00, 0x3C, 0x00, 0x00, 0x00, 0x09, 0x00, 0x00, 0x00, 0x09, 
0x00, 0x00, 0x00, 0x0A, 0x00, 0x00, 0x00, 0x0D, 0x00, 0x00, 0x00, 0x00, 
0x00, 0x00, 0x00, 0x00, 0x00, 0x00, 0x00, 0x3D, 0x00, 0x00, 0x00, 0x06, 
0x00, 0x00, 0x00, 0x09, 0x00, 0x00, 0x00, 0x0A, 0x00, 0x00, 0x00, 0x0C, 
0x00, 0x00, 0x00, 0x00, 0x00, 0x00, 0x00, 0x00, 0x00, 0x00, 0x00, 0x3E, 
0x00, 0x00, 0x00, 0x09, 0x00, 0x00, 0x00, 0x09, 0x00, 0x00, 0x00, 0x0A, 
0x00, 0x00, 0x00, 0x0D, 0x00, 0x00, 0x00, 0x01, 0x00, 0x00, 0x00, 0x00, 
0x00, 0x00, 0x00, 0x3F, 0x00, 0x00, 0x00, 0x13, 0x00, 0x00, 0x00, 0x08, 
0x00, 0x00, 0x00, 0x07, 0x00, 0x00, 0x00, 0x13, 0x00, 0x00, 0x00, 0x00, 
0x00, 0x00, 0x00, 0x00, 0x00, 0x00, 0x00, 0x40, 0x00, 0x00, 0x00, 0x12, 
0x00, 0x00, 0x00, 0x0E, 0x00, 0x00, 0x00, 0x0E, 0x00, 0x00, 0x00, 0x12, 
0x00, 0x00, 0x00, 0x00, 0x00, 0x00, 0x00, 0x00, 0x00, 0x00, 0x00, 0x41, 
0x00, 0x00, 0x00, 0x14, 0x00, 0x00, 0x00, 0x10, 0x00, 0x00, 0x00, 0x0E, 
0x00, 0x00, 0x00, 0x13, 0xFF, 0xFF, 0xFF, 0xFF, 0x00, 0x00, 0x00, 0x00, 
0x00, 0x00, 0x00, 0x42, 0x00, 0x00, 0x00, 0x13, 0x00, 0x00, 0x00, 0x0D, 
0x00, 0x00, 0x00, 0x0B, 0x00, 0x00, 0x00, 0x13, 0xFF, 0xFF, 0xFF, 0xFF, 
0x00, 0x00, 0x00, 0x00, 0x00, 0x00, 0x00, 0x43, 0x00, 0x00, 0x00, 0x13, 
0x00, 0x00, 0x00, 0x09, 0x00, 0x00, 0x00, 0x09, 0x00, 0x00, 0x00, 0x13, 
0x00, 0x00, 0x00, 0x00, 0x00, 0x00, 0x00, 0x00, 0x00, 0x00, 0x00, 0x44, 
0x00, 0x00, 0x00, 0x13, 0x00, 0x00, 0x00, 0x0C, 0x00, 0x00, 0x00, 0x0C, 
0x00, 0x00, 0x00, 0x13, 0x00, 0x00, 0x00, 0x00, 0x00, 0x00, 0x00, 0x00, 
0x00, 0x00, 0x00, 0x45, 0x00, 0x00, 0x00, 0x13, 0x00, 0x00, 0x00, 0x0C, 
0x00, 0x00, 0x00, 0x0B, 0x00, 0x00, 0x00, 0x13, 0xFF, 0xFF, 0xFF, 0xFF, 
0x00, 0x00, 0x00, 0x00, 0x00, 0x00, 0x00, 0x46, 0x00, 0x00, 0x00, 0x13, 
0x00, 0x00, 0x00, 0x0E, 0x00, 0x00, 0x00, 0x0C, 0x00, 0x00, 0x00, 0x13, 
0x00, 0x00, 0x00, 0x00, 0x00, 0x00, 0x00, 0x00, 0x00, 0x00, 0x00, 0x47, 
0x00, 0x00, 0x00, 0x13, 0x00, 0x00, 0x00, 0x0B, 0x00, 0x00, 0x00, 0x0B, 
0x00, 0x00, 0x00, 0x13, 0x00, 0x00, 0x00, 0x00, 0x00, 0x00, 0x00, 0x00, 
0x00, 0x00, 0x00, 0x48, 0x00, 0x00, 0x00, 0x13, 0x00, 0x00, 0x00, 0x0D, 
0x00, 0x00, 0x00, 0x0B, 0x00, 0x00, 0x00, 0x13, 0xFF, 0xFF, 0xFF, 0xFF, 
0x00, 0x00, 0x00, 0x00, 0x00, 0x00, 0x00, 0x49, 0x00, 0x00, 0x00, 0x13, 
0x00, 0x00, 0x00, 0x07, 0x00, 0x00, 0x00, 0x07, 0x00, 0x00, 0x00, 0x13, 
0x00, 0x00, 0x00, 0x00, 0x00, 0x00, 0x00, 0x00, 0x00, 0x00, 0x00, 0x4A, 
0x00, 0x00, 0x00, 0x12, 0x00, 0x00, 0x00, 0x0F, 0x00, 0x00, 0x00, 0x09, 
0x00, 0x00, 0x00, 0x13, 0xFF, 0xFF, 0xFF, 0xFE, 0x00, 0x00, 0x00, 0x00, 
0x00, 0x00, 0x00, 0x4B, 0x00, 0x00, 0x00, 0x14, 0x00, 0x00, 0x00, 0x0E, 
0x00, 0x00, 0x00, 0x0D, 0x00, 0x00, 0x00, 0x14, 0x00, 0x00, 0x00, 0x00, 
0x00, 0x00, 0x00, 0x00, 0x00, 0x00, 0x00, 0x4C, 0x00, 0x00, 0x00, 0x12, 
0x00, 0x00, 0x00, 0x0C, 0x00, 0x00, 0x00, 0x0A, 0x00, 0x00, 0x00, 0x13, 
0xFF, 0xFF, 0xFF, 0xFE, 0x00, 0x00, 0x00, 0x00, 0x00, 0x00, 0x00, 0x4D, 
0x00, 0x00, 0x00, 0x13, 0x00, 0x00, 0x00, 0x12, 0x00, 0x00, 0x00, 0x11, 
0x00, 0x00, 0x00, 0x13, 0x00, 0x00, 0x00, 0x00, 0x00, 0x00, 0x00, 0x00, 
0x00, 0x00, 0x00, 0x4E, 0x00, 0x00, 0x00, 0x13, 0x00, 0x00, 0x00, 0x0F, 
0x00, 0x00, 0x00, 0x0E, 0x00, 0x00, 0x00, 0x13, 0x00, 0x00, 0x00, 0x00, 
0x00, 0x00, 0x00, 0x00, 0x00, 0x00, 0x00, 0x4F, 0x00, 0x00, 0x00, 0x13, 
0x00, 0x00, 0x00, 0x0B, 0x00, 0x00, 0x00, 0x0A, 0x00, 0x00, 0x00, 0x13, 
0x00, 0x00, 0x00, 0x00, 0x00, 0x00, 0x00, 0x00, 0x00, 0x00, 0x00, 0x50, 
0x00, 0x00, 0x00, 0x12, 0x00, 0x00, 0x00, 0x0C, 0x00, 0x00, 0x00, 0x0A, 
0x00, 0x00, 0x00, 0x13, 0xFF, 0xFF, 0xFF, 0xFF, 0x00, 0x00, 0x00, 0x00, 
0x00, 0x00, 0x00, 0x51, 0x00, 0x00, 0x00, 0x14, 0x00, 0x00, 0x00, 0x0A, 
0x00, 0x00, 0x00, 0x0A, 0x00, 0x00, 0x00, 0x14, 0x00, 0x00, 0x00, 0x00, 
0x00, 0x00, 0x00, 0x00, 0x00, 0x00, 0x00, 0x52, 0x00, 0x00, 0x00, 0x12, 
0x00, 0x00, 0x00, 0x0D, 0x00, 0x00, 0x00, 0x0B, 0x00, 0x00, 0x00, 0x13, 
0xFF, 0xFF, 0xFF, 0xFF, 0x00, 0x00, 0x00, 0x00, 0x00, 0x00, 0x00, 0x53, 
0x00, 0x00, 0x00, 0x13, 0x00, 0x00, 0x00, 0x0C, 0x00, 0x00, 0x00, 0x0A, 
0x00, 0x00, 0x00, 0x13, 0xFF, 0xFF, 0xFF, 0xFF, 0x00, 0x00, 0x00, 0x00, 
0x00, 0x00, 0x00, 0x54, 0x00, 0x00, 0x00, 0x12, 0x00, 0x00, 0x00, 0x10, 
0x00, 0x00, 0x00, 0x09, 0x00, 0x00, 0x00, 0x13, 0xFF, 0xFF, 0xFF, 0xFE, 
0x00, 0x00, 0x00, 0x00, 0x00, 0x00, 0x00, 0x55, 0x00, 0x00, 0x00, 0x12, 
0x00, 0x00, 0x00, 0x0E, 0x00, 0x00, 0x00, 0x0E, 0x00, 0x00, 0x00, 0x13, 
0x00, 0x00, 0x00, 0x00, 0x00, 0x00, 0x00, 0x00, 0x00, 0x00, 0x00, 0x56, 
0x00, 0x00, 0x00, 0x13, 0x00, 0x00, 0x00, 0x0C, 0x00, 0x00, 0x00, 0x0C, 
0x00, 0x00, 0x00, 0x14, 0x00, 0x00, 0x00, 0x00, 0x00, 0x00, 0x00, 0x00, 
0x00, 0x00, 0x00, 0x57, 0x00, 0x00, 0x00, 0x13, 0x00, 0x00, 0x00, 0x0F, 
0x00, 0x00, 0x00, 0x0F, 0x00, 0x00, 0x00, 0x14, 0x00, 0x00, 0x00, 0x00, 
0x00, 0x00, 0x00, 0x00, 0x00, 0x00, 0x00, 0x58, 0x00, 0x00, 0x00, 0x12, 
0x00, 0x00, 0x00, 0x0C, 0x00, 0x00, 0x00, 0x0B, 0x00, 0x00, 0x00, 0x13, 
0x00, 0x00, 0x00, 0x00, 0x00, 0x00, 0x00, 0x00, 0x00, 0x00, 0x00, 0x59, 
0x00, 0x00, 0x00, 0x16, 0x00, 0x00, 0x00, 0x0F, 0x00, 0x00, 0x00, 0x0C, 
0x00, 0x00, 0x00, 0x14, 0x00, 0x00, 0x00, 0x00, 0x00, 0x00, 0x00, 0x00, 
0x00, 0x00, 0x00, 0x5A, 0x00, 0x00, 0x00, 0x13, 0x00, 0x00, 0x00, 0x0C, 
0x00, 0x00, 0x00, 0x0A, 0x00, 0x00, 0x00, 0x14, 0x00, 0x00, 0x00, 0x00, 
0x00, 0x00, 0x00, 0x00, 0x00, 0x00, 0x00, 0x5B, 0x00, 0x00, 0x00, 0x18, 
0x00, 0x00, 0x00, 0x09, 0x00, 0x00, 0x00, 0x08, 0x00, 0x00, 0x00, 0x14, 
0x00, 0x00, 0x00, 0x01, 0x00, 0x00, 0x00, 0x00, 0x00, 0x00, 0x00, 0x5C, 
0x00, 0x00, 0x00, 0x17, 0x00, 0x00, 0x00, 0x0E, 0x00, 0x00, 0x00, 0x0D, 
0x00, 0x00, 0x00, 0x15, 0x00, 0x00, 0x00, 0x00, 0x00, 0x00, 0x00, 0x00, 
0x00, 0x00, 0x00, 0x5D, 0x00, 0x00, 0x00, 0x19, 0x00, 0x00, 0x00, 0x09, 
0x00, 0x00, 0x00, 0x08, 0x00, 0x00, 0x00, 0x15, 0xFF, 0xFF, 0xFF, 0xFF, 
0x00, 0x00, 0x00, 0x00, 0x00, 0x00, 0x00, 0x5E, 0x00, 0x00, 0x00, 0x09, 
0x00, 0x00, 0x00, 0x09, 0x00, 0x00, 0x00, 0x0C, 0x00, 0x00, 0x00, 0x13, 
0x00, 0x00, 0x00, 0x02, 0x00, 0x00, 0x00, 0x00, 0x00, 0x00, 0x00, 0x5F, 
0x00, 0x00, 0x00, 0x03, 0x00, 0x00, 0x00, 0x0D, 0x00, 0x00, 0x00, 0x0D, 
0xFF, 0xFF, 0xFF, 0xFF, 0x00, 0x00, 0x00, 0x00, 0x00, 0x00, 0x00, 0x00, 
0x00, 0x00, 0x00, 0x60, 0x00, 0x00, 0x00, 0x06, 0x00, 0x00, 0x00, 0x05, 
0x00, 0x00, 0x00, 0x0A, 0x00, 0x00, 0x00, 0x13, 0x00, 0x00, 0x00, 0x02, 
0x00, 0x00, 0x00, 0x00, 0x00, 0x00, 0x00, 0x61, 0x00, 0x00, 0x00, 0x0B, 
0x00, 0x00, 0x00, 0x0B, 0x00, 0x00, 0x00, 0x0A, 0x00, 0x00, 0x00, 0x0C, 
0x00, 0x00, 0x00, 0x00, 0x00, 0x00, 0x00, 0x00, 0x00, 0x00, 0x00, 0x62, 
0x00, 0x00, 0x00, 0x14, 0x00, 0x00, 0x00, 0x08, 0x00, 0x00, 0x00, 0x08, 
0x00, 0x00, 0x00, 0x14, 0x00, 0x00, 0x00, 0x00, 0x00, 0x00, 0x00, 0x00, 
0x00, 0x00, 0x00, 0x63, 0x00, 0x00, 0x00, 0x0D, 0x00, 0x00, 0x00, 0x07, 
0x00, 0x00, 0x00, 0x07, 0x00, 0x00, 0x00, 0x0D, 0x00, 0x00, 0x00, 0x00, 
0x00, 0x00, 0x00, 0x00, 0x00, 0x00, 0x00, 0x64, 0x00, 0x00, 0x00, 0x13, 
0x00, 0x00, 0x00, 0x0A, 0x00, 0x00, 0x00, 0x09, 0x00, 0x00, 0x00, 0x13, 
0x00, 0x00, 0x00, 0x00, 0x00, 0x00, 0x00, 0x00, 0x00, 0x00, 0x00, 0x65, 
0x00, 0x00, 0x00, 0x0C, 0x00, 0x00, 0x00, 0x08, 0x00, 0x00, 0x00, 0x08, 
0x00, 0x00, 0x00, 0x0C, 0x00, 0x00, 0x00, 0x00, 0x00, 0x00, 0x00, 0x00, 
0x00, 0x00, 0x00, 0x66, 0x00, 0x00, 0x00, 0x1B, 0x00, 0x00, 0x00, 0x0A, 
0x00, 0x00, 0x00, 0x09, 0x00, 0x00, 0x00, 0x13, 0x00, 0x00, 0x00, 0x00, 
0x00, 0x00, 0x00, 0x00, 0x00, 0x00, 0x00, 0x67, 0x00, 0x00, 0x00, 0x13, 
0x00, 0x00, 0x00, 0x08, 0x00, 0x00, 0x00, 0x08, 0x00, 0x00, 0x00, 0x0D, 
0x00, 0x00, 0x00, 0x00, 0x00, 0x00, 0x00, 0x00, 0x00, 0x00, 0x00, 0x68, 
0x00, 0x00, 0x00, 0x12, 0x00, 0x00, 0x00, 0x09, 0x00, 0x00, 0x00, 0x08, 
0x00, 0x00, 0x00, 0x13, 0x00, 0x00, 0x00, 0x00, 0x00, 0x00, 0x00, 0x00, 
0x00, 0x00, 0x00, 0x69, 0x00, 0x00, 0x00, 0x12, 0x00, 0x00, 0x00, 0x06, 
0x00, 0x00, 0x00, 0x06, 0x00, 0x00, 0x00, 0x13, 0x00, 0x00, 0x00, 0x00, 
0x00, 0x00, 0x00, 0x00, 0x00, 0x00, 0x00, 0x6A, 0x00, 0x00, 0x00, 0x1C, 
0x00, 0x00, 0x00, 0x0B, 0x00, 0x00, 0x00, 0x04, 0x00, 0x00, 0x00, 0x13, 
0xFF, 0xFF, 0xFF, 0xFA, 0x00, 0x00, 0x00, 0x00, 0x00, 0x00, 0x00, 0x6B, 
0x00, 0x00, 0x00, 0x14, 0x00, 0x00, 0x00, 0x08, 0x00, 0x00, 0x00, 0x08, 
0x00, 0x00, 0x00, 0x15, 0x00, 0x00, 0x00, 0x00, 0x00, 0x00, 0x00, 0x00, 
0x00, 0x00, 0x00, 0x6C, 0x00, 0x00, 0x00, 0x13, 0x00, 0x00, 0x00, 0x06, 
0x00, 0x00, 0x00, 0x06, 0x00, 0x00, 0x00, 0x14, 0x00, 0x00, 0x00, 0x00, 
0x00, 0x00, 0x00, 0x00, 0x00, 0x00, 0x00, 0x6D, 0x00, 0x00, 0x00, 0x0B, 
0x00, 0x00, 0x00, 0x0D, 0x00, 0x00, 0x00, 0x0C, 0x00, 0x00, 0x00, 0x0C, 
0x00, 0x00, 0x00, 0x00, 0x00, 0x00, 0x00, 0x00, 0x00, 0x00, 0x00, 0x6E, 
0x00, 0x00, 0x00, 0x0D, 0x00, 0x00, 0x00, 0x09, 0x00, 0x00, 0x00, 0x08, 
0x00, 0x00, 0x00, 0x0D, 0x00, 0x00, 0x00, 0x00, 0x00, 0x00, 0x00, 0x00, 
0x00, 0x00, 0x00, 0x6F, 0x00, 0x00, 0x00, 0x0C, 0x00, 0x00, 0x00, 0x07, 
0x00, 0x00, 0x00, 0x07, 0x00, 0x00, 0x00, 0x0D, 0x00, 0x00, 0x00, 0x00, 
0x00, 0x00, 0x00, 0x00, 0x00, 0x00, 0x00, 0x70, 0x00, 0x00, 0x00, 0x11, 
0x00, 0x00, 0x00, 0x08, 0x00, 0x00, 0x00, 0x08, 0x00, 0x00, 0x00, 0x0D, 
0x00, 0x00, 0x00, 0x00, 0x00, 0x00, 0x00, 0x00, 0x00, 0x00, 0x00, 0x71, 
0x00, 0x00, 0x00, 0x13, 0x00, 0x00, 0x00, 0x08, 0x00, 0x00, 0x00, 0x08, 
0x00, 0x00, 0x00, 0x0D, 0x00, 0x00, 0x00, 0x00, 0x00, 0x00, 0x00, 0x00, 
0x00, 0x00, 0x00, 0x72, 0x00, 0x00, 0x00, 0x0C, 0x00, 0x00, 0x00, 0x08, 
0x00, 0x00, 0x00, 0x07, 0x00, 0x00, 0x00, 0x0D, 0x00, 0x00, 0x00, 0x00, 
0x00, 0x00, 0x00, 0x00, 0x00, 0x00, 0x00, 0x73, 0x00, 0x00, 0x00, 0x0C, 
0x00, 0x00, 0x00, 0x08, 0x00, 0x00, 0x00, 0x08, 0x00, 0x00, 0x00, 0x0D, 
0x00, 0x00, 0x00, 0x00, 0x00, 0x00, 0x00, 0x00, 0x00, 0x00, 0x00, 0x74, 
0x00, 0x00, 0x00, 0x12, 0x00, 0x00, 0x00, 0x08, 0x00, 0x00, 0x00, 0x06, 
0x00, 0x00, 0x00, 0x12, 0xFF, 0xFF, 0xFF, 0xFF, 0x00, 0x00, 0x00, 0x00, 
0x00, 0x00, 0x00, 0x75, 0x00, 0x00, 0x00, 0x0C, 0x00, 0x00, 0x00, 0x09, 
0x00, 0x00, 0x00, 0x08, 0x00, 0x00, 0x00, 0x0D, 0x00, 0x00, 0x00, 0x00, 
0x00, 0x00, 0x00, 0x00, 0x00, 0x00, 0x00, 0x76, 0x00, 0x00, 0x00, 0x0D, 
0x00, 0x00, 0x00, 0x08, 0x00, 0x00, 0x00, 0x07, 0x00, 0x00, 0x00, 0x0E, 
0xFF, 0xFF, 0xFF, 0xFF, 0x00, 0x00, 0x00, 0x00, 0x00, 0x00, 0x00, 0x77, 
0x00, 0x00, 0x00, 0x0C, 0x00, 0x00, 0x00, 0x0B, 0x00, 0x00, 0x00, 0x0A, 
0x00, 0x00, 0x00, 0x0D, 0xFF, 0xFF, 0xFF, 0xFF, 0x00, 0x00, 0x00, 0x00, 
0x00, 0x00, 0x00, 0x78, 0x00, 0x00, 0x00, 0x0C, 0x00, 0x00, 0x00, 0x09, 
0x00, 0x00, 0x00, 0x07, 0x00, 0x00, 0x00, 0x0D, 0x00, 0x00, 0x00, 0x00, 
0x00, 0x00, 0x00, 0x00, 0x00, 0x00, 0x00, 0x79, 0x00, 0x00, 0x00, 0x13, 
0x00, 0x00, 0x00, 0x0A, 0x00, 0x00, 0x00, 0x09, 0x00, 0x00, 0x00, 0x0C, 
0xFF, 0xFF, 0xFF, 0xFF, 0x00, 0x00, 0x00, 0x00, 0x00, 0x00, 0x00, 0x7A, 
0x00, 0x00, 0x00, 0x0C, 0x00, 0x00, 0x00, 0x08, 0x00, 0x00, 0x00, 0x07, 
0x00, 0x00, 0x00, 0x0D, 0x00, 0x00, 0x00, 0x00, 0x00, 0x00, 0x00, 0x00, 
0x00, 0x00, 0x00, 0x7B, 0x00, 0x00, 0x00, 0x18, 0x00, 0x00, 0x00, 0x0C, 
0x00, 0x00, 0x00, 0x0B, 0x00, 0x00, 0x00, 0x14, 0x00, 0x00, 0x00, 0x01, 
0x00, 0x00, 0x00, 0x00, 0x00, 0x00, 0x00, 0x7C, 0x00, 0x00, 0x00, 0x17, 
0x00, 0x00, 0x00, 0x05, 0x00, 0x00, 0x00, 0x06, 0x00, 0x00, 0x00, 0x15, 
0x00, 0x00, 0x00, 0x01, 0x00, 0x00, 0x00, 0x00, 0x00, 0x00, 0x00, 0x7D, 
0x00, 0x00, 0x00, 0x19, 0x00, 0x00, 0x00, 0x0A, 0x00, 0x00, 0x00, 0x0B, 
0x00, 0x00, 0x00, 0x15, 0x00, 0x00, 0x00, 0x00, 0x00, 0x00, 0x00, 0x00, 
0x00, 0x00, 0x00, 0x7E, 0x00, 0x00, 0x00, 0x04, 0x00, 0x00, 0x00, 0x09, 
0x00, 0x00, 0x00, 0x0A, 0x00, 0x00, 0x00, 0x0A, 0x00, 0x00, 0x00, 0x00, 
0x00, 0x00, 0x00, 0x00, 0x00, 0x00, 0x4E, 0x8C, 0x00, 0x00, 0x00, 0x0D, 
0x00, 0x00, 0x00, 0x16, 0x00, 0x00, 0x00, 0x18, 0x00, 0x00, 0x00, 0x0F, 
0x00, 0x00, 0x00, 0x01, 0x00, 0x00, 0x00, 0x00, 0x00, 0x00, 0x59, 0x27, 
0x00, 0x00, 0x00, 0x15, 0x00, 0x00, 0x00, 0x15, 0x00, 0x00, 0x00, 0x18, 
0x00, 0x00, 0x00, 0x12, 0x00, 0x00, 0x00, 0x02, 0x00, 0x00, 0x00, 0x00, 
0x00, 0x00, 0x62, 0x4B, 0x00, 0x00, 0x00, 0x17, 0x00, 0x00, 0x00, 0x14, 
0x00, 0x00, 0x00, 0x18, 0x00, 0x00, 0x00, 0x14, 0x00, 0x00, 0x00, 0x02, 
0x00, 0x00, 0x00, 0x00, 0x00, 0x00, 0x66, 0x0E, 0x00, 0x00, 0x00, 0x15, 
0x00, 0x00, 0x00, 0x12, 0x00, 0x00, 0x00, 0x18, 0x00, 0x00, 0x00, 0x13, 
0x00, 0x00, 0x00, 0x03, 0x00, 0x00, 0x00, 0x00, 0x00, 0x00, 0x76, 0x84, 
0x00, 0x00, 0x00, 0x17, 0x00, 0x00, 0x00, 0x14, 0x00, 0x00, 0x00, 0x18, 
0x00, 0x00, 0x00, 0x14, 0x00, 0x00, 0x00, 0x02, 0x00, 0x00, 0x00, 0x00, 
0x00, 0x00, 0x80, 0x6A, 0x00, 0x00, 0x00, 0x15, 0x00, 0x00, 0x00, 0x16, 
0x00, 0x00, 0x00, 0x18, 0x00, 0x00, 0x00, 0x13, 0x00, 0x00, 0x00, 0x01, 
0x00, 0x00, 0x00, 0x00, 0x00, 0x00, 0x81, 0x11, 0x00, 0x00, 0x00, 0x15, 
0x00, 0x00, 0x00, 0x18, 0x00, 0x00, 0x00, 0x18, 0x00, 0x00, 0x00, 0x13, 
0x00, 0x00, 0x00, 0x00, 0x00, 0x00, 0x00, 0x00, 0x00, 0x00, 0x88, 0x8B, 
0x00, 0x00, 0x00, 0x17, 0x00, 0x00, 0x00, 0x14, 0x00, 0x00, 0x00, 0x18, 
0x00, 0x00, 0x00, 0x14, 0x00, 0x00, 0x00, 0x02, 0x00, 0x00, 0x00, 0x00, 
0x00, 0x00, 0x00, 0x29, 0x77, 0x27, 0x00, 0x57, 0xDE, 0xFF, 0xFF, 0x72, 
0x00, 0x14, 0xEB, 0xFF, 0xFE, 0x21, 0x00, 0x37, 0xFF, 0xFF, 0xB2, 0x00, 
0x00, 0x92, 0xFF, 0xFF, 0x40, 0x00, 0x00, 0xD6, 0xFF, 0xCC, 0x00, 0x00, 
0x09, 0xFD, 0xFF, 0x59, 0x00, 0x00, 0x26, 0xFF, 0xE6, 0x04, 0x00, 0x00, 
0x34, 0xFF, 0x8A, 0x00, 0x00, 0x00, 0x29, 0xFF, 0x42, 0x00, 0x00, 0x00, 
0x07, 0xF4, 0x07, 0x00, 0x00, 0x00, 0x00, 0x6D, 0x00, 0x00, 0x00, 0x00, 
0x00, 0x00, 0x00, 0x00, 0x00, 0x00, 0x22, 0xC1, 0x67, 0x00, 0x00, 0x00, 
0x91, 0xFF, 0xF5, 0x02, 0x00, 0x00, 0x95, 0xFF, 0xF8, 0x04, 0x00, 0x00, 
0x2A, 0xD9, 0x79, 0x00, 0x00, 0x00, 0x07, 0x03, 0x00, 0x03, 0x00, 0x00, 
0xC2, 0xEA, 0x09, 0xDE, 0xD4, 0x08, 0xCB, 0xFF, 0x28, 0xD7, 0xFF, 0x2C, 
0xC7, 0xFF, 0x26, 0xCC, 0xFF, 0x2D, 0xBE, 0xFF, 0x11, 0xCC, 0xFF, 0x1B, 
0xAC, 0xF9, 0x00, 0xC8, 0xFF, 0x07, 0x4A, 0xA4, 0x00, 0x63, 0xB0, 0x00, 
0x00, 0x00, 0x00, 0x00, 0x35, 0x67, 0x01, 0x00, 0x80, 0x76, 0x00, 0x00, 
0x00, 0x00, 0x00, 0x00, 0xBF, 0xFF, 0x17, 0x0A, 0xFF, 0xC0, 0x00, 0x00, 
0x00, 0x00, 0x00, 0x00, 0xCA, 0xF9, 0x03, 0x35, 0xFF, 0x9F, 0x00, 0x00, 
0x00, 0x06, 0x36, 0x35, 0xFC, 0xD2, 0x31, 0x87, 0xFF, 0x9F, 0x5E, 0x00, 
0x00, 0x73, 0xFF, 0xFF, 0xFF, 0xFF, 0xFF, 0xFF, 0xFF, 0xFF, 0xFA, 0x0D, 
0x00, 0x1E, 0x59, 0xAD, 0xFF, 0x61, 0x31, 0xEF, 0xD7, 0x24, 0x0E, 0x00, 
0x00, 0x00, 0x00, 0xB8, 0xFB, 0x0A, 0x22, 0xFF, 0x99, 0x00, 0x00, 0x00, 
0x00, 0x00, 0x00, 0xED, 0xCF, 0x00, 0x5C, 0xFF, 0x68, 0x22, 0x00, 0x00, 
0x56, 0xCB, 0xC5, 0xFF, 0xED, 0xC9, 0xE6, 0xFF, 0xFE, 0xFF, 0x48, 0x00, 
0x5A, 0xDE, 0xE6, 0xFF, 0xC3, 0x96, 0xEC, 0xF7, 0x86, 0x96, 0x33, 0x00, 
0x00, 0x00, 0x89, 0xFF, 0x3E, 0x02, 0xF4, 0xCB, 0x00, 0x00, 0x00, 0x00, 
0x00, 0x00, 0xB6, 0xFF, 0x0E, 0x21, 0xFF, 0xA1, 0x00, 0x00, 0x00, 0x00, 
0x00, 0x00, 0xDA, 0xE5, 0x00, 0x45, 0xFF, 0x81, 0x00, 0x00, 0x00, 0x00, 
0x00, 0x00, 0xCA, 0xC7, 0x00, 0x1C, 0xEB, 0x6B, 0x00, 0x00, 0x00, 0x00, 
0x00, 0x00, 0x30, 0x97, 0x00, 0x00, 0x1F, 0x14, 0x00, 0x00, 0x00, 0x00, 
0x00, 0x00, 0x00, 0x00, 0x19, 0xCA, 0x14, 0x00, 0x00, 0x00, 0x00, 0x00, 
0x00, 0x1B, 0xFF, 0x53, 0x00, 0x00, 0x00, 0x00, 0x00, 0x00, 0x36, 0xFF, 
0x59, 0x00, 0x00, 0x00, 0x00, 0x00, 0x08, 0xA3, 0xFF, 0xFF, 0xA4, 0x04, 
0x00, 0x00, 0x0F, 0xCC, 0xFF, 0xFF, 0xFF, 0xFF, 0x6C, 0x00, 0x06, 0xC4, 
0xFF, 0xFF, 0xFF, 0xFF, 0xFF, 0x8C, 0x00, 0x85, 0xFF, 0xB2, 0xDF, 0xDB, 
0xFD, 0xF0, 0x2D, 0x08, 0xF3, 0xF1, 0x0C, 0xF8, 0x7D, 0x1E, 0x10, 0x00, 
0x14, 0xFF, 0xFA, 0x6F, 0xFF, 0x5A, 0x00, 0x00, 0x00, 0x00, 0xAC, 0xFF, 
0xFF, 0xFF, 0x42, 0x00, 0x00, 0x00, 0x00, 0x04, 0x6F, 0xEF, 0xFF, 0xE5, 
0x36, 0x00, 0x00, 0x00, 0x00, 0x00, 0x7B, 0xFF, 0xFF, 0xF1, 0x2F, 0x00, 
0x00, 0x00, 0x0E, 0xAF, 0xDF, 0x74, 0xFF, 0xC3, 0x00, 0x00, 0x48, 0xBC, 
0xCB, 0xC3, 0x0C, 0xFA, 0xFA, 0x00, 0x17, 0xEA, 0x1A, 0xD2, 0xC5, 0xC2, 
0xFF, 0xDF, 0x00, 0x5C, 0xEB, 0x72, 0xF3, 0xFF, 0xFF, 0xFF, 0x84, 0x00, 
0x6F, 0xFF, 0xFF, 0xFF, 0xFF, 0xFF, 0xCE, 0x0B, 0x00, 0x51, 0xFF, 0xFF, 
0xFF, 0xFF, 0xBA, 0x11, 0x00, 0x00, 0x05, 0x83, 0xC4, 0xFF, 0x68, 0x00, 
0x00, 0x00, 0x00, 0x00, 0x00, 0x33, 0xFF, 0x2E, 0x00, 0x00, 0x00, 0x00, 
0x00, 0x00, 0x1B, 0xFF, 0x15, 0x00, 0x00, 0x00, 0x00, 0x00, 0x00, 0x00, 
0xC4, 0x00, 0x00, 0x00, 0x00, 0x00, 0x00, 0x00, 0x00, 0x1E, 0x00, 0x00, 
0x00, 0x00, 0x00, 0x00, 0x00, 0x41, 0x95, 0x71, 0x07, 0x00, 0x00, 0x00, 
0x16, 0x3F, 0x00, 0x00, 0x00, 0x00, 0x25, 0xFE, 0xFD, 0xFC, 0xB4, 0x00, 
0x00, 0x00, 0x82, 0xCE, 0x00, 0x00, 0x00, 0x00, 0x83, 0xFF, 0x71, 0x86, 
0xFF, 0x27, 0x00, 0x07, 0xE9, 0xD4, 0x00, 0x00, 0x00, 0x00, 0xD1, 0xF7, 
0x12, 0x71, 0xFF, 0x6D, 0x00, 0x5F, 0xFF, 0x8A, 0x00, 0x00, 0x00, 0x0B, 
0xFD, 0xC7, 0x00, 0x84, 0xFF, 0x8A, 0x00, 0xCC, 0xFF, 0x2D, 0x00, 0x00, 
0x00, 0x22, 0xFF, 0xAA, 0x00, 0xB9, 0xFF, 0x82, 0x38, 0xFF, 0xC5, 0x00, 
0x00, 0x00, 0x00, 0x17, 0xFF, 0xAE, 0x22, 0xF9, 0xFF, 0x4E, 0xA2, 0xFF, 
0x57, 0x00, 0x00, 0x00, 0x00, 0x00, 0xE2, 0xFF, 0xFA, 0xFF, 0xE3, 0x19, 
0xF7, 0xE2, 0x04, 0x00, 0x00, 0x00, 0x00, 0x00, 0x67, 0xFF, 0xFF, 0xFF, 
0x4E, 0x6F, 0xFF, 0x70, 0x08, 0xA7, 0xB7, 0x34, 0x00, 0x00, 0x00, 0x5F, 
0x9E, 0x4E, 0x00, 0xD1, 0xF2, 0x0F, 0x98, 0xFD, 0xE0, 0xF0, 0x16, 0x00, 
0x00, 0x00, 0x00, 0x00, 0x2C, 0xFF, 0x94, 0x4B, 0xFF, 0xA6, 0x43, 0xFF, 
0x6F, 0x00, 0x00, 0x00, 0x00, 0x00, 0x84, 0xFF, 0x34, 0x9C, 0xFF, 0x5E, 
0x30, 0xFF, 0xAD, 0x00, 0x00, 0x00, 0x00, 0x00, 0xD7, 0xDF, 0x00, 0xC8, 
0xFF, 0x2F, 0x44, 0xFF, 0xC4, 0x00, 0x00, 0x00, 0x00, 0x23, 0xFF, 0x93, 
0x00, 0xD4, 0xFF, 0x10, 0x81, 0xFF, 0xAC, 0x00, 0x00, 0x00, 0x00, 0x65, 
0xFF, 0x57, 0x00, 0xC0, 0xFF, 0x1E, 0xE1, 0xFF, 0x74, 0x00, 0x00, 0x00, 
0x00, 0x94, 0xFF, 0x22, 0x00, 0x80, 0xFF, 0xF9, 0xFF, 0xFA, 0x17, 0x00, 
0x00, 0x00, 0x00, 0x84, 0xFF, 0x09, 0x00, 0x1C, 0xF2, 0xFF, 0xFF, 0x84, 
0x00, 0x00, 0x00, 0x00, 0x00, 0x1C, 0xEE, 0x00, 0x00, 0x00, 0x2C, 0x88, 
0x60, 0x01, 0x00, 0x00, 0x00, 0x00, 0x00, 0x00, 0x2A, 0x00, 0x00, 0x00, 
0x00, 0x00, 0x00, 0x00, 0x00, 0x00, 0x00, 0x00, 0x00, 0x00, 0x00, 0x11, 
0x7A, 0xCC, 0x91, 0x02, 0x00, 0x00, 0x00, 0x00, 0x00, 0x00, 0x00, 0x4F, 
0xF1, 0xFF, 0xFF, 0xFF, 0x69, 0x00, 0x00, 0x00, 0x00, 0x00, 0x00, 0x60, 
0xFE, 0xFF, 0xFF, 0xD9, 0xFC, 0x7E, 0x00, 0x00, 0x00, 0x00, 0x00, 0x12, 
0xF3, 0xFF, 0xFC, 0x70, 0x22, 0xFE, 0x4B, 0x00, 0x00, 0x00, 0x00, 0x00, 
0x5E, 0xFF, 0xFF, 0x56, 0x08, 0xC5, 0xE8, 0x06, 0x00, 0x00, 0x00, 0x00, 
0x00, 0x7E, 0xFF, 0xA1, 0x09, 0xB5, 0xFF, 0x6E, 0x00, 0x00, 0x00, 0x00, 
0x00, 0x00, 0x70, 0xFF, 0x6A, 0xCA, 0xFF, 0xC6, 0x04, 0x00, 0x00, 0x00, 
0x00, 0x00, 0x00, 0x3E, 0xFF, 0xFC, 0xFF, 0xEC, 0x1D, 0x00, 0x00, 0x00, 
0x00, 0x00, 0x00, 0x04, 0x9F, 0xFF, 0xFF, 0xF6, 0x42, 0x00, 0x27, 0x0E, 
0x00, 0x00, 0x00, 0x02, 0xAE, 0xFF, 0xFF, 0xF4, 0x40, 0x03, 0x90, 0xFE, 
0x99, 0x00, 0x00, 0x00, 0x81, 0xFF, 0xFF, 0xFE, 0xBC, 0x00, 0x97, 0xFF, 
0xFF, 0x8D, 0x00, 0x00, 0x14, 0xF6, 0xFF, 0xE9, 0x71, 0xFC, 0x1F, 0xA9, 
0xFF, 0xF8, 0x1E, 0x00, 0x00, 0x5B, 0xFF, 0xFF, 0x61, 0x0B, 0xED, 0xD3, 
0xFF, 0xFF, 0x84, 0x00, 0x00, 0x00, 0x7A, 0xFF, 0xEA, 0x04, 0x00, 0x9D, 
0xFF, 0xFF, 0xDA, 0x09, 0x00, 0x00, 0x00, 0x6B, 0xFF, 0xB7, 0x00, 0x39, 
0xFB, 0xFF, 0xFC, 0x33, 0x00, 0x00, 0x00, 0x00, 0x2E, 0xFF, 0xB8, 0x36, 
0xE8, 0xFF, 0xFF, 0xFF, 0x7B, 0x00, 0x18, 0xA4, 0x82, 0x00, 0xC6, 0xFF, 
0xFF, 0xFF, 0xFE, 0x6A, 0xA0, 0xFF, 0xC6, 0xF1, 0xFC, 0x2E, 0x00, 0x2B, 
0xE5, 0xFC, 0xC2, 0x3E, 0x00, 0x04, 0x90, 0xF0, 0xD6, 0x52, 0x00, 0x00, 
0x00, 0x01, 0x04, 0x00, 0x00, 0x00, 0x00, 0x00, 0x00, 0x00, 0x00, 0x00, 
0x00, 0x0C, 0x00, 0x8F, 0xFF, 0x43, 0xB0, 0xFF, 0x6A, 0xC0, 0xFF, 0x67, 
0xCA, 0xFF, 0x51, 0xC7, 0xFF, 0x27, 0x5F, 0xBD, 0x00, 0x00, 0x00, 0x00, 
0x00, 0x00, 0x00, 0x38, 0xBE, 0x00, 0x00, 0x00, 0x00, 0x00, 0x2B, 0xF3, 
0xD0, 0x00, 0x00, 0x00, 0x00, 0x0E, 0xDA, 0xFF, 0x57, 0x00, 0x00, 0x00, 
0x00, 0x9B, 0xFF, 0x88, 0x00, 0x00, 0x00, 0x00, 0x3E, 0xFF, 0xD7, 0x06, 
0x00, 0x00, 0x00, 0x00, 0xC9, 0xFF, 0x54, 0x00, 0x00, 0x00, 0x00, 0x48, 
0xFF, 0xDF, 0x01, 0x00, 0x00, 0x00, 0x00, 0xB6, 0xFF, 0x84, 0x00, 0x00, 
0x00, 0x00, 0x17, 0xFD, 0xFF, 0x3A, 0x00, 0x00, 0x00, 0x00, 0x68, 0xFF, 
0xF6, 0x04, 0x00, 0x00, 0x00, 0x00, 0xAB, 0xFF, 0xCD, 0x00, 0x00, 0x00, 
0x00, 0x00, 0xE3, 0xFF, 0xA6, 0x00, 0x00, 0x00, 0x00, 0x0B, 0xFF, 0xFF, 
0x8E, 0x00, 0x00, 0x00, 0x00, 0x26, 0xFF, 0xFF, 0x7A, 0x00, 0x00, 0x00, 
0x00, 0x32, 0xFF, 0xFF, 0x72, 0x00, 0x00, 0x00, 0x00, 0x2C, 0xFF, 0xFF, 
0x6E, 0x00, 0x00, 0x00, 0x00, 0x19, 0xFF, 0xFF, 0x7A, 0x00, 0x00, 0x00, 
0x00, 0x06, 0xFF, 0xFF, 0x89, 0x00, 0x00, 0x00, 0x00, 0x00, 0xE5, 0xFF, 
0xAD, 0x00, 0x00, 0x00, 0x00, 0x00, 0xA7, 0xFF, 0xD7, 0x00, 0x00, 0x00, 
0x00, 0x00, 0x68, 0xFF, 0xFE, 0x17, 0x00, 0x00, 0x00, 0x00, 0x1E, 0xFD, 
0xFF, 0x5C, 0x00, 0x00, 0x00, 0x00, 0x00, 0xA9, 0xFF, 0xB6, 0x00, 0x00, 
0x00, 0x00, 0x00, 0x1A, 0xE3, 0xFD, 0x1F, 0x00, 0x00, 0x00, 0x00, 0x00, 
0x17, 0x5F, 0x07, 0x00, 0x00, 0x00, 0x00, 0x00, 0x1A, 0xCA, 0x86, 0x00, 
0x00, 0x00, 0x00, 0x00, 0xAE, 0xFF, 0xFF, 0x28, 0x00, 0x00, 0x00, 0x1F, 
0xF1, 0xFF, 0xFF, 0x90, 0x00, 0x00, 0x00, 0x1A, 0x1B, 0xDA, 0xFF, 0xE0, 
0x00, 0x00, 0x00, 0x00, 0x00, 0x8A, 0xFF, 0xFF, 0x1E, 0x00, 0x00, 0x00, 
0x00, 0x47, 0xFF, 0xFF, 0x47, 0x00, 0x00, 0x00, 0x00, 0x22, 0xFF, 0xFF, 
0x66, 0x00, 0x00, 0x00, 0x00, 0x11, 0xFF, 0xFF, 0x7D, 0x00, 0x00, 0x00, 
0x00, 0x0F, 0xFF, 0xFF, 0x86, 0x00, 0x00, 0x00, 0x00, 0x12, 0xFF, 0xFF, 
0x8F, 0x00, 0x00, 0x00, 0x00, 0x1B, 0xFF, 0xFF, 0x8C, 0x00, 0x00, 0x00, 
0x00, 0x29, 0xFF, 0xFF, 0x7C, 0x00, 0x00, 0x00, 0x00, 0x44, 0xFF, 0xFF, 
0x5A, 0x00, 0x00, 0x00, 0x00, 0x66, 0xFF, 0xFF, 0x2E, 0x00, 0x00, 0x00, 
0x00, 0x95, 0xFF, 0xEE, 0x02, 0x00, 0x00, 0x00, 0x00, 0xCC, 0xFF, 0xA7, 
0x00, 0x00, 0x00, 0x00, 0x11, 0xFD, 0xFF, 0x50, 0x00, 0x00, 0x00, 0x00, 
0x61, 0xFF, 0xE0, 0x04, 0x00, 0x00, 0x00, 0x00, 0xBF, 0xFF, 0x69, 0x00, 
0x00, 0x00, 0x00, 0x35, 0xFF, 0xE6, 0x07, 0x00, 0x00, 0x00, 0x00, 0xBE, 
0xFF, 0x67, 0x00, 0x00, 0x00, 0x00, 0x67, 0xFF, 0xB6, 0x00, 0x00, 0x00, 
0x00, 0x39, 0xF8, 0xEB, 0x18, 0x00, 0x00, 0x00, 0x00, 0xA9, 0xF4, 0x46, 
0x00, 0x00, 0x00, 0x00, 0x00, 0x44, 0x24, 0x00, 0x00, 0x00, 0x00, 0x00, 
0x00, 0x00, 0x00, 0x2A, 0x55, 0x00, 0x00, 0x00, 0x00, 0x00, 0x85, 0xC5, 
0x00, 0x0D, 0x00, 0x70, 0x7B, 0x9F, 0xCE, 0x98, 0xEF, 0x04, 0x84, 0xFF, 
0xFF, 0xFF, 0xFE, 0x7D, 0x00, 0x03, 0xC5, 0xFF, 0xFF, 0xEF, 0x50, 0x04, 
0x9A, 0xFF, 0xF8, 0xFD, 0xFF, 0xFF, 0x56, 0x6D, 0x50, 0xC3, 0xDA, 0x3C, 
0x61, 0x04, 0x00, 0x00, 0xCE, 0xB0, 0x00, 0x00, 0x00, 0x00, 0x00, 0x3A, 
0x14, 0x00, 0x00, 0x00, 0x00, 0x00, 0x00, 0x00, 0x02, 0x01, 0x00, 0x00, 
0x00, 0x00, 0x00, 0x00, 0x00, 0x00, 0x8D, 0xDD, 0x27, 0x00, 0x00, 0x00, 
0x00, 0x00, 0x00, 0x00, 0xD8, 0xFF, 0x4A, 0x00, 0x00, 0x00, 0x00, 0x00, 
0x00, 0x08, 0xFC, 0xFB, 0x0D, 0x00, 0x00, 0x00, 0x28, 0xD6, 0xD6, 0xD5, 
0xFF, 0xF5, 0xB1, 0xA8, 0x81, 0x00, 0x24, 0xF2, 0xF9, 0xF4, 0xFF, 0xFC, 
0xFD, 0xFF, 0xF8, 0x0C, 0x00, 0x00, 0x00, 0x21, 0xFF, 0x99, 0x01, 0x0B, 
0x07, 0x00, 0x00, 0x00, 0x00, 0x3B, 0xFF, 0xA9, 0x00, 0x00, 0x00, 0x00, 
0x00, 0x00, 0x00, 0x12, 0xF4, 0xBF, 0x00, 0x00, 0x00, 0x00, 0x00, 0x00, 
0x00, 0x00, 0x59, 0x8B, 0x00, 0x00, 0x00, 0x00, 0x00, 0x01, 0x00, 0x00, 
0x00, 0x8C, 0x77, 0x00, 0x00, 0xA8, 0xFC, 0x21, 0x00, 0xDD, 0xFF, 0x5E, 
0x08, 0xFF, 0xFF, 0x47, 0x20, 0xFF, 0xF1, 0x09, 0x13, 0xFF, 0x95, 0x00, 
0x00, 0xE1, 0x26, 0x00, 0x00, 0x0C, 0x00, 0x00, 0x01, 0x62, 0x55, 0x55, 
0x78, 0xA0, 0x95, 0x11, 0x02, 0xE8, 0xFF, 0xFF, 0xFF, 0xFF, 0xFF, 0x5F, 
0x00, 0x23, 0x83, 0x9F, 0x96, 0x7E, 0x47, 0x01, 0x00, 0x94, 0xAD, 0x08, 
0x31, 0xFF, 0xFF, 0x58, 0x35, 0xFF, 0xFF, 0x5C, 0x01, 0xAB, 0xC4, 0x0B, 
0x00, 0x00, 0x00, 0x00, 0x00, 0x00, 0x00, 0x00, 0x00, 0x00, 0x23, 0x3A, 
0x00, 0x00, 0x00, 0x00, 0x00, 0x00, 0x00, 0x00, 0x00, 0x01, 0xC1, 0xB5, 
0x00, 0x00, 0x00, 0x00, 0x00, 0x00, 0x00, 0x00, 0x00, 0x64, 0xFF, 0xC2, 
0x00, 0x00, 0x00, 0x00, 0x00, 0x00, 0x00, 0x00, 0x18, 0xEF, 0xFF, 0x61, 
0x00, 0x00, 0x00, 0x00, 0x00, 0x00, 0x00, 0x00, 0xAA, 0xFF, 0xD4, 0x04, 
0x00, 0x00, 0x00, 0x00, 0x00, 0x00, 0x00, 0x4E, 0xFF, 0xFF, 0x3F, 0x00, 
0x00, 0x00, 0x00, 0x00, 0x00, 0x00, 0x0E, 0xE4, 0xFF, 0x9D, 0x00, 0x00, 
0x00, 0x00, 0x00, 0x00, 0x00, 0x00, 0x95, 0xFF, 0xE8, 0x12, 0x00, 0x00, 
0x00, 0x00, 0x00, 0x00, 0x00, 0x38, 0xFD, 0xFF, 0x54, 0x00, 0x00, 0x00, 
0x00, 0x00, 0x00, 0x00, 0x04, 0xD2, 0xFF, 0xAE, 0x00, 0x00, 0x00, 0x00, 
0x00, 0x00, 0x00, 0x00, 0x70, 0xFF, 0xEF, 0x19, 0x00, 0x00, 0x00, 0x00, 
0x00, 0x00, 0x00, 0x15, 0xEF, 0xFF, 0x62, 0x00, 0x00, 0x00, 0x00, 0x00, 
0x00, 0x00, 0x00, 0x95, 0xFF, 0xBC, 0x00, 0x00, 0x00, 0x00, 0x00, 0x00, 
0x00, 0x00, 0x26, 0xFB, 0xF9, 0x23, 0x00, 0x00, 0x00, 0x00, 0x00, 0x00, 
0x00, 0x00, 0xAB, 0xFF, 0x8A, 0x00, 0x00, 0x00, 0x00, 0x00, 0x00, 0x00, 
0x00, 0x2D, 0xFE, 0xEF, 0x0F, 0x00, 0x00, 0x00, 0x00, 0x00, 0x00, 0x00, 
0x00, 0xAC, 0xFF, 0x83, 0x00, 0x00, 0x00, 0x00, 0x00, 0x00, 0x00, 0x00, 
0x23, 0xFE, 0xF7, 0x15, 0x00, 0x00, 0x00, 0x00, 0x00, 0x00, 0x00, 0x00, 
0x8D, 0xFF, 0xA8, 0x00, 0x00, 0x00, 0x00, 0x00, 0x00, 0x00, 0x00, 0x00, 
0xE5, 0xFF, 0x4A, 0x00, 0x00, 0x00, 0x00, 0x00, 0x00, 0x00, 0x00, 0x00, 
0xDE, 0xFA, 0x09, 0x00, 0x00, 0x00, 0x00, 0x00, 0x00, 0x00, 0x00, 0x00, 
0x87, 0xCB, 0x00, 0x00, 0x00, 0x00, 0x00, 0x00, 0x00, 0x00, 0x00, 0x00, 
0x0D, 0x4A, 0x00, 0x00, 0x00, 0x00, 0x00, 0x00, 0x00, 0x00, 0x00, 0x00, 
0x00, 0x00, 0x00, 0x00, 0x23, 0xAD, 0xA9, 0x20, 0x00, 0x00, 0x00, 0x00, 
0x00, 0x35, 0xF7, 0xFF, 0xFF, 0xED, 0x20, 0x00, 0x00, 0x00, 0x09, 0xDE, 
0xFF, 0x96, 0xA7, 0xFF, 0xA9, 0x00, 0x00, 0x00, 0x76, 0xFF, 0xF2, 0x06, 
0x04, 0xDC, 0xF7, 0x07, 0x00, 0x03, 0xE5, 0xFF, 0xAC, 0x00, 0x00, 0x98, 
0xFF, 0x3A, 0x00, 0x46, 0xFF, 0xFF, 0x70, 0x00, 0x00, 0x8F, 0xFF, 0x51, 
0x00, 0x8D, 0xFF, 0xFF, 0x54, 0x00, 0x00, 0xB0, 0xFF, 0x62, 0x00, 0xCA, 
0xFF, 0xFF, 0x48, 0x00, 0x00, 0xE8, 0xFF, 0x57, 0x08, 0xFB, 0xFF, 0xDA, 
0x5F, 0x00, 0x25, 0xFF, 0xFF, 0x42, 0x23, 0xFF, 0xFF, 0x3C, 0x6B, 0x00, 
0x77, 0xFF, 0xFF, 0x29, 0x39, 0xFF, 0xFC, 0x01, 0x00, 0x00, 0xD0, 0xFF, 
0xEE, 0x02, 0x41, 0xFF, 0xEF, 0x00, 0x00, 0x3F, 0xFF, 0xFF, 0xB0, 0x00, 
0x2F, 0xFF, 0xEA, 0x00, 0x00, 0xBC, 0xFF, 0xFF, 0x64, 0x00, 0x0A, 0xFA, 
0xF4, 0x00, 0x50, 0xFF, 0xFF, 0xE7, 0x07, 0x00, 0x00, 0xBF, 0xFF, 0x29, 
0xE4, 0xFF, 0xFF, 0x75, 0x00, 0x00, 0x00, 0x52, 0xFF, 0xFA, 0xFF, 0xFF, 
0xBD, 0x04, 0x00, 0x00, 0x00, 0x01, 0xB8, 0xFF, 0xFF, 0xDB, 0x13, 0x00, 
0x00, 0x00, 0x00, 0x00, 0x15, 0xAB, 0x95, 0x12, 0x00, 0x00, 0x00, 0x00, 
0x00, 0x00, 0x36, 0x01, 0x00, 0x00, 0xD8, 0x52, 0x00, 0x21, 0xFF, 0x8D, 
0x00, 0x69, 0xFF, 0x9C, 0x00, 0xAF, 0xFF, 0x8D, 0x00, 0xE8, 0xFF, 0x71, 
0x1F, 0xFF, 0xFF, 0x4E, 0x53, 0xFF, 0xFF, 0x28, 0x7A, 0xFF, 0xFB, 0x05, 
0x9D, 0xFF, 0xDB, 0x00, 0xBD, 0xFF, 0xB4, 0x00, 0xCE, 0xFF, 0x90, 0x00, 
0xDA, 0xFF, 0x70, 0x00, 0xDE, 0xFF, 0x54, 0x00, 0xC1, 0xFF, 0x41, 0x00, 
0x87, 0xFF, 0x4D, 0x00, 0x43, 0xFF, 0x8B, 0x00, 0x02, 0x5C, 0x48, 0x00, 
0x00, 0x00, 0x00, 0x02, 0x34, 0x41, 0x0A, 0x00, 0x00, 0x00, 0x00, 0x00, 
0x76, 0xE8, 0xFF, 0xFF, 0xE2, 0x3E, 0x00, 0x00, 0x00, 0x82, 0xFF, 0xFF, 
0xFF, 0xFF, 0xFF, 0xF9, 0x4B, 0x00, 0x0B, 0xFB, 0xFF, 0xFF, 0x4B, 0x14, 
0x38, 0xEB, 0xD6, 0x00, 0x0D, 0xFE, 0xFF, 0xCB, 0x00, 0x00, 0x00, 0xD6, 
0xFF, 0x14, 0x00, 0xCC, 0xEB, 0x2A, 0x00, 0x00, 0x3B, 0xFF, 0xFF, 0x14, 
0x00, 0x21, 0x1D, 0x00, 0x00, 0x00, 0xB2, 0xFF, 0xDC, 0x00, 0x00, 0x00, 
0x00, 0x00, 0x00, 0x4A, 0xFF, 0xFF, 0x7A, 0x00, 0x00, 0x00, 0x00, 0x00, 
0x12, 0xE1, 0xFF, 0xEA, 0x0D, 0x00, 0x00, 0x00, 0x00, 0x03, 0xBC, 0xFF, 
0xFF, 0x6B, 0x00, 0x00, 0x00, 0x00, 0x01, 0x9F, 0xFF, 0xFF, 0xD2, 0x05, 
0x00, 0x00, 0x00, 0x00, 0x96, 0xFF, 0xFF, 0xF2, 0x26, 0x00, 0x00, 0x00, 
0x00, 0x53, 0xFF, 0xFF, 0xFF, 0x54, 0x00, 0x00, 0x00, 0x00, 0x00, 0x8C, 
0xFF, 0xFF, 0xF4, 0x94, 0xA2, 0x5F, 0x00, 0x00, 0x00, 0x8E, 0xFF, 0xFF, 
0xFF, 0xFF, 0xFF, 0xAF, 0x00, 0x00, 0x00, 0x70, 0xFF, 0xFF, 0xFF, 0xFF, 
0xEC, 0x33, 0x00, 0x00, 0x00, 0x20, 0xFD, 0xFF, 0xFB, 0xAE, 0x22, 0x00, 
0x00, 0x00, 0x00, 0x00, 0x30, 0x3C, 0x12, 0x00, 0x00, 0x00, 0x00, 0x00, 
0x00, 0x00, 0x16, 0x9E, 0x74, 0x3E, 0x00, 0x00, 0x00, 0x00, 0x96, 0xFC, 
0xFF, 0xFF, 0xFF, 0x84, 0x00, 0x00, 0x00, 0xE8, 0xFF, 0xFF, 0xEC, 0xE8, 
0xFF, 0x46, 0x00, 0x00, 0xE7, 0xFF, 0xEC, 0x3D, 0x6C, 0xFF, 0xBB, 0x00, 
0x00, 0x66, 0x66, 0x0C, 0x07, 0xDB, 0xFF, 0xC3, 0x00, 0x00, 0x00, 0x00, 
0x01, 0x9B, 0xFF, 0xFF, 0x81, 0x00, 0x00, 0x00, 0x13, 0xA9, 0xFF, 0xFF, 
0xF1, 0x16, 0x00, 0x00, 0x00, 0xDE, 0xFF, 0xFF, 0xFF, 0x64, 0x00, 0x00, 
0x00, 0x00, 0xEC, 0xFF, 0xFF, 0xC3, 0x00, 0x00, 0x00, 0x00, 0x00, 0xE7, 
0xFF, 0xFF, 0xFD, 0x55, 0x00, 0x00, 0x00, 0x00, 0x7B, 0x51, 0x6A, 0xF4, 
0xF7, 0x2A, 0x00, 0x00, 0x00, 0x00, 0x00, 0x00, 0x74, 0xFF, 0xB9, 0x00, 
0x00, 0x00, 0x1C, 0x42, 0x0E, 0x5C, 0xFF, 0xFF, 0x11, 0x09, 0xDF, 0xFF, 
0xD0, 0x1F, 0xD6, 0xFF, 0xFF, 0x19, 0x15, 0xFF, 0xFF, 0xCC, 0xF5, 0xFF, 
0xFF, 0xDC, 0x00, 0x05, 0xFD, 0xFF, 0xFF, 0xFF, 0xFF, 0xFF, 0x58, 0x00, 
0x00, 0xC9, 0xFF, 0xFF, 0xFF, 0xFB, 0x75, 0x00, 0x00, 0x00, 0x3B, 0xD8, 
0xD7, 0x91, 0x27, 0x00, 0x00, 0x00, 0x00, 0x00, 0x00, 0x00, 0x00, 0x00, 
0x00, 0x01, 0x02, 0x00, 0x00, 0x00, 0x00, 0x00, 0x00, 0x00, 0x03, 0x67, 
0xE6, 0x9D, 0x00, 0x00, 0x00, 0x00, 0x00, 0x00, 0x30, 0xCD, 0xFF, 0xFF, 
0xE6, 0x00, 0x00, 0x00, 0x00, 0x00, 0x67, 0xF8, 0xFF, 0xFF, 0xFF, 0xFF, 
0x10, 0x00, 0x00, 0x00, 0x7D, 0xFF, 0xFF, 0xFF, 0xFF, 0xFF, 0xFF, 0x1C, 
0x00, 0x00, 0x50, 0xFF, 0xFF, 0xFF, 0xF1, 0xBD, 0xFF, 0xFF, 0x0E, 0x00, 
0x00, 0xD8, 0xFF, 0xFF, 0xF3, 0x33, 0x5D, 0xFF, 0xFA, 0x01, 0x00, 0x12, 
0xFF, 0xFF, 0xFF, 0x51, 0x00, 0x76, 0xFF, 0xE3, 0x00, 0x00, 0x0C, 0xFF, 
0xFF, 0x95, 0x00, 0x00, 0x90, 0xFF, 0xCA, 0x00, 0x00, 0x00, 0xEF, 0xFF, 
0x39, 0x2C, 0x4E, 0xC7, 0xFF, 0xF3, 0xB6, 0x15, 0x00, 0xBD, 0xFF, 0xFF, 
0xFF, 0xFF, 0xFF, 0xFF, 0xFF, 0xFF, 0x77, 0x00, 0x7E, 0xFF, 0xFF, 0xFF, 
0xFF, 0xFF, 0xFF, 0xEB, 0x8F, 0x13, 0x00, 0x15, 0xD7, 0xFF, 0xFF, 0xE9, 
0xFB, 0xFF, 0x64, 0x00, 0x00, 0x00, 0x00, 0x04, 0x32, 0x29, 0x01, 0xF8, 
0xFF, 0x49, 0x00, 0x00, 0x00, 0x00, 0x00, 0x00, 0x00, 0x08, 0xFF, 0xFF, 
0x2E, 0x00, 0x00, 0x00, 0x00, 0x00, 0x00, 0x00, 0x0C, 0xFF, 0xFF, 0x15, 
0x00, 0x00, 0x00, 0x00, 0x00, 0x00, 0x00, 0x00, 0xE8, 0xFF, 0x04, 0x00, 
0x00, 0x00, 0x00, 0x00, 0x00, 0x00, 0x00, 0x99, 0xFE, 0x00, 0x00, 0x00, 
0x00, 0x00, 0x00, 0x00, 0x00, 0x00, 0x29, 0xDC, 0x00, 0x00, 0x00, 0x00, 
0x00, 0x00, 0x00, 0x00, 0x00, 0x00, 0x01, 0x00, 0x00, 0x00, 0x00, 0x50, 
0xA4, 0xA4, 0xB7, 0xD6, 0x6B, 0x00, 0x00, 0xCA, 0xFF, 0xFF, 0xFF, 0xFF, 
0xF9, 0x02, 0x28, 0xFF, 0xFF, 0xFF, 0xFF, 0xE9, 0x55, 0x00, 0x7D, 0xFF, 
0xFF, 0x8D, 0x4D, 0x09, 0x00, 0x00, 0xC4, 0xFF, 0xDF, 0x09, 0x00, 0x00, 
0x00, 0x00, 0xE7, 0xFF, 0xFF, 0xF0, 0x72, 0x00, 0x00, 0x00, 0xC8, 0xFF, 
0xFF, 0xFF, 0xFF, 0x92, 0x00, 0x00, 0x80, 0xF6, 0xA3, 0x9F, 0xEB, 0xFF, 
0x45, 0x00, 0x22, 0x2F, 0x00, 0x00, 0x17, 0xEA, 0xBA, 0x00, 0x00, 0x00, 
0x00, 0x00, 0x00, 0xA1, 0xFC, 0x09, 0x00, 0x00, 0x00, 0x00, 0x00, 0x9F, 
0xFF, 0x2F, 0x00, 0x00, 0x0A, 0x9F, 0x00, 0xD2, 0xFF, 0x3B, 0x00, 0x1D, 
0xC9, 0xBC, 0x44, 0xFF, 0xFF, 0x2B, 0x34, 0xED, 0xFF, 0x8E, 0xE9, 0xFF, 
0xF5, 0x05, 0x7C, 0xFF, 0xFF, 0xFF, 0xFF, 0xFF, 0x9F, 0x00, 0x52, 0xFF, 
0xFF, 0xFF, 0xFF, 0xEE, 0x1D, 0x00, 0x10, 0xF7, 0xFF, 0xFF, 0xF6, 0x44, 
0x00, 0x00, 0x00, 0x5B, 0xD3, 0xB2, 0x30, 0x00, 0x00, 0x00, 0x00, 0x00, 
0x00, 0x00, 0x00, 0x3A, 0xB4, 0x76, 0x00, 0x00, 0x00, 0x00, 0x00, 0x00, 
0x54, 0xF9, 0xFF, 0xED, 0x00, 0x00, 0x00, 0x00, 0x00, 0x2A, 0xF7, 0xFF, 
0xFF, 0xDA, 0x00, 0x00, 0x00, 0x00, 0x05, 0xCE, 0xFF, 0xFF, 0xFF, 0x64, 
0x00, 0x00, 0x00, 0x00, 0x6E, 0xFF, 0xFF, 0xAE, 0x1B, 0x00, 0x00, 0x00, 
0x00, 0x08, 0xE6, 0xFF, 0xDE, 0x0F, 0x00, 0x00, 0x00, 0x00, 0x00, 0x5D, 
0xFF, 0xFF, 0x51, 0x00, 0x0E, 0x17, 0x00, 0x00, 0x00, 0xA7, 0xFF, 0xCC, 
0x00, 0x47, 0xF1, 0xFF, 0x7D, 0x00, 0x00, 0xE8, 0xFF, 0x65, 0x45, 0xFA, 
0xFF, 0xFF, 0xFC, 0x21, 0x04, 0xFE, 0xFC, 0x26, 0xE6, 0xFF, 0xFB, 0xFF, 
0xFF, 0x54, 0x19, 0xFF, 0xC9, 0x7A, 0xFF, 0xE8, 0x26, 0xD7, 0xFF, 0x40, 
0x1D, 0xFF, 0x9B, 0xD6, 0xFB, 0x3B, 0x6E, 0xFF, 0xFF, 0x18, 0x0F, 0xFF, 
0x73, 0xFB, 0x88, 0x46, 0xFB, 0xFF, 0xD2, 0x00, 0x00, 0xEB, 0x84, 0xF4, 
0x61, 0xF7, 0xFF, 0xFF, 0x79, 0x00, 0x00, 0xB2, 0xF7, 0xFA, 0xFF, 0xFF, 
0xFF, 0xEA, 0x0E, 0x00, 0x00, 0x54, 0xFF, 0xFF, 0xFF, 0xFF, 0xFF, 0x5D, 
0x00, 0x00, 0x00, 0x01, 0xBB, 0xFF, 0xFF, 0xFF, 0x8B, 0x00, 0x00, 0x00, 
0x00, 0x00, 0x10, 0x95, 0xBB, 0x69, 0x00, 0x00, 0x00, 0x00, 0x0A, 0x35, 
0x00, 0x00, 0x00, 0x00, 0x03, 0x37, 0x03, 0x00, 0x34, 0xF5, 0xC9, 0xCA, 
0xD2, 0xDD, 0xF2, 0xFF, 0x9F, 0x00, 0x2F, 0xFF, 0xFF, 0xFF, 0xFF, 0xFF, 
0xFF, 0xFF, 0xFB, 0x09, 0x0E, 0xFE, 0xFF, 0xFF, 0xFF, 0xFF, 0xFF, 0xFF, 
0x80, 0x00, 0x00, 0x7B, 0x43, 0x40, 0x2C, 0xF2, 0xFF, 0xF1, 0x0D, 0x00, 
0x00, 0x00, 0x00, 0x00, 0x52, 0xFF, 0xFF, 0x8C, 0x00, 0x00, 0x00, 0x00, 
0x00, 0x00, 0xAC, 0xFF, 0xFB, 0x1E, 0x00, 0x00, 0x00, 0x00, 0x00, 0x0E, 
0xF7, 0xFF, 0xA5, 0x00, 0x00, 0x00, 0x00, 0x00, 0x00, 0x5D, 0xFF, 0xFF, 
0x33, 0x00, 0x00, 0x00, 0x00, 0x00, 0x00, 0xAB, 0xFF, 0xC3, 0x00, 0x00, 
0x00, 0x00, 0x00, 0x00, 0x00, 0xE9, 0xFF, 0x54, 0x00, 0x00, 0x00, 0x00, 
0x00, 0x00, 0x1F, 0xFF, 0xFF, 0x23, 0x00, 0x00, 0x00, 0x00, 0x00, 0x00, 
0x45, 0xFF, 0xFF, 0x92, 0x00, 0x00, 0x00, 0x00, 0x00, 0x00, 0x5B, 0xFF, 
0xFF, 0x73, 0x00, 0x00, 0x00, 0x00, 0x00, 0x00, 0x5E, 0xFF, 0xFF, 0x28, 
0x00, 0x00, 0x00, 0x00, 0x00, 0x00, 0x4A, 0xFF, 0xD8, 0x00, 0x00, 0x00, 
0x00, 0x00, 0x00, 0x00, 0x15, 0xFE, 0x83, 0x00, 0x00, 0x00, 0x00, 0x00, 
0x00, 0x00, 0x00, 0x60, 0x13, 0x00, 0x00, 0x00, 0x00, 0x00, 0x00, 0x00, 
0x00, 0x00, 0x0F, 0x8A, 0x93, 0x02, 0x00, 0x00, 0x00, 0x00, 0x0B, 0xCE, 
0xFF, 0xFF, 0x3A, 0x00, 0x00, 0x00, 0x00, 0x9E, 0xFF, 0xFF, 0xFF, 0x84, 
0x00, 0x00, 0x00, 0x2A, 0xFE, 0xFF, 0xD9, 0x55, 0xFA, 0x1F, 0x00, 0x00, 
0x74, 0xFF, 0xCB, 0x13, 0x42, 0xFF, 0x65, 0x00, 0x00, 0x79, 0xFF, 0x2E, 
0x07, 0xD2, 0xFF, 0x5C, 0x00, 0x00, 0x2E, 0xFF, 0x68, 0xA5, 0xFF, 0xF2, 
0x0F, 0x00, 0x00, 0x00, 0xA0, 0xFA, 0xFF, 0xFF, 0x6F, 0x00, 0x00, 0x00, 
0x00, 0x8E, 0xFF, 0xFF, 0xB5, 0x01, 0x00, 0x00, 0x00, 0x7A, 0xFF, 0xFF, 
0xFF, 0xA1, 0x00, 0x00, 0x00, 0x50, 0xFE, 0xFF, 0xDB, 0x5A, 0xFC, 0x4D, 
0x00, 0x0D, 0xEC, 0xFF, 0xD9, 0x1A, 0x00, 0x8C, 0xBE, 0x00, 0x5E, 0xFF, 
0xD9, 0x1A, 0x00, 0x00, 0x44, 0xFA, 0x06, 0x7D, 0xFF, 0x27, 0x00, 0x00, 
0x34, 0xC9, 0xFF, 0x1B, 0x5E, 0xFF, 0xF1, 0xDB, 0xF0, 0xFF, 0xFF, 0xFF, 
0x0C, 0x13, 0xF4, 0xFF, 0xFF, 0xFF, 0xFF, 0xFF, 0xD9, 0x00, 0x00, 0x66, 
0xFE, 0xFF, 0xFF, 0xFF, 0xFA, 0x4C, 0x00, 0x00, 0x00, 0x3A, 0x93, 0xA6, 
0x86, 0x2A, 0x00, 0x00, 0x00, 0x00, 0x00, 0x00, 0x40, 0x9F, 0x36, 0x00, 
0x00, 0x00, 0x00, 0x00, 0x58, 0xFB, 0xFF, 0xF3, 0x34, 0x00, 0x00, 0x00, 
0x3D, 0xFA, 0xFF, 0xCB, 0xDE, 0xC6, 0x00, 0x00, 0x0A, 0xDE, 0xFF, 0xE9, 
0x15, 0xA9, 0xFF, 0x27, 0x00, 0x73, 0xFF, 0xFF, 0x5F, 0x00, 0xB8, 0xFF, 
0x64, 0x00, 0xD5, 0xFF, 0xD7, 0x02, 0x45, 0xFF, 0xFF, 0x81, 0x03, 0xFE, 
0xFF, 0x62, 0x1D, 0xE5, 0xFF, 0xFF, 0x92, 0x06, 0xFF, 0xEC, 0x3C, 0xDC, 
0xFF, 0xFF, 0xFF, 0x88, 0x00, 0xDF, 0xFD, 0xFF, 0xFF, 0xFF, 0xFF, 0xFF, 
0x72, 0x00, 0x86, 0xFF, 0xFF, 0xFF, 0xFE, 0xFF, 0xFF, 0x58, 0x00, 0x0B, 
0xC0, 0xFF, 0xE0, 0x88, 0xFF, 0xFF, 0x1D, 0x00, 0x00, 0x01, 0x2F, 0x0B, 
0xA1, 0xFF, 0xD9, 0x00, 0x00, 0x00, 0x12, 0x34, 0x0B, 0xF2, 0xFF, 0x85, 
0x00, 0x00, 0x11, 0xED, 0x4D, 0x84, 0xFF, 0xF8, 0x18, 0x00, 0x00, 0x13, 
0xFF, 0xE7, 0xFF, 0xFF, 0x98, 0x00, 0x00, 0x00, 0x00, 0xDD, 0xFF, 0xFF, 
0xE5, 0x11, 0x00, 0x00, 0x00, 0x00, 0x8B, 0xFF, 0xFF, 0x48, 0x00, 0x00, 
0x00, 0x00, 0x00, 0x0F, 0x92, 0x59, 0x00, 0x00, 0x00, 0x00, 0x00, 0x00, 
0x94, 0xAD, 0x08, 0x00, 0x31, 0xFF, 0xFF, 0x58, 0x00, 0x35, 0xFF, 0xFF, 
0x5C, 0x00, 0x01, 0xAB, 0xC4, 0x0B, 0x00, 0x00, 0x00, 0x00, 0x00, 0x00, 
0x00, 0x00, 0x00, 0x00, 0x00, 0x78, 0xBB, 0x16, 0x00, 0x10, 0xFD, 0xFF, 
0x7C, 0x00, 0x12, 0xFE, 0xFF, 0x80, 0x00, 0x00, 0x8C, 0xD3, 0x1D, 0x00, 
0x00, 0x00, 0x59, 0x71, 0x00, 0x00, 0x1E, 0xFD, 0xFF, 0x46, 0x00, 0x3A, 
0xFF, 0xFF, 0x65, 0x00, 0x07, 0xDD, 0xF0, 0x1D, 0x00, 0x00, 0x0C, 0x13, 
0x00, 0x00, 0x51, 0x1F, 0x00, 0x00, 0x00, 0xB2, 0xE5, 0x0D, 0x00, 0x00, 
0xD5, 0xFF, 0x53, 0x00, 0x00, 0xF4, 0xFF, 0x54, 0x00, 0x06, 0xFF, 0xFD, 
0x1B, 0x00, 0x02, 0xF9, 0xBB, 0x00, 0x00, 0x00, 0xCA, 0x44, 0x00, 0x00, 
0x00, 0x0C, 0x00, 0x00, 0x00, 0x00, 0x00, 0x00, 0x00, 0x00, 0x00, 0x0C, 
0x99, 0x0B, 0x00, 0x00, 0x00, 0x00, 0x08, 0x69, 0xE0, 0xFF, 0x50, 0x00, 
0x00, 0x16, 0x80, 0xEA, 0xFF, 0xF5, 0x96, 0x09, 0x00, 0x53, 0xF8, 0xFF, 
0xCD, 0x6A, 0x0F, 0x00, 0x00, 0x01, 0xDE, 0xFF, 0xFF, 0xCB, 0x50, 0x00, 
0x00, 0x00, 0x00, 0x58, 0xCE, 0xFF, 0xFF, 0xFF, 0xCA, 0x55, 0x0B, 0x00, 
0x00, 0x00, 0x46, 0xDD, 0xFF, 0xFF, 0xFF, 0xC5, 0x00, 0x00, 0x00, 0x00, 
0x0C, 0x98, 0xFE, 0xFF, 0x7D, 0x00, 0x00, 0x00, 0x00, 0x00, 0x00, 0x36, 
0x73, 0x05, 0x00, 0x86, 0x8F, 0x86, 0x7D, 0x75, 0x75, 0x68, 0x0F, 0x0D, 
0xFF, 0xFF, 0xFF, 0xFF, 0xFF, 0xFF, 0xFF, 0x9F, 0x00, 0x82, 0x7E, 0x76, 
0x75, 0x7A, 0x7D, 0x81, 0x5B, 0x00, 0x25, 0x45, 0x3E, 0x2F, 0x22, 0x1B, 
0x14, 0x05, 0x00, 0xC4, 0xFF, 0xFF, 0xFF, 0xFF, 0xFF, 0xFF, 0xCB, 0x00, 
0x68, 0xC2, 0xBD, 0xB9, 0xC2, 0xCC, 0xD6, 0xBC, 0x13, 0xA3, 0x6C, 0x04, 
0x00, 0x00, 0x00, 0x00, 0x00, 0x66, 0xFF, 0xFF, 0xCB, 0x28, 0x00, 0x00, 
0x00, 0x00, 0x02, 0x5C, 0xDE, 0xFF, 0xF6, 0x7B, 0x0F, 0x00, 0x00, 0x00, 
0x00, 0x08, 0x76, 0xE9, 0xFF, 0xF4, 0x90, 0x03, 0x00, 0x00, 0x05, 0x4D, 
0xAB, 0xFF, 0xFF, 0xD7, 0x00, 0x1C, 0x96, 0xED, 0xFF, 0xFF, 0xFF, 0xE2, 
0x42, 0x00, 0xB8, 0xFF, 0xFF, 0xFD, 0xB6, 0x4E, 0x03, 0x00, 0x00, 0x94, 
0xF7, 0x91, 0x22, 0x00, 0x00, 0x00, 0x00, 0x00, 0x15, 0x4F, 0x00, 0x00, 
0x00, 0x00, 0x00, 0x00, 0x00, 0x00, 0x00, 0x00, 0x1D, 0x3A, 0x06, 0x00, 
0x00, 0x00, 0x1C, 0xB4, 0xFF, 0xFF, 0xD1, 0x16, 0x00, 0x0B, 0xDD, 0xFF, 
0xED, 0xEB, 0xFF, 0xB9, 0x00, 0x58, 0xFF, 0xB9, 0x06, 0x01, 0x7C, 0xFF, 
0x31, 0x55, 0xEB, 0x1A, 0x00, 0x00, 0x54, 0xFF, 0x68, 0x08, 0x13, 0x00, 
0x00, 0x12, 0xDF, 0xFF, 0x6A, 0x00, 0x00, 0x00, 0x04, 0xBC, 0xFF, 0xFF, 
0x32, 0x00, 0x00, 0x00, 0x93, 0xFF, 0xFF, 0xB9, 0x00, 0x00, 0x00, 0x56, 
0xFF, 0xFF, 0xD9, 0x19, 0x00, 0x00, 0x02, 0xDD, 0xFF, 0xC6, 0x14, 0x00, 
0x00, 0x00, 0x22, 0xFF, 0xEA, 0x8F, 0x99, 0x00, 0x00, 0x00, 0x26, 0xFF, 
0xFF, 0xF3, 0x59, 0x00, 0x00, 0x00, 0x00, 0x97, 0x95, 0x21, 0x00, 0x00, 
0x00, 0x00, 0x00, 0x00, 0x00, 0x00, 0x00, 0x00, 0x00, 0x00, 0x00, 0x48, 
0x7E, 0x05, 0x00, 0x00, 0x00, 0x00, 0x0B, 0xF5, 0xFF, 0x66, 0x00, 0x00, 
0x00, 0x00, 0x1E, 0xFF, 0xFF, 0x85, 0x00, 0x00, 0x00, 0x00, 0x01, 0xC7, 
0xF9, 0x34, 0x00, 0x00, 0x00, 0x00, 0x00, 0x07, 0x18, 0x00, 0x00, 0x00, 
0x00, 0x00, 0x00, 0x00, 0x00, 0x00, 0x00, 0x16, 0x70, 0x9B, 0xB5, 0xA0, 
0x4A, 0x00, 0x00, 0x00, 0x00, 0x00, 0x00, 0x09, 0x91, 0xFA, 0xFE, 0xE4, 
0xE5, 0xFE, 0xFF, 0x76, 0x00, 0x00, 0x00, 0x00, 0x12, 0xD2, 0xF7, 0x7E, 
0x16, 0x00, 0x00, 0x2F, 0xED, 0xF7, 0x0F, 0x00, 0x00, 0x04, 0xC6, 0xF2, 
0x38, 0x00, 0x00, 0x00, 0x00, 0x00, 0x99, 0xFF, 0x4D, 0x00, 0x00, 0x73, 
0xFF, 0x45, 0x00, 0x00, 0x31, 0x2C, 0x00, 0x00, 0x90, 0xFF, 0x71, 0x00, 
0x0A, 0xEF, 0xAD, 0x00, 0x00, 0x62, 0xFB, 0xF3, 0x0D, 0x00, 0x9E, 0xFF, 
0x7E, 0x00, 0x64, 0xFF, 0x3D, 0x00, 0x45, 0xFC, 0xB7, 0xE3, 0xA5, 0x00, 
0xB6, 0xFF, 0x7A, 0x00, 0xB2, 0xEF, 0x03, 0x0C, 0xE4, 0xDB, 0x58, 0xFF, 
0xA8, 0x00, 0xE7, 0xFF, 0x65, 0x00, 0xEC, 0xC4, 0x00, 0x83, 0xFF, 0x4B, 
0xD0, 0xFF, 0x88, 0x2D, 0xFF, 0xFF, 0x36, 0x09, 0xFF, 0xAD, 0x00, 0xD8, 
0xD2, 0x85, 0xFF, 0xFF, 0x68, 0x9B, 0xFF, 0xE6, 0x02, 0x16, 0xFF, 0xA9, 
0x00, 0xBF, 0xE0, 0xFF, 0xD5, 0xC5, 0xB3, 0xFE, 0xFF, 0x78, 0x00, 0x03, 
0xFC, 0xBB, 0x00, 0x54, 0xFF, 0xFE, 0x44, 0x59, 0xFF, 0xFF, 0xC6, 0x08, 
0x00, 0x00, 0xD5, 0xE5, 0x00, 0x01, 0x84, 0x63, 0x00, 0x00, 0x77, 0x84, 
0x0F, 0x00, 0x00, 0x00, 0x86, 0xFF, 0x31, 0x00, 0x00, 0x00, 0x00, 0x00, 
0x00, 0x00, 0x00, 0x00, 0x00, 0x00, 0x23, 0xFB, 0xB8, 0x04, 0x00, 0x0F, 
0x5D, 0x9B, 0x00, 0x00, 0x00, 0x00, 0x00, 0x00, 0x00, 0x81, 0xFF, 0xDD, 
0xCC, 0xFB, 0xFF, 0xB5, 0x00, 0x00, 0x00, 0x00, 0x00, 0x00, 0x00, 0x00, 
0x5F, 0xD5, 0xFE, 0xEB, 0x9D, 0x1C, 0x00, 0x00, 0x00, 0x00, 0x00, 0x00, 
0x00, 0x00, 0x00, 0x00, 0x04, 0x00, 0x00, 0x00, 0x00, 0x00, 0x00, 0x00, 
0x00, 0x00, 0x00, 0x00, 0x00, 0x00, 0x00, 0x00, 0x00, 0x00, 0x00, 0x09, 
0x11, 0x00, 0x00, 0x00, 0x00, 0x00, 0x00, 0x00, 0x00, 0x00, 0x00, 0x00, 
0x00, 0x00, 0x03, 0xE7, 0xFF, 0xCF, 0x22, 0x00, 0x00, 0x00, 0x00, 0x00, 
0x00, 0x00, 0x00, 0x00, 0x00, 0x00, 0x0E, 0xFF, 0xFF, 0xFF, 0x9F, 0x00, 
0x00, 0x00, 0x00, 0x00, 0x00, 0x00, 0x00, 0x00, 0x00, 0x00, 0x1A, 0xFF, 
0xFE, 0xFF, 0xA2, 0x00, 0x00, 0x00, 0x00, 0x00, 0x00, 0x00, 0x00, 0x00, 
0x00, 0x00, 0x31, 0xFF, 0xD8, 0xFF, 0x86, 0x00, 0x00, 0x00, 0x00, 0x00, 
0x00, 0x00, 0x00, 0x00, 0x00, 0x00, 0x50, 0xFF, 0xA4, 0xFF, 0x6B, 0x00, 
0x00, 0x00, 0x00, 0x00, 0x00, 0x00, 0x00, 0x00, 0x00, 0x00, 0x78, 0xFF, 
0x6F, 0xFF, 0x56, 0x00, 0x00, 0x00, 0x00, 0x00, 0x00, 0x00, 0x00, 0x00, 
0x00, 0x00, 0xA3, 0xEE, 0x4C, 0xFF, 0x46, 0x00, 0x00, 0x00, 0x00, 0x00, 
0x00, 0x00, 0x00, 0x00, 0x00, 0x00, 0xD5, 0xC1, 0x43, 0xFF, 0x3A, 0x0C, 
0x17, 0x00, 0x00, 0x00, 0x00, 0x00, 0x00, 0x00, 0x00, 0x0C, 0xFD, 0x94, 
0x3B, 0xFF, 0x86, 0xE0, 0x4B, 0x00, 0x00, 0x01, 0x34, 0x70, 0x96, 0xA4, 
0xA2, 0xAF, 0xFF, 0xD6, 0xD5, 0xFF, 0xFF, 0x97, 0x00, 0x04, 0x76, 0xE0, 
0xFF, 0xFF, 0xFF, 0xFF, 0xFF, 0xFF, 0xFF, 0xFF, 0xFF, 0xFF, 0x80, 0x00, 
0x00, 0x7D, 0xFF, 0xE0, 0xBB, 0xA3, 0x96, 0x91, 0x90, 0xEF, 0xF6, 0x81, 
0x6E, 0xFF, 0x34, 0x00, 0x00, 0xB1, 0x3F, 0x00, 0x00, 0x00, 0x00, 0x00, 
0x19, 0xFD, 0xBF, 0x00, 0x07, 0xFF, 0xB1, 0x11, 0x00, 0x8A, 0x7A, 0x00, 
0x00, 0x00, 0x00, 0x00, 0x7D, 0xFF, 0x81, 0x00, 0x00, 0xF4, 0xFF, 0xAD, 
0x00, 0x24, 0xFC, 0xA7, 0x37, 0x02, 0x05, 0x53, 0xF4, 0xFF, 0x3D, 0x00, 
0x00, 0xE1, 0xFF, 0xFF, 0x1F, 0x00, 0x8A, 0xFF, 0xFF, 0xF7, 0xF8, 0xFF, 
0xFF, 0xDE, 0x01, 0x00, 0x00, 0xD0, 0xFF, 0xF8, 0x0A, 0x00, 0x02, 0x98, 
0xFF, 0xFF, 0xFF, 0xFF, 0xFF, 0x4F, 0x00, 0x00, 0x00, 0xB1, 0xFF, 0xAD, 
0x00, 0x00, 0x00, 0x00, 0x40, 0xA9, 0xDD, 0xC3, 0x4D, 0x00, 0x00, 0x00, 
0x00, 0x65, 0xFF, 0x66, 0x00, 0x00, 0x00, 0x00, 0x00, 0x00, 0x00, 0x00, 
0x00, 0x00, 0x00, 0x00, 0x00, 0x02, 0x5C, 0x0E, 0x00, 0x00, 0x00, 0x00, 
0x0C, 0x27, 0x3E, 0x39, 0x18, 0x00, 0x00, 0x00, 0x00, 0x00, 0x0E, 0x7B, 
0xC5, 0xFD, 0xFF, 0xFF, 0xFF, 0xFF, 0xC8, 0x38, 0x00, 0x00, 0x00, 0x37, 
0xFF, 0xFF, 0xFF, 0xFF, 0xFF, 0xFF, 0xFF, 0xFF, 0xF7, 0x35, 0x00, 0x00, 
0x20, 0xF0, 0xA9, 0x72, 0x60, 0xC7, 0x69, 0x8B, 0xE5, 0xFF, 0xC1, 0x00, 
0x00, 0x00, 0x01, 0x00, 0x00, 0x00, 0xEA, 0x2B, 0x00, 0x20, 0xFF, 0xFF, 
0x11, 0x00, 0x00, 0x00, 0x00, 0x00, 0x01, 0xFC, 0x2C, 0x0B, 0xBA, 0xFF, 
0xFF, 0x1D, 0x00, 0x00, 0x00, 0x00, 0x00, 0x12, 0xFF, 0x3D, 0xCD, 0xFF, 
0xFF, 0xC2, 0x00, 0x00, 0x00, 0x00, 0x00, 0x00, 0x27, 0xFF, 0xF6, 0xFF, 
0xFF, 0xDC, 0x1C, 0x00, 0x00, 0x00, 0x00, 0x00, 0x00, 0x7C, 0xFF, 0xFF, 
0xFF, 0xC9, 0x18, 0x00, 0x00, 0x00, 0x00, 0x00, 0x00, 0x00, 0xE8, 0xFF, 
0xFF, 0xAB, 0x06, 0x00, 0x00, 0x00, 0x00, 0x00, 0x00, 0x00, 0x14, 0xFF, 
0xFF, 0xFF, 0xFE, 0xBD, 0x3D, 0x00, 0x00, 0x00, 0x00, 0x00, 0x00, 0x01, 
0xBA, 0xE2, 0x7D, 0xD2, 0xFF, 0xFE, 0x86, 0x00, 0x00, 0x00, 0x00, 0x00, 
0x00, 0xB1, 0xAB, 0x00, 0x00, 0x49, 0xE0, 0xFF, 0x65, 0x00, 0x00, 0x00, 
0x00, 0x00, 0xCB, 0x87, 0x11, 0x15, 0x00, 0x1A, 0xE7, 0xDF, 0x00, 0x00, 
0x00, 0x00, 0x00, 0xD8, 0xA1, 0x6A, 0x0A, 0x00, 0x00, 0xB8, 0xFF, 0x12, 
0x00, 0x00, 0x00, 0x00, 0xD8, 0xC1, 0x00, 0x00, 0x2F, 0xB8, 0xFF, 0xED, 
0x03, 0x00, 0x00, 0x00, 0x00, 0xD0, 0xF0, 0x90, 0xC3, 0xFF, 0xFF, 0xFD, 
0x5B, 0x00, 0x00, 0x00, 0x00, 0x07, 0xFD, 0xFF, 0xFF, 0xFF, 0xFE, 0xBF, 
0x3B, 0x00, 0x00, 0x00, 0x00, 0x00, 0x00, 0x73, 0xB2, 0x98, 0x61, 0x1D, 
0x00, 0x00, 0x00, 0x00, 0x00, 0x00, 0x00, 0x00, 0x00, 0x4D, 0x92, 0x0D, 
0x00, 0x00, 0x00, 0x00, 0x00, 0x6C, 0xB2, 0xFF, 0xAF, 0x00, 0x00, 0x00, 
0x00, 0x23, 0xF8, 0xF2, 0xFF, 0xFE, 0x19, 0x00, 0x00, 0x00, 0xB4, 0xF4, 
0x3B, 0xFF, 0xFF, 0x37, 0x00, 0x00, 0x39, 0xFF, 0xA0, 0x05, 0xFB, 0xFF, 
0x26, 0x00, 0x00, 0xA8, 0xFF, 0x4C, 0x00, 0xC6, 0xEF, 0x05, 0x00, 0x1B, 
0xFB, 0xF5, 0x07, 0x00, 0x6D, 0x9A, 0x00, 0x00, 0x74, 0xFF, 0xC0, 0x00, 
0x00, 0x08, 0x15, 0x00, 0x00, 0xBF, 0xFF, 0x88, 0x00, 0x00, 0x00, 0x00, 
0x02, 0x04, 0xF6, 0xFF, 0x61, 0x00, 0x00, 0x00, 0x2A, 0x34, 0x24, 0xFF, 
0xFF, 0x40, 0x00, 0x00, 0x00, 0x7B, 0x6D, 0x3D, 0xFF, 0xFF, 0x2E, 0x00, 
0x00, 0x01, 0xD7, 0x8B, 0x44, 0xFF, 0xFF, 0x24, 0x00, 0x00, 0x4E, 0xFF, 
0x93, 0x37, 0xFF, 0xFF, 0x29, 0x00, 0x02, 0xCA, 0xFF, 0x77, 0x19, 0xFF, 
0xFF, 0x38, 0x00, 0x6C, 0xFF, 0xFF, 0x36, 0x00, 0xDE, 0xFF, 0x58, 0x2B, 
0xF1, 0xFF, 0xD0, 0x01, 0x00, 0x71, 0xFF, 0xA8, 0xE3, 0xFF, 0xFD, 0x41, 
0x00, 0x00, 0x02, 0x97, 0xFD, 0xFF, 0xFF, 0x78, 0x00, 0x00, 0x00, 0x00, 
0x00, 0x21, 0x4F, 0x36, 0x00, 0x00, 0x00, 0x00, 0x00, 0x00, 0x00, 0x02, 
0x1F, 0x22, 0x03, 0x00, 0x00, 0x00, 0x00, 0x00, 0x0C, 0x64, 0xB6, 0xF4, 
0xFF, 0xFF, 0xED, 0x77, 0x02, 0x00, 0x00, 0x5D, 0xEE, 0xFF, 0xFF, 0xFF, 
0xF5, 0xF5, 0xFF, 0xFF, 0x96, 0x00, 0x00, 0xB6, 0xFF, 0xFF, 0xFF, 0xD4, 
0x05, 0x06, 0x7E, 0xFE, 0xFF, 0x48, 0x00, 0xAB, 0xFF, 0x90, 0xD8, 0xE2, 
0x00, 0x00, 0x00, 0x94, 0xFF, 0xC5, 0x00, 0x49, 0x42, 0x00, 0xC5, 0xEC, 
0x00, 0x00, 0x00, 0x1B, 0xFF, 0xFF, 0x1C, 0x00, 0x00, 0x00, 0xD8, 0xE8, 
0x00, 0x00, 0x00, 0x00, 0xD8, 0xFF, 0x5A, 0x00, 0x00, 0x00, 0xF2, 0xD5, 
0x00, 0x00, 0x00, 0x00, 0xBB, 0xFF, 0x75, 0x00, 0x00, 0x09, 0xFF, 0xB9, 
0x00, 0x00, 0x00, 0x00, 0xAC, 0xFF, 0x7D, 0x00, 0x00, 0x1F, 0xFF, 0x97, 
0x00, 0x00, 0x00, 0x00, 0xB6, 0xFF, 0x66, 0x00, 0x00, 0x32, 0xFF, 0x71, 
0x00, 0x00, 0x00, 0x00, 0xCF, 0xFF, 0x34, 0x00, 0x00, 0x40, 0xFF, 0x4B, 
0x09, 0x00, 0x00, 0x05, 0xF8, 0xE5, 0x01, 0x00, 0x17, 0x4B, 0xFF, 0x54, 
0x80, 0x00, 0x00, 0x44, 0xFF, 0x7F, 0x00, 0x00, 0x68, 0xE7, 0xFF, 0xA3, 
0x9B, 0x00, 0x00, 0xA1, 0xEE, 0x12, 0x00, 0x00, 0x46, 0xFF, 0xF0, 0xD6, 
0xED, 0x13, 0x24, 0xFA, 0x6D, 0x00, 0x00, 0x00, 0x22, 0xFF, 0xE0, 0xF1, 
0xFF, 0xDF, 0xE8, 0xCE, 0x04, 0x00, 0x00, 0x00, 0x01, 0xEB, 0xDB, 0xDB, 
0xFF, 0xFF, 0xF1, 0x24, 0x00, 0x00, 0x00, 0x00, 0x00, 0x76, 0x90, 0x5F, 
0xFC, 0xEA, 0x44, 0x00, 0x00, 0x00, 0x00, 0x00, 0x00, 0x00, 0x00, 0x00, 
0x0A, 0x02, 0x00, 0x00, 0x00, 0x00, 0x00, 0x00, 0x00, 0x00, 0x00, 0x00, 
0x00, 0x00, 0x00, 0x24, 0x6A, 0x08, 0x00, 0x00, 0x00, 0x00, 0x00, 0x00, 
0x00, 0x0D, 0x88, 0xF9, 0xFF, 0xE7, 0x7C, 0x00, 0x00, 0x00, 0x00, 0x00, 
0x4F, 0xE4, 0xFF, 0xFF, 0xFF, 0xFF, 0xA4, 0x00, 0x00, 0x00, 0x01, 0x8F, 
0xFF, 0xFF, 0xBD, 0xFD, 0xEB, 0x72, 0x03, 0x00, 0x00, 0x00, 0x70, 0xFF, 
0xE0, 0x42, 0x10, 0x63, 0x08, 0x00, 0x00, 0x00, 0x00, 0x00, 0xC4, 0xFA, 
0x2B, 0x00, 0x00, 0x00, 0x00, 0x00, 0x00, 0x00, 0x00, 0x00, 0xB7, 0xA2, 
0x00, 0x00, 0x00, 0x00, 0x00, 0x00, 0x00, 0x00, 0x00, 0x00, 0x4F, 0xDC, 
0x70, 0x4D, 0x42, 0x65, 0x61, 0x00, 0x00, 0x00, 0x00, 0x00, 0x00, 0x4B, 
0xE2, 0xFF, 0xFF, 0xFF, 0xFF, 0x57, 0x00, 0x00, 0x00, 0x00, 0x41, 0xC6, 
0xFF, 0xFF, 0xFF, 0xF6, 0xC6, 0x83, 0x00, 0x00, 0x00, 0x80, 0xFF, 0xFF, 
0xFB, 0xA8, 0x4E, 0x09, 0x00, 0x00, 0x00, 0x00, 0x47, 0xFF, 0xFF, 0xCE, 
0x29, 0x00, 0x00, 0x00, 0x00, 0x00, 0x00, 0x00, 0xC5, 0xFF, 0xD4, 0x10, 
0x00, 0x08, 0x48, 0x5C, 0x29, 0x00, 0x00, 0x16, 0xFE, 0xFE, 0x32, 0x00, 
0x55, 0xE9, 0xF8, 0xFF, 0xFE, 0x82, 0x00, 0x32, 0xFF, 0xD9, 0x00, 0x5B, 
0xF4, 0x7F, 0x0C, 0xB4, 0xFF, 0xFF, 0x22, 0x0D, 0xF4, 0xE0, 0x01, 0x93, 
0x1D, 0x00, 0x10, 0xD8, 0xFF, 0xFF, 0x29, 0x00, 0x7E, 0xFF, 0x92, 0x48, 
0x5A, 0x97, 0xEC, 0xFF, 0xFF, 0xB2, 0x00, 0x00, 0x02, 0x93, 0xFE, 0xFF, 
0xFF, 0xFF, 0xFF, 0xF0, 0x85, 0x06, 0x00, 0x00, 0x00, 0x00, 0x1F, 0x59, 
0x66, 0x58, 0x35, 0x04, 0x00, 0x00, 0x00, 0x00, 0x00, 0x00, 0x4C, 0x2D, 
0x00, 0x0B, 0x01, 0x00, 0x00, 0x00, 0x00, 0x00, 0x00, 0x00, 0x00, 0x00, 
0x7E, 0xEE, 0xCC, 0xFF, 0xEB, 0x46, 0x00, 0x00, 0x00, 0x00, 0x00, 0x00, 
0x00, 0x00, 0xB5, 0xFF, 0xD9, 0x96, 0xF2, 0xED, 0x11, 0x00, 0x00, 0x00, 
0x00, 0x00, 0x00, 0x2E, 0xFC, 0xFF, 0x36, 0x00, 0x87, 0xFF, 0x5B, 0x00, 
0x00, 0x00, 0x00, 0x00, 0x0C, 0xD3, 0xFF, 0xF0, 0x03, 0x00, 0x5A, 0xFF, 
0x88, 0x00, 0x00, 0x00, 0x00, 0x00, 0xAD, 0xFF, 0xFF, 0xA2, 0x00, 0x00, 
0x40, 0xFF, 0x9E, 0x00, 0x00, 0x00, 0x00, 0x44, 0xFF, 0xFF, 0xFF, 0x3B, 
0x00, 0x00, 0x35, 0xFF, 0xA2, 0x00, 0x41, 0xA8, 0x1E, 0x7D, 0xFF, 0xFF, 
0xB5, 0x00, 0x00, 0x00, 0x37, 0xFF, 0xD5, 0xD5, 0xFF, 0xB4, 0x00, 0x67, 
0xFF, 0xED, 0x1C, 0x00, 0x00, 0x36, 0xAF, 0xFF, 0xFF, 0xFF, 0xD2, 0x0F, 
0x00, 0x12, 0x9E, 0x32, 0x00, 0x2B, 0xB9, 0xFF, 0xFF, 0xFF, 0xFF, 0xAA, 
0x18, 0x00, 0x00, 0x00, 0x00, 0x00, 0x6C, 0xF8, 0xFF, 0xFF, 0xFE, 0xFF, 
0x5D, 0x00, 0x00, 0x00, 0x00, 0x00, 0x00, 0x5F, 0x9A, 0x76, 0x56, 0x24, 
0xDB, 0xFD, 0x0F, 0x00, 0x00, 0x00, 0x00, 0x00, 0x12, 0x74, 0x00, 0x00, 
0x00, 0x29, 0xFF, 0xC6, 0x00, 0x00, 0x00, 0x00, 0x00, 0x00, 0x4C, 0xC9, 
0x04, 0x00, 0x00, 0x8B, 0xFF, 0x71, 0x00, 0x00, 0x00, 0x00, 0x00, 0x00, 
0x3E, 0xFF, 0xA8, 0x09, 0x13, 0xF2, 0xF8, 0x14, 0x00, 0x00, 0x00, 0x00, 
0x00, 0x00, 0x10, 0xF9, 0xFF, 0xEA, 0xE6, 0xFF, 0x97, 0x00, 0x00, 0x00, 
0x00, 0x00, 0x00, 0x00, 0x00, 0xA9, 0xFF, 0xFF, 0xFF, 0xF6, 0x1E, 0x00, 
0x00, 0x00, 0x00, 0x00, 0x00, 0x00, 0x00, 0x1D, 0xDB, 0xFF, 0xFF, 0x68, 
0x00, 0x00, 0x00, 0x00, 0x00, 0x00, 0x00, 0x00, 0x00, 0x00, 0x0A, 0x57, 
0x37, 0x00, 0x00, 0x00, 0x00, 0x00, 0x00, 0x00, 0x00, 0x00, 0x00, 0x00, 
0x00, 0x57, 0xAA, 0x79, 0x17, 0x00, 0x00, 0x00, 0x00, 0x00, 0x00, 0x10, 
0xF2, 0xFF, 0xFF, 0xE8, 0x18, 0x00, 0x00, 0x00, 0x00, 0x00, 0x7A, 0xFF, 
0xDC, 0xFD, 0xFF, 0x67, 0x00, 0x00, 0x00, 0x00, 0x06, 0xE6, 0xFF, 0x4F, 
0xED, 0xFF, 0x32, 0x00, 0x00, 0x00, 0x00, 0x5D, 0xFF, 0xE2, 0x03, 0xD4, 
0xB1, 0x00, 0x00, 0x00, 0x00, 0x00, 0xCA, 0xFF, 0x86, 0x00, 0x96, 0x5E, 
0x00, 0x00, 0x00, 0x00, 0x2A, 0xFF, 0xFF, 0x28, 0x00, 0x07, 0x05, 0x00, 
0x00, 0x00, 0x00, 0x83, 0xFF, 0xD8, 0x00, 0x00, 0x00, 0x04, 0x5B, 0xBE, 
0x6F, 0x00, 0xC8, 0xFF, 0x91, 0x00, 0x0B, 0x6E, 0xDF, 0xFF, 0xFF, 0xCF, 
0x08, 0xFA, 0xFF, 0x56, 0x80, 0xEE, 0xFF, 0xFF, 0xFD, 0xA2, 0x1C, 0x2D, 
0xFF, 0xFF, 0x27, 0x97, 0xED, 0xFF, 0xFF, 0xA1, 0x00, 0x00, 0x42, 0xFF, 
0xFF, 0x08, 0x00, 0x00, 0x86, 0xFF, 0xEC, 0x05, 0x00, 0x40, 0xFF, 0xF9, 
0x00, 0x00, 0x00, 0x93, 0xFF, 0xFF, 0x28, 0x00, 0x29, 0xFF, 0xFB, 0x00, 
0x00, 0x03, 0xDE, 0xFF, 0xFF, 0x29, 0x00, 0x0A, 0xF9, 0xFF, 0x0B, 0x00, 
0x63, 0xFF, 0xFF, 0xEF, 0x03, 0x00, 0x00, 0xBA, 0xFF, 0x33, 0x26, 0xF0, 
0xFF, 0xFF, 0x8B, 0x00, 0x00, 0x00, 0x50, 0xFF, 0xE0, 0xF0, 0xFF, 0xFF, 
0xE2, 0x10, 0x00, 0x00, 0x00, 0x00, 0x5B, 0xD5, 0xFF, 0xFF, 0xC4, 0x26, 
0x00, 0x00, 0x00, 0x00, 0x00, 0x00, 0x00, 0x09, 0x0B, 0x00, 0x00, 0x00, 
0x00, 0x00, 0x00, 0x00, 0x00, 0x00, 0x00, 0x11, 0x28, 0x03, 0x00, 0x00, 
0x53, 0x10, 0x00, 0x00, 0x00, 0x00, 0x00, 0x5F, 0xF6, 0xFF, 0xCD, 0x08, 
0x00, 0x89, 0xA0, 0x00, 0x00, 0x00, 0x05, 0x98, 0xFF, 0xCF, 0x9C, 0xFF, 
0x71, 0x00, 0xC5, 0x9C, 0x00, 0x00, 0x0C, 0xBA, 0xFF, 0xFF, 0x88, 0x33, 
0xFF, 0xC5, 0x09, 0xF9, 0x6E, 0x00, 0x07, 0xC9, 0xFF, 0xFF, 0xFF, 0xCF, 
0x6F, 0xFF, 0xCA, 0x40, 0xFF, 0x3F, 0x00, 0x2F, 0xFF, 0xFF, 0xFF, 0xE9, 
0x21, 0xB0, 0xFF, 0xA3, 0x79, 0xFF, 0x13, 0x00, 0x04, 0xE8, 0xFF, 0xEE, 
0x31, 0x02, 0xEF, 0xFF, 0x6E, 0xA3, 0xF2, 0x00, 0x00, 0x00, 0x7C, 0xDD, 
0x2D, 0x00, 0x33, 0xFF, 0xFF, 0x36, 0xCC, 0xD2, 0x00, 0x00, 0x00, 0x00, 
0x02, 0x00, 0x00, 0x71, 0xFF, 0xF7, 0x06, 0xF3, 0xB8, 0x05, 0x00, 0x00, 
0x00, 0x00, 0x00, 0x00, 0xAD, 0xFF, 0xE6, 0x9F, 0xFF, 0xFF, 0xF3, 0x67, 
0x00, 0x00, 0x51, 0x68, 0x98, 0xF4, 0xFF, 0xFF, 0xFF, 0xFF, 0xFF, 0xE1, 
0x2B, 0x00, 0x00, 0x56, 0xFF, 0xFF, 0xFF, 0xFF, 0xFF, 0xFF, 0xFF, 0xAC, 
0x14, 0x00, 0x00, 0x00, 0x00, 0xB8, 0xFF, 0xFF, 0xFE, 0x76, 0x7B, 0xFF, 
0x5A, 0x00, 0x00, 0x00, 0x00, 0x00, 0x04, 0x99, 0xFF, 0xD7, 0x00, 0x6D, 
0xFF, 0x4B, 0x00, 0x00, 0x00, 0x00, 0x00, 0x00, 0x9D, 0xFF, 0xA2, 0x00, 
0x7C, 0xFF, 0x58, 0x00, 0x00, 0x00, 0x00, 0x00, 0x00, 0xB3, 0xFF, 0x77, 
0x00, 0x7E, 0xFF, 0x7F, 0x00, 0x00, 0x00, 0x00, 0x00, 0x00, 0x94, 0xFF, 
0x80, 0x00, 0x3F, 0xFF, 0xA2, 0x00, 0x00, 0x00, 0x00, 0x00, 0x00, 0x2E, 
0xFE, 0x9A, 0x00, 0x00, 0x83, 0x6E, 0x00, 0x00, 0x00, 0x00, 0x00, 0x00, 
0x00, 0x76, 0x3E, 0x00, 0x00, 0x00, 0x00, 0x00, 0x00, 0x00, 0x00, 0x00, 
0x3C, 0xD5, 0x84, 0x00, 0x00, 0x00, 0x16, 0xDE, 0xB5, 0xFD, 0x1C, 0x00, 
0x00, 0xB3, 0xB6, 0x0A, 0xFF, 0x57, 0x00, 0x06, 0xE4, 0xB6, 0x0C, 0xFF, 
0x75, 0x00, 0x63, 0xFF, 0xD1, 0x1B, 0xFF, 0x83, 0x00, 0xD6, 0xFF, 0xB8, 
0x34, 0xFF, 0x86, 0x3F, 0xFF, 0xFF, 0x86, 0x55, 0xFF, 0x80, 0x73, 0xFF, 
0xFF, 0x4B, 0x7B, 0xFF, 0x79, 0x1D, 0xF2, 0xF9, 0x0D, 0xA2, 0xFF, 0x6F, 
0x00, 0x58, 0x8B, 0x00, 0xCB, 0xFF, 0x5C, 0x00, 0x00, 0x00, 0x00, 0xF2, 
0xFF, 0x48, 0x00, 0x00, 0x00, 0x1C, 0xFF, 0xFF, 0x32, 0x00, 0x00, 0x00, 
0x43, 0xFF, 0xFF, 0x14, 0x00, 0x02, 0x09, 0x68, 0xFF, 0xF4, 0x00, 0x00, 
0x7F, 0xC9, 0x9D, 0xFF, 0xD4, 0x00, 0x00, 0xA9, 0xFF, 0xFF, 0xFF, 0xAD, 
0x00, 0x00, 0x1F, 0xE5, 0xFF, 0xFF, 0x84, 0x00, 0x00, 0x00, 0x28, 0xE6, 
0xFF, 0x5A, 0x00, 0x00, 0x00, 0x00, 0x22, 0xAA, 0x1D, 0x00, 0x00, 0x00, 
0x36, 0x95, 0x92, 0x8E, 0x8A, 0x86, 0x82, 0x7E, 0x7C, 0x7D, 0x7E, 0x6B, 
0x0D, 0x00, 0x00, 0x6D, 0xFF, 0xFF, 0xFF, 0xFF, 0xFF, 0xFF, 0xFF, 0xFF, 
0xFF, 0xFF, 0xFF, 0x8C, 0x00, 0x00, 0x24, 0xC5, 0xE8, 0xF8, 0xFF, 0xFF, 
0xFF, 0xFF, 0xFF, 0xFF, 0xFA, 0xB8, 0x24, 0x00, 0x00, 0x00, 0x00, 0x00, 
0x00, 0x07, 0x91, 0xF4, 0x31, 0x2A, 0x1C, 0x03, 0x00, 0x00, 0x00, 0x00, 
0x00, 0x00, 0x00, 0x00, 0x00, 0xAB, 0x92, 0x00, 0x00, 0x00, 0x00, 0x00, 
0x00, 0x00, 0x00, 0x00, 0x00, 0x00, 0x00, 0x00, 0xAC, 0x5A, 0x00, 0x00, 
0x00, 0x00, 0x00, 0x00, 0x00, 0x00, 0x00, 0x00, 0x00, 0x00, 0x00, 0x97, 
0x4D, 0x00, 0x00, 0x00, 0x00, 0x00, 0x00, 0x00, 0x00, 0x00, 0x00, 0x00, 
0x00, 0x00, 0x75, 0x6F, 0x00, 0x00, 0x00, 0x00, 0x00, 0x00, 0x00, 0x00, 
0x00, 0x00, 0x00, 0x00, 0x00, 0x4F, 0xA2, 0x00, 0x00, 0x00, 0x00, 0x00, 
0x00, 0x00, 0x00, 0x00, 0x00, 0x00, 0x00, 0x00, 0x29, 0xDB, 0x00, 0x00, 
0x00, 0x00, 0x00, 0x00, 0x00, 0x00, 0x00, 0x00, 0x00, 0x00, 0x00, 0x12, 
0xFF, 0x11, 0x00, 0x00, 0x00, 0x00, 0x00, 0x00, 0x00, 0x00, 0x00, 0x00, 
0x00, 0x00, 0x12, 0xFF, 0x38, 0x00, 0x00, 0x00, 0x00, 0x00, 0x00, 0x00, 
0x00, 0x00, 0x0C, 0x13, 0x03, 0x2F, 0xFF, 0x49, 0x00, 0x00, 0x00, 0x00, 
0x00, 0x04, 0x6D, 0xBC, 0xF2, 0xFF, 0xF9, 0x7D, 0x87, 0xFF, 0x3F, 0x00, 
0x00, 0x00, 0x00, 0x00, 0x4E, 0xFF, 0xFF, 0xFF, 0xE7, 0x71, 0x8E, 0xFD, 
0xFF, 0x16, 0x00, 0x00, 0x00, 0x00, 0x00, 0x65, 0xFF, 0xFF, 0xFF, 0xFF, 
0xFF, 0xFF, 0xFF, 0xCD, 0x00, 0x00, 0x00, 0x00, 0x00, 0x00, 0x16, 0xC6, 
0xFF, 0xFF, 0xFF, 0xFF, 0xFF, 0xFE, 0x4B, 0x00, 0x00, 0x00, 0x00, 0x00, 
0x00, 0x00, 0x00, 0x36, 0x81, 0xA4, 0xAB, 0x8B, 0x35, 0x00, 0x00, 0x00, 
0x00, 0x00, 0x00, 0x00, 0x00, 0x00, 0x00, 0x00, 0x00, 0x00, 0x00, 0x00, 
0x00, 0x00, 0x00, 0x00, 0x09, 0x00, 0x00, 0x00, 0x00, 0x00, 0x00, 0x11, 
0x0D, 0x00, 0x00, 0x00, 0x00, 0x06, 0xE3, 0x61, 0x00, 0x00, 0x00, 0x05, 
0x8C, 0xFC, 0xFA, 0x8D, 0x00, 0x00, 0x00, 0x76, 0xFF, 0x7D, 0x00, 0x00, 
0x0F, 0xC0, 0xFF, 0x58, 0xFD, 0xFF, 0x2B, 0x00, 0x20, 0xF4, 0xEE, 0x0F, 
0x00, 0x0F, 0xCD, 0xFF, 0xFC, 0x24, 0xFF, 0xFF, 0x3F, 0x00, 0xB7, 0xFF, 
0x75, 0x00, 0x05, 0xC2, 0xFF, 0xFF, 0xB6, 0x6A, 0xFF, 0xFF, 0x16, 0x5B, 
0xFF, 0xD0, 0x04, 0x00, 0x94, 0xFF, 0xFF, 0xF2, 0x28, 0xB9, 0xFF, 0xCB, 
0x19, 0xEC, 0xF9, 0x33, 0x00, 0x00, 0xF2, 0xFF, 0xF3, 0x3B, 0x11, 0xFA, 
0xFF, 0x7C, 0xBD, 0xFF, 0x6D, 0x00, 0x00, 0x00, 0xB3, 0xD5, 0x2B, 0x00, 
0x5C, 0xFF, 0xFF, 0xBE, 0xFF, 0xA7, 0x00, 0x00, 0x00, 0x00, 0x05, 0x02, 
0x00, 0x00, 0xAA, 0xFF, 0xFF, 0xFF, 0xC2, 0x07, 0x00, 0x00, 0x00, 0x00, 
0x00, 0x00, 0x00, 0x02, 0xEE, 0xFF, 0xFF, 0xDA, 0x11, 0x00, 0x00, 0x00, 
0x00, 0x00, 0x00, 0x00, 0x00, 0x32, 0xFF, 0xFF, 0xFF, 0xF3, 0xAD, 0x26, 
0x00, 0x00, 0x00, 0x00, 0x00, 0x00, 0x00, 0x65, 0xFF, 0xFF, 0xD4, 0xCE, 
0xFF, 0xE2, 0x0C, 0x00, 0x00, 0x00, 0x00, 0x00, 0x00, 0x8E, 0xFF, 0xD6, 
0x13, 0x29, 0xFF, 0xFF, 0x75, 0x00, 0x00, 0x00, 0x00, 0x00, 0x00, 0xA2, 
0xFF, 0x9B, 0x00, 0x00, 0xCB, 0xFF, 0xDE, 0x02, 0x00, 0x00, 0x00, 0x00, 
0x00, 0xAD, 0xFF, 0x7E, 0x00, 0x00, 0x74, 0xFF, 0xFF, 0x51, 0x00, 0x00, 
0x00, 0x00, 0x00, 0xA6, 0xFF, 0x76, 0x00, 0x00, 0x1A, 0xFC, 0xFF, 0xEC, 
0xC0, 0x00, 0x00, 0x00, 0x00, 0x95, 0xFF, 0x84, 0x00, 0x00, 0x00, 0xA7, 
0xFF, 0xFF, 0xEC, 0x00, 0x00, 0x00, 0x00, 0x38, 0xF0, 0x61, 0x00, 0x00, 
0x00, 0x1E, 0xE9, 0xFF, 0x8C, 0x00, 0x00, 0x00, 0x00, 0x00, 0x01, 0x00, 
0x00, 0x00, 0x00, 0x00, 0x20, 0x44, 0x00, 0x00, 0x00, 0x00, 0x00, 0x00, 
0x00, 0x00, 0x3D, 0x17, 0x00, 0x00, 0x00, 0x00, 0x00, 0x00, 0x00, 0x00, 
0x00, 0x00, 0xB9, 0xE8, 0xA1, 0x07, 0x00, 0x00, 0x00, 0x00, 0x00, 0x00, 
0x00, 0x00, 0xDE, 0xFF, 0xFF, 0x5F, 0x00, 0x00, 0x00, 0x00, 0x00, 0x00, 
0x00, 0x06, 0xFC, 0xFF, 0xFF, 0x86, 0x00, 0x00, 0x00, 0x00, 0x00, 0x00, 
0x00, 0x28, 0xFF, 0xFF, 0xFF, 0x87, 0x00, 0x00, 0x00, 0x00, 0x00, 0x00, 
0x00, 0x4D, 0xFF, 0xF6, 0xFF, 0x59, 0x00, 0x00, 0x00, 0x00, 0x00, 0x00, 
0x00, 0x71, 0xFF, 0x8C, 0xAD, 0x04, 0x00, 0x00, 0x00, 0x00, 0x00, 0x00, 
0x00, 0x94, 0xFF, 0x82, 0x00, 0x00, 0x00, 0x00, 0x00, 0x00, 0x00, 0x00, 
0x00, 0xB6, 0xFF, 0x7A, 0x00, 0x00, 0x00, 0x00, 0x00, 0x00, 0x00, 0x00, 
0x00, 0xD8, 0xFF, 0x66, 0x00, 0x00, 0x00, 0x00, 0x00, 0x00, 0x00, 0x00, 
0x00, 0xF5, 0xFF, 0x4B, 0x00, 0x00, 0x00, 0x00, 0x00, 0x00, 0x00, 0x00, 
0x1B, 0xFF, 0xFF, 0x22, 0x00, 0x00, 0x00, 0x00, 0x00, 0x00, 0x00, 0x00, 
0x4C, 0xFF, 0xEB, 0x01, 0x00, 0x00, 0x00, 0x00, 0x00, 0x02, 0x01, 0x00, 
0x9E, 0xFF, 0xA8, 0x00, 0x00, 0x00, 0x17, 0x14, 0x45, 0xF0, 0xEF, 0xAA, 
0xF5, 0xFF, 0x4C, 0x00, 0x06, 0x4D, 0xDD, 0x2E, 0x30, 0xFC, 0xE7, 0xF5, 
0xFF, 0xFF, 0xF8, 0xE9, 0xFA, 0xFF, 0xFF, 0x14, 0x00, 0x67, 0xFE, 0xFF, 
0xF9, 0xC9, 0xFF, 0xFF, 0xFF, 0xFF, 0xE4, 0x00, 0x00, 0x00, 0x4C, 0xB2, 
0x49, 0x00, 0x37, 0x8C, 0xBC, 0xB4, 0x39, 0x00, 0x00, 0x00, 0x11, 0x1A, 
0x00, 0x00, 0x00, 0x00, 0x00, 0x00, 0x00, 0x00, 0x00, 0x00, 0x00, 0x00, 
0x00, 0x00, 0x00, 0x00, 0x46, 0xB0, 0x4E, 0x9B, 0x4F, 0x00, 0x00, 0x00, 
0x00, 0x00, 0x00, 0x00, 0x00, 0x00, 0x00, 0x00, 0x00, 0x00, 0x89, 0xFF, 
0xE4, 0xDD, 0xFD, 0x18, 0x2A, 0x3C, 0x00, 0x16, 0xBD, 0xE0, 0x48, 0x00, 
0x00, 0x00, 0x00, 0x04, 0xE1, 0xFF, 0x45, 0xC0, 0xFF, 0xA7, 0xFC, 0xFF, 
0x4B, 0xB1, 0xFF, 0xFF, 0x9C, 0x00, 0x00, 0x00, 0x00, 0x5B, 0xFF, 0xCA, 
0x00, 0xE1, 0xFF, 0xFF, 0xFE, 0xFF, 0xDD, 0xFF, 0xFA, 0xFF, 0x81, 0x00, 
0x00, 0x00, 0x00, 0xCF, 0xFF, 0x97, 0x09, 0xFD, 0xFF, 0xFF, 0xB1, 0xFF, 
0xFF, 0xFF, 0xC6, 0xFF, 0x54, 0x00, 0x00, 0x00, 0x2D, 0xFF, 0xFF, 0x70, 
0x33, 0xFF, 0xFF, 0xE0, 0x92, 0xFF, 0xFF, 0xF0, 0x95, 0xFF, 0x23, 0x00, 
0x00, 0x00, 0x78, 0xFF, 0xFF, 0x37, 0x5F, 0xFF, 0xFF, 0x87, 0xC0, 0xFF, 
0xFF, 0xA2, 0xB7, 0xF0, 0x01, 0x00, 0x00, 0x00, 0xAA, 0xFF, 0xE7, 0x03, 
0x8F, 0xFF, 0xFF, 0x3A, 0xEC, 0xFF, 0xFF, 0x52, 0xE3, 0xC0, 0x00, 0x00, 
0x00, 0x00, 0xBB, 0xFF, 0x82, 0x00, 0xC2, 0xFF, 0xF3, 0x1D, 0xFF, 0xFF, 
0xFC, 0x1C, 0xFF, 0x8F, 0x00, 0x00, 0x02, 0x04, 0x49, 0xB5, 0x0D, 0x04, 
0xF5, 0xFF, 0xB8, 0x3B, 0xFF, 0xFF, 0xCF, 0x3C, 0xFF, 0x64, 0x00, 0x00, 
0x6F, 0x22, 0x00, 0x00, 0x00, 0x32, 0xFF, 0xFF, 0x7C, 0x57, 0xFF, 0xFF, 
0x98, 0x68, 0xFF, 0x3B, 0x00, 0x12, 0xEB, 0x07, 0x00, 0x00, 0x00, 0x6D, 
0xFF, 0xFF, 0x3D, 0x71, 0xFF, 0xFF, 0x6A, 0x94, 0xFF, 0x1C, 0x00, 0x99, 
0xE1, 0x00, 0x00, 0x00, 0x00, 0xA7, 0xFF, 0xF9, 0x08, 0x86, 0xFF, 0xFF, 
0x48, 0xBF, 0xFF, 0x04, 0x4D, 0xFF, 0xA7, 0x00, 0x00, 0x00, 0x00, 0xE2, 
0xFF, 0xC8, 0x00, 0x8D, 0xFF, 0xFF, 0x25, 0xDD, 0xF9, 0x29, 0xEF, 0xFF, 
0x60, 0x00, 0x00, 0x00, 0x03, 0xFB, 0xFF, 0x8F, 0x00, 0x5C, 0xFF, 0xFE, 
0x08, 0xDC, 0xFA, 0xE8, 0xFF, 0xED, 0x0A, 0x00, 0x00, 0x00, 0x00, 0xB7, 
0xFF, 0x52, 0x00, 0x00, 0x80, 0xAB, 0x00, 0xA5, 0xFF, 0xFF, 0xFF, 0x6B, 
0x00, 0x00, 0x00, 0x00, 0x00, 0x1D, 0x7F, 0x08, 0x00, 0x00, 0x00, 0x00, 
0x00, 0x1F, 0xD9, 0xEC, 0x85, 0x00, 0x00, 0x00, 0x00, 0x00, 0x00, 0x00, 
0x00, 0x00, 0x00, 0x00, 0x00, 0x00, 0x00, 0x00, 0x02, 0x00, 0x00, 0x00, 
0x00, 0x00, 0x00, 0x00, 0x00, 0x00, 0x00, 0x00, 0x00, 0x00, 0x00, 0x00, 
0x00, 0x7A, 0x9D, 0x2A, 0x00, 0x00, 0x00, 0x00, 0x10, 0x6A, 0xCE, 0xBA, 
0x3B, 0x00, 0x00, 0x6F, 0xFF, 0xFF, 0x9C, 0x00, 0x00, 0x00, 0x00, 0x9D, 
0xFF, 0xFF, 0xFF, 0xE5, 0x00, 0x16, 0xF3, 0xF0, 0xFF, 0xA9, 0x00, 0x00, 
0x00, 0x2A, 0xFD, 0xFF, 0x6D, 0x9F, 0xFF, 0x14, 0x8A, 0xFF, 0xA4, 0xFF, 
0x93, 0x00, 0x00, 0x00, 0xAF, 0xFF, 0xFC, 0x17, 0x9A, 0xFF, 0x22, 0xF0, 
0xB7, 0x9B, 0xFF, 0x7B, 0x00, 0x00, 0x36, 0xFF, 0xFF, 0xB0, 0x00, 0xC1, 
0xFF, 0x6C, 0xFF, 0x39, 0xCD, 0xFF, 0x50, 0x00, 0x00, 0xB3, 0xFF, 0xFF, 
0x48, 0x00, 0xEA, 0xEF, 0xC7, 0xD7, 0x07, 0xF9, 0xFF, 0x1D, 0x00, 0x2E, 
0xFE, 0xFF, 0xE1, 0x02, 0x14, 0xFF, 0xF6, 0xFF, 0x79, 0x35, 0xFF, 0xE6, 
0x00, 0x00, 0x98, 0xFF, 0xFF, 0x80, 0x00, 0x3F, 0xFF, 0xFF, 0xFF, 0x1E, 
0x67, 0xFF, 0xAC, 0x00, 0x00, 0xB5, 0xFF, 0xFE, 0x20, 0x00, 0x6A, 0xFF, 
0xFF, 0xD5, 0x00, 0x98, 0xFF, 0x72, 0x02, 0x03, 0x4B, 0xFE, 0xB2, 0x00, 
0x00, 0x94, 0xFF, 0xFF, 0x96, 0x00, 0xC7, 0xFF, 0x3B, 0x7B, 0x2B, 0x00, 
0x2D, 0x0D, 0x00, 0x00, 0xBC, 0xFF, 0xFF, 0x57, 0x00, 0xF2, 0xFF, 0x42, 
0xF8, 0x1E, 0x00, 0x00, 0x00, 0x00, 0x00, 0xE3, 0xFF, 0xFF, 0x1C, 0x1C, 
0xFF, 0xFF, 0xE1, 0xFB, 0x06, 0x00, 0x00, 0x00, 0x00, 0x06, 0xFD, 0xFF, 
0xF1, 0x00, 0x3E, 0xFF, 0xFF, 0xFF, 0xD7, 0x00, 0x00, 0x00, 0x00, 0x00, 
0x1E, 0xFF, 0xFF, 0xC8, 0x00, 0x42, 0xFF, 0xFF, 0xFF, 0x96, 0x00, 0x00, 
0x00, 0x00, 0x00, 0x3D, 0xFF, 0xFF, 0x9E, 0x00, 0x1D, 0xFF, 0xFF, 0xFF, 
0x3E, 0x00, 0x00, 0x00, 0x00, 0x00, 0x7B, 0xFF, 0xFF, 0x76, 0x00, 0x00, 
0xA5, 0xFF, 0xAA, 0x00, 0x00, 0x00, 0x00, 0x00, 0x00, 0x46, 0xFF, 0xFF, 
0x64, 0x00, 0x00, 0x05, 0x4C, 0x07, 0x00, 0x00, 0x00, 0x00, 0x00, 0x00, 
0x00, 0x69, 0x9B, 0x0E, 0x00, 0x00, 0x00, 0x00, 0x00, 0x00, 0x00, 0x00, 
0x00, 0x00, 0x00, 0x00, 0x0F, 0x5C, 0x6A, 0x25, 0x00, 0x00, 0x00, 0x00, 
0x00, 0x56, 0x39, 0xE0, 0xFF, 0xFF, 0xEF, 0x15, 0x00, 0x00, 0x00, 0x28, 
0xFE, 0xFF, 0xFF, 0x78, 0x95, 0xFF, 0x65, 0x00, 0x00, 0x00, 0x94, 0xFF, 
0xFF, 0xC7, 0x00, 0x51, 0xFF, 0x8E, 0x00, 0x00, 0x09, 0xF2, 0xFF, 0xFF, 
0x4F, 0x00, 0x58, 0xFF, 0x9D, 0x00, 0x00, 0x4E, 0xFF, 0xFF, 0xF5, 0x07, 
0x00, 0x65, 0xFF, 0x9F, 0x00, 0x00, 0x9C, 0xFF, 0xDA, 0xC7, 0x00, 0x00, 
0x81, 0xFF, 0x9F, 0x0C, 0x00, 0xD6, 0xDE, 0xB4, 0xA9, 0x00, 0x00, 0xA4, 
0xFF, 0xED, 0x2F, 0x08, 0xFC, 0xA0, 0xA2, 0xA1, 0x00, 0x00, 0xD6, 0xFF, 
0xFF, 0x33, 0x29, 0xFF, 0x7A, 0x69, 0xCE, 0x00, 0x12, 0xFD, 0xFF, 0xF2, 
0x08, 0x3A, 0xFF, 0x6B, 0x14, 0xEF, 0x64, 0x5E, 0xFF, 0xFF, 0x77, 0x00, 
0x44, 0xFF, 0x72, 0x00, 0x36, 0xD7, 0xFF, 0xFF, 0xC6, 0x00, 0x00, 0x3B, 
0xFF, 0x81, 0x00, 0x00, 0x1B, 0xFC, 0xFF, 0x73, 0x00, 0x00, 0x24, 0xFF, 
0x9B, 0x00, 0x00, 0x85, 0xFF, 0xFE, 0x1F, 0x00, 0x00, 0x04, 0xF9, 0xCE, 
0x00, 0x15, 0xEF, 0xFF, 0xBC, 0x00, 0x00, 0x00, 0x00, 0xAC, 0xFB, 0x16, 
0xA1, 0xFF, 0xFF, 0x47, 0x00, 0x00, 0x00, 0x00, 0x1A, 0xDE, 0xF3, 0xFF, 
0xFF, 0xBC, 0x00, 0x00, 0x00, 0x00, 0x00, 0x00, 0x14, 0xA5, 0xFB, 0xCE, 
0x1B, 0x00, 0x00, 0x00, 0x00, 0x00, 0x00, 0x00, 0x00, 0x03, 0x00, 0x00, 
0x00, 0x00, 0x00, 0x00, 0x00, 0x00, 0x00, 0x00, 0x2C, 0x6E, 0x84, 0x64, 
0x14, 0x00, 0x00, 0x00, 0x00, 0x03, 0x60, 0xD2, 0xFF, 0xFF, 0xFF, 0xFF, 
0xEF, 0x49, 0x00, 0x00, 0x00, 0xAA, 0xFF, 0xFF, 0xFF, 0x95, 0x5F, 0x77, 
0xCA, 0xF7, 0x2B, 0x00, 0x12, 0xFF, 0xFF, 0xD7, 0xFF, 0x31, 0x00, 0x00, 
0x00, 0x9B, 0xB4, 0x00, 0x14, 0xFC, 0xC9, 0x59, 0xFF, 0x26, 0x00, 0x00, 
0x00, 0x2A, 0xFC, 0x0D, 0x00, 0x18, 0x02, 0x88, 0xFF, 0x0A, 0x00, 0x00, 
0x00, 0x1B, 0xFF, 0x2E, 0x00, 0x00, 0x00, 0xB6, 0xEF, 0x09, 0x30, 0x06, 
0x00, 0x49, 0xFF, 0x2A, 0x00, 0x00, 0x00, 0xDF, 0xF0, 0x74, 0x04, 0x00, 
0x05, 0xC4, 0xFC, 0x0C, 0x00, 0x00, 0x01, 0xF9, 0xFF, 0x79, 0x01, 0x3E, 
0xC2, 0xFF, 0xC8, 0x00, 0x00, 0x00, 0x13, 0xFF, 0xFF, 0xFE, 0xF2, 0xFF, 
0xFF, 0xFF, 0x5A, 0x00, 0x00, 0x00, 0x1E, 0xFF, 0xFF, 0xFF, 0xFF, 0xFF, 
0xFF, 0x95, 0x00, 0x00, 0x00, 0x00, 0x25, 0xFF, 0xCB, 0xCE, 0xD2, 0xA1, 
0x42, 0x00, 0x00, 0x00, 0x03, 0x01, 0x22, 0xFF, 0x8E, 0x00, 0x00, 0x00, 
0x00, 0x00, 0x00, 0x00, 0x2B, 0xA6, 0x1C, 0xFF, 0x9B, 0x00, 0x00, 0x00, 
0x00, 0x00, 0x00, 0x00, 0x02, 0xEC, 0xBC, 0xFF, 0xAA, 0x00, 0x00, 0x00, 
0x00, 0x00, 0x00, 0x00, 0x00, 0x9C, 0xFF, 0xFF, 0xB9, 0x00, 0x00, 0x00, 
0x00, 0x00, 0x00, 0x00, 0x00, 0x34, 0xFF, 0xFF, 0xC1, 0x00, 0x00, 0x00, 
0x00, 0x00, 0x00, 0x00, 0x00, 0x00, 0x94, 0xEB, 0x51, 0x00, 0x00, 0x00, 
0x00, 0x00, 0x00, 0x00, 0x00, 0x00, 0x00, 0x00, 0x00, 0x29, 0x6D, 0x34, 
0x00, 0x00, 0x00, 0x00, 0x00, 0x00, 0x47, 0xFA, 0xFF, 0xFC, 0x65, 0x00, 
0x00, 0x00, 0x00, 0x11, 0xE9, 0xAD, 0x2A, 0xE8, 0xF2, 0x0A, 0x00, 0x00, 
0x00, 0x86, 0xE3, 0x0F, 0x00, 0xA7, 0xFF, 0x32, 0x00, 0x00, 0x87, 0xF6, 
0x65, 0x00, 0x00, 0x9A, 0xFF, 0x55, 0x00, 0x01, 0xE4, 0xF1, 0x0A, 0x00, 
0x00, 0xAC, 0xFF, 0x62, 0x00, 0x39, 0xFF, 0xB5, 0x00, 0x00, 0x00, 0xBE, 
0xFF, 0x6C, 0x00, 0x7E, 0xFF, 0x7E, 0x00, 0x00, 0x00, 0xE5, 0xFF, 0x5F, 
0x00, 0xBC, 0xFF, 0x65, 0x00, 0x00, 0x12, 0xFF, 0xFF, 0x4C, 0x00, 0xEE, 
0xFF, 0x55, 0x00, 0x00, 0x3F, 0xFF, 0xFF, 0x30, 0x18, 0xFF, 0xFF, 0x53, 
0x00, 0x00, 0x76, 0xFF, 0xF8, 0x05, 0x33, 0xFF, 0xFD, 0x75, 0x00, 0x00, 
0xB4, 0xFF, 0xCA, 0x00, 0x41, 0xFF, 0x95, 0xC6, 0x05, 0x07, 0xF5, 0xFF, 
0x8B, 0x00, 0x3C, 0xFF, 0x6B, 0x36, 0x52, 0x4C, 0xFF, 0xFF, 0x37, 0x00, 
0x25, 0xFF, 0x76, 0x00, 0x00, 0xA6, 0xFF, 0xE1, 0x01, 0x00, 0x0A, 0xFA, 
0x97, 0x00, 0x54, 0xF9, 0xFF, 0x77, 0x00, 0x00, 0x00, 0xB7, 0xDF, 0x03, 
0xA2, 0xFF, 0xE8, 0x0A, 0x00, 0x00, 0x00, 0x55, 0xFF, 0xA7, 0xFB, 0xFF, 
0xA8, 0x00, 0x4B, 0x63, 0x00, 0x00, 0x70, 0xF7, 0xFF, 0xE6, 0xFF, 0xE1, 
0xFC, 0x71, 0x00, 0x00, 0x00, 0x1D, 0x4A, 0x06, 0x6F, 0xC4, 0xA1, 0x0C, 
0x00, 0x00, 0x00, 0x0B, 0x44, 0x73, 0x87, 0x77, 0x48, 0x07, 0x00, 0x00, 
0x00, 0x14, 0xA2, 0xBE, 0xF9, 0xFF, 0xFF, 0xFF, 0xFF, 0xFF, 0xE5, 0x52, 
0x00, 0x00, 0x35, 0xFF, 0xFF, 0xFF, 0xFF, 0xFB, 0xE0, 0xDB, 0xF8, 0xFF, 
0xFE, 0x51, 0x00, 0x07, 0xE0, 0xF5, 0x7F, 0xEC, 0xB9, 0x00, 0x00, 0x06, 
0x4B, 0xF8, 0xDB, 0x00, 0x00, 0x18, 0x20, 0x0D, 0xFE, 0xB3, 0x00, 0x00, 
0x00, 0x1F, 0xFA, 0xFE, 0x04, 0x00, 0x00, 0x00, 0x33, 0xFF, 0xAB, 0x00, 
0x00, 0x04, 0xC2, 0xFF, 0xE1, 0x00, 0x00, 0x00, 0x00, 0x4F, 0xFF, 0x9A, 
0x00, 0x05, 0xA9, 0xFF, 0xFF, 0x7A, 0x00, 0x00, 0x00, 0x00, 0x6A, 0xFF, 
0x82, 0x2D, 0xCA, 0xFF, 0xFF, 0xB8, 0x05, 0x00, 0x00, 0x00, 0x00, 0x85, 
0xFF, 0xE2, 0xFE, 0xFF, 0xFE, 0x8C, 0x05, 0x00, 0x00, 0x00, 0x00, 0x00, 
0x9A, 0xFF, 0xFF, 0xFF, 0xC8, 0x3A, 0x00, 0x00, 0x00, 0x00, 0x00, 0x00, 
0x00, 0xA7, 0xFF, 0xD0, 0xF3, 0xB5, 0x05, 0x00, 0x00, 0x00, 0x00, 0x00, 
0x00, 0x00, 0xB3, 0xFD, 0x04, 0x3F, 0xFF, 0x6C, 0x00, 0x00, 0x00, 0x00, 
0x00, 0x00, 0x00, 0xBE, 0xE5, 0x00, 0x03, 0xFE, 0xA7, 0x00, 0x00, 0x00, 
0x00, 0x00, 0x20, 0x23, 0xB8, 0xCF, 0x00, 0x00, 0xFC, 0xB1, 0x00, 0x00, 
0x00, 0x00, 0x00, 0x40, 0xF1, 0xE0, 0xC3, 0x00, 0x03, 0xFC, 0xBB, 0x00, 
0x00, 0x29, 0x00, 0x00, 0x04, 0xE3, 0xFF, 0xC1, 0x00, 0x00, 0xD5, 0xF6, 
0x6E, 0x9F, 0xCC, 0x00, 0x00, 0x00, 0x57, 0xFF, 0xC2, 0x00, 0x00, 0x6A, 
0xFF, 0xFF, 0xFF, 0x53, 0x00, 0x00, 0x00, 0x00, 0x57, 0x70, 0x00, 0x00, 
0x02, 0x90, 0xD7, 0x75, 0x00, 0x00, 0x00, 0x00, 0x00, 0x00, 0x00, 0x00, 
0x00, 0x00, 0x18, 0x62, 0x20, 0x00, 0x00, 0x00, 0x00, 0x00, 0x00, 0x00, 
0x2D, 0xA4, 0xF9, 0xFF, 0xE6, 0x19, 0x00, 0x00, 0x00, 0x00, 0x0F, 0x97, 
0xFC, 0xFF, 0xFF, 0xFF, 0xFF, 0x8A, 0x00, 0x00, 0x00, 0x1B, 0xD9, 0xFF, 
0xFF, 0xFD, 0xDA, 0xFF, 0xDA, 0x19, 0x00, 0x00, 0x00, 0xC1, 0xFF, 0xFF, 
0xB1, 0x21, 0xA2, 0xD7, 0x1C, 0x00, 0x00, 0x00, 0x31, 0xFF, 0xFF, 0x87, 
0x00, 0x00, 0xA6, 0x13, 0x00, 0x00, 0x00, 0x00, 0x5A, 0xFF, 0xBF, 0x01, 
0x00, 0x00, 0x00, 0x00, 0x00, 0x00, 0x00, 0x00, 0x4B, 0xFF, 0x5E, 0x00, 
0x00, 0x00, 0x00, 0x00, 0x00, 0x00, 0x00, 0x00, 0x0F, 0xF7, 0xCA, 0x1C, 
0x00, 0x00, 0x00, 0x00, 0x00, 0x00, 0x00, 0x00, 0x00, 0x7D, 0xFF, 0xF5, 
0x85, 0x0D, 0x00, 0x00, 0x00, 0x00, 0x00, 0x00, 0x00, 0x00, 0x74, 0xF3, 
0xFF, 0xE6, 0x50, 0x00, 0x00, 0x00, 0x00, 0x00, 0x00, 0x00, 0x00, 0x11, 
0x7C, 0xEC, 0xFF, 0x68, 0x00, 0x00, 0x00, 0x00, 0x04, 0x30, 0x53, 0x62, 
0x40, 0x11, 0xDF, 0xF4, 0x18, 0x00, 0x05, 0x81, 0xEC, 0xFF, 0xFF, 0xFF, 
0xFF, 0xCC, 0xFC, 0xFF, 0x5B, 0x00, 0x7B, 0xFF, 0xFF, 0xE5, 0x83, 0xB1, 
0xFF, 0xFF, 0xFF, 0xFF, 0x46, 0x00, 0x3B, 0xFF, 0xFF, 0xD5, 0xEA, 0xFF, 
0xFF, 0xFF, 0xFB, 0x82, 0x00, 0x00, 0x51, 0xFF, 0xFF, 0xFF, 0xFF, 0xFF, 
0xFC, 0xAA, 0x26, 0x00, 0x00, 0x00, 0x1B, 0xE2, 0xFF, 0xF3, 0xC2, 0x7B, 
0x1D, 0x00, 0x00, 0x00, 0x00, 0x00, 0x00, 0x00, 0x08, 0x00, 0x00, 0x00, 
0x00, 0x00, 0x00, 0x00, 0x00, 0x00, 0x00, 0x00, 0x00, 0x00, 0x00, 0x00, 
0x00, 0x00, 0x00, 0x00, 0x00, 0x00, 0x00, 0x2B, 0x6B, 0x13, 0x00, 0x00, 
0x00, 0x28, 0x63, 0x8A, 0x9A, 0x9E, 0xA9, 0x93, 0xA1, 0xB9, 0xE7, 0xFF, 
0xE2, 0x0E, 0x00, 0x39, 0xC7, 0xFF, 0xFF, 0xFF, 0xFF, 0xFF, 0xFF, 0xFF, 
0xFF, 0xFF, 0xFF, 0xCF, 0x1D, 0x00, 0x47, 0xFC, 0xFF, 0xFF, 0xFF, 0xF5, 
0xE1, 0xF6, 0xFF, 0xFF, 0xF0, 0xB9, 0x60, 0x03, 0x00, 0x00, 0x5A, 0xFF, 
0xFF, 0xF6, 0x6E, 0x06, 0x00, 0x92, 0xF9, 0x0B, 0x00, 0x00, 0x00, 0x00, 
0x00, 0x00, 0x22, 0xCE, 0xAC, 0x27, 0x00, 0x00, 0x00, 0xE0, 0xCA, 0x00, 
0x00, 0x00, 0x00, 0x00, 0x00, 0x00, 0x00, 0x00, 0x00, 0x00, 0x00, 0x00, 
0x24, 0xFF, 0x9F, 0x00, 0x00, 0x00, 0x00, 0x00, 0x00, 0x00, 0x00, 0x00, 
0x00, 0x00, 0x00, 0x00, 0x5B, 0xFF, 0x7D, 0x00, 0x00, 0x00, 0x00, 0x00, 
0x00, 0x00, 0x00, 0x00, 0x00, 0x00, 0x00, 0x00, 0x88, 0xFF, 0x61, 0x00, 
0x00, 0x00, 0x00, 0x00, 0x00, 0x00, 0x00, 0x00, 0x00, 0x00, 0x00, 0x00, 
0xA9, 0xFF, 0x4C, 0x00, 0x00, 0x00, 0x00, 0x00, 0x00, 0x00, 0x00, 0x00, 
0x00, 0x00, 0x00, 0x00, 0xC2, 0xFF, 0x3B, 0x00, 0x00, 0x00, 0x00, 0x00, 
0x00, 0x00, 0x00, 0x00, 0x00, 0x00, 0x00, 0x00, 0xCE, 0xFF, 0x2B, 0x00, 
0x00, 0x00, 0x00, 0x00, 0x00, 0x00, 0x00, 0x00, 0x00, 0x00, 0x00, 0x00, 
0xD5, 0xFF, 0x1A, 0x00, 0x00, 0x00, 0x00, 0x00, 0x00, 0x00, 0x00, 0x00, 
0x00, 0x00, 0x00, 0x0D, 0xD0, 0xFF, 0x06, 0x00, 0x00, 0x00, 0x00, 0x00, 
0x00, 0x00, 0x00, 0x00, 0x00, 0x00, 0x00, 0xAD, 0xE4, 0xFC, 0x02, 0x00, 
0x00, 0x00, 0x00, 0x00, 0x00, 0x00, 0x00, 0x00, 0x00, 0x00, 0x00, 0x5C, 
0xFF, 0xFF, 0x27, 0x00, 0x00, 0x00, 0x00, 0x00, 0x00, 0x00, 0x00, 0x00, 
0x00, 0x00, 0x00, 0x01, 0xB7, 0xFF, 0x57, 0x00, 0x00, 0x00, 0x00, 0x00, 
0x00, 0x00, 0x00, 0x00, 0x00, 0x00, 0x00, 0x00, 0x08, 0x66, 0x18, 0x00, 
0x00, 0x00, 0x00, 0x00, 0x00, 0x00, 0x00, 0x00, 0x00, 0x02, 0x00, 0x00, 
0x00, 0x00, 0x00, 0x00, 0x0E, 0x2A, 0x00, 0x00, 0x00, 0x00, 0x00, 0xBA, 
0xF1, 0xC2, 0x59, 0x00, 0x00, 0x80, 0xF5, 0xBD, 0x00, 0x00, 0x00, 0x00, 
0x5E, 0xFF, 0xFF, 0xFF, 0xFF, 0x1C, 0x00, 0xE0, 0xFF, 0x84, 0x00, 0x00, 
0x00, 0x1A, 0xED, 0xFF, 0xC5, 0xFF, 0xFF, 0x2D, 0x08, 0xF5, 0xFF, 0x3B, 
0x00, 0x00, 0x03, 0xBE, 0xFF, 0xA7, 0x79, 0xFF, 0xFC, 0x0D, 0x50, 0xFF, 
0xF7, 0x04, 0x00, 0x00, 0x8C, 0xFF, 0xF6, 0x19, 0xC5, 0xFF, 0xC8, 0x00, 
0xA6, 0xFF, 0xC8, 0x00, 0x00, 0x00, 0xF5, 0xFF, 0x98, 0x12, 0xFC, 0xFF, 
0x81, 0x08, 0xF2, 0xFF, 0x9C, 0x00, 0x00, 0x00, 0xC4, 0xFB, 0x28, 0x54, 
0xFF, 0xFF, 0x3A, 0x55, 0xFF, 0xFF, 0x7D, 0x00, 0x00, 0x00, 0x1B, 0x3C, 
0x00, 0x92, 0xFF, 0xF0, 0x03, 0xAF, 0xFF, 0xFF, 0x64, 0x00, 0x00, 0x00, 
0x00, 0x00, 0x00, 0xC7, 0xFF, 0xAF, 0x11, 0xF8, 0xFD, 0xFF, 0x59, 0x00, 
0x00, 0x00, 0x00, 0x00, 0x00, 0xF0, 0xFF, 0x6E, 0x6A, 0xFF, 0xBB, 0xFF, 
0x51, 0x00, 0x00, 0x00, 0x00, 0x00, 0x0C, 0xFF, 0xFF, 0x33, 0xC9, 0xED, 
0x75, 0xFF, 0x52, 0x00, 0x33, 0x40, 0x00, 0x00, 0x1A, 0xFF, 0xF9, 0x32, 
0xFF, 0xB2, 0x57, 0xFF, 0x5C, 0x00, 0x68, 0x7C, 0x00, 0x00, 0x19, 0xFF, 
0xD6, 0x92, 0xFF, 0x76, 0x39, 0xFF, 0x72, 0x02, 0xD0, 0x66, 0x00, 0x00, 
0x0C, 0xFF, 0xF0, 0xF4, 0xFF, 0x39, 0x11, 0xFF, 0xB1, 0x89, 0xFD, 0x20, 
0x00, 0x00, 0x00, 0xEB, 0xFF, 0xFF, 0xEC, 0x04, 0x00, 0xDE, 0xFF, 0xFF, 
0xAD, 0x00, 0x00, 0x00, 0x00, 0xA8, 0xFF, 0xFF, 0x7C, 0x00, 0x00, 0x5D, 
0xFC, 0xE1, 0x1E, 0x00, 0x00, 0x00, 0x00, 0x0D, 0x70, 0x61, 0x02, 0x00, 
0x00, 0x00, 0x14, 0x08, 0x00, 0x00, 0x00, 0x00, 0x00, 0x00, 0x00, 0x00, 
0x00, 0x00, 0x00, 0x15, 0x21, 0x00, 0x00, 0x00, 0x00, 0x00, 0x2B, 0x5D, 
0x22, 0x00, 0x00, 0x84, 0xBD, 0x00, 0x00, 0x00, 0x0A, 0x92, 0xFE, 0xFF, 
0xF5, 0x33, 0x00, 0x7A, 0xF1, 0x01, 0x00, 0x1D, 0xCF, 0xFF, 0xFF, 0xCF, 
0xFF, 0x9E, 0x00, 0x68, 0xFF, 0x1C, 0x14, 0xDB, 0xFF, 0xFF, 0x8C, 0x53, 
0xFF, 0xA2, 0x00, 0x62, 0xFF, 0x2E, 0xA5, 0xFF, 0xFF, 0xD9, 0x0C, 0xAC, 
0xFF, 0x6B, 0x00, 0x6C, 0xFF, 0x3B, 0xF0, 0xFF, 0xEE, 0x29, 0x0F, 0xF8, 
0xFF, 0x21, 0x00, 0x7A, 0xFF, 0x31, 0x5B, 0xAB, 0x2C, 0x00, 0x56, 0xFF, 
0xD6, 0x00, 0x00, 0x94, 0xFF, 0x1E, 0x00, 0x00, 0x00, 0x00, 0x9A, 0xFF, 
0x91, 0x00, 0x00, 0xBF, 0xFF, 0x0A, 0x00, 0x00, 0x00, 0x00, 0xD8, 0xFF, 
0x52, 0x00, 0x01, 0xEC, 0xDB, 0x00, 0x00, 0x00, 0x00, 0x07, 0xFC, 0xFF, 
0x1A, 0x00, 0x33, 0xFF, 0xA4, 0x00, 0x00, 0x00, 0x00, 0x2E, 0xFF, 0xEF, 
0x00, 0x00, 0x7C, 0xFF, 0x6A, 0x00, 0x00, 0x00, 0x00, 0x45, 0xFF, 0xD5, 
0x00, 0x00, 0xD8, 0xFC, 0x18, 0x00, 0x00, 0x00, 0x00, 0x54, 0xFF, 0xC1, 
0x00, 0x42, 0xFF, 0xB9, 0x00, 0x00, 0x00, 0x00, 0x00, 0x54, 0xFF, 0xBE, 
0x00, 0xB2, 0xFF, 0x5A, 0x00, 0x00, 0x00, 0x00, 0x00, 0x3A, 0xFF, 0xD1, 
0x36, 0xFF, 0xDD, 0x04, 0x00, 0x00, 0x00, 0x00, 0x00, 0x07, 0xF1, 0xFD, 
0xE8, 0xFF, 0x61, 0x00, 0x00, 0x00, 0x00, 0x00, 0x00, 0x00, 0x7B, 0xFF, 
0xFF, 0xD9, 0x04, 0x00, 0x00, 0x00, 0x00, 0x00, 0x00, 0x00, 0x01, 0x85, 
0xB8, 0x2A, 0x00, 0x00, 0x00, 0x00, 0x00, 0x00, 0x00, 0x00, 0x00, 0x00, 
0x00, 0x00, 0x00, 0x00, 0x01, 0x00, 0x00, 0x00, 0x00, 0x00, 0x00, 0x00, 
0x00, 0x04, 0x05, 0x00, 0x00, 0x00, 0x00, 0xDA, 0xCB, 0x0F, 0x00, 0x00, 
0x00, 0x00, 0x4A, 0xBD, 0xFB, 0xFB, 0x9E, 0x06, 0x00, 0x00, 0x9D, 0xFF, 
0x7E, 0x00, 0x00, 0x09, 0xA3, 0x8D, 0xAA, 0xFF, 0xFF, 0xFF, 0x73, 0x00, 
0x00, 0x1F, 0xFA, 0xEC, 0x06, 0x00, 0xA0, 0x8E, 0x97, 0xFF, 0xFF, 0xEF, 
0xFF, 0x87, 0x00, 0x00, 0x00, 0xB0, 0xFF, 0x4C, 0x00, 0xF4, 0xFF, 0xFF, 
0xFA, 0x78, 0xEB, 0xFF, 0x38, 0x00, 0x00, 0x00, 0x5D, 0xFF, 0x98, 0x00, 
0xA0, 0xE7, 0xA5, 0x29, 0x6D, 0xFF, 0xD4, 0x00, 0x00, 0x00, 0x00, 0x26, 
0xFF, 0xCB, 0x00, 0x00, 0x00, 0x00, 0x03, 0xE0, 0xFF, 0x6E, 0x04, 0x01, 
0x00, 0x00, 0x07, 0xFF, 0xF3, 0x00, 0x00, 0x00, 0x00, 0x54, 0xFF, 0xF7, 
0x2D, 0xFF, 0xFD, 0x37, 0x00, 0x00, 0xF8, 0xFF, 0x04, 0x00, 0x00, 0x00, 
0xBB, 0xFF, 0xA4, 0x50, 0xFF, 0xFF, 0x1B, 0x00, 0x03, 0xFF, 0xFF, 0x0A, 
0x00, 0x00, 0x1B, 0xFD, 0xFF, 0x44, 0xA8, 0xFF, 0xFF, 0x06, 0x00, 0x19, 
0xFF, 0xF8, 0x00, 0x00, 0x00, 0x6C, 0xFF, 0xE6, 0x10, 0xF6, 0xFF, 0xF4, 
0x00, 0x00, 0x45, 0xFF, 0xDC, 0x00, 0x00, 0x00, 0xAE, 0xFF, 0x93, 0x66, 
0xFF, 0xFF, 0xEE, 0x00, 0x00, 0x81, 0xFF, 0xA7, 0x00, 0x00, 0x00, 0xD6, 
0xFF, 0x44, 0xCE, 0xF7, 0xFE, 0xF9, 0x00, 0x00, 0xCC, 0xFF, 0x64, 0x00, 
0x00, 0x00, 0xDF, 0xF9, 0x56, 0xFF, 0x9B, 0xDD, 0xFF, 0x12, 0x2B, 0xFF, 
0xF8, 0x10, 0x00, 0x00, 0x00, 0xCE, 0xFD, 0xF2, 0xFF, 0x30, 0xA7, 0xFF, 
0x3B, 0x96, 0xFF, 0x9E, 0x00, 0x00, 0x00, 0x00, 0xA6, 0xFF, 0xFF, 0xBF, 
0x00, 0x63, 0xFF, 0xD5, 0xFA, 0xFB, 0x21, 0x00, 0x00, 0x00, 0x00, 0x37, 
0xEC, 0xEA, 0x2C, 0x00, 0x0A, 0xD4, 0xFF, 0xFF, 0x73, 0x00, 0x00, 0x00, 
0x00, 0x00, 0x00, 0x03, 0x03, 0x00, 0x00, 0x00, 0x09, 0x44, 0x27, 0x00, 
0x00, 0x00, 0x00, 0x00, 0x00, 0x47, 0x63, 0x40, 0x02, 0x00, 0x00, 0x00, 
0x63, 0x3E, 0x00, 0x00, 0x22, 0xFE, 0xFF, 0xFF, 0xD1, 0x1A, 0x00, 0x33, 
0xFC, 0xF0, 0x1F, 0x00, 0xBD, 0xFF, 0xDA, 0xE3, 0xFF, 0x9B, 0x03, 0xCF, 
0xFF, 0xFF, 0x4D, 0x49, 0xFF, 0xFF, 0x4E, 0x89, 0xFF, 0xCF, 0x6F, 0xFF, 
0xD3, 0xFC, 0x13, 0xBC, 0xFF, 0xD4, 0x01, 0x60, 0xFF, 0xEA, 0xF1, 0xE1, 
0x3A, 0xB0, 0x00, 0xF2, 0xFF, 0x5A, 0x00, 0x48, 0xFF, 0xFF, 0xFF, 0x52, 
0x01, 0x0E, 0x00, 0x78, 0xAC, 0x02, 0x00, 0x3D, 0xFF, 0xFF, 0xC9, 0x00, 
0x00, 0x00, 0x00, 0x00, 0x00, 0x00, 0x00, 0x32, 0xFF, 0xFF, 0x46, 0x00, 
0x00, 0x00, 0x00, 0x00, 0x00, 0x00, 0x00, 0x3D, 0xFF, 0xF6, 0x00, 0x00, 
0x00, 0x00, 0x00, 0x00, 0x00, 0x00, 0x00, 0xAB, 0xFF, 0xF8, 0x00, 0x00, 
0x00, 0x00, 0x00, 0x00, 0x00, 0x00, 0x25, 0xFD, 0xFF, 0xFF, 0x03, 0x00, 
0x00, 0x00, 0x00, 0x00, 0x00, 0x00, 0x9A, 0xFF, 0xFF, 0xFF, 0x12, 0x00, 
0x00, 0x00, 0x00, 0x00, 0x00, 0x17, 0xF8, 0xFA, 0xDE, 0xFF, 0x2F, 0x00, 
0x00, 0x0A, 0x00, 0x00, 0x00, 0x85, 0xFF, 0xA8, 0x9E, 0xFF, 0x67, 0x00, 
0x0A, 0xC5, 0x00, 0x61, 0x81, 0xEE, 0xFF, 0x40, 0x5D, 0xFF, 0xC6, 0x00, 
0x8F, 0xE2, 0x00, 0x5C, 0xFF, 0xFF, 0xD5, 0x00, 0x10, 0xF4, 0xFF, 0xA6, 
0xFF, 0xB7, 0x00, 0x17, 0xEF, 0xFF, 0x64, 0x00, 0x00, 0x70, 0xFF, 0xFF, 
0xFF, 0x5B, 0x00, 0x00, 0x24, 0x6D, 0x02, 0x00, 0x00, 0x00, 0x59, 0xB9, 
0x94, 0x03, 0x00, 0x00, 0x00, 0x00, 0x1D, 0x65, 0x78, 0x2F, 0x00, 0x00, 
0x00, 0x00, 0x00, 0x00, 0x00, 0x00, 0x00, 0x14, 0x9E, 0xFC, 0xFF, 0xFE, 
0xFD, 0x4A, 0x00, 0x00, 0x00, 0x56, 0xDE, 0xC6, 0x05, 0x4C, 0xEA, 0xFF, 
0xDB, 0x2D, 0x2B, 0xFF, 0xAC, 0x00, 0x00, 0x00, 0xA0, 0xFF, 0xBC, 0x00, 
0xF0, 0xFF, 0xFF, 0x9E, 0x00, 0xB7, 0xFF, 0x96, 0x00, 0x00, 0x27, 0xFB, 
0xFF, 0x3C, 0x00, 0xE6, 0xFF, 0xC4, 0x14, 0x66, 0xFF, 0xFF, 0x36, 0x00, 
0x00, 0xB4, 0xFF, 0xBB, 0x00, 0x00, 0x1B, 0x31, 0x02, 0x20, 0xF3, 0xFF, 
0xAB, 0x00, 0x00, 0x49, 0xFF, 0xFF, 0x4D, 0x00, 0x00, 0x00, 0x00, 0x00, 
0xB4, 0xFF, 0xF0, 0x1A, 0x00, 0x07, 0xDA, 0xFF, 0xE8, 0x04, 0x00, 0x00, 
0x00, 0x00, 0x44, 0xFF, 0xFF, 0x64, 0x00, 0x00, 0x7F, 0xFF, 0xFF, 0x8C, 
0x00, 0x00, 0x00, 0x00, 0x00, 0xC3, 0xFF, 0xB9, 0x00, 0x00, 0x23, 0xF7, 
0xFF, 0xFF, 0x40, 0x00, 0x00, 0x00, 0x00, 0x2E, 0xFF, 0xF9, 0x20, 0x00, 
0x01, 0xBE, 0xFF, 0xFF, 0xF5, 0x06, 0x00, 0x00, 0x00, 0x00, 0x79, 0xFF, 
0x9C, 0x00, 0x00, 0x77, 0xFF, 0xFF, 0xFF, 0xB9, 0x00, 0x00, 0x00, 0x00, 
0x00, 0x95, 0xFF, 0x43, 0x00, 0x50, 0xFC, 0xFF, 0xF3, 0xFF, 0x88, 0x00, 
0x00, 0x00, 0x00, 0x00, 0x7C, 0xFF, 0x31, 0x67, 0xFB, 0xFF, 0xE9, 0x92, 
0xFF, 0x5D, 0x00, 0x00, 0x00, 0x00, 0x00, 0x2B, 0xFE, 0xF9, 0xFF, 0xFF, 
0xFB, 0x46, 0xA0, 0xFF, 0x33, 0x00, 0x00, 0x00, 0x00, 0x00, 0x00, 0x98, 
0xFF, 0xFF, 0xF4, 0x55, 0x00, 0xC1, 0xFF, 0x10, 0x00, 0x00, 0x00, 0x00, 
0x00, 0x00, 0x00, 0x4A, 0x67, 0x20, 0x00, 0x00, 0xDE, 0xF5, 0x00, 0x00, 
0x00, 0x00, 0x00, 0x00, 0x00, 0x00, 0x00, 0x00, 0x00, 0x00, 0x00, 0xF5, 
0xEA, 0x29, 0x00, 0x00, 0x00, 0x00, 0x00, 0x00, 0x00, 0x00, 0x00, 0x00, 
0x00, 0x06, 0xFF, 0xFF, 0xFC, 0x20, 0x00, 0x00, 0x00, 0x00, 0x00, 0x00, 
0x00, 0x00, 0x00, 0x00, 0x0D, 0xFF, 0xFF, 0xFF, 0x21, 0x00, 0x00, 0x00, 
0x00, 0x00, 0x00, 0x00, 0x00, 0x00, 0x00, 0x05, 0xFF, 0xFF, 0xCB, 0x00, 
0x00, 0x00, 0x00, 0x00, 0x00, 0x00, 0x00, 0x00, 0x00, 0x00, 0x00, 0xDE, 
0xFF, 0x60, 0x00, 0x00, 0x00, 0x00, 0x00, 0x00, 0x00, 0x00, 0x00, 0x00, 
0x00, 0x00, 0x6A, 0xCE, 0x06, 0x00, 0x00, 0x00, 0x00, 0x00, 0x00, 0x00, 
0x00, 0x00, 0x04, 0x00, 0x00, 0x00, 0x00, 0x00, 0x00, 0x00, 0x00, 0x13, 
0x6B, 0xC3, 0xFA, 0x45, 0x00, 0x00, 0x00, 0x00, 0x00, 0x1A, 0xA3, 0xF9, 
0xFF, 0xFF, 0xFF, 0xD7, 0x8D, 0x77, 0x2A, 0x00, 0x00, 0xA1, 0xFF, 0xFF, 
0xFF, 0xFF, 0xFF, 0xFF, 0xFF, 0xFF, 0xFD, 0x5F, 0x00, 0xB8, 0xFF, 0xFF, 
0xF9, 0xAA, 0x76, 0x65, 0x5E, 0x6F, 0xF1, 0xF2, 0x0B, 0x1D, 0x49, 0x33, 
0x0F, 0x00, 0x00, 0x00, 0x00, 0x4D, 0xFE, 0xFF, 0x26, 0x00, 0x00, 0x00, 
0x00, 0x00, 0x00, 0x00, 0x35, 0xF4, 0xFF, 0xDD, 0x02, 0x00, 0x00, 0x00, 
0x00, 0x00, 0x00, 0x29, 0xEC, 0xFF, 0xF2, 0x36, 0x00, 0x00, 0x00, 0x00, 
0x00, 0x00, 0x20, 0xE4, 0xFF, 0xED, 0x37, 0x00, 0x00, 0x00, 0x00, 0x00, 
0x00, 0x18, 0xDB, 0xFF, 0xDF, 0x28, 0x00, 0x00, 0x00, 0x00, 0x00, 0x00, 
0x0F, 0xD0, 0xFF, 0xCA, 0x17, 0x00, 0x00, 0x00, 0x00, 0x00, 0x00, 0x06, 
0xC0, 0xFF, 0xB3, 0x0A, 0x00, 0x00, 0x00, 0x00, 0x00, 0x00, 0x00, 0xA0, 
0xFF, 0xA3, 0x03, 0x00, 0x00, 0x00, 0x00, 0x00, 0x00, 0x00, 0x51, 0xFF, 
0xB6, 0x03, 0x00, 0x00, 0x00, 0x00, 0x00, 0x00, 0x00, 0x00, 0xB7, 0xF9, 
0x19, 0x00, 0x00, 0x00, 0x00, 0x00, 0x00, 0x00, 0x00, 0x00, 0xD0, 0xEB, 
0x0E, 0x04, 0x18, 0x34, 0x55, 0x7C, 0x87, 0x00, 0x00, 0x00, 0x96, 0xFF, 
0xFF, 0xFF, 0xFF, 0xFF, 0xFF, 0xFF, 0xA8, 0x00, 0x00, 0x00, 0x16, 0xD8, 
0xFF, 0xFF, 0xFF, 0xFF, 0xFF, 0xBF, 0x1A, 0x00, 0x00, 0x00, 0x00, 0x07, 
0x42, 0x62, 0x64, 0x52, 0x20, 0x00, 0x00, 0x00, 0x00, 0x00, 0x00, 0x45, 
0xF6, 0xF5, 0xE7, 0xDA, 0xD0, 0x11, 0x00, 0x00, 0x74, 0xFF, 0xFF, 0xFF, 
0xFF, 0xF9, 0x2E, 0x00, 0x00, 0x85, 0xFF, 0x67, 0x54, 0x47, 0x15, 0x00, 
0x00, 0x00, 0x9A, 0xFF, 0x2E, 0x00, 0x00, 0x00, 0x00, 0x00, 0x00, 0xBB, 
0xFF, 0x25, 0x00, 0x00, 0x00, 0x00, 0x00, 0x00, 0xDF, 0xFF, 0x1B, 0x00, 
0x00, 0x00, 0x00, 0x00, 0x05, 0xFC, 0xFF, 0x0B, 0x00, 0x00, 0x00, 0x00, 
0x00, 0x26, 0xFF, 0xF7, 0x00, 0x00, 0x00, 0x00, 0x00, 0x00, 0x4A, 0xFF, 
0xE4, 0x00, 0x00, 0x00, 0x00, 0x00, 0x00, 0x6E, 0xFF, 0xD0, 0x00, 0x00, 
0x00, 0x00, 0x00, 0x00, 0x91, 0xFF, 0xB6, 0x00, 0x00, 0x00, 0x00, 0x00, 
0x00, 0xB5, 0xFF, 0x98, 0x00, 0x00, 0x00, 0x00, 0x00, 0x00, 0xD8, 0xFF, 
0x7B, 0x00, 0x00, 0x00, 0x00, 0x00, 0x02, 0xF9, 0xFF, 0x5D, 0x00, 0x00, 
0x00, 0x00, 0x00, 0x1F, 0xFF, 0xFF, 0x3A, 0x00, 0x00, 0x00, 0x00, 0x00, 
0x42, 0xFF, 0xFF, 0x14, 0x00, 0x00, 0x00, 0x00, 0x00, 0x66, 0xFF, 0xEE, 
0x00, 0x00, 0x00, 0x00, 0x00, 0x00, 0x89, 0xFF, 0xC8, 0x00, 0x00, 0x00, 
0x00, 0x00, 0x00, 0xAD, 0xFF, 0x9F, 0x00, 0x00, 0x00, 0x00, 0x00, 0x00, 
0xD0, 0xFF, 0x75, 0x00, 0x00, 0x00, 0x00, 0x00, 0x00, 0xE7, 0xFF, 0x4B, 
0x00, 0x00, 0x00, 0x00, 0x00, 0x00, 0xCE, 0xFF, 0xA3, 0x93, 0x9E, 0x9D, 
0x20, 0x00, 0x00, 0x6A, 0xFF, 0xFF, 0xFF, 0xFF, 0xFF, 0x62, 0x00, 0x00, 
0x02, 0x7A, 0xB4, 0xAB, 0x91, 0x53, 0x02, 0x00, 0x00, 0x46, 0x00, 0x00, 
0x00, 0x00, 0x00, 0x00, 0x00, 0x00, 0x00, 0x00, 0x00, 0x00, 0x00, 0xA3, 
0xB4, 0x0E, 0x00, 0x00, 0x00, 0x00, 0x00, 0x00, 0x00, 0x00, 0x00, 0x00, 
0x00, 0x11, 0xDA, 0xBB, 0x02, 0x00, 0x00, 0x00, 0x00, 0x00, 0x00, 0x00, 
0x00, 0x00, 0x00, 0x00, 0x2E, 0xFA, 0x75, 0x00, 0x00, 0x00, 0x00, 0x00, 
0x00, 0x00, 0x00, 0x00, 0x00, 0x00, 0x00, 0x81, 0xF9, 0x30, 0x00, 0x00, 
0x00, 0x00, 0x00, 0x00, 0x00, 0x00, 0x00, 0x00, 0x00, 0x06, 0xD4, 0xD6, 
0x09, 0x00, 0x00, 0x00, 0x00, 0x00, 0x00, 0x00, 0x00, 0x00, 0x00, 0x00, 
0x37, 0xFD, 0x8B, 0x00, 0x00, 0x00, 0x00, 0x00, 0x00, 0x00, 0x00, 0x00, 
0x00, 0x00, 0x00, 0x99, 0xFB, 0x2D, 0x00, 0x00, 0x00, 0x00, 0x00, 0x00, 
0x00, 0x00, 0x00, 0x00, 0x00, 0x12, 0xEB, 0xC4, 0x01, 0x00, 0x00, 0x00, 
0x00, 0x00, 0x00, 0x00, 0x00, 0x00, 0x00, 0x00, 0x62, 0xFF, 0x62, 0x00, 
0x00, 0x00, 0x00, 0x00, 0x00, 0x00, 0x00, 0x00, 0x00, 0x00, 0x02, 0xCE, 
0xEA, 0x0E, 0x00, 0x00, 0x00, 0x00, 0x00, 0x00, 0x00, 0x00, 0x00, 0x00, 
0x00, 0x41, 0xFF, 0x86, 0x00, 0x00, 0x00, 0x00, 0x00, 0x00, 0x00, 0x00, 
0x00, 0x00, 0x00, 0x00, 0xB3, 0xF6, 0x1B, 0x00, 0x00, 0x00, 0x00, 0x00, 
0x00, 0x00, 0x00, 0x00, 0x00, 0x00, 0x2B, 0xFD, 0x9A, 0x00, 0x00, 0x00, 
0x00, 0x00, 0x00, 0x00, 0x00, 0x00, 0x00, 0x00, 0x00, 0xA6, 0xFB, 0x24, 
0x00, 0x00, 0x00, 0x00, 0x00, 0x00, 0x00, 0x00, 0x00, 0x00, 0x00, 0x26, 
0xFC, 0xA3, 0x00, 0x00, 0x00, 0x00, 0x00, 0x00, 0x00, 0x00, 0x00, 0x00, 
0x00, 0x00, 0xA1, 0xFD, 0x28, 0x00, 0x00, 0x00, 0x00, 0x00, 0x00, 0x00, 
0x00, 0x00, 0x00, 0x00, 0x2B, 0xFE, 0xA4, 0x00, 0x00, 0x00, 0x00, 0x00, 
0x00, 0x00, 0x00, 0x00, 0x00, 0x00, 0x00, 0xB7, 0xFC, 0x25, 0x00, 0x00, 
0x00, 0x00, 0x00, 0x00, 0x00, 0x00, 0x00, 0x00, 0x00, 0x46, 0xFF, 0x97, 
0x00, 0x00, 0x00, 0x00, 0x00, 0x00, 0x00, 0x00, 0x00, 0x00, 0x00, 0x00, 
0xD5, 0xEF, 0x01, 0x00, 0x00, 0x00, 0x00, 0x00, 0x00, 0x00, 0x00, 0x00, 
0x00, 0x00, 0x68, 0xE4, 0x00, 0x00, 0x00, 0x00, 0x00, 0x00, 0x00, 0x00, 
0x00, 0x00, 0x00, 0x00, 0x07, 0x44, 0x00, 0x00, 0x19, 0x4F, 0x47, 0x3F, 
0x37, 0x12, 0x00, 0x00, 0x00, 0x5B, 0xFF, 0xFF, 0xFF, 0xFF, 0xF2, 0x33, 
0x00, 0x00, 0x12, 0xE5, 0xED, 0xDB, 0xDB, 0xFF, 0xC9, 0x00, 0x00, 0x00, 
0x00, 0x00, 0x00, 0x00, 0xEF, 0xFF, 0x26, 0x00, 0x00, 0x00, 0x00, 0x00, 
0x06, 0xFE, 0xFF, 0x36, 0x00, 0x00, 0x00, 0x00, 0x00, 0x22, 0xFF, 0xFF, 
0x1D, 0x00, 0x00, 0x00, 0x00, 0x00, 0x41, 0xFF, 0xFE, 0x05, 0x00, 0x00, 
0x00, 0x00, 0x00, 0x62, 0xFF, 0xEA, 0x00, 0x00, 0x00, 0x00, 0x00, 0x00, 
0x81, 0xFF, 0xD0, 0x00, 0x00, 0x00, 0x00, 0x00, 0x00, 0x9B, 0xFF, 0xB7, 
0x00, 0x00, 0x00, 0x00, 0x00, 0x00, 0xB4, 0xFF, 0x9E, 0x00, 0x00, 0x00, 
0x00, 0x00, 0x00, 0xCD, 0xFF, 0x85, 0x00, 0x00, 0x00, 0x00, 0x00, 0x00, 
0xE6, 0xFF, 0x6A, 0x00, 0x00, 0x00, 0x00, 0x00, 0x02, 0xFC, 0xFF, 0x50, 
0x00, 0x00, 0x00, 0x00, 0x00, 0x18, 0xFF, 0xFF, 0x35, 0x00, 0x00, 0x00, 
0x00, 0x00, 0x31, 0xFF, 0xFF, 0x1A, 0x00, 0x00, 0x00, 0x00, 0x00, 0x41, 
0xFF, 0xFC, 0x03, 0x00, 0x00, 0x00, 0x00, 0x00, 0x4A, 0xFF, 0xE3, 0x00, 
0x00, 0x00, 0x00, 0x00, 0x00, 0x53, 0xFF, 0xC8, 0x00, 0x00, 0x00, 0x00, 
0x00, 0x00, 0x5C, 0xFF, 0xAB, 0x00, 0x00, 0x00, 0x00, 0x00, 0x00, 0x65, 
0xFF, 0x8E, 0x00, 0x00, 0x00, 0x00, 0x00, 0x00, 0x6D, 0xFF, 0x70, 0x00, 
0x00, 0x62, 0x91, 0x75, 0x5C, 0xA1, 0xFF, 0x51, 0x00, 0x00, 0xD3, 0xFF, 
0xFF, 0xFF, 0xFF, 0xFF, 0x30, 0x00, 0x00, 0x4F, 0xAF, 0xD7, 0xE4, 0xD6, 
0xA1, 0x07, 0x00, 0x00, 0x00, 0x00, 0x00, 0x00, 0x40, 0x0C, 0x00, 0x00, 
0x00, 0x00, 0x00, 0x00, 0x29, 0xFA, 0xE0, 0x1A, 0x00, 0x00, 0x00, 0x00, 
0x00, 0xB5, 0xFF, 0xFF, 0x7C, 0x00, 0x00, 0x00, 0x00, 0x6D, 0xFF, 0xC8, 
0xEA, 0xCB, 0x00, 0x00, 0x00, 0x4A, 0xFC, 0xFD, 0x37, 0x97, 0xFF, 0x1F, 
0x00, 0x23, 0xF1, 0xFF, 0x8F, 0x00, 0x47, 0xFF, 0x76, 0x00, 0x97, 0xFF, 
0xE5, 0x0C, 0x00, 0x0C, 0xFA, 0xD5, 0x04, 0x45, 0xF6, 0x76, 0x00, 0x00, 
0x00, 0xAD, 0xFF, 0x6A, 0x00, 0x17, 0x05, 0x00, 0x00, 0x00, 0x0B, 0x3A, 
0x00, 0xA8, 0xB9, 0xAA, 0xA1, 0xA3, 0xA9, 0xAB, 0xAD, 0xAE, 0xAF, 0xAD, 
0x89, 0x13, 0x83, 0xF2, 0xFF, 0xFF, 0xFF, 0xFF, 0xFF, 0xFF, 0xFF, 0xFF, 
0xFF, 0xE4, 0x4A, 0x00, 0x03, 0x1C, 0x29, 0x2C, 0x2C, 0x2A, 0x27, 0x21, 
0x18, 0x08, 0x00, 0x00, 0x00, 0x08, 0x02, 0x00, 0x00, 0x5A, 0xF8, 0xB0, 
0x00, 0x00, 0x1F, 0xDF, 0xFF, 0x56, 0x00, 0x00, 0x1D, 0xDF, 0xE8, 0x13, 
0x00, 0x00, 0x33, 0xF9, 0x9C, 0x00, 0x00, 0x00, 0x45, 0x9E, 0x00, 0x00, 
0x00, 0x00, 0x53, 0xA2, 0x25, 0x00, 0x00, 0x00, 0x00, 0x00, 0x00, 0x00, 
0x7B, 0xFF, 0xFE, 0xBD, 0x00, 0x00, 0x00, 0x00, 0x00, 0x00, 0x61, 0xFF, 
0xFA, 0xA6, 0xFF, 0x73, 0x00, 0x00, 0x00, 0x00, 0x25, 0xF4, 0xFF, 0x60, 
0xBE, 0xFF, 0xA5, 0x00, 0x00, 0x00, 0x00, 0xBA, 0xFF, 0xA7, 0x38, 0xFF, 
0xFF, 0x86, 0x00, 0x00, 0x00, 0x48, 0xFF, 0xF8, 0x1D, 0xC2, 0xFF, 0xFF, 
0x60, 0x00, 0x00, 0x00, 0xAC, 0xFF, 0x9A, 0x72, 0xFF, 0xFF, 0xFF, 0x3C, 
0x00, 0x98, 0x1D, 0xB8, 0xFF, 0x94, 0xFA, 0xFF, 0xD7, 0xFF, 0x1F, 0x61, 
0xFF, 0x20, 0x63, 0xFF, 0xFD, 0xFF, 0xEF, 0x21, 0xF9, 0x86, 0xF9, 0xF7, 
0x06, 0x05, 0xE3, 0xFF, 0xFF, 0x59, 0x00, 0x99, 0xFF, 0xFF, 0x9E, 0x00, 
0x00, 0x3D, 0xD4, 0x74, 0x00, 0x00, 0x15, 0xCB, 0xC8, 0x18, 0x00, 0x00, 
0x00, 0x00, 0x33, 0x00, 0x00, 0x00, 0x00, 0x00, 0x00, 0x25, 0xCA, 0x00, 
0x00, 0x00, 0x00, 0x00, 0x00, 0x60, 0xC3, 0x00, 0x00, 0x00, 0x00, 0x00, 
0x00, 0x9A, 0xA5, 0x00, 0x00, 0x00, 0x00, 0x00, 0x00, 0xCB, 0x89, 0x00, 
0x00, 0x00, 0x00, 0x00, 0x02, 0xF5, 0x71, 0x00, 0x00, 0x00, 0x00, 0x00, 
0x25, 0xFF, 0x5C, 0x00, 0x00, 0x00, 0x00, 0x00, 0x49, 0xFF, 0x48, 0x00, 
0x00, 0x00, 0x00, 0x00, 0x6B, 0xFF, 0x36, 0x27, 0x51, 0x06, 0x00, 0x00, 
0x8B, 0xFF, 0xA4, 0xFD, 0xFF, 0xA0, 0x00, 0x00, 0xA5, 0xFF, 0xFF, 0xFF, 
0xFF, 0xFE, 0x22, 0x00, 0xBE, 0xFF, 0xF9, 0x99, 0x97, 0xFF, 0x61, 0x02, 
0xE3, 0xFF, 0x62, 0x00, 0x51, 0xFF, 0x7F, 0x57, 0xFF, 0xE2, 0x02, 0x00, 
0x92, 0xFF, 0x79, 0xAC, 0xFF, 0xA0, 0x00, 0x01, 0xDF, 0xFF, 0x5A, 0xA2, 
0xFF, 0x8B, 0x16, 0x6F, 0xFF, 0xFF, 0x1A, 0x4A, 0xFF, 0xC6, 0xFF, 0xFF, 
0xFF, 0xBB, 0x00, 0x04, 0xE7, 0xBE, 0xED, 0xFF, 0xFF, 0x41, 0x00, 0x00, 
0x76, 0xCF, 0x8B, 0xFF, 0xA0, 0x00, 0x00, 0x00, 0x03, 0x2A, 0x0A, 0x6A, 
0x09, 0x00, 0x00, 0x00, 0x00, 0x00, 0x16, 0x44, 0x01, 0x00, 0x00, 0x00, 
0x1D, 0xE0, 0xFF, 0x8E, 0x00, 0x00, 0x05, 0xD4, 0xFF, 0xFF, 0xC2, 0x00, 
0x00, 0x75, 0xFF, 0xBA, 0xE1, 0xAD, 0x00, 0x04, 0xEA, 0xEE, 0x15, 0xC1, 
0x79, 0x00, 0x4A, 0xFF, 0x7B, 0x00, 0x8A, 0x35, 0x00, 0x81, 0xFD, 0x15, 
0x00, 0x04, 0x00, 0x00, 0x9C, 0xC9, 0x00, 0x00, 0x00, 0x2F, 0x54, 0x8A, 
0xA5, 0x00, 0x00, 0x4F, 0xF2, 0x51, 0x56, 0xB3, 0x25, 0x9A, 0xFE, 0xF5, 
0x15, 0x09, 0xEE, 0xFF, 0xFF, 0xFF, 0x86, 0x00, 0x00, 0x53, 0xF5, 0xFB, 
0x99, 0x05, 0x00, 0x00, 0x00, 0x07, 0x08, 0x00, 0x00, 0x00, 0x00, 0x00, 
0x00, 0x00, 0x00, 0x00, 0x0F, 0xDC, 0x0E, 0x00, 0x00, 0x00, 0x00, 0x00, 
0x00, 0x00, 0x35, 0xFF, 0x37, 0x00, 0x00, 0x00, 0x00, 0x00, 0x00, 0x00, 
0x57, 0xFF, 0x29, 0x00, 0x00, 0x00, 0x00, 0x00, 0x00, 0x00, 0x7B, 0xFF, 
0x12, 0x00, 0x00, 0x00, 0x00, 0x00, 0x00, 0x00, 0x9E, 0xFA, 0x01, 0x00, 
0x00, 0x00, 0x00, 0x00, 0x00, 0x00, 0xC0, 0xE4, 0x00, 0x00, 0x00, 0x00, 
0x00, 0x00, 0x00, 0x00, 0xE1, 0xD2, 0x00, 0x00, 0x00, 0x00, 0x00, 0x66, 
0xE5, 0xBC, 0xFC, 0xC0, 0x00, 0x00, 0x00, 0x00, 0x66, 0xFF, 0xFF, 0xFF, 
0xFF, 0xAF, 0x00, 0x00, 0x00, 0x33, 0xF9, 0xFC, 0x88, 0xC5, 0xFF, 0xA1, 
0x00, 0x00, 0x02, 0xCE, 0xFD, 0x4A, 0x03, 0xE5, 0xFF, 0x95, 0x00, 0x00, 
0x4C, 0xFF, 0x86, 0x00, 0x4A, 0xFF, 0xFF, 0x8C, 0x00, 0x00, 0x92, 0xF7, 
0x13, 0x00, 0xBA, 0xFF, 0xFF, 0x87, 0x00, 0x01, 0x93, 0xBB, 0x00, 0x38, 
0xFF, 0xFD, 0xCE, 0x8E, 0x5E, 0x45, 0x6C, 0x9E, 0x07, 0xCE, 0xFF, 0xC6, 
0x54, 0xFD, 0xFF, 0x30, 0x1C, 0xE2, 0xBA, 0xFF, 0xFF, 0x74, 0x02, 0xCC, 
0xFF, 0x37, 0x00, 0xA4, 0xFF, 0xFF, 0xF3, 0x13, 0x00, 0x27, 0xA3, 0x0C, 
0x00, 0x14, 0xDC, 0xFE, 0x66, 0x00, 0x00, 0x00, 0x00, 0x00, 0x00, 0x00, 
0x09, 0x1E, 0x00, 0x00, 0x00, 0x00, 0x00, 0x00, 0x00, 0x00, 0x00, 0x00, 
0x5C, 0xBF, 0x7C, 0x00, 0x00, 0x00, 0x67, 0xBC, 0xFF, 0xFC, 0xFF, 0x55, 
0x00, 0x01, 0xC9, 0xFF, 0x8A, 0x89, 0xFF, 0x78, 0x00, 0x72, 0xFF, 0xAA, 
0x32, 0xF7, 0xEE, 0x19, 0x19, 0xF4, 0xFF, 0xC8, 0xEB, 0xFD, 0x4D, 0x00, 
0x84, 0xFF, 0xAF, 0xFF, 0xFB, 0x60, 0x00, 0x06, 0xB9, 0xCA, 0x03, 0x65, 
0x2E, 0x00, 0x34, 0x83, 0x9C, 0x8E, 0x00, 0x00, 0x00, 0x57, 0xF1, 0x94, 
0x4C, 0xE4, 0x81, 0x91, 0xD5, 0xFF, 0xFF, 0x72, 0x03, 0xD0, 0xFF, 0xFF, 
0xFF, 0xFF, 0xF4, 0x1C, 0x00, 0x25, 0xC1, 0xF9, 0xF5, 0xC5, 0x3C, 0x00, 
0x00, 0x00, 0x00, 0x02, 0x01, 0x00, 0x00, 0x00, 0x00, 0x00, 0x00, 0x00, 
0x00, 0x25, 0x5A, 0x00, 0x00, 0x00, 0x00, 0x00, 0x00, 0x00, 0x00, 0xC6, 
0xFD, 0x0C, 0x00, 0x00, 0x00, 0x00, 0x00, 0x00, 0x4A, 0xFF, 0xC5, 0x00, 
0x00, 0x00, 0x00, 0x00, 0x00, 0x00, 0xC6, 0xFF, 0x37, 0x00, 0x00, 0x00, 
0x00, 0x00, 0x00, 0x3D, 0xFF, 0xBB, 0x00, 0x00, 0x00, 0x00, 0x00, 0x00, 
0x00, 0xB4, 0xFF, 0x4C, 0x00, 0x00, 0x00, 0x00, 0x2E, 0x18, 0x36, 0xFF, 
0xE5, 0x03, 0x00, 0x00, 0x00, 0x00, 0x7F, 0x55, 0xCE, 0xFF, 0x8A, 0x00, 
0x1D, 0x24, 0x00, 0x00, 0x6B, 0xF0, 0xFF, 0xFF, 0x35, 0x70, 0xFA, 0xFF, 
0x9E, 0x00, 0x1B, 0xFB, 0xFF, 0xF9, 0xC4, 0xFF, 0xFF, 0xFF, 0xDF, 0x01, 
0x0D, 0xEE, 0xFF, 0xFF, 0xFF, 0xFF, 0xFF, 0xC5, 0x1F, 0x00, 0x0C, 0xF1, 
0xFF, 0xFF, 0xFF, 0xFF, 0x93, 0x01, 0x00, 0x00, 0x00, 0xE4, 0xFF, 0x52, 
0x2E, 0xC2, 0xE6, 0x10, 0x00, 0x00, 0x0A, 0xFE, 0xDF, 0x00, 0x00, 0x12, 
0xF3, 0x81, 0x00, 0x00, 0x2E, 0xFF, 0xAD, 0x00, 0x00, 0x00, 0xB1, 0xE3, 
0x00, 0x00, 0x54, 0xFF, 0x87, 0x00, 0x00, 0x00, 0x9F, 0xFF, 0x1F, 0x00, 
0x78, 0xFF, 0x65, 0x00, 0x00, 0x00, 0xB5, 0xFF, 0x37, 0x00, 0x90, 0xFF, 
0x47, 0x00, 0x00, 0x00, 0xCF, 0xFF, 0x30, 0x00, 0xA1, 0xFF, 0x32, 0x00, 
0x00, 0x0E, 0xFB, 0xFF, 0x18, 0x00, 0xB1, 0xFF, 0x1F, 0x00, 0x00, 0x50, 
0xFF, 0xE9, 0x01, 0x00, 0xBF, 0xFF, 0x12, 0x00, 0x00, 0x9F, 0xFF, 0xA5, 
0x00, 0x00, 0xAF, 0xFF, 0x0C, 0x00, 0x13, 0xF5, 0xFF, 0x54, 0x00, 0x00, 
0x94, 0xFF, 0x06, 0x00, 0x8A, 0xFF, 0xE1, 0x04, 0x00, 0x00, 0x4E, 0xFF, 
0x0B, 0x33, 0xFA, 0xFF, 0x72, 0x00, 0x00, 0x00, 0x06, 0xE9, 0x7D, 0xE3, 
0xFF, 0xDB, 0x07, 0x00, 0x00, 0x00, 0x00, 0x5F, 0xFF, 0xFF, 0xFF, 0x4B, 
0x00, 0x00, 0x00, 0x00, 0x00, 0x00, 0x91, 0xC1, 0x74, 0x00, 0x00, 0x00, 
0x00, 0x00, 0x00, 0x00, 0x00, 0x00, 0x00, 0x3F, 0x90, 0x2B, 0x00, 0x00, 
0x00, 0x00, 0x6E, 0xFD, 0xFF, 0xBF, 0x00, 0x00, 0x00, 0x7A, 0xFF, 0xFF, 
0xFF, 0xC8, 0x00, 0x00, 0x6C, 0xFF, 0xDE, 0x4C, 0xE2, 0xA4, 0x00, 0x41, 
0xFC, 0xC1, 0x10, 0x43, 0xFF, 0xAF, 0x08, 0xDE, 0xD8, 0x0D, 0x08, 0xD4, 
0xFF, 0x88, 0x62, 0xFF, 0x3A, 0x00, 0x9C, 0xFF, 0xFF, 0x60, 0xAA, 0xC4, 
0x02, 0x8E, 0xFF, 0xFE, 0xFF, 0x39, 0xB8, 0xDC, 0xC0, 0xFF, 0xFF, 0x9C, 
0xFF, 0x13, 0x90, 0xFF, 0xFF, 0xFF, 0x88, 0x65, 0xEF, 0x00, 0x26, 0xFB, 
0xFF, 0xA0, 0x01, 0x7E, 0xCB, 0x00, 0x00, 0x36, 0x50, 0x00, 0x00, 0x93, 
0xAB, 0x00, 0x00, 0x00, 0x00, 0x00, 0x00, 0xA5, 0x8E, 0x00, 0x00, 0x00, 
0x00, 0x00, 0x00, 0xB7, 0x79, 0x00, 0x00, 0x00, 0x00, 0x45, 0xB8, 0xF1, 
0x6C, 0x00, 0x00, 0x00, 0x00, 0xD0, 0xFF, 0xFF, 0x62, 0x00, 0x00, 0x00, 
0x00, 0xF4, 0xFF, 0xFF, 0x5D, 0x00, 0x00, 0x00, 0x0A, 0xB9, 0xE8, 0xFF, 
0x60, 0x00, 0x00, 0x00, 0x00, 0x00, 0x0B, 0x7F, 0x23, 0x00, 0x00, 0x00, 
0x04, 0xB3, 0x03, 0x00, 0x00, 0x00, 0x00, 0x00, 0x00, 0x57, 0xFF, 0x26, 
0x00, 0x00, 0x00, 0x00, 0x00, 0x02, 0xCD, 0xFF, 0x2D, 0x00, 0x00, 0x00, 
0x00, 0x00, 0x63, 0xFF, 0xE1, 0x05, 0x00, 0x00, 0x00, 0x00, 0x00, 0xBF, 
0xFF, 0x5A, 0x00, 0x00, 0x00, 0x00, 0x00, 0x00, 0x72, 0xFF, 0x28, 0x00, 
0x00, 0x00, 0x00, 0x00, 0x00, 0xAD, 0xFA, 0x04, 0x00, 0x15, 0x05, 0x00, 
0x00, 0x00, 0xE7, 0xD5, 0x00, 0x5F, 0xFE, 0xB4, 0x00, 0x00, 0x18, 0xFF, 
0xAC, 0x0E, 0xEE, 0xFF, 0xFC, 0x03, 0x00, 0x45, 0xFF, 0x84, 0x76, 0xFF, 
0xFF, 0xFF, 0x0B, 0x00, 0x68, 0xFF, 0x63, 0xE4, 0xCF, 0xFF, 0xF7, 0x00, 
0x00, 0x7B, 0xFF, 0xBA, 0xFF, 0xA1, 0xFF, 0xD1, 0x00, 0x00, 0x80, 0xFF, 
0xFF, 0xFE, 0x85, 0xFF, 0x9A, 0x00, 0x00, 0x6F, 0xFF, 0xFF, 0xCE, 0x88, 
0xFF, 0x57, 0x4A, 0x14, 0x3C, 0xFF, 0xFF, 0x88, 0x7C, 0xFF, 0x8B, 0xF9, 
0x1F, 0x02, 0xDE, 0xFF, 0x43, 0x42, 0xFF, 0xFF, 0xFE, 0x06, 0x00, 0x5F, 
0xF4, 0x08, 0x01, 0xCF, 0xFF, 0xB8, 0x00, 0x00, 0x00, 0x2D, 0x00, 0x00, 
0x28, 0xB1, 0x2A, 0x00, 0x00, 0x00, 0x00, 0xAD, 0x88, 0x00, 0x00, 0x00, 
0x0A, 0xF6, 0xD7, 0x00, 0x00, 0x00, 0x60, 0xFF, 0x8C, 0x00, 0x00, 0x00, 
0xB9, 0xF9, 0x21, 0x00, 0x00, 0x00, 0xDB, 0x88, 0x00, 0x00, 0x00, 0x00, 
0x3E, 0x04, 0x00, 0x00, 0x00, 0x00, 0x07, 0x00, 0x00, 0x00, 0x1F, 0xCA, 
0xF4, 0x27, 0x00, 0x00, 0x89, 0xFF, 0xFF, 0x53, 0x00, 0x00, 0x18, 0xFA, 
0xFF, 0x3C, 0x00, 0x00, 0x00, 0xEF, 0xFF, 0x16, 0x00, 0x00, 0x0E, 0xFF, 
0xEC, 0x00, 0x00, 0x4F, 0x25, 0xFF, 0xC2, 0x00, 0x5D, 0xBC, 0x36, 0xFF, 
0x9C, 0x1D, 0xEE, 0xBF, 0x26, 0xFF, 0xAB, 0xCD, 0xFF, 0xA0, 0x01, 0xE5, 
0xFF, 0xFF, 0xFF, 0x51, 0x00, 0x7A, 0xFF, 0xFF, 0xC7, 0x01, 0x00, 0x08, 
0xAB, 0xAF, 0x14, 0x00, 0x00, 0x00, 0x00, 0x00, 0x00, 0x00, 0x00, 0x00, 
0x00, 0x41, 0x07, 0x00, 0x00, 0x00, 0x00, 0x00, 0x00, 0x00, 0x00, 0x12, 
0xFF, 0x91, 0x00, 0x00, 0x00, 0x00, 0x00, 0x00, 0x00, 0x00, 0x2B, 0xFF, 
0xB0, 0x00, 0x00, 0x00, 0x00, 0x00, 0x00, 0x00, 0x00, 0x12, 0xFF, 0x6D, 
0x00, 0x00, 0x00, 0x00, 0x00, 0x00, 0x00, 0x00, 0x00, 0x83, 0x0F, 0x00, 
0x00, 0x00, 0x00, 0x00, 0x00, 0x00, 0x00, 0x00, 0x00, 0x00, 0x00, 0x00, 
0x00, 0x00, 0x00, 0x00, 0x00, 0x00, 0x57, 0x36, 0x00, 0x00, 0x00, 0x00, 
0x00, 0x00, 0x00, 0x00, 0x00, 0xA8, 0xB6, 0x00, 0x00, 0x00, 0x00, 0x00, 
0x00, 0x00, 0x00, 0x00, 0xC0, 0xB9, 0x00, 0x00, 0x00, 0x00, 0x00, 0x00, 
0x00, 0x00, 0x00, 0xD8, 0xA1, 0x00, 0x00, 0x00, 0x00, 0x00, 0x00, 0x00, 
0x00, 0x00, 0xF6, 0x88, 0x00, 0x00, 0x00, 0x00, 0x00, 0x00, 0x00, 0x00, 
0x18, 0xFF, 0x6B, 0x00, 0x00, 0x00, 0x00, 0x00, 0x00, 0x00, 0x00, 0x3C, 
0xFF, 0x4E, 0x00, 0x00, 0x00, 0x00, 0x00, 0x00, 0x00, 0x00, 0x67, 0xFF, 
0x2D, 0x00, 0x00, 0x00, 0x00, 0x00, 0x00, 0x00, 0x00, 0x93, 0xFE, 0x0B, 
0x00, 0x00, 0x00, 0x00, 0x00, 0x00, 0x00, 0x00, 0xC9, 0xE4, 0x28, 0x00, 
0x00, 0x00, 0x00, 0x00, 0x00, 0x00, 0x1A, 0xF9, 0xFF, 0xD2, 0x00, 0x00, 
0x00, 0x00, 0x00, 0x22, 0x9C, 0xF8, 0xFF, 0xFF, 0x90, 0x00, 0x00, 0x00, 
0x09, 0x88, 0xF8, 0xFF, 0xFF, 0xFF, 0xFA, 0x2D, 0x00, 0x00, 0x2B, 0xD5, 
0xFF, 0xFF, 0xFF, 0xFF, 0xFF, 0x3E, 0x00, 0x00, 0x36, 0xEE, 0xFF, 0xFF, 
0xD2, 0x69, 0xFE, 0xED, 0x01, 0x00, 0x00, 0xB6, 0xFF, 0xFD, 0x80, 0x05, 
0x7A, 0xFF, 0xB1, 0x00, 0x00, 0x00, 0x90, 0xFF, 0x61, 0x00, 0x0A, 0xE6, 
0xFF, 0x6B, 0x00, 0x00, 0x00, 0x3C, 0xFF, 0x86, 0x0A, 0x86, 0xFF, 0xFF, 
0x21, 0x00, 0x00, 0x00, 0x01, 0xD6, 0xFF, 0xFD, 0xFF, 0xFF, 0xC9, 0x00, 
0x00, 0x00, 0x00, 0x00, 0x5C, 0xFF, 0xFF, 0xFF, 0xFF, 0x6B, 0x00, 0x00, 
0x00, 0x00, 0x00, 0x01, 0xBF, 0xFF, 0xFF, 0xF1, 0x0D, 0x00, 0x00, 0x00, 
0x00, 0x00, 0x00, 0x14, 0xB6, 0xE5, 0x59, 0x00, 0x00, 0x00, 0x00, 0x00, 
0x00, 0x00, 0x42, 0x00, 0x00, 0x00, 0x00, 0x00, 0x00, 0x00, 0xBD, 0x5B, 
0x00, 0x00, 0x00, 0x00, 0x00, 0x00, 0xDB, 0xB8, 0x00, 0x00, 0x00, 0x00, 
0x00, 0x06, 0xFC, 0xD5, 0x00, 0x00, 0x00, 0x00, 0x00, 0x2B, 0xFF, 0xBE, 
0x00, 0x00, 0x00, 0x00, 0x00, 0x50, 0xFF, 0x95, 0x00, 0x00, 0x00, 0x00, 
0x00, 0x72, 0xFF, 0x69, 0x00, 0x00, 0x00, 0x00, 0x00, 0x94, 0xFF, 0x3C, 
0x00, 0x00, 0x00, 0x00, 0x00, 0xB2, 0xFF, 0x11, 0x00, 0x00, 0x00, 0x00, 
0x00, 0xCF, 0xE8, 0x01, 0x63, 0xB5, 0xA1, 0x16, 0x00, 0xEB, 0xC9, 0xAB, 
0xFF, 0xFF, 0xFF, 0xAB, 0x04, 0xFE, 0xFF, 0xFF, 0xFE, 0xC7, 0xFE, 0xEB, 
0x18, 0xFF, 0xFF, 0xFA, 0x92, 0xE6, 0xFF, 0xE4, 0x2C, 0xFF, 0xFF, 0xF6, 
0xFF, 0xFF, 0xFF, 0x77, 0x41, 0xFF, 0xFF, 0xFF, 0xFF, 0xF8, 0x7E, 0x01, 
0x5E, 0xFF, 0xF6, 0xFF, 0xA6, 0x1D, 0x00, 0x00, 0x82, 0xFF, 0x7F, 0xF1, 
0xCA, 0x20, 0x00, 0x00, 0x77, 0xFF, 0x6D, 0x5B, 0xFF, 0xF9, 0xB1, 0x4D, 
0x3A, 0xFF, 0x8B, 0x00, 0x9A, 0xFF, 0xFF, 0xB6, 0x01, 0x7B, 0x30, 0x00, 
0x03, 0x7E, 0xAB, 0x54, 0x00, 0x00, 0x46, 0x0F, 0x00, 0x00, 0x00, 0x00, 
0xD5, 0xDF, 0x07, 0x00, 0x00, 0x02, 0xEF, 0xFF, 0x1F, 0x00, 0x00, 0x38, 
0xFF, 0xFB, 0x06, 0x00, 0x00, 0x8C, 0xFF, 0xD5, 0x00, 0x00, 0x00, 0xDF, 
0xFF, 0xAA, 0x00, 0x00, 0x0B, 0xEA, 0xFF, 0x81, 0x00, 0x00, 0x00, 0xA6, 
0xFF, 0x5C, 0x00, 0x00, 0x00, 0xCD, 0xFF, 0x39, 0x00, 0x00, 0x00, 0xF4, 
0xFF, 0x1B, 0x00, 0x00, 0x18, 0xFF, 0xFA, 0x02, 0x00, 0x00, 0x36, 0xFF, 
0xDE, 0x00, 0x00, 0x00, 0x48, 0xFF, 0xCC, 0x00, 0x00, 0x19, 0x4E, 0xFF, 
0xC1, 0x00, 0x19, 0xA7, 0x33, 0xFF, 0xB6, 0x04, 0xC0, 0x99, 0x0A, 0xF3, 
0xCB, 0x95, 0xFF, 0x73, 0x00, 0x9E, 0xFF, 0xFF, 0xFF, 0x2D, 0x00, 0x2D, 
0xFC, 0xFF, 0x9A, 0x00, 0x00, 0x00, 0x5D, 0x9F, 0x08, 0x00, 0x00, 0x36, 
0x07, 0x33, 0xC0, 0x67, 0x0C, 0xC5, 0xD3, 0x33, 0x00, 0x00, 0x00, 0x00, 
0xAD, 0x41, 0xD1, 0xFF, 0xFF, 0xC5, 0xFF, 0xFF, 0xBF, 0x00, 0x00, 0x00, 
0x00, 0xE2, 0xD4, 0xFF, 0xE8, 0xFF, 0xFF, 0xFC, 0xCB, 0xEB, 0x00, 0x00, 
0x00, 0x0D, 0xFF, 0xFF, 0xFE, 0xA0, 0xFF, 0xFF, 0xBC, 0xB6, 0xF1, 0x00, 
0x00, 0x00, 0x36, 0xFF, 0xFF, 0xC4, 0xAE, 0xFF, 0xFF, 0x6E, 0xC0, 0xEC, 
0x00, 0x06, 0x09, 0x59, 0xFF, 0xFF, 0x81, 0xD8, 0xFF, 0xFF, 0x23, 0xCA, 
0xE2, 0x00, 0x9E, 0x54, 0x70, 0xFF, 0xFF, 0x4D, 0xFB, 0xFF, 0xDB, 0x00, 
0xD3, 0xD3, 0x5B, 0xFF, 0x5F, 0x68, 0xFF, 0xFF, 0x33, 0xFF, 0xFF, 0x93, 
0x00, 0xD7, 0xF9, 0xF9, 0xFF, 0x42, 0x38, 0xFF, 0xFC, 0x0B, 0xF7, 0xFF, 
0x4D, 0x00, 0xC0, 0xFF, 0xFF, 0xE9, 0x07, 0x00, 0xC3, 0xE4, 0x00, 0x78, 
0xF6, 0x0C, 0x00, 0x60, 0xFF, 0xFF, 0x69, 0x00, 0x00, 0x16, 0x4D, 0x00, 
0x00, 0x1E, 0x00, 0x00, 0x00, 0x5B, 0x7F, 0x00, 0x00, 0x00, 0x06, 0x00, 
0x00, 0x1D, 0x04, 0x00, 0x00, 0x00, 0x00, 0x9C, 0x00, 0x7E, 0xFF, 0xDE, 
0x1A, 0x00, 0x00, 0x00, 0xE2, 0x1B, 0xF8, 0xFF, 0xFF, 0x7A, 0x00, 0x00, 
0x07, 0xFE, 0x9A, 0xFF, 0xD1, 0xFF, 0x8F, 0x00, 0x00, 0x1D, 0xFF, 0xFF, 
0xF0, 0x77, 0xFF, 0x74, 0x00, 0x00, 0x33, 0xFF, 0xFF, 0x9D, 0x95, 0xFF, 
0x50, 0x00, 0x05, 0x4B, 0xFF, 0xFF, 0x51, 0xC2, 0xFF, 0x2E, 0x87, 0x68, 
0x61, 0xFF, 0xFF, 0x17, 0xEE, 0xFF, 0x91, 0xFF, 0x5E, 0x67, 0xFF, 0xEC, 
0x06, 0xFF, 0xFF, 0xFF, 0xFF, 0x3B, 0x49, 0xFF, 0xCF, 0x00, 0xDE, 0xFF, 
0xFF, 0xE7, 0x04, 0x07, 0xDE, 0xB7, 0x00, 0x71, 0xFF, 0xFF, 0x78, 0x00, 
0x00, 0x2B, 0x69, 0x00, 0x03, 0xBE, 0xC8, 0x08, 0x00, 0x00, 0x00, 0x00, 
0x00, 0x00, 0x01, 0x00, 0x00, 0x00, 0x00, 0x00, 0x2C, 0x5B, 0x10, 0x00, 
0x00, 0x00, 0x5C, 0xFD, 0xFF, 0xE4, 0x1B, 0x00, 0x00, 0xB9, 0xFF, 0x58, 
0xFA, 0x8E, 0x00, 0x09, 0xF9, 0xDC, 0x00, 0xDE, 0xD7, 0x00, 0x40, 0xFF, 
0x93, 0x00, 0xD9, 0xFF, 0x0A, 0x6E, 0xFF, 0x63, 0x00, 0xEC, 0xFF, 0x22, 
0x88, 0xFF, 0x4E, 0x1F, 0xFF, 0xFF, 0x1F, 0x88, 0xFF, 0x39, 0x7C, 0xFF, 
0xFA, 0x08, 0x72, 0xFF, 0x61, 0xF3, 0xFF, 0xC4, 0x00, 0x37, 0xFF, 0xFB, 
0xFF, 0xFF, 0x62, 0x00, 0x00, 0xC6, 0xFF, 0xFF, 0xD2, 0x04, 0x00, 0x00, 
0x1B, 0xB1, 0xB9, 0x23, 0x00, 0x00, 0x00, 0x1D, 0x21, 0x00, 0x00, 0x00, 
0x00, 0x00, 0x00, 0x5D, 0xCC, 0x6E, 0x80, 0x2E, 0x00, 0x00, 0x00, 0x88, 
0xFF, 0xFF, 0xFF, 0xFB, 0x51, 0x00, 0x4C, 0xEE, 0xFF, 0xFF, 0xE0, 0xCE, 
0xEA, 0x0E, 0x2A, 0xFD, 0xFF, 0xA1, 0x05, 0x44, 0xFF, 0x63, 0x00, 0xEB, 
0xEB, 0x0B, 0x00, 0x7C, 0xFF, 0x8A, 0x05, 0xFD, 0xA0, 0x0F, 0x01, 0xD8, 
0xFF, 0x78, 0x22, 0xFF, 0x89, 0x8A, 0x64, 0xFF, 0xFF, 0x39, 0x3E, 0xFF, 
0x5B, 0xFF, 0xFF, 0xFF, 0xE0, 0x02, 0x59, 0xFF, 0x1A, 0xFE, 0xFF, 0xFF, 
0x6A, 0x00, 0x6F, 0xED, 0x00, 0xCF, 0xFF, 0xB4, 0x02, 0x00, 0x81, 0xDC, 
0x00, 0x32, 0x68, 0x05, 0x00, 0x00, 0x8C, 0xCA, 0x00, 0x00, 0x00, 0x00, 
0x00, 0x00, 0x8C, 0xC2, 0x00, 0x00, 0x00, 0x00, 0x00, 0x00, 0x82, 0xCF, 
0x00, 0x00, 0x00, 0x00, 0x00, 0x00, 0x64, 0xEA, 0x00, 0x00, 0x00, 0x00, 
0x00, 0x00, 0x16, 0x6A, 0x00, 0x00, 0x00, 0x00, 0x00, 0x00, 0x00, 0x00, 
0x00, 0x00, 0x2D, 0x65, 0x22, 0x00, 0x00, 0x00, 0x00, 0x77, 0xFD, 0xFF, 
0xEF, 0x14, 0x00, 0x00, 0x90, 0xFF, 0xFF, 0xF5, 0xFF, 0x61, 0x00, 0x57, 
0xFF, 0xFF, 0x83, 0x66, 0xFF, 0xAB, 0x01, 0xDC, 0xFF, 0x84, 0x00, 0xCD, 
0xFF, 0x9C, 0x41, 0xFF, 0xE1, 0x06, 0x51, 0xFF, 0xFF, 0x67, 0x6D, 0xFF, 
0x7D, 0x0E, 0xDE, 0xFF, 0xFF, 0x31, 0x88, 0xFF, 0x41, 0xB0, 0xFF, 0xFF, 
0xF7, 0x04, 0x7E, 0xFF, 0xD2, 0xFF, 0xFF, 0xFF, 0xC6, 0x00, 0x40, 0xFF, 
0xFF, 0xFF, 0xCE, 0xFF, 0x91, 0x00, 0x00, 0x9D, 0xFF, 0x88, 0xAD, 0xFF, 
0x5D, 0x00, 0x00, 0x00, 0x12, 0x00, 0xD8, 0xFF, 0x28, 0x00, 0x00, 0x00, 
0x00, 0x04, 0xFA, 0xF2, 0x01, 0x00, 0x00, 0x00, 0x00, 0x21, 0xFF, 0xBF, 
0x00, 0x00, 0x00, 0x00, 0x00, 0x38, 0xFF, 0x8B, 0x06, 0x00, 0x00, 0x00, 
0x00, 0x3D, 0xFF, 0x7F, 0xCC, 0x00, 0x00, 0x00, 0x00, 0x34, 0xFF, 0xFF, 
0xE2, 0x00, 0x00, 0x00, 0x00, 0x15, 0xFF, 0xFF, 0x9D, 0x00, 0x00, 0x00, 
0x00, 0x00, 0x98, 0xD4, 0x24, 0x00, 0x05, 0x3A, 0x00, 0x00, 0x00, 0x00, 
0x00, 0x00, 0x65, 0xFE, 0x3E, 0x52, 0x1C, 0x00, 0x00, 0x00, 0xE2, 0xFF, 
0xF8, 0xFF, 0xED, 0x21, 0x00, 0x00, 0xDB, 0xFF, 0xFF, 0xFF, 0xFF, 0x4E, 
0x00, 0x00, 0x83, 0xFD, 0xC3, 0xFF, 0xE6, 0x0E, 0x00, 0x00, 0x08, 0x2D, 
0xB5, 0xFF, 0x90, 0x00, 0x00, 0x00, 0x00, 0x05, 0xF4, 0xFF, 0x47, 0x00, 
0x12, 0x82, 0x00, 0x24, 0xFF, 0xF7, 0x09, 0x22, 0xD8, 0xC4, 0x00, 0x2F, 
0xFF, 0xBF, 0x3C, 0xEA, 0xFF, 0x7B, 0x00, 0x08, 0xEF, 0xEB, 0xFB, 0xFF, 
0xE3, 0x0C, 0x00, 0x00, 0x82, 0xFF, 0xFF, 0xF9, 0x3B, 0x00, 0x00, 0x00, 
0x08, 0xAA, 0xCF, 0x4A, 0x00, 0x00, 0x00, 0x00, 0x00, 0x00, 0x1A, 0x31, 
0x04, 0x00, 0x00, 0x00, 0x31, 0xA8, 0xFC, 0xFF, 0xE1, 0x38, 0x00, 0x9C, 
0xFF, 0xFF, 0xFF, 0xFF, 0xFF, 0xAA, 0x22, 0xFF, 0xE9, 0x75, 0x3A, 0xED, 
0xF5, 0x44, 0x4E, 0xFF, 0xEB, 0x8C, 0x2E, 0x05, 0x0A, 0x00, 0x0C, 0xA6, 
0xFC, 0xFF, 0xFF, 0xAC, 0x11, 0x00, 0x00, 0x00, 0x27, 0x7E, 0xE2, 0xFF, 
0xC1, 0x00, 0x06, 0x94, 0x64, 0x00, 0x05, 0xC9, 0xFF, 0x1F, 0x76, 0xAE, 
0x44, 0x6F, 0xD1, 0xFF, 0xF7, 0x0B, 0x9A, 0xFF, 0xFF, 0xFF, 0xFF, 0xFF, 
0x7C, 0x00, 0x69, 0xFF, 0xFF, 0xFF, 0xF7, 0x7A, 0x00, 0x00, 0x03, 0x65, 
0x8B, 0x67, 0x16, 0x00, 0x00, 0x00, 0x00, 0x00, 0x00, 0x07, 0x0A, 0x00, 
0x00, 0x00, 0x00, 0x00, 0x00, 0x68, 0xF0, 0x4A, 0x00, 0x00, 0x00, 0x00, 
0x00, 0x83, 0xFF, 0x97, 0x00, 0x00, 0x00, 0x00, 0x00, 0xB5, 0xFF, 0x5A, 
0x00, 0x00, 0x00, 0x00, 0x00, 0xE8, 0xFF, 0x2B, 0x00, 0x00, 0x16, 0x14, 
0x1B, 0xFF, 0xFC, 0x0C, 0x11, 0x00, 0xB9, 0xFF, 0xFF, 0xFF, 0xFF, 0xFF, 
0xFF, 0x75, 0x3D, 0xFE, 0xFF, 0xFF, 0xFF, 0xFF, 0xF5, 0x49, 0x00, 0x5D, 
0xDB, 0xFF, 0xCF, 0x5F, 0x13, 0x00, 0x00, 0x00, 0x9B, 0xFF, 0x8B, 0x00, 
0x00, 0x00, 0x00, 0x00, 0xAA, 0xFF, 0x76, 0x00, 0x00, 0x00, 0x00, 0x00, 
0xB2, 0xFF, 0x6B, 0x00, 0x00, 0x00, 0x00, 0x00, 0xAD, 0xFF, 0x65, 0x09, 
0x76, 0x00, 0x00, 0x00, 0x96, 0xFF, 0x95, 0xCA, 0xF3, 0x00, 0x00, 0x00, 
0x41, 0xFF, 0xFF, 0xFF, 0xE0, 0x00, 0x00, 0x00, 0x00, 0xA8, 0xFF, 0xFF, 
0xA6, 0x00, 0x00, 0x00, 0x00, 0x15, 0xD9, 0xFC, 0x3D, 0x00, 0x00, 0x00, 
0x00, 0x00, 0x04, 0x1A, 0x00, 0x00, 0x5F, 0x73, 0x7C, 0x0F, 0x00, 0x00, 
0x00, 0x00, 0x00, 0xCC, 0xFF, 0xFF, 0xD9, 0x13, 0x02, 0x40, 0x07, 0x00, 
0x87, 0xFF, 0xFF, 0xFF, 0x23, 0x6D, 0xFF, 0x5E, 0x00, 0x04, 0x59, 0xFF, 
0xCE, 0x0B, 0xE8, 0xFF, 0x42, 0x00, 0x00, 0x99, 0xFF, 0x73, 0x7E, 0xFF, 
0xF8, 0x09, 0x00, 0x00, 0xE5, 0xFD, 0x30, 0xF2, 0xFF, 0xBC, 0x00, 0x00, 
0x26, 0xFF, 0xBA, 0x96, 0xFF, 0xFF, 0x83, 0x6F, 0x00, 0x50, 0xFF, 0x9C, 
0xFC, 0xFF, 0xFF, 0x90, 0xE8, 0x00, 0x5F, 0xFF, 0xFF, 0xFF, 0xF9, 0xFF, 
0xCF, 0xFF, 0x11, 0x49, 0xFF, 0xFF, 0xFF, 0x70, 0xFF, 0xFF, 0xF6, 0x02, 
0x0D, 0xEC, 0xFF, 0xB4, 0x03, 0xD8, 0xFF, 0xA1, 0x00, 0x00, 0x54, 0xCE, 
0x24, 0x00, 0x33, 0xAB, 0x20, 0x00, 0x00, 0x00, 0x00, 0x00, 0x00, 0x00, 
0x02, 0x00, 0x18, 0x78, 0x83, 0x4A, 0x00, 0x00, 0x90, 0x00, 0x12, 0xFE, 
0xFF, 0xFF, 0x7F, 0x00, 0xD2, 0x00, 0x00, 0xCF, 0xFF, 0xFF, 0xC3, 0x16, 
0xF9, 0x02, 0x00, 0x40, 0xE7, 0xFF, 0x97, 0x39, 0xFF, 0x14, 0x00, 0x00, 
0xB8, 0xFF, 0x61, 0x64, 0xFF, 0x20, 0x00, 0x0A, 0xF6, 0xFF, 0x27, 0xA5, 
0xFF, 0x2B, 0x00, 0x41, 0xFF, 0xEB, 0x0A, 0xF1, 0xFF, 0x25, 0x00, 0x5F, 
0xFF, 0xB0, 0x70, 0xFF, 0xFE, 0x0D, 0x00, 0x4E, 0xFF, 0xB8, 0xF3, 0xFF, 
0xD4, 0x00, 0x00, 0x0F, 0xF7, 0xFF, 0xFF, 0xFF, 0x79, 0x00, 0x00, 0x00, 
0x7A, 0xFF, 0xFF, 0xE4, 0x0C, 0x00, 0x00, 0x00, 0x00, 0x62, 0xA4, 0x2D, 
0x00, 0x00, 0x00, 0x00, 0x40, 0x5B, 0x00, 0x00, 0x00, 0x1C, 0x0D, 0x00, 
0x00, 0x57, 0xD8, 0xFF, 0xFF, 0x5B, 0x00, 0x00, 0x4B, 0xD0, 0x03, 0x00, 
0x64, 0xFF, 0xFF, 0xFF, 0xB2, 0x00, 0x00, 0x00, 0xA7, 0x51, 0x00, 0x1B, 
0xE1, 0xBF, 0xFF, 0xA8, 0x07, 0x2D, 0x08, 0x84, 0xB2, 0x00, 0x00, 0x00, 
0x90, 0xFF, 0x75, 0x92, 0xFF, 0x7F, 0x7A, 0xF7, 0x09, 0x00, 0x00, 0xD8, 
0xFF, 0x31, 0xDF, 0xFF, 0x72, 0x7B, 0xFF, 0x37, 0x00, 0x06, 0xFE, 0xEB, 
0x35, 0xFF, 0xFF, 0x5C, 0x89, 0xFF, 0x5D, 0x00, 0x17, 0xFF, 0xAA, 0x9A, 
0xFF, 0xFF, 0x51, 0xAC, 0xFF, 0x6B, 0x00, 0x0D, 0xFF, 0x9C, 0xF9, 0xFA, 
0xFF, 0x5B, 0xE9, 0xFF, 0x61, 0x00, 0x00, 0xE3, 0xFF, 0xFF, 0x87, 0xFE, 
0xD8, 0xFF, 0xFF, 0x3C, 0x00, 0x00, 0x80, 0xFF, 0xE8, 0x0B, 0xB9, 0xFF, 
0xFF, 0xEC, 0x06, 0x00, 0x00, 0x05, 0x91, 0x43, 0x00, 0x1C, 0xC2, 0xEA, 
0x52, 0x00, 0x00, 0x00, 0x00, 0x00, 0x00, 0x00, 0x07, 0x8F, 0x04, 0x7E, 
0x70, 0x00, 0x00, 0x00, 0x0F, 0xC2, 0xD8, 0x00, 0xAA, 0xFA, 0x2E, 0x00, 
0x14, 0xCE, 0xFF, 0x53, 0x00, 0x52, 0xFF, 0xC7, 0x16, 0xD3, 0xFF, 0xBA, 
0x00, 0x00, 0x05, 0xE9, 0xFF, 0xE9, 0xFF, 0xF6, 0x26, 0x00, 0x00, 0x00, 
0x88, 0xFF, 0xFF, 0xFF, 0x73, 0x00, 0x00, 0x00, 0x00, 0x7A, 0xFF, 0xFF, 
0xC7, 0x02, 0x00, 0x00, 0x00, 0x1E, 0xF7, 0xFF, 0xFF, 0xC0, 0x00, 0x00, 
0x00, 0x00, 0x8D, 0xFF, 0xFF, 0xFD, 0xFF, 0x25, 0x00, 0x00, 0x00, 0xB6, 
0xFF, 0xB4, 0x7B, 0xFF, 0x83, 0x00, 0x00, 0x00, 0x4E, 0xFD, 0x43, 0x04, 
0xC6, 0xD2, 0x00, 0x00, 0x00, 0x00, 0x42, 0x0A, 0x00, 0x16, 0x71, 0x00, 
0x00, 0x00, 0x02, 0x7F, 0xAD, 0xEA, 0xA2, 0x01, 0x00, 0x00, 0x26, 0x01, 
0x00, 0xDC, 0xFF, 0xFF, 0xFF, 0x63, 0x00, 0x21, 0xFC, 0x73, 0x00, 0x66, 
0xC2, 0xF9, 0xFF, 0x82, 0x00, 0x8F, 0xFF, 0x9D, 0x00, 0x00, 0x3E, 0xFF, 
0xFF, 0x32, 0x0F, 0xF2, 0xFF, 0x76, 0x00, 0x00, 0xAA, 0xFF, 0xC8, 0x00, 
0x80, 0xFF, 0xFF, 0x47, 0x00, 0x08, 0xF7, 0xFF, 0x57, 0x27, 0xF7, 0xFF, 
0xFF, 0x16, 0x00, 0x3B, 0xFF, 0xE4, 0x11, 0xCF, 0xFF, 0xFF, 0xE1, 0x00, 
0x00, 0x55, 0xFF, 0xB7, 0xC8, 0xFF, 0xFF, 0xFF, 0xAC, 0x00, 0x00, 0x3C, 
0xFF, 0xFF, 0xFF, 0xFF, 0xC6, 0xFF, 0x77, 0x00, 0x00, 0x02, 0xCB, 0xFF, 
0xFF, 0x8D, 0x7D, 0xFF, 0x41, 0x00, 0x00, 0x00, 0x0E, 0x52, 0x30, 0x00, 
0xB0, 0xFD, 0x0D, 0x00, 0x00, 0x00, 0x00, 0x00, 0x00, 0x00, 0xE4, 0xD5, 
0x00, 0x00, 0x00, 0x00, 0x00, 0x00, 0x00, 0x17, 0xFF, 0x9F, 0x00, 0x00, 
0x00, 0x00, 0x00, 0x00, 0x20, 0x4C, 0xFF, 0x69, 0x00, 0x00, 0x00, 0x00, 
0x00, 0x00, 0xC6, 0xD4, 0xFF, 0x33, 0x00, 0x00, 0x00, 0x00, 0x00, 0x00, 
0xC7, 0xFF, 0xFC, 0x05, 0x00, 0x00, 0x00, 0x00, 0x00, 0x00, 0xB6, 0xFF, 
0xE5, 0x00, 0x00, 0x00, 0x00, 0x00, 0x00, 0x00, 0x70, 0xFF, 0xD3, 0x00, 
0x00, 0x00, 0x00, 0x00, 0x00, 0x00, 0x04, 0x9C, 0xAA, 0x00, 0x00, 0x00, 
0x00, 0x10, 0x49, 0x00, 0x00, 0x00, 0x00, 0x00, 0x41, 0xED, 0xFE, 0xBE, 
0xAE, 0x71, 0x04, 0x00, 0xB8, 0xFF, 0xFF, 0xFF, 0xFF, 0xFF, 0x9D, 0x00, 
0x82, 0xFF, 0xFF, 0xE5, 0xCD, 0xFF, 0xFF, 0x22, 0x03, 0x25, 0x0D, 0x11, 
0xCC, 0xFF, 0xF2, 0x1C, 0x00, 0x00, 0x13, 0xCF, 0xFF, 0xED, 0x37, 0x00, 
0x00, 0x13, 0xD1, 0xFF, 0xDC, 0x27, 0x00, 0x00, 0x0B, 0xCA, 0xFF, 0xC0, 
0x13, 0x00, 0x00, 0x00, 0x7E, 0xFF, 0xDE, 0x68, 0x6C, 0x55, 0x00, 0x00, 
0x8B, 0xFF, 0xFF, 0xFF, 0xFF, 0xFF, 0x27, 0x00, 0x2A, 0xFD, 0xFF, 0xFA, 
0xB6, 0x68, 0x04, 0x00, 0x00, 0x4A, 0x5A, 0x12, 0x00, 0x00, 0x00, 0x00, 
0x00, 0x00, 0x00, 0x00, 0x07, 0x81, 0xCE, 0xDF, 0xD7, 0xC8, 0x83, 0x00, 
0x00, 0x00, 0x00, 0x00, 0x9A, 0xFF, 0xFF, 0xFF, 0xFF, 0xFF, 0xF6, 0x0D, 
0x00, 0x00, 0x00, 0x0B, 0xFA, 0xFF, 0x87, 0xCB, 0xFF, 0xC1, 0x30, 0x00, 
0x00, 0x00, 0x00, 0x1A, 0xFF, 0xE4, 0x11, 0xA0, 0x3A, 0x00, 0x00, 0x00, 
0x00, 0x00, 0x00, 0x1C, 0xFF, 0xB1, 0x00, 0x00, 0x00, 0x00, 0x00, 0x00, 
0x00, 0x00, 0x00, 0x20, 0xFF, 0x95, 0x00, 0x00, 0x00, 0x00, 0x00, 0x00, 
0x00, 0x00, 0x00, 0x28, 0xFF, 0x81, 0x00, 0x00, 0x00, 0x00, 0x00, 0x00, 
0x00, 0x00, 0x00, 0x3E, 0xFF, 0x6E, 0x00, 0x00, 0x00, 0x00, 0x00, 0x00, 
0x00, 0x00, 0x00, 0x64, 0xFF, 0x48, 0x00, 0x00, 0x00, 0x00, 0x00, 0x00, 
0x00, 0x00, 0x00, 0xB4, 0xEF, 0x0B, 0x00, 0x00, 0x00, 0x00, 0x00, 0x00, 
0x0C, 0xAF, 0xBE, 0xF5, 0x45, 0x00, 0x00, 0x00, 0x00, 0x00, 0x00, 0x00, 
0x1A, 0xC5, 0xFB, 0xFF, 0xAA, 0x02, 0x00, 0x00, 0x00, 0x00, 0x00, 0x00, 
0x00, 0x00, 0x33, 0xF6, 0xFF, 0x59, 0x00, 0x00, 0x00, 0x00, 0x00, 0x00, 
0x00, 0x00, 0x00, 0x9E, 0xFF, 0x8D, 0x00, 0x00, 0x00, 0x00, 0x00, 0x00, 
0x00, 0x00, 0x00, 0x77, 0xFF, 0x7D, 0x00, 0x00, 0x00, 0x00, 0x00, 0x00, 
0x00, 0x00, 0x00, 0x8D, 0xFF, 0x41, 0x00, 0x00, 0x00, 0x00, 0x00, 0x00, 
0x00, 0x00, 0x00, 0xC1, 0xE4, 0x03, 0x00, 0x00, 0x00, 0x00, 0x00, 0x00, 
0x00, 0x00, 0x14, 0xFB, 0x81, 0x00, 0x00, 0x00, 0x00, 0x00, 0x00, 0x00, 
0x00, 0x00, 0x72, 0xF9, 0x19, 0x00, 0x00, 0x00, 0x00, 0x00, 0x00, 0x00, 
0x00, 0x00, 0xD2, 0xA6, 0x00, 0x00, 0x00, 0x00, 0x00, 0x00, 0x00, 0x00, 
0x00, 0x1A, 0xFF, 0x5A, 0x00, 0x00, 0x00, 0x00, 0x00, 0x00, 0x00, 0x00, 
0x00, 0x10, 0xF8, 0xDA, 0x74, 0x70, 0x88, 0x91, 0x0D, 0x00, 0x00, 0x00, 
0x00, 0x00, 0x5F, 0xFC, 0xFF, 0xFF, 0xFF, 0xFF, 0x43, 0x00, 0x00, 0x00, 
0x00, 0x00, 0x00, 0x2E, 0x97, 0xB3, 0xA1, 0x61, 0x02, 0x00, 0x00, 0x00, 
0x00, 0x00, 0x70, 0x3A, 0x00, 0x00, 0x00, 0xCC, 0xF6, 0x11, 0x00, 0x03, 
0xF1, 0xFF, 0x24, 0x00, 0x3C, 0xFF, 0xFD, 0x06, 0x00, 0x8E, 0xFF, 0xE2, 
0x00, 0x00, 0xE0, 0xFF, 0xC7, 0x00, 0x04, 0xD0, 0xFF, 0xAE, 0x00, 0x00, 
0x9C, 0xFF, 0x9A, 0x00, 0x00, 0xAE, 0xFF, 0x86, 0x00, 0x00, 0xBC, 0xFF, 
0x76, 0x00, 0x00, 0xC6, 0xFF, 0x67, 0x00, 0x00, 0xCF, 0xFF, 0x59, 0x00, 
0x00, 0xD6, 0xFF, 0x4D, 0x00, 0x00, 0xDD, 0xFF, 0x41, 0x00, 0x00, 0xE2, 
0xFF, 0x36, 0x00, 0x00, 0xE7, 0xFF, 0x2D, 0x00, 0x00, 0xEC, 0xFF, 0x25, 
0x00, 0x00, 0xEF, 0xFF, 0x1F, 0x00, 0x00, 0xEF, 0xFF, 0x19, 0x00, 0x00, 
0xDE, 0xFF, 0x16, 0x00, 0x00, 0xA4, 0xFF, 0x13, 0x00, 0x00, 0x3B, 0xFF, 
0x09, 0x00, 0x00, 0x00, 0x72, 0x00, 0x00, 0x00, 0x02, 0x1A, 0x29, 0x2D, 
0x1F, 0x00, 0x00, 0x00, 0x00, 0x00, 0x93, 0xFF, 0xFF, 0xFF, 0xFF, 0xB6, 
0x0D, 0x00, 0x00, 0x00, 0xC3, 0xFF, 0xFF, 0xEA, 0xFD, 0xFF, 0xAA, 0x00, 
0x00, 0x00, 0x10, 0x9A, 0xFC, 0x9A, 0x33, 0xF9, 0xFF, 0x2A, 0x00, 0x00, 
0x00, 0x00, 0x21, 0x65, 0x00, 0xE4, 0xFF, 0x47, 0x00, 0x00, 0x00, 0x00, 
0x00, 0x00, 0x16, 0xFE, 0xF1, 0x0C, 0x00, 0x00, 0x00, 0x00, 0x00, 0x00, 
0x5B, 0xFF, 0x95, 0x00, 0x00, 0x00, 0x00, 0x00, 0x00, 0x00, 0x9D, 0xFF, 
0x3A, 0x00, 0x00, 0x00, 0x00, 0x00, 0x00, 0x00, 0xC8, 0xED, 0x02, 0x00, 
0x00, 0x00, 0x00, 0x00, 0x00, 0x00, 0xC8, 0xC5, 0x00, 0x00, 0x00, 0x00, 
0x00, 0x00, 0x00, 0x00, 0x81, 0xD4, 0x00, 0x00, 0x00, 0x00, 0x00, 0x00, 
0x00, 0x00, 0x09, 0xB7, 0x88, 0x3F, 0x13, 0x00, 0x00, 0x00, 0x00, 0x02, 
0x6E, 0xD3, 0xFF, 0xFF, 0xB0, 0x00, 0x00, 0x00, 0x00, 0x89, 0xFF, 0xFD, 
0x97, 0x70, 0x41, 0x00, 0x00, 0x00, 0x01, 0xF0, 0xFF, 0x6F, 0x00, 0x00, 
0x00, 0x00, 0x00, 0x00, 0x12, 0xFF, 0xF4, 0x07, 0x00, 0x00, 0x00, 0x00, 
0x00, 0x00, 0x0C, 0xFF, 0xDA, 0x00, 0x00, 0x00, 0x00, 0x00, 0x00, 0x00, 
0x00, 0xEE, 0xE8, 0x00, 0x00, 0x00, 0x00, 0x00, 0x00, 0x00, 0x00, 0xBE, 
0xFF, 0x0C, 0x00, 0x00, 0x00, 0x00, 0x00, 0x00, 0x00, 0x82, 0xFF, 0x33, 
0x00, 0x00, 0x00, 0x00, 0x00, 0x00, 0x00, 0x3A, 0xFF, 0x4F, 0x00, 0x00, 
0x00, 0x00, 0x00, 0x00, 0x00, 0x04, 0xFA, 0x58, 0x00, 0x00, 0x00, 0x26, 
0x91, 0x6B, 0x51, 0x7C, 0xFF, 0x3C, 0x00, 0x00, 0x00, 0x6A, 0xFF, 0xFF, 
0xFF, 0xFF, 0xD7, 0x02, 0x00, 0x00, 0x00, 0x19, 0xA0, 0xD3, 0xDD, 0xA4, 
0x22, 0x00, 0x00, 0x00, 0x00, 0x00, 0x41, 0xB5, 0xCB, 0x6C, 0x02, 0x00, 
0x79, 0x4F, 0x29, 0xFC, 0xF0, 0xDA, 0xFF, 0xC9, 0x93, 0xFF, 0xE4, 0x33, 
0xFF, 0x52, 0x02, 0x66, 0xE7, 0xFF, 0xFF, 0x96, 0x00, 0x36, 0x00, 0x00, 
0x00, 0x09, 0x3C, 0x28, 0x00, 0x00, 0x00, 0x00, 0x00, 0x00, 0x00, 0x00, 
0x00, 0x00, 0x00, 0x1A, 0x63, 0x74, 0x22, 0x00, 0x00, 0x00, 0x00, 0x00, 
0x00, 0x00, 0x00, 0x00, 0x00, 0x00, 0x00, 0x00, 0x00, 0x23, 0x6B, 0xA6, 
0xDE, 0xFF, 0xFF, 0xFF, 0xF3, 0x11, 0x00, 0x00, 0x00, 0x00, 0x00, 0x00, 
0x00, 0x00, 0x00, 0x00, 0x00, 0x00, 0x26, 0xFD, 0xFF, 0xFF, 0xFF, 0xFF, 
0xFE, 0xE6, 0xC2, 0x0D, 0x00, 0x00, 0x00, 0x00, 0x00, 0x00, 0x00, 0x00, 
0x00, 0x00, 0x00, 0x00, 0x00, 0x36, 0xB4, 0xE9, 0x8F, 0x40, 0x0D, 0x00, 
0x00, 0x00, 0x00, 0x00, 0x00, 0x00, 0x00, 0x00, 0x00, 0x00, 0x00, 0x00, 
0x00, 0x00, 0x00, 0x00, 0x00, 0x00, 0x00, 0x00, 0x00, 0x00, 0x00, 0x00, 
0x00, 0x00, 0x00, 0x00, 0x00, 0x00, 0x00, 0x00, 0x00, 0x00, 0x00, 0x00, 
0x00, 0x00, 0x00, 0x00, 0x00, 0x00, 0x00, 0x00, 0x00, 0x00, 0x00, 0x00, 
0x00, 0x00, 0x00, 0x00, 0x00, 0x00, 0x00, 0x00, 0x00, 0x00, 0x00, 0x00, 
0x00, 0x00, 0x00, 0x00, 0x00, 0x00, 0x00, 0x00, 0x00, 0x00, 0x00, 0x00, 
0x00, 0x00, 0x00, 0x00, 0x00, 0x00, 0x00, 0x00, 0x00, 0x00, 0x00, 0x00, 
0x00, 0x00, 0x00, 0x00, 0x03, 0x19, 0x2B, 0x39, 0x45, 0x52, 0x4E, 0x09, 
0x00, 0x00, 0x00, 0x00, 0x00, 0x00, 0x01, 0x1F, 0x43, 0x64, 0x84, 0xA0, 
0xBD, 0xE0, 0xFD, 0xFF, 0xFF, 0xFF, 0xFF, 0xFF, 0xFF, 0xDC, 0x27, 0x00, 
0x00, 0x18, 0x65, 0xB0, 0xF1, 0xFF, 0xFF, 0xFF, 0xFF, 0xFF, 0xFF, 0xFF, 
0xFF, 0xFF, 0xFF, 0xFF, 0xFF, 0xFF, 0xFF, 0xFF, 0x89, 0x3F, 0xC6, 0xFE, 
0xFF, 0xFF, 0xFF, 0xFF, 0xFF, 0xEE, 0xC6, 0xA2, 0x7E, 0x5D, 0x3C, 0x28, 
0x20, 0x1C, 0x1E, 0x35, 0x82, 0xB7, 0x2E, 0x62, 0xFF, 0xFF, 0xFD, 0xC7, 
0x83, 0x4B, 0x19, 0x00, 0x00, 0x00, 0x00, 0x00, 0x00, 0x00, 0x00, 0x00, 
0x00, 0x00, 0x00, 0x00, 0x00, 0x00, 0x45, 0x7D, 0x1A, 0x00, 0x00, 0x00, 
0x00, 0x00, 0x00, 0x00, 0x00, 0x00, 0x00, 0x00, 0x00, 0x00, 0x00, 0x00, 
0x00, 0x00, 0x00, 0x00, 0x00, 0x00, 0x00, 0x00, 0x00, 0x00, 0x08, 0xAB, 
0x3E, 0x00, 0x00, 0x00, 0x00, 0x00, 0x00, 0x00, 0x00, 0x00, 0x00, 0x00, 
0x00, 0x00, 0x00, 0x00, 0x00, 0x00, 0x00, 0x22, 0xFF, 0xF9, 0x42, 0x00, 
0x00, 0x00, 0x00, 0x00, 0x00, 0x00, 0x00, 0x00, 0x00, 0x00, 0x00, 0x00, 
0x00, 0x00, 0x00, 0x00, 0x2A, 0xFF, 0xFF, 0x73, 0x00, 0x00, 0x00, 0x00, 
0x00, 0x00, 0x00, 0x00, 0x00, 0x00, 0x00, 0x00, 0x00, 0x00, 0x00, 0x00, 
0x00, 0x2F, 0xFF, 0xFF, 0x43, 0x00, 0x00, 0x00, 0x00, 0x00, 0x00, 0x00, 
0x00, 0x00, 0x00, 0x00, 0x00, 0x00, 0x00, 0x00, 0x00, 0x00, 0x35, 0xFF, 
0xFF, 0x31, 0x00, 0x00, 0x00, 0x00, 0x00, 0x00, 0x00, 0x00, 0x00, 0x00, 
0x00, 0x00, 0x00, 0x00, 0x00, 0x00, 0x00, 0x3A, 0xFF, 0xFF, 0x1D, 0x00, 
0x00, 0x00, 0x00, 0x00, 0x00, 0x00, 0x00, 0x00, 0x00, 0x00, 0x00, 0x00, 
0x00, 0x00, 0x0F, 0x43, 0x8D, 0xFF, 0xFF, 0x98, 0x9C, 0xAD, 0xD0, 0x8A, 
0x0A, 0x00, 0x00, 0x00, 0x00, 0x00, 0x00, 0x00, 0x1B, 0x8E, 0xD3, 0xFE, 
0xFD, 0xF1, 0xFF, 0xFF, 0x9A, 0xA8, 0xCE, 0xF7, 0xFF, 0xA0, 0x00, 0x00, 
0x00, 0x00, 0x00, 0x00, 0x00, 0x1B, 0xE6, 0xD8, 0x5A, 0x10, 0x71, 0xFF, 
0xFF, 0x2F, 0x00, 0x00, 0x07, 0x4A, 0x35, 0x00, 0x00, 0x00, 0x00, 0x00, 
0x00, 0x00, 0x00, 0x11, 0x0E, 0x00, 0x00, 0x95, 0xFF, 0xFF, 0x68, 0x00, 
0x00, 0x00, 0x00, 0x00, 0x00, 0x00, 0x00, 0x00, 0x00, 0x00, 0x00, 0x00, 
0x00, 0x00, 0x00, 0x00, 0xC8, 0xFF, 0xFF, 0xDA, 0x07, 0x00, 0x00, 0x00, 
0x00, 0x00, 0x00, 0x00, 0x00, 0x00, 0x00, 0x00, 0x00, 0x00, 0x00, 0x00, 
0x10, 0xF8, 0xFF, 0xF3, 0xFF, 0x88, 0x00, 0x00, 0x00, 0x00, 0x00, 0x00, 
0x00, 0x00, 0x00, 0x00, 0x00, 0x00, 0x00, 0x00, 0x00, 0x6C, 0xFF, 0xC4, 
0x60, 0xFF, 0xFD, 0x4A, 0x00, 0x00, 0x00, 0x00, 0x00, 0x00, 0x00, 0x00, 
0x00, 0x00, 0x00, 0x00, 0x00, 0x0F, 0xE8, 0xFF, 0x42, 0x02, 0xCC, 0xFF, 
0xF2, 0x2F, 0x00, 0x00, 0x00, 0x00, 0x00, 0x00, 0x00, 0x00, 0x00, 0x00, 
0x00, 0x00, 0x9E, 0xFF, 0xB0, 0x00, 0x00, 0x2A, 0xF6, 0xFF, 0xE8, 0x2B, 
0x00, 0x00, 0x00, 0x00, 0x00, 0x00, 0x00, 0x00, 0x00, 0x00, 0x60, 0xFF, 
0xD8, 0x11, 0x00, 0x00, 0x00, 0x7A, 0xFF, 0xFF, 0xED, 0x46, 0x00, 0x00, 
0x00, 0x00, 0x00, 0x00, 0x00, 0x00, 0x41, 0xF9, 0xC7, 0x1C, 0x00, 0x00, 
0x00, 0x00, 0x02, 0xC2, 0xFF, 0xFF, 0xFF, 0xA3, 0x1B, 0x00, 0x00, 0x00, 
0x00, 0x00, 0x46, 0xF1, 0x91, 0x06, 0x00, 0x00, 0x00, 0x00, 0x00, 0x00, 
0x1F, 0xE8, 0xFF, 0xFF, 0xFF, 0xF3, 0x7E, 0x0D, 0x00, 0x00, 0x6B, 0xBD, 
0x33, 0x00, 0x00, 0x00, 0x00, 0x00, 0x00, 0x00, 0x00, 0x00, 0x31, 0xF0, 
0xFF, 0xFF, 0xFF, 0xFF, 0xEA, 0x46, 0x21, 0x4E, 0x00, 0x00, 0x00, 0x00, 
0x00, 0x00, 0x00, 0x00, 0x00, 0x00, 0x00, 0x00, 0x26, 0xCD, 0xF3, 0xAB, 
0x67, 0x34, 0x03, 0x00, 0x00, 0x00, 0x00, 0x00, 0x00, 0x00, 0x00, 0x00, 
0x00, 0x00, 0x00, 0x00, 0x00, 0x00, 0x00, 0x06, 0x00, 0x00, 0x00, 0x00, 
0x00, 0x00, 0x00, 0x00, 0x00, 0x00, 0x00, 0x00, 0x00, 0x0B, 0xA5, 0x7F, 
0x00, 0x00, 0x00, 0x00, 0x00, 0x00, 0x00, 0x00, 0x00, 0x00, 0x00, 0x00, 
0x00, 0x00, 0x00, 0x00, 0x14, 0xC9, 0xFF, 0xFF, 0x42, 0x00, 0x00, 0x00, 
0x00, 0x00, 0x00, 0x00, 0x00, 0x00, 0x00, 0x00, 0x00, 0x00, 0x00, 0x24, 
0xD9, 0xFF, 0xFE, 0xA0, 0x0B, 0x00, 0x00, 0x00, 0x00, 0x00, 0x00, 0x00, 
0x00, 0x00, 0x00, 0x00, 0x00, 0x00, 0x40, 0xEC, 0xFF, 0xFF, 0xAC, 0x00, 
0x00, 0x00, 0x00, 0x00, 0x00, 0x00, 0x00, 0x00, 0x00, 0x00, 0x00, 0x00, 
0x00, 0x6D, 0xF5, 0xAA, 0x3C, 0xC2, 0xFF, 0x40, 0x16, 0x1C, 0x00, 0x00, 
0x00, 0x00, 0x00, 0x00, 0x00, 0x00, 0x00, 0x00, 0x23, 0x62, 0x13, 0x00, 
0x34, 0xD0, 0xFF, 0xF0, 0xFE, 0xF4, 0x14, 0x00, 0x00, 0x00, 0x00, 0x00, 
0x00, 0x00, 0x00, 0x00, 0x00, 0x12, 0x82, 0xDF, 0xFF, 0xFF, 0xFF, 0xF3, 
0xE5, 0xD9, 0x1A, 0x00, 0x00, 0x00, 0x00, 0x00, 0x00, 0x00, 0x00, 0x00, 
0x00, 0x2C, 0xF7, 0xCB, 0x68, 0xBF, 0xFF, 0x90, 0x00, 0x00, 0x00, 0x00, 
0x00, 0x00, 0x00, 0x00, 0x00, 0x00, 0x00, 0x00, 0x00, 0x00, 0x18, 0x00, 
0x00, 0xA4, 0xFF, 0x83, 0x00, 0x00, 0x00, 0x00, 0x00, 0x07, 0x0B, 0x00, 
0x00, 0x00, 0x00, 0x00, 0x00, 0x00, 0x00, 0x00, 0x06, 0xB4, 0xFF, 0xB4, 
0x7F, 0x9B, 0xB3, 0xCC, 0xE6, 0xFF, 0xF9, 0x5E, 0x00, 0x00, 0x00, 0x0E, 
0x45, 0x76, 0xA3, 0xD0, 0xF9, 0xFF, 0xFF, 0xFF, 0xEF, 0xE9, 0xEB, 0xF7, 
0xFF, 0xFF, 0xFF, 0xE8, 0x31, 0x89, 0xC2, 0xFB, 0xFF, 0xFF, 0xEC, 0xB3, 
0x88, 0xDB, 0xFF, 0x8B, 0x00, 0x00, 0x00, 0x00, 0x16, 0x36, 0x58, 0x43, 
0xDE, 0xFF, 0xFF, 0xEC, 0x94, 0x36, 0x01, 0x00, 0x00, 0xB9, 0xFF, 0x77, 
0x00, 0x00, 0x00, 0x00, 0x00, 0x00, 0x00, 0x00, 0x36, 0xC9, 0x73, 0x08, 
0x00, 0x00, 0x00, 0x00, 0x00, 0xBB, 0xFF, 0x6F, 0x00, 0x00, 0x00, 0x00, 
0x00, 0x00, 0x00, 0x00, 0x00, 0x00, 0x00, 0x00, 0x00, 0x00, 0x00, 0x00, 
0x00, 0xBE, 0xFF, 0x69, 0x00, 0x00, 0x00, 0x00, 0x00, 0x00, 0x00, 0x00, 
0x00, 0x00, 0x00, 0x00, 0x00, 0x00, 0x00, 0x00, 0x00, 0xC1, 0xFF, 0x62, 
0x00, 0x00, 0x00, 0x00, 0x00, 0x00, 0x00, 0x00, 0x00, 0x00, 0x00, 0x00, 
0x00, 0x00, 0x00, 0x00, 0x00, 0xC7, 0xFF, 0x5B, 0x00, 0x00, 0x00, 0x00, 
0x00, 0x00, 0x00, 0x00, 0x00, 0x00, 0x00, 0x00, 0x00, 0x00, 0x00, 0x00, 
0x00, 0xDF, 0xFF, 0x50, 0x00, 0x00, 0x00, 0x00, 0x00, 0x00, 0x00, 0x00, 
0x00, 0x00, 0x00, 0x00, 0x65, 0x32, 0x00, 0x00, 0x38, 0xFF, 0xFF, 0x3A, 
0x00, 0x00, 0x00, 0x00, 0x00, 0x00, 0x00, 0x00, 0x00, 0x00, 0x00, 0x00, 
0x29, 0xDB, 0xDB, 0xB2, 0xF7, 0xFF, 0xFF, 0x1D, 0x00, 0x00, 0x00, 0x00, 
0x00, 0x00, 0x00, 0x00, 0x00, 0x00, 0x00, 0x00, 0x00, 0x10, 0xB2, 0xFF, 
0xFF, 0xFF, 0xD0, 0x00, 0x00, 0x00, 0x00, 0x00, 0x00, 0x00, 0x00, 0x00, 
0x00, 0x00, 0x00, 0x00, 0x00, 0x00, 0x02, 0xB9, 0xFF, 0xEC, 0x27, 0x00, 
0x00, 0x00, 0x00, 0x00, 0x00, 0x00, 0x00, 0x00, 0x00, 0x00, 0x00, 0x00, 
0x00, 0x00, 0x00, 0x23, 0xB0, 0x24, 0x00, 0x00, 0x00, 0x00, 0x00, 0x00, 
0x00, 0x00, 0x00, 0x00, 0x00, 0x00, 0x00, 0x00, 0x00, 0x00, 0x00, 0x00, 
0x00, 0x00, 0x42, 0x82, 0xA5, 0xA6, 0x85, 0x65, 0x37, 0x00, 0x00, 0x00, 
0x00, 0x00, 0x00, 0x00, 0x00, 0x00, 0x00, 0x14, 0x8C, 0x4C, 0x36, 0x46, 
0x69, 0xFF, 0xFF, 0x74, 0x00, 0x0B, 0x65, 0x90, 0x93, 0x8A, 0x52, 0x01, 
0x00, 0x03, 0xBA, 0x24, 0x00, 0x00, 0x00, 0xFE, 0xFF, 0x6E, 0x00, 0xD3, 
0xA4, 0x5C, 0x56, 0xEA, 0xFF, 0x92, 0x00, 0x1D, 0xFF, 0x69, 0x00, 0x00, 
0x00, 0xFD, 0xFF, 0x40, 0x0A, 0xFF, 0x30, 0x00, 0x00, 0xDC, 0xFF, 0xBC, 
0x00, 0x39, 0xFF, 0x6A, 0x37, 0x5E, 0x25, 0xFF, 0xFF, 0x2A, 0x15, 0xE7, 
0x00, 0x00, 0x00, 0xDC, 0xFF, 0x9E, 0x00, 0x51, 0xFF, 0xFB, 0xFF, 0xFF, 
0xEE, 0xFF, 0xFF, 0x1F, 0x1E, 0xD6, 0x32, 0x8A, 0x27, 0xDC, 0xFF, 0x7E, 
0x00, 0x68, 0xFF, 0xFF, 0xFD, 0xEC, 0x9A, 0xFF, 0xFF, 0x1C, 0x28, 0xFE, 
0xFE, 0xFF, 0x73, 0xDC, 0xFF, 0x7F, 0x00, 0x82, 0xFF, 0x51, 0x03, 0x00, 
0x1D, 0xFF, 0xFF, 0x1B, 0x32, 0xD2, 0x5A, 0x5C, 0x18, 0xDE, 0xFF, 0x85, 
0x00, 0x9E, 0xFF, 0x34, 0x29, 0x3C, 0x1B, 0xFF, 0xFF, 0x1B, 0x3B, 0xBE, 
0x00, 0x00, 0x00, 0xE4, 0xFF, 0x95, 0x00, 0xBD, 0xFF, 0xF6, 0xFF, 0xFF, 
0x7A, 0xFF, 0xFF, 0x1A, 0x48, 0xC1, 0x00, 0x1A, 0x14, 0xED, 0xFF, 0xA1, 
0x00, 0xE3, 0xFF, 0xFF, 0xFF, 0xFC, 0x5B, 0xFF, 0xFF, 0x18, 0x6A, 0xE3, 
0xB8, 0xFD, 0xAF, 0xFE, 0xFF, 0xA0, 0x1A, 0xFF, 0xC3, 0x2A, 0x24, 0x0D, 
0x19, 0xFF, 0xFF, 0x1B, 0x78, 0xFF, 0xEC, 0xC5, 0xC9, 0xFF, 0xFF, 0x7E, 
0x67, 0xFF, 0x66, 0x00, 0x00, 0x00, 0x13, 0xFF, 0xFF, 0x28, 0x1C, 0xEE, 
0x15, 0x00, 0x06, 0xEC, 0xF4, 0x21, 0xB2, 0xF8, 0x11, 0x00, 0x00, 0x00, 
0x0B, 0xFF, 0xFF, 0x39, 0x00, 0x11, 0x00, 0x00, 0x00, 0x51, 0x49, 0x1A, 
0xFB, 0x9A, 0x00, 0x00, 0x00, 0x00, 0x05, 0xFF, 0xFF, 0x4B, 0x00, 0x00, 
0x00, 0x00, 0x00, 0x00, 0x00, 0x7F, 0xFC, 0x26, 0x00, 0x00, 0x00, 0x00, 
0x00, 0xFE, 0xFF, 0x5C, 0x00, 0x00, 0x00, 0x00, 0x00, 0x00, 0x22, 0xF3, 
0x8E, 0x00, 0x00, 0x47, 0x00, 0x00, 0x1B, 0xFC, 0xFF, 0x62, 0x00, 0x00, 
0x00, 0x00, 0x00, 0x0C, 0xCE, 0xD7, 0x0C, 0x00, 0x00, 0x5B, 0xD6, 0xBC, 
0xEA, 0xFF, 0xFF, 0x4D, 0x00, 0x00, 0x00, 0x00, 0x06, 0xBA, 0x9F, 0x0F, 
0x00, 0x00, 0x00, 0x00, 0x6A, 0xFE, 0xFF, 0xFF, 0xF8, 0x0B, 0x00, 0x00, 
0x00, 0x00, 0x3C, 0x47, 0x00, 0x00, 0x00, 0x00, 0x00, 0x00, 0x00, 0x4C, 
0xF7, 0xFF, 0xAD, 0x00, 0x00, 0x00, 0x00, 0x00, 0x00, 0x00, 0x00, 0x00, 
0x00, 0x00, 0x00, 0x00, 0x00, 0x00, 0x40, 0x9F, 0x1B, 0x00, 0x00, 0x00, 
0x00, 0x00, 0x00, 0x00, 0x00, 0x00, 0x00, 0x00, 0x00, 0x00, 0x00, 0x01, 
0x3C, 0x03, 0x00, 0x00, 0x00, 0x00, 0x00, 0x00, 0x00, 0x00, 0x00, 0x00, 
0x00, 0x00, 0x00, 0x00, 0x00, 0x00, 0x00, 0x40, 0xFF, 0xC0, 0x08, 0x00, 
0x00, 0x00, 0x00, 0x00, 0x00, 0x00, 0x00, 0x08, 0x13, 0x00, 0x00, 0x00, 
0x00, 0x00, 0x00, 0xA6, 0xFF, 0xF1, 0x1A, 0x00, 0x00, 0x00, 0x00, 0x00, 
0x00, 0x00, 0x00, 0x9D, 0xE3, 0x18, 0x00, 0x00, 0x00, 0x00, 0x19, 0xFA, 
0xFF, 0x6C, 0x00, 0x00, 0x00, 0x00, 0x00, 0x00, 0x00, 0x00, 0x34, 0xFE, 
0xE6, 0x1D, 0x00, 0x00, 0x00, 0x00, 0x84, 0xFF, 0xCA, 0x01, 0x00, 0x00, 
0x00, 0x00, 0x00, 0x00, 0x00, 0x07, 0xD1, 0xE0, 0x23, 0x00, 0x00, 0x00, 
0x00, 0x0B, 0xED, 0xF4, 0x27, 0x00, 0x00, 0x00, 0x00, 0x00, 0x00, 0x00, 
0x00, 0x91, 0xE6, 0x21, 0x00, 0x00, 0x00, 0x00, 0x00, 0x75, 0xFF, 0xC3, 
0xA0, 0xBE, 0xB8, 0x94, 0x3C, 0x00, 0x00, 0x00, 0x51, 0xFF, 0x8F, 0x79, 
0x92, 0x85, 0x69, 0x1C, 0x18, 0xEF, 0xBE, 0xFB, 0xB5, 0x7F, 0xAE, 0xFF, 
0xFE, 0x54, 0x00, 0x21, 0xEF, 0xE7, 0x8B, 0x5A, 0x4E, 0x77, 0xFF, 0xF7, 
0xCD, 0x88, 0x00, 0x0E, 0x00, 0x00, 0x5E, 0xFF, 0xFF, 0x86, 0x06, 0x9F, 
0x4D, 0x05, 0x00, 0x00, 0x00, 0x2D, 0xFF, 0xFF, 0x71, 0x00, 0x00, 0x00, 
0x00, 0x00, 0x6E, 0xFF, 0xFF, 0x3E, 0x27, 0x1C, 0xC9, 0x00, 0x13, 0x58, 
0x51, 0x39, 0xFF, 0xFE, 0x06, 0x07, 0x09, 0x00, 0x00, 0x00, 0x88, 0xFF, 
0xFF, 0x11, 0x00, 0x01, 0xEF, 0x70, 0xF4, 0xFF, 0xD2, 0x56, 0xFF, 0xEF, 
0x18, 0xDC, 0xF3, 0xA0, 0x15, 0x00, 0xA5, 0xFF, 0xFC, 0x00, 0x00, 0x00, 
0xD8, 0x5C, 0x8C, 0x70, 0x2A, 0x7D, 0xFF, 0xDD, 0x02, 0xA4, 0xFF, 0xFF, 
0x8D, 0x00, 0xC4, 0xFF, 0xEC, 0x00, 0x00, 0x00, 0xC0, 0x36, 0x00, 0x00, 
0x00, 0x7C, 0xFF, 0xC6, 0x00, 0x02, 0x82, 0xBA, 0x2B, 0x00, 0xEC, 0xFF, 
0xD1, 0x00, 0x00, 0x00, 0xAE, 0x54, 0x04, 0x36, 0x30, 0xB3, 0xFF, 0xAC, 
0x00, 0x00, 0x00, 0x00, 0x00, 0x13, 0xFF, 0xFF, 0xB6, 0x00, 0x00, 0x00, 
0xB5, 0xE1, 0xF2, 0xFF, 0xF5, 0xFA, 0xFF, 0x81, 0x00, 0x00, 0x00, 0x00, 
0x00, 0x3C, 0xFF, 0xFF, 0x9D, 0x00, 0x00, 0x00, 0xAE, 0xF1, 0xA2, 0xA0, 
0xFF, 0xFF, 0xFF, 0x2B, 0x00, 0x00, 0x00, 0x00, 0x00, 0x73, 0xFF, 0xFF, 
0x77, 0x00, 0x00, 0x00, 0x54, 0x5C, 0x00, 0x00, 0xCE, 0xFF, 0xB8, 0x00, 
0x00, 0x00, 0x00, 0x00, 0x00, 0xC7, 0xFF, 0xFF, 0x43, 0x00, 0x00, 0x00, 
0x00, 0x00, 0x00, 0x00, 0x40, 0xD0, 0x18, 0x00, 0x00, 0x00, 0x00, 0x00, 
0x6C, 0xFF, 0xFF, 0xF9, 0x0C, 0x00, 0x00, 0x00, 0x00, 0x00, 0x00, 0x00, 
0x00, 0x00, 0x00, 0x00, 0x00, 0x7D, 0x54, 0x73, 0xF9, 0xFF, 0xFF, 0x8B, 
0x00, 0x00, 0x00, 0x00, 0x00, 0x00, 0x00, 0x00, 0x00, 0x00, 0x00, 0x00, 
0x00, 0x2E, 0xF3, 0xFF, 0xFF, 0xFF, 0xD8, 0x0B, 0x00, 0x00, 0x00, 0x00, 
0x00, 0x00, 0x00, 0x00, 0x00, 0x00, 0x00, 0x00, 0x00, 0x00, 0x4A, 0xFC, 
0xFF, 0xBE, 0x19, 0x00, 0x00, 0x00, 0x00, 0x00, 0x00, 0x00, 0x00, 0x00, 
0x00, 0x00, 0x00, 0x00, 0x00, 0x00, 0x00, 0x37, 0x25, 0x00, 0x00, 0x00, 
0x00, 0x00, 0x00, 0x00, 0x00, 0x00, 0x00, 0x00, 0x00, 0x00, 0x00, 0x00, 
0x00, 0x00, 0x00, 0x00, 0x00, 0x00, 0x03, 0x00, 0x00, 0x00, 0x00, 0x00, 
0x00, 0x00, 0x00, 0x00, 0x00, 0x00, 0x00, 0x1B, 0x3C, 0x03, 0x00, 0x00, 
0x00, 0x00, 0x00, 0x03, 0xBD, 0x9E, 0x00, 0x00, 0x00, 0x00, 0x00, 0x00, 
0x00, 0x23, 0x74, 0xB3, 0xEA, 0xFF, 0xFF, 0x71, 0x2D, 0x25, 0x00, 0x00, 
0x00, 0x83, 0xFF, 0xED, 0x04, 0x00, 0x00, 0x00, 0x00, 0x00, 0x43, 0xFE, 
0xD4, 0x82, 0x44, 0xDB, 0x83, 0x17, 0x4E, 0xFA, 0x72, 0x00, 0x43, 0xFD, 
0xC3, 0x23, 0x00, 0x00, 0x00, 0x00, 0x00, 0x00, 0x02, 0x78, 0xC0, 0x00, 
0x00, 0xE4, 0xC1, 0x00, 0x01, 0xCD, 0xE3, 0x32, 0xF1, 0xA6, 0x06, 0x00, 
0x00, 0x00, 0x00, 0x00, 0x00, 0x00, 0x00, 0x73, 0xAB, 0x00, 0x04, 0xF4, 
0x88, 0x00, 0x00, 0x1F, 0x69, 0xEB, 0xB6, 0x4F, 0x64, 0x2C, 0x00, 0x00, 
0x00, 0x00, 0x00, 0x00, 0x00, 0x96, 0xE0, 0xDD, 0xFC, 0xFF, 0x68, 0x34, 
0x94, 0xDF, 0xF7, 0xE2, 0xDF, 0xF8, 0xFF, 0xFF, 0x58, 0x00, 0x00, 0x00, 
0x00, 0x00, 0x00, 0xAD, 0xDD, 0x83, 0x59, 0xFF, 0x56, 0x6D, 0xE9, 0x41, 
0x05, 0x00, 0x00, 0xBC, 0xFF, 0xED, 0x26, 0x00, 0x00, 0x00, 0x00, 0x00, 
0x00, 0xBE, 0x2D, 0x59, 0x84, 0xFF, 0x49, 0x2D, 0xF1, 0x04, 0x00, 0x00, 
0x00, 0xEB, 0xFB, 0x22, 0x00, 0x00, 0x00, 0x00, 0x00, 0x00, 0x00, 0xCC, 
0xF5, 0xFF, 0xFF, 0xFF, 0x42, 0x01, 0xEC, 0x85, 0x94, 0xBE, 0xDB, 0xFF, 
0xD6, 0x00, 0x00, 0x00, 0x00, 0x00, 0x00, 0x00, 0x00, 0xDB, 0xB0, 0x5B, 
0x23, 0xFF, 0x3D, 0x00, 0xBD, 0xEC, 0x95, 0x61, 0x4C, 0x70, 0x8A, 0x00, 
0x00, 0x00, 0x00, 0x00, 0x00, 0x00, 0x00, 0xF2, 0x16, 0x00, 0x26, 0xFF, 
0x3C, 0x00, 0x0A, 0x52, 0x4B, 0x04, 0x00, 0x00, 0x00, 0x01, 0xBD, 0x89, 
0x3A, 0x00, 0x00, 0x00, 0x19, 0xFF, 0x1D, 0x61, 0xE9, 0xFF, 0x3C, 0x00, 
0x00, 0x82, 0xFF, 0xE9, 0xE6, 0x31, 0x00, 0x00, 0xAC, 0xFF, 0xFF, 0x61, 
0x00, 0x00, 0x5A, 0xFF, 0xEB, 0xFF, 0xD4, 0xFF, 0x3C, 0x07, 0x00, 0x0C, 
0xC9, 0xFF, 0xA7, 0x00, 0x00, 0x00, 0x0B, 0xD1, 0xFC, 0x44, 0x00, 0x19, 
0xBC, 0xFF, 0xE8, 0x63, 0x43, 0xFF, 0x8A, 0xB3, 0x0A, 0x24, 0x09, 0x6C, 
0x11, 0x00, 0x57, 0x27, 0x00, 0x10, 0x1F, 0x00, 0x3A, 0xEE, 0xFF, 0xC2, 
0x10, 0x00, 0x68, 0xFF, 0xFF, 0xFA, 0x1A, 0xE6, 0x28, 0x00, 0x00, 0x00, 
0x57, 0xF9, 0x84, 0x02, 0x00, 0x00, 0x29, 0xC6, 0x6D, 0x01, 0x00, 0x00, 
0x93, 0xFF, 0xE9, 0xEB, 0x02, 0xB2, 0xE8, 0x3A, 0x00, 0x00, 0x00, 0x75, 
0xFF, 0x97, 0x00, 0x00, 0x00, 0x00, 0x00, 0x00, 0x00, 0x00, 0xCF, 0xFF, 
0x9E, 0x76, 0x00, 0x24, 0xF3, 0xFF, 0xCD, 0xA4, 0xB7, 0xF4, 0xFF, 0xFD, 
0x33, 0x00, 0x00, 0x00, 0x00, 0x00, 0x00, 0x00, 0xC9, 0xFF, 0x42, 0x00, 
0x00, 0x00, 0x34, 0xDD, 0xFF, 0xFF, 0xFF, 0xFF, 0xFF, 0xFE, 0x3C, 0x00, 
0x00, 0x00, 0x00, 0x00, 0x00, 0x00, 0x68, 0xEA, 0x0D, 0x00, 0x00, 0x00, 
0x00, 0x05, 0x5C, 0xA9, 0xDB, 0xED, 0xCD, 0x54, 0x00, 0x00, 0x00, 0x00, 
0x00, 0x00, 0x00, 0x00, 0x00, 0x0D, 0x00, 0x00, 0x00, 0x00, 0x00, 0x00, 
0x00, 0x00, 0x00, 0x00, 0x00, 0x00, 0x00, 0x00, 0x00, 0x00, 0x00, 0x00, 
0x00, 0x00, 0x00, 0x05, 0x1D, 0x0D, 0x00, 0x00, 0x00, 0x08, 0x36, 0x26, 
0x04, 0x00, 0x00, 0x00, 0x00, 0x00, 0x00, 0x00, 0x00, 0x00, 0x00, 0x00, 
0x0B, 0x84, 0xCD, 0xEE, 0xF5, 0xFE, 0xC7, 0x2F, 0x00, 0x12, 0xF2, 0xFF, 
0xCB, 0x0A, 0x00, 0x00, 0x00, 0x00, 0x00, 0x00, 0x00, 0x00, 0x00, 0x00, 
0x21, 0xA0, 0x25, 0x00, 0xA1, 0xFF, 0xFF, 0x61, 0x00, 0x00, 0x8E, 0xFF, 
0xFF, 0x6E, 0x00, 0x00, 0x00, 0x00, 0x00, 0x00, 0x00, 0x00, 0x00, 0x00, 
0x03, 0xF1, 0x04, 0x00, 0xA3, 0xFF, 0xD8, 0x00, 0x00, 0x00, 0x2E, 0xFE, 
0xFF, 0x7D, 0x00, 0x00, 0x00, 0x00, 0x00, 0x00, 0x00, 0x00, 0x00, 0x00, 
0x20, 0xFE, 0x01, 0x00, 0xA5, 0xFF, 0x9B, 0x00, 0x00, 0x00, 0x00, 0x72, 
0xE3, 0x40, 0x2E, 0x45, 0x5F, 0x6B, 0x31, 0x00, 0x00, 0x00, 0x00, 0x00, 
0x3A, 0xF4, 0x00, 0x00, 0xA8, 0xFF, 0x7E, 0x00, 0x02, 0x41, 0x91, 0xD0, 
0xFC, 0xFF, 0xFF, 0xFF, 0xFF, 0xFF, 0xF3, 0x01, 0x00, 0x00, 0x00, 0x00, 
0x55, 0xF8, 0x25, 0x5D, 0xCC, 0xFF, 0x59, 0x57, 0xE3, 0xF2, 0xBC, 0x9A, 
0x91, 0xF0, 0x77, 0x3C, 0x56, 0x8C, 0x7F, 0x00, 0x00, 0x00, 0x00, 0x00, 
0x6F, 0xFF, 0xFF, 0xFF, 0xFF, 0xFF, 0x33, 0x29, 0x68, 0x09, 0x00, 0x00, 
0x44, 0xFF, 0x9A, 0x00, 0x00, 0x00, 0x00, 0x00, 0x00, 0x00, 0x00, 0x00, 
0x8A, 0xFF, 0xB7, 0x66, 0xBB, 0xFF, 0x1F, 0x00, 0x00, 0x03, 0xA4, 0x61, 
0x85, 0xFF, 0x51, 0x00, 0x00, 0x00, 0x00, 0x00, 0x00, 0x00, 0x00, 0x00, 
0xA5, 0xCD, 0x00, 0x00, 0xA2, 0xFF, 0x15, 0x00, 0x00, 0x00, 0x62, 0xFC, 
0xFF, 0xF0, 0x0E, 0x00, 0x00, 0x00, 0x00, 0x00, 0x00, 0x00, 0x00, 0x00, 
0xC3, 0xCB, 0x85, 0xBC, 0xE9, 0xFF, 0x12, 0x36, 0x19, 0x00, 0x00, 0xB9, 
0xFF, 0xF4, 0x37, 0x00, 0x68, 0xD0, 0x53, 0x00, 0x00, 0x00, 0x00, 0x00, 
0xF0, 0xFF, 0xFF, 0xE4, 0xE2, 0xFF, 0x14, 0x83, 0x83, 0x00, 0x4A, 0xFF, 
0xCA, 0xFC, 0xDF, 0x02, 0xB5, 0xFF, 0xE1, 0x00, 0x00, 0x00, 0x00, 0x22, 
0xFF, 0x9C, 0x4B, 0x04, 0x92, 0xFF, 0x22, 0x6E, 0xA7, 0x1D, 0xE2, 0x70, 
0x00, 0x4E, 0xC4, 0x13, 0xE5, 0xFF, 0xA7, 0x00, 0x00, 0x00, 0x00, 0x53, 
0xFE, 0x16, 0x00, 0x00, 0x88, 0xFF, 0x34, 0x5D, 0xC5, 0x4C, 0x21, 0x04, 
0x1D, 0x30, 0x42, 0x65, 0xFF, 0xFF, 0x62, 0x00, 0x00, 0x00, 0x00, 0xA8, 
0xC3, 0x00, 0x00, 0x00, 0x84, 0xFF, 0x48, 0x6D, 0xE8, 0x88, 0xC0, 0xF5, 
0xFF, 0xFF, 0xFF, 0xFF, 0xFF, 0xFF, 0x23, 0x00, 0x00, 0x00, 0x1B, 0xF8, 
0x52, 0x00, 0x00, 0x00, 0x89, 0xFF, 0x61, 0x88, 0xFF, 0xFB, 0xB6, 0x6E, 
0x49, 0x3A, 0x5A, 0xDE, 0xFF, 0xE3, 0x00, 0x00, 0x00, 0x00, 0x9A, 0xC1, 
0x01, 0x00, 0x00, 0x00, 0xAC, 0xFF, 0x71, 0x41, 0xD5, 0x30, 0x00, 0x00, 
0x00, 0x00, 0x01, 0xE9, 0xFF, 0x90, 0x00, 0x00, 0x00, 0x26, 0xEC, 0x23, 
0x00, 0x00, 0xAD, 0xC4, 0xFA, 0xFF, 0x52, 0x00, 0x00, 0x00, 0x00, 0x00, 
0x00, 0x00, 0x01, 0xE8, 0xFF, 0x3A, 0x00, 0x00, 0x00, 0x91, 0x33, 0x00, 
0x00, 0x00, 0x4B, 0xFE, 0xFF, 0xF9, 0x16, 0x00, 0x00, 0x00, 0x00, 0x00, 
0x00, 0x00, 0x00, 0x6C, 0x85, 0x00, 0x00, 0x00, 0x03, 0x1B, 0x00, 0x00, 
0x00, 0x00, 0x00, 0x7B, 0xFF, 0x83, 0x00, 0x00, 0x00, 0x00, 0x00, 0x00, 
0x00, 0x00, 0x00, 0x00, 0x00, 0x00, 0x00, 0x00, 0x00, 0x00, 0x00, 0x00, 
0x00, 0x00, 0x00, 0x00, 0x2B, 0x00, 0x00, 0x00, 0x00, 0x00, 0x00, 0x00, 
0x00, 0x00, 0x00, 0x00, 0x00, 0x00, 0x00, 0x00, 0x00, 0x00, 0x00, 0x00, 
0x00, 0x00, 0x00, 0x00, 0x00, 0x42, 0x3B, 0x00, 0x0A, 0x0A, 0x00, 0x00, 
0x00, 0x00, 0x00, 0x00, 0x00, 0x00, 0x00, 0x00, 0x00, 0x13, 0xDC, 0x49, 
0x00, 0x68, 0xB4, 0x00, 0xA1, 0xF5, 0x50, 0x00, 0x00, 0x00, 0x00, 0x00, 
0x00, 0x00, 0x00, 0x00, 0x00, 0x89, 0xFF, 0x50, 0x00, 0x48, 0xF0, 0x04, 
0x17, 0xCB, 0x65, 0x00, 0x00, 0x00, 0x00, 0x00, 0x00, 0x00, 0x00, 0x00, 
0x37, 0xFB, 0xA2, 0x00, 0x00, 0x24, 0xFF, 0x7F, 0x7B, 0x71, 0x00, 0x00, 
0x00, 0x00, 0x00, 0x00, 0x00, 0x00, 0x00, 0x0F, 0xDE, 0xCB, 0x08, 0x07, 
0x65, 0xBC, 0xFF, 0xFF, 0x95, 0x9D, 0x02, 0x00, 0x00, 0x00, 0x00, 0x00, 
0x00, 0x00, 0x00, 0xAC, 0xC8, 0xEE, 0x11, 0x17, 0x7D, 0x31, 0x99, 0xFF, 
0x58, 0x00, 0x00, 0x00, 0x00, 0x00, 0x00, 0x00, 0x00, 0x00, 0x7D, 0xBF, 
0x10, 0xFF, 0x2A, 0x00, 0x00, 0x00, 0x2D, 0xFF, 0xF2, 0x2C, 0x00, 0x00, 
0x00, 0x00, 0x00, 0x00, 0x00, 0x71, 0xAE, 0x0A, 0x19, 0xFF, 0x27, 0x00, 
0x00, 0x00, 0x00, 0xA7, 0xFF, 0xE4, 0x2F, 0x00, 0x00, 0x1F, 0x00, 0x00, 
0x22, 0x51, 0x00, 0x00, 0x2B, 0xFF, 0x27, 0x00, 0x61, 0xBD, 0x37, 0x16, 
0xE8, 0xFF, 0xF3, 0x73, 0x62, 0x86, 0x00, 0x00, 0x00, 0x00, 0x00, 0x00, 
0x34, 0xFF, 0x28, 0x00, 0x4C, 0xFF, 0xB5, 0x00, 0x35, 0xEF, 0xFF, 0xFF, 
0xFF, 0xB7, 0x00, 0x00, 0x00, 0x00, 0x00, 0x00, 0x26, 0xFF, 0x2F, 0x00, 
0x04, 0xCD, 0xD4, 0x65, 0x80, 0x44, 0xBF, 0xFF, 0xFF, 0xCC, 0x00, 0x00, 
0x00, 0x00, 0x00, 0x00, 0x00, 0x7B, 0x20, 0x76, 0xBC, 0xF3, 0xFF, 0xF6, 
0xFC, 0x4F, 0x00, 0x39, 0x75, 0x40, 0x00, 0x00, 0x00, 0x00, 0x00, 0x00, 
0x00, 0x26, 0xF8, 0xF1, 0xFB, 0xC5, 0x13, 0x00, 0x02, 0x21, 0x76, 0x02, 
0x00, 0x00, 0x00, 0x00, 0x00, 0x00, 0x00, 0x00, 0x00, 0x00, 0x41, 0x56, 
0xFF, 0x62, 0x03, 0x00, 0x03, 0xBD, 0xFF, 0x1D, 0x00, 0x00, 0x00, 0x00, 
0x00, 0x00, 0x00, 0x00, 0x00, 0x00, 0x09, 0xD8, 0xB4, 0x2D, 0xCE, 0x1A, 
0x98, 0xFF, 0x86, 0x00, 0x00, 0x00, 0x00, 0x00, 0x00, 0x00, 0x00, 0x00, 
0x00, 0x00, 0x91, 0xFF, 0x4D, 0x00, 0xBF, 0xF7, 0xF4, 0x5C, 0x00, 0x00, 
0x00, 0x00, 0x00, 0x00, 0x00, 0x00, 0x00, 0x00, 0x00, 0x5C, 0xF1, 0xE5, 
0x44, 0x00, 0x71, 0xFC, 0xEA, 0x3C, 0x00, 0x00, 0x00, 0x00, 0x00, 0x00, 
0x00, 0x00, 0x00, 0x00, 0x4E, 0xDB, 0x2E, 0xB9, 0x46, 0x01, 0x74, 0x4D, 
0xFC, 0xFD, 0xA3, 0x32, 0x00, 0x00, 0x00, 0x00, 0x00, 0x00, 0x00, 0x4B, 
0xBB, 0x15, 0x00, 0xC3, 0x53, 0xA2, 0x65, 0x00, 0x58, 0xFB, 0xFF, 0xFF, 
0xD0, 0x75, 0x1E, 0x00, 0x00, 0x00, 0x33, 0x5A, 0x04, 0x00, 0x00, 0xDA, 
0xF8, 0xE1, 0x06, 0x00, 0x00, 0x3D, 0xDD, 0xFF, 0xFF, 0xFF, 0xE0, 0x30, 
0x00, 0x00, 0x06, 0x00, 0x00, 0x00, 0x47, 0xFF, 0xFF, 0x66, 0x00, 0x00, 
0x00, 0x00, 0x07, 0x68, 0xA9, 0x21, 0x00, 0x00, 0x00, 0x00, 0x00, 0x00, 
0x00, 0x00, 0x5C, 0xFF, 0xD8, 0x04, 0x00, 0x00, 0x00, 0x00, 0x00, 0x00, 
0x00, 0x00, 0x00, 0x00, 0x00, 0x00, 0x00, 0x00, 0x00, 0x00, 0x01, 0x96, 
0x39, 0x00, 0x00, 0x00, 0x00, 0x00, 0x00, 0x00, 0x00, 0x00, 0x00, 0x00, 
0x00, 0x15, 0x4D, 0x61, 0x20, 0x53, 0x68, 0x61, 0x6E, 0x20, 0x5A, 0x68, 
0x65, 0x6E, 0x67, 0x20, 0x52, 0x65, 0x67, 0x75, 0x6C, 0x61, 0x72, 0x00, 
0x13, 0x4D, 0x61, 0x53, 0x68, 0x61, 0x6E, 0x5A, 0x68, 0x65, 0x6E, 0x67, 
0x2D, 0x52, 0x65, 0x67, 0x75, 0x6C, 0x61, 0x72, 0x01
};
