#include <pgmspace.h>
const uint8_t  page2SensorNum_22[] PROGMEM = {
0x00, 0x00, 0x00, 0x5E, 0x00, 0x00, 0x00, 0x0B, 0x00, 0x00, 0x00, 0x16, 
0x00, 0x00, 0x00, 0x00, 0x00, 0x00, 0x00, 0x11, 0x00, 0x00, 0x00, 0x05, 
0x00, 0x00, 0x00, 0x21, 0x00, 0x00, 0x00, 0x11, 0x00, 0x00, 0x00, 0x04, 
0x00, 0x00, 0x00, 0x08, 0x00, 0x00, 0x00, 0x10, 0x00, 0x00, 0x00, 0x02, 
0x00, 0x00, 0x00, 0x00, 0x00, 0x00, 0x00, 0x22, 0x00, 0x00, 0x00, 0x07, 
0x00, 0x00, 0x00, 0x07, 0x00, 0x00, 0x00, 0x09, 0x00, 0x00, 0x00, 0x11, 
0x00, 0x00, 0x00, 0x01, 0x00, 0x00, 0x00, 0x00, 0x00, 0x00, 0x00, 0x23, 
0x00, 0x00, 0x00, 0x10, 0x00, 0x00, 0x00, 0x0D, 0x00, 0x00, 0x00, 0x0D, 
0x00, 0x00, 0x00, 0x10, 0x00, 0x00, 0x00, 0x00, 0x00, 0x00, 0x00, 0x00, 
0x00, 0x00, 0x00, 0x24, 0x00, 0x00, 0x00, 0x16, 0x00, 0x00, 0x00, 0x0B, 
0x00, 0x00, 0x00, 0x0D, 0x00, 0x00, 0x00, 0x12, 0x00, 0x00, 0x00, 0x01, 
0x00, 0x00, 0x00, 0x00, 0x00, 0x00, 0x00, 0x25, 0x00, 0x00, 0x00, 0x11, 
0x00, 0x00, 0x00, 0x10, 0x00, 0x00, 0x00, 0x12, 0x00, 0x00, 0x00, 0x10, 
0x00, 0x00, 0x00, 0x01, 0x00, 0x00, 0x00, 0x00, 0x00, 0x00, 0x00, 0x26, 
0x00, 0x00, 0x00, 0x11, 0x00, 0x00, 0x00, 0x0E, 0x00, 0x00, 0x00, 0x0E, 
0x00, 0x00, 0x00, 0x10, 0x00, 0x00, 0x00, 0x00, 0x00, 0x00, 0x00, 0x00, 
0x00, 0x00, 0x00, 0x27, 0x00, 0x00, 0x00, 0x07, 0x00, 0x00, 0x00, 0x03, 
0x00, 0x00, 0x00, 0x05, 0x00, 0x00, 0x00, 0x11, 0x00, 0x00, 0x00, 0x01, 
0x00, 0x00, 0x00, 0x00, 0x00, 0x00, 0x00, 0x28, 0x00, 0x00, 0x00, 0x16, 
0x00, 0x00, 0x00, 0x07, 0x00, 0x00, 0x00, 0x08, 0x00, 0x00, 0x00, 0x11, 
0x00, 0x00, 0x00, 0x01, 0x00, 0x00, 0x00, 0x00, 0x00, 0x00, 0x00, 0x29, 
0x00, 0x00, 0x00, 0x16, 0x00, 0x00, 0x00, 0x08, 0x00, 0x00, 0x00, 0x08, 
0x00, 0x00, 0x00, 0x11, 0x00, 0x00, 0x00, 0x00, 0x00, 0x00, 0x00, 0x00, 
0x00, 0x00, 0x00, 0x2A, 0x00, 0x00, 0x00, 0x09, 0x00, 0x00, 0x00, 0x0A, 
0x00, 0x00, 0x00, 0x0A, 0x00, 0x00, 0x00, 0x11, 0x00, 0x00, 0x00, 0x00, 
0x00, 0x00, 0x00, 0x00, 0x00, 0x00, 0x00, 0x2B, 0x00, 0x00, 0x00, 0x0C, 
0x00, 0x00, 0x00, 0x0C, 0x00, 0x00, 0x00, 0x0D, 0x00, 0x00, 0x00, 0x0D, 
0x00, 0x00, 0x00, 0x00, 0x00, 0x00, 0x00, 0x00, 0x00, 0x00, 0x00, 0x2C, 
0x00, 0x00, 0x00, 0x07, 0x00, 0x00, 0x00, 0x06, 0x00, 0x00, 0x00, 0x07, 
0x00, 0x00, 0x00, 0x04, 0x00, 0x00, 0x00, 0x00, 0x00, 0x00, 0x00, 0x00, 
0x00, 0x00, 0x00, 0x2D, 0x00, 0x00, 0x00, 0x03, 0x00, 0x00, 0x00, 0x08, 
0x00, 0x00, 0x00, 0x0A, 0x00, 0x00, 0x00, 0x08, 0x00, 0x00, 0x00, 0x01, 
0x00, 0x00, 0x00, 0x00, 0x00, 0x00, 0x00, 0x2E, 0x00, 0x00, 0x00, 0x05, 
0x00, 0x00, 0x00, 0x05, 0x00, 0x00, 0x00, 0x07, 0x00, 0x00, 0x00, 0x04, 
0x00, 0x00, 0x00, 0x01, 0x00, 0x00, 0x00, 0x00, 0x00, 0x00, 0x00, 0x2F, 
0x00, 0x00, 0x00, 0x11, 0x00, 0x00, 0x00, 0x09, 0x00, 0x00, 0x00, 0x0B, 
0x00, 0x00, 0x00, 0x10, 0x00, 0x00, 0x00, 0x01, 0x00, 0x00, 0x00, 0x00, 
0x00, 0x00, 0x00, 0x30, 0x00, 0x00, 0x00, 0x11, 0x00, 0x00, 0x00, 0x0B, 
0x00, 0x00, 0x00, 0x0D, 0x00, 0x00, 0x00, 0x10, 0x00, 0x00, 0x00, 0x01, 
0x00, 0x00, 0x00, 0x00, 0x00, 0x00, 0x00, 0x31, 0x00, 0x00, 0x00, 0x10, 
0x00, 0x00, 0x00, 0x07, 0x00, 0x00, 0x00, 0x0D, 0x00, 0x00, 0x00, 0x10, 
0x00, 0x00, 0x00, 0x02, 0x00, 0x00, 0x00, 0x00, 0x00, 0x00, 0x00, 0x32, 
0x00, 0x00, 0x00, 0x10, 0x00, 0x00, 0x00, 0x0B, 0x00, 0x00, 0x00, 0x0D, 
0x00, 0x00, 0x00, 0x10, 0x00, 0x00, 0x00, 0x01, 0x00, 0x00, 0x00, 0x00, 
0x00, 0x00, 0x00, 0x33, 0x00, 0x00, 0x00, 0x11, 0x00, 0x00, 0x00, 0x0B, 
0x00, 0x00, 0x00, 0x0D, 0x00, 0x00, 0x00, 0x10, 0x00, 0x00, 0x00, 0x01, 
0x00, 0x00, 0x00, 0x00, 0x00, 0x00, 0x00, 0x34, 0x00, 0x00, 0x00, 0x10, 
0x00, 0x00, 0x00, 0x0C, 0x00, 0x00, 0x00, 0x0D, 0x00, 0x00, 0x00, 0x10, 
0x00, 0x00, 0x00, 0x00, 0x00, 0x00, 0x00, 0x00, 0x00, 0x00, 0x00, 0x35, 
0x00, 0x00, 0x00, 0x11, 0x00, 0x00, 0x00, 0x0B, 0x00, 0x00, 0x00, 0x0D, 
0x00, 0x00, 0x00, 0x10, 0x00, 0x00, 0x00, 0x01, 0x00, 0x00, 0x00, 0x00, 
0x00, 0x00, 0x00, 0x36, 0x00, 0x00, 0x00, 0x11, 0x00, 0x00, 0x00, 0x0B, 
0x00, 0x00, 0x00, 0x0D, 0x00, 0x00, 0x00, 0x10, 0x00, 0x00, 0x00, 0x01, 
0x00, 0x00, 0x00, 0x00, 0x00, 0x00, 0x00, 0x37, 0x00, 0x00, 0x00, 0x10, 
0x00, 0x00, 0x00, 0x0B, 0x00, 0x00, 0x00, 0x0D, 0x00, 0x00, 0x00, 0x10, 
0x00, 0x00, 0x00, 0x01, 0x00, 0x00, 0x00, 0x00, 0x00, 0x00, 0x00, 0x38, 
0x00, 0x00, 0x00, 0x11, 0x00, 0x00, 0x00, 0x0C, 0x00, 0x00, 0x00, 0x0D, 
0x00, 0x00, 0x00, 0x10, 0x00, 0x00, 0x00, 0x00, 0x00, 0x00, 0x00, 0x00, 
0x00, 0x00, 0x00, 0x39, 0x00, 0x00, 0x00, 0x11, 0x00, 0x00, 0x00, 0x0B, 
0x00, 0x00, 0x00, 0x0D, 0x00, 0x00, 0x00, 0x10, 0x00, 0x00, 0x00, 0x01, 
0x00, 0x00, 0x00, 0x00, 0x00, 0x00, 0x00, 0x3A, 0x00, 0x00, 0x00, 0x0D, 
0x00, 0x00, 0x00, 0x05, 0x00, 0x00, 0x00, 0x09, 0x00, 0x00, 0x00, 0x0C, 
0x00, 0x00, 0x00, 0x02, 0x00, 0x00, 0x00, 0x00, 0x00, 0x00, 0x00, 0x3B, 
0x00, 0x00, 0x00, 0x0F, 0x00, 0x00, 0x00, 0x06, 0x00, 0x00, 0x00, 0x09, 
0x00, 0x00, 0x00, 0x0C, 0x00, 0x00, 0x00, 0x01, 0x00, 0x00, 0x00, 0x00, 
0x00, 0x00, 0x00, 0x3C, 0x00, 0x00, 0x00, 0x0D, 0x00, 0x00, 0x00, 0x0C, 
0x00, 0x00, 0x00, 0x0D, 0x00, 0x00, 0x00, 0x0D, 0x00, 0x00, 0x00, 0x00, 
0x00, 0x00, 0x00, 0x00, 0x00, 0x00, 0x00, 0x3D, 0x00, 0x00, 0x00, 0x09, 
0x00, 0x00, 0x00, 0x0C, 0x00, 0x00, 0x00, 0x0D, 0x00, 0x00, 0x00, 0x0B, 
0x00, 0x00, 0x00, 0x00, 0x00, 0x00, 0x00, 0x00, 0x00, 0x00, 0x00, 0x3E, 
0x00, 0x00, 0x00, 0x0D, 0x00, 0x00, 0x00, 0x0C, 0x00, 0x00, 0x00, 0x0D, 
0x00, 0x00, 0x00, 0x0D, 0x00, 0x00, 0x00, 0x00, 0x00, 0x00, 0x00, 0x00, 
0x00, 0x00, 0x00, 0x3F, 0x00, 0x00, 0x00, 0x11, 0x00, 0x00, 0x00, 0x0A, 
0x00, 0x00, 0x00, 0x0A, 0x00, 0x00, 0x00, 0x10, 0x00, 0x00, 0x00, 0x00, 
0x00, 0x00, 0x00, 0x00, 0x00, 0x00, 0x00, 0x40, 0x00, 0x00, 0x00, 0x13, 
0x00, 0x00, 0x00, 0x13, 0x00, 0x00, 0x00, 0x13, 0x00, 0x00, 0x00, 0x10, 
0x00, 0x00, 0x00, 0x00, 0x00, 0x00, 0x00, 0x00, 0x00, 0x00, 0x00, 0x41, 
0x00, 0x00, 0x00, 0x10, 0x00, 0x00, 0x00, 0x10, 0x00, 0x00, 0x00, 0x10, 
0x00, 0x00, 0x00, 0x10, 0x00, 0x00, 0x00, 0x00, 0x00, 0x00, 0x00, 0x00, 
0x00, 0x00, 0x00, 0x42, 0x00, 0x00, 0x00, 0x10, 0x00, 0x00, 0x00, 0x0C, 
0x00, 0x00, 0x00, 0x0E, 0x00, 0x00, 0x00, 0x10, 0x00, 0x00, 0x00, 0x01, 
0x00, 0x00, 0x00, 0x00, 0x00, 0x00, 0x00, 0x43, 0x00, 0x00, 0x00, 0x11, 
0x00, 0x00, 0x00, 0x0C, 0x00, 0x00, 0x00, 0x0D, 0x00, 0x00, 0x00, 0x10, 
0x00, 0x00, 0x00, 0x01, 0x00, 0x00, 0x00, 0x00, 0x00, 0x00, 0x00, 0x44, 
0x00, 0x00, 0x00, 0x10, 0x00, 0x00, 0x00, 0x0E, 0x00, 0x00, 0x00, 0x10, 
0x00, 0x00, 0x00, 0x10, 0x00, 0x00, 0x00, 0x01, 0x00, 0x00, 0x00, 0x00, 
0x00, 0x00, 0x00, 0x45, 0x00, 0x00, 0x00, 0x10, 0x00, 0x00, 0x00, 0x0B, 
0x00, 0x00, 0x00, 0x0C, 0x00, 0x00, 0x00, 0x10, 0x00, 0x00, 0x00, 0x01, 
0x00, 0x00, 0x00, 0x00, 0x00, 0x00, 0x00, 0x46, 0x00, 0x00, 0x00, 0x10, 
0x00, 0x00, 0x00, 0x0A, 0x00, 0x00, 0x00, 0x0C, 0x00, 0x00, 0x00, 0x10, 
0x00, 0x00, 0x00, 0x01, 0x00, 0x00, 0x00, 0x00, 0x00, 0x00, 0x00, 0x47, 
0x00, 0x00, 0x00, 0x11, 0x00, 0x00, 0x00, 0x0D, 0x00, 0x00, 0x00, 0x0F, 
0x00, 0x00, 0x00, 0x10, 0x00, 0x00, 0x00, 0x01, 0x00, 0x00, 0x00, 0x00, 
0x00, 0x00, 0x00, 0x48, 0x00, 0x00, 0x00, 0x10, 0x00, 0x00, 0x00, 0x0E, 
0x00, 0x00, 0x00, 0x10, 0x00, 0x00, 0x00, 0x10, 0x00, 0x00, 0x00, 0x01, 
0x00, 0x00, 0x00, 0x00, 0x00, 0x00, 0x00, 0x49, 0x00, 0x00, 0x00, 0x10, 
0x00, 0x00, 0x00, 0x04, 0x00, 0x00, 0x00, 0x06, 0x00, 0x00, 0x00, 0x10, 
0x00, 0x00, 0x00, 0x01, 0x00, 0x00, 0x00, 0x00, 0x00, 0x00, 0x00, 0x4A, 
0x00, 0x00, 0x00, 0x15, 0x00, 0x00, 0x00, 0x07, 0x00, 0x00, 0x00, 0x06, 
0x00, 0x00, 0x00, 0x10, 0xFF, 0xFF, 0xFF, 0xFE, 0x00, 0x00, 0x00, 0x00, 
0x00, 0x00, 0x00, 0x4B, 0x00, 0x00, 0x00, 0x10, 0x00, 0x00, 0x00, 0x0D, 
0x00, 0x00, 0x00, 0x0E, 0x00, 0x00, 0x00, 0x10, 0x00, 0x00, 0x00, 0x01, 
0x00, 0x00, 0x00, 0x00, 0x00, 0x00, 0x00, 0x4C, 0x00, 0x00, 0x00, 0x10, 
0x00, 0x00, 0x00, 0x0A, 0x00, 0x00, 0x00, 0x0B, 0x00, 0x00, 0x00, 0x10, 
0x00, 0x00, 0x00, 0x01, 0x00, 0x00, 0x00, 0x00, 0x00, 0x00, 0x00, 0x4D, 
0x00, 0x00, 0x00, 0x10, 0x00, 0x00, 0x00, 0x11, 0x00, 0x00, 0x00, 0x13, 
0x00, 0x00, 0x00, 0x10, 0x00, 0x00, 0x00, 0x01, 0x00, 0x00, 0x00, 0x00, 
0x00, 0x00, 0x00, 0x4E, 0x00, 0x00, 0x00, 0x10, 0x00, 0x00, 0x00, 0x0E, 
0x00, 0x00, 0x00, 0x11, 0x00, 0x00, 0x00, 0x10, 0x00, 0x00, 0x00, 0x01, 
0x00, 0x00, 0x00, 0x00, 0x00, 0x00, 0x00, 0x4F, 0x00, 0x00, 0x00, 0x11, 
0x00, 0x00, 0x00, 0x0E, 0x00, 0x00, 0x00, 0x10, 0x00, 0x00, 0x00, 0x10, 
0x00, 0x00, 0x00, 0x01, 0x00, 0x00, 0x00, 0x00, 0x00, 0x00, 0x00, 0x50, 
0x00, 0x00, 0x00, 0x10, 0x00, 0x00, 0x00, 0x0C, 0x00, 0x00, 0x00, 0x0E, 
0x00, 0x00, 0x00, 0x10, 0x00, 0x00, 0x00, 0x01, 0x00, 0x00, 0x00, 0x00, 
0x00, 0x00, 0x00, 0x51, 0x00, 0x00, 0x00, 0x14, 0x00, 0x00, 0x00, 0x0E, 
0x00, 0x00, 0x00, 0x10, 0x00, 0x00, 0x00, 0x10, 0x00, 0x00, 0x00, 0x01, 
0x00, 0x00, 0x00, 0x00, 0x00, 0x00, 0x00, 0x52, 0x00, 0x00, 0x00, 0x10, 
0x00, 0x00, 0x00, 0x0D, 0x00, 0x00, 0x00, 0x0E, 0x00, 0x00, 0x00, 0x10, 
0x00, 0x00, 0x00, 0x01, 0x00, 0x00, 0x00, 0x00, 0x00, 0x00, 0x00, 0x53, 
0x00, 0x00, 0x00, 0x11, 0x00, 0x00, 0x00, 0x0B, 0x00, 0x00, 0x00, 0x0D, 
0x00, 0x00, 0x00, 0x10, 0x00, 0x00, 0x00, 0x01, 0x00, 0x00, 0x00, 0x00, 
0x00, 0x00, 0x00, 0x54, 0x00, 0x00, 0x00, 0x10, 0x00, 0x00, 0x00, 0x0C, 
0x00, 0x00, 0x00, 0x0C, 0x00, 0x00, 0x00, 0x10, 0x00, 0x00, 0x00, 0x00, 
0x00, 0x00, 0x00, 0x00, 0x00, 0x00, 0x00, 0x55, 0x00, 0x00, 0x00, 0x11, 
0x00, 0x00, 0x00, 0x0E, 0x00, 0x00, 0x00, 0x10, 0x00, 0x00, 0x00, 0x10, 
0x00, 0x00, 0x00, 0x01, 0x00, 0x00, 0x00, 0x00, 0x00, 0x00, 0x00, 0x56, 
0x00, 0x00, 0x00, 0x10, 0x00, 0x00, 0x00, 0x0F, 0x00, 0x00, 0x00, 0x0F, 
0x00, 0x00, 0x00, 0x10, 0x00, 0x00, 0x00, 0x00, 0x00, 0x00, 0x00, 0x00, 
0x00, 0x00, 0x00, 0x57, 0x00, 0x00, 0x00, 0x10, 0x00, 0x00, 0x00, 0x15, 
0x00, 0x00, 0x00, 0x15, 0x00, 0x00, 0x00, 0x10, 0x00, 0x00, 0x00, 0x00, 
0x00, 0x00, 0x00, 0x00, 0x00, 0x00, 0x00, 0x58, 0x00, 0x00, 0x00, 0x10, 
0x00, 0x00, 0x00, 0x0F, 0x00, 0x00, 0x00, 0x0F, 0x00, 0x00, 0x00, 0x10, 
0x00, 0x00, 0x00, 0x00, 0x00, 0x00, 0x00, 0x00, 0x00, 0x00, 0x00, 0x59, 
0x00, 0x00, 0x00, 0x10, 0x00, 0x00, 0x00, 0x0E, 0x00, 0x00, 0x00, 0x0E, 
0x00, 0x00, 0x00, 0x10, 0x00, 0x00, 0x00, 0x00, 0x00, 0x00, 0x00, 0x00, 
0x00, 0x00, 0x00, 0x5A, 0x00, 0x00, 0x00, 0x10, 0x00, 0x00, 0x00, 0x0D, 
0x00, 0x00, 0x00, 0x0E, 0x00, 0x00, 0x00, 0x10, 0x00, 0x00, 0x00, 0x01, 
0x00, 0x00, 0x00, 0x00, 0x00, 0x00, 0x00, 0x5B, 0x00, 0x00, 0x00, 0x16, 
0x00, 0x00, 0x00, 0x06, 0x00, 0x00, 0x00, 0x07, 0x00, 0x00, 0x00, 0x11, 
0x00, 0x00, 0x00, 0x01, 0x00, 0x00, 0x00, 0x00, 0x00, 0x00, 0x00, 0x5C, 
0x00, 0x00, 0x00, 0x14, 0x00, 0x00, 0x00, 0x0B, 0x00, 0x00, 0x00, 0x0B, 
0x00, 0x00, 0x00, 0x11, 0x00, 0x00, 0x00, 0x00, 0x00, 0x00, 0x00, 0x00, 
0x00, 0x00, 0x00, 0x5D, 0x00, 0x00, 0x00, 0x16, 0x00, 0x00, 0x00, 0x06, 
0x00, 0x00, 0x00, 0x07, 0x00, 0x00, 0x00, 0x11, 0x00, 0x00, 0x00, 0x00, 
0x00, 0x00, 0x00, 0x00, 0x00, 0x00, 0x00, 0x5E, 0x00, 0x00, 0x00, 0x0A, 
0x00, 0x00, 0x00, 0x0B, 0x00, 0x00, 0x00, 0x0D, 0x00, 0x00, 0x00, 0x10, 
0x00, 0x00, 0x00, 0x01, 0x00, 0x00, 0x00, 0x00, 0x00, 0x00, 0x00, 0x5F, 
0x00, 0x00, 0x00, 0x03, 0x00, 0x00, 0x00, 0x0B, 0x00, 0x00, 0x00, 0x0B, 
0xFF, 0xFF, 0xFF, 0xFE, 0x00, 0x00, 0x00, 0x00, 0x00, 0x00, 0x00, 0x00, 
0x00, 0x00, 0x00, 0x60, 0x00, 0x00, 0x00, 0x04, 0x00, 0x00, 0x00, 0x06, 
0x00, 0x00, 0x00, 0x09, 0x00, 0x00, 0x00, 0x11, 0x00, 0x00, 0x00, 0x01, 
0x00, 0x00, 0x00, 0x00, 0x00, 0x00, 0x00, 0x61, 0x00, 0x00, 0x00, 0x0E, 
0x00, 0x00, 0x00, 0x0B, 0x00, 0x00, 0x00, 0x0E, 0x00, 0x00, 0x00, 0x0D, 
0x00, 0x00, 0x00, 0x01, 0x00, 0x00, 0x00, 0x00, 0x00, 0x00, 0x00, 0x62, 
0x00, 0x00, 0x00, 0x12, 0x00, 0x00, 0x00, 0x0C, 0x00, 0x00, 0x00, 0x0E, 
0x00, 0x00, 0x00, 0x11, 0x00, 0x00, 0x00, 0x01, 0x00, 0x00, 0x00, 0x00, 
0x00, 0x00, 0x00, 0x63, 0x00, 0x00, 0x00, 0x0E, 0x00, 0x00, 0x00, 0x0A, 
0x00, 0x00, 0x00, 0x0B, 0x00, 0x00, 0x00, 0x0D, 0x00, 0x00, 0x00, 0x01, 
0x00, 0x00, 0x00, 0x00, 0x00, 0x00, 0x00, 0x64, 0x00, 0x00, 0x00, 0x12, 
0x00, 0x00, 0x00, 0x0C, 0x00, 0x00, 0x00, 0x0E, 0x00, 0x00, 0x00, 0x11, 
0x00, 0x00, 0x00, 0x01, 0x00, 0x00, 0x00, 0x00, 0x00, 0x00, 0x00, 0x65, 
0x00, 0x00, 0x00, 0x0E, 0x00, 0x00, 0x00, 0x0B, 0x00, 0x00, 0x00, 0x0D, 
0x00, 0x00, 0x00, 0x0D, 0x00, 0x00, 0x00, 0x01, 0x00, 0x00, 0x00, 0x00, 
0x00, 0x00, 0x00, 0x66, 0x00, 0x00, 0x00, 0x11, 0x00, 0x00, 0x00, 0x09, 
0x00, 0x00, 0x00, 0x08, 0x00, 0x00, 0x00, 0x11, 0x00, 0x00, 0x00, 0x00, 
0x00, 0x00, 0x00, 0x00, 0x00, 0x00, 0x00, 0x67, 0x00, 0x00, 0x00, 0x12, 
0x00, 0x00, 0x00, 0x0C, 0x00, 0x00, 0x00, 0x0E, 0x00, 0x00, 0x00, 0x0D, 
0x00, 0x00, 0x00, 0x01, 0x00, 0x00, 0x00, 0x00, 0x00, 0x00, 0x00, 0x68, 
0x00, 0x00, 0x00, 0x11, 0x00, 0x00, 0x00, 0x0C, 0x00, 0x00, 0x00, 0x0E, 
0x00, 0x00, 0x00, 0x11, 0x00, 0x00, 0x00, 0x01, 0x00, 0x00, 0x00, 0x00, 
0x00, 0x00, 0x00, 0x69, 0x00, 0x00, 0x00, 0x11, 0x00, 0x00, 0x00, 0x04, 
0x00, 0x00, 0x00, 0x06, 0x00, 0x00, 0x00, 0x11, 0x00, 0x00, 0x00, 0x01, 
0x00, 0x00, 0x00, 0x00, 0x00, 0x00, 0x00, 0x6A, 0x00, 0x00, 0x00, 0x16, 
0x00, 0x00, 0x00, 0x07, 0x00, 0x00, 0x00, 0x06, 0x00, 0x00, 0x00, 0x11, 
0xFF, 0xFF, 0xFF, 0xFE, 0x00, 0x00, 0x00, 0x00, 0x00, 0x00, 0x00, 0x6B, 
0x00, 0x00, 0x00, 0x11, 0x00, 0x00, 0x00, 0x0B, 0x00, 0x00, 0x00, 0x0C, 
0x00, 0x00, 0x00, 0x11, 0x00, 0x00, 0x00, 0x01, 0x00, 0x00, 0x00, 0x00, 
0x00, 0x00, 0x00, 0x6C, 0x00, 0x00, 0x00, 0x12, 0x00, 0x00, 0x00, 0x06, 
0x00, 0x00, 0x00, 0x07, 0x00, 0x00, 0x00, 0x11, 0x00, 0x00, 0x00, 0x01, 
0x00, 0x00, 0x00, 0x00, 0x00, 0x00, 0x00, 0x6D, 0x00, 0x00, 0x00, 0x0D, 
0x00, 0x00, 0x00, 0x12, 0x00, 0x00, 0x00, 0x15, 0x00, 0x00, 0x00, 0x0D, 
0x00, 0x00, 0x00, 0x01, 0x00, 0x00, 0x00, 0x00, 0x00, 0x00, 0x00, 0x6E, 
0x00, 0x00, 0x00, 0x0D, 0x00, 0x00, 0x00, 0x0C, 0x00, 0x00, 0x00, 0x0E, 
0x00, 0x00, 0x00, 0x0D, 0x00, 0x00, 0x00, 0x01, 0x00, 0x00, 0x00, 0x00, 
0x00, 0x00, 0x00, 0x6F, 0x00, 0x00, 0x00, 0x0E, 0x00, 0x00, 0x00, 0x0C, 
0x00, 0x00, 0x00, 0x0E, 0x00, 0x00, 0x00, 0x0D, 0x00, 0x00, 0x00, 0x01, 
0x00, 0x00, 0x00, 0x00, 0x00, 0x00, 0x00, 0x70, 0x00, 0x00, 0x00, 0x12, 
0x00, 0x00, 0x00, 0x0C, 0x00, 0x00, 0x00, 0x0E, 0x00, 0x00, 0x00, 0x0D, 
0x00, 0x00, 0x00, 0x01, 0x00, 0x00, 0x00, 0x00, 0x00, 0x00, 0x00, 0x71, 
0x00, 0x00, 0x00, 0x12, 0x00, 0x00, 0x00, 0x0C, 0x00, 0x00, 0x00, 0x0E, 
0x00, 0x00, 0x00, 0x0D, 0x00, 0x00, 0x00, 0x01, 0x00, 0x00, 0x00, 0x00, 
0x00, 0x00, 0x00, 0x72, 0x00, 0x00, 0x00, 0x0D, 0x00, 0x00, 0x00, 0x08, 
0x00, 0x00, 0x00, 0x09, 0x00, 0x00, 0x00, 0x0D, 0x00, 0x00, 0x00, 0x01, 
0x00, 0x00, 0x00, 0x00, 0x00, 0x00, 0x00, 0x73, 0x00, 0x00, 0x00, 0x0E, 
0x00, 0x00, 0x00, 0x09, 0x00, 0x00, 0x00, 0x0B, 0x00, 0x00, 0x00, 0x0D, 
0x00, 0x00, 0x00, 0x01, 0x00, 0x00, 0x00, 0x00, 0x00, 0x00, 0x00, 0x74, 
0x00, 0x00, 0x00, 0x10, 0x00, 0x00, 0x00, 0x08, 0x00, 0x00, 0x00, 0x08, 
0x00, 0x00, 0x00, 0x0F, 0x00, 0x00, 0x00, 0x00, 0x00, 0x00, 0x00, 0x00, 
0x00, 0x00, 0x00, 0x75, 0x00, 0x00, 0x00, 0x0D, 0x00, 0x00, 0x00, 0x0C, 
0x00, 0x00, 0x00, 0x0E, 0x00, 0x00, 0x00, 0x0C, 0x00, 0x00, 0x00, 0x01, 
0x00, 0x00, 0x00, 0x00, 0x00, 0x00, 0x00, 0x76, 0x00, 0x00, 0x00, 0x0C, 
0x00, 0x00, 0x00, 0x0D, 0x00, 0x00, 0x00, 0x0C, 0x00, 0x00, 0x00, 0x0C, 
0x00, 0x00, 0x00, 0x00, 0x00, 0x00, 0x00, 0x00, 0x00, 0x00, 0x00, 0x77, 
0x00, 0x00, 0x00, 0x0C, 0x00, 0x00, 0x00, 0x13, 0x00, 0x00, 0x00, 0x13, 
0x00, 0x00, 0x00, 0x0C, 0x00, 0x00, 0x00, 0x00, 0x00, 0x00, 0x00, 0x00, 
0x00, 0x00, 0x00, 0x78, 0x00, 0x00, 0x00, 0x0C, 0x00, 0x00, 0x00, 0x0D, 
0x00, 0x00, 0x00, 0x0C, 0x00, 0x00, 0x00, 0x0C, 0x00, 0x00, 0x00, 0x00, 
0x00, 0x00, 0x00, 0x00, 0x00, 0x00, 0x00, 0x79, 0x00, 0x00, 0x00, 0x11, 
0x00, 0x00, 0x00, 0x0D, 0x00, 0x00, 0x00, 0x0C, 0x00, 0x00, 0x00, 0x0C, 
0x00, 0x00, 0x00, 0x00, 0x00, 0x00, 0x00, 0x00, 0x00, 0x00, 0x00, 0x7A, 
0x00, 0x00, 0x00, 0x0C, 0x00, 0x00, 0x00, 0x0A, 0x00, 0x00, 0x00, 0x0C, 
0x00, 0x00, 0x00, 0x0C, 0x00, 0x00, 0x00, 0x01, 0x00, 0x00, 0x00, 0x00, 
0x00, 0x00, 0x00, 0x7B, 0x00, 0x00, 0x00, 0x16, 0x00, 0x00, 0x00, 0x07, 
0x00, 0x00, 0x00, 0x07, 0x00, 0x00, 0x00, 0x11, 0x00, 0x00, 0x00, 0x00, 
0x00, 0x00, 0x00, 0x00, 0x00, 0x00, 0x00, 0x7C, 0x00, 0x00, 0x00, 0x16, 
0x00, 0x00, 0x00, 0x03, 0x00, 0x00, 0x00, 0x05, 0x00, 0x00, 0x00, 0x11, 
0x00, 0x00, 0x00, 0x01, 0x00, 0x00, 0x00, 0x00, 0x00, 0x00, 0x00, 0x7D, 
0x00, 0x00, 0x00, 0x16, 0x00, 0x00, 0x00, 0x07, 0x00, 0x00, 0x00, 0x07, 
0x00, 0x00, 0x00, 0x11, 0x00, 0x00, 0x00, 0x00, 0x00, 0x00, 0x00, 0x00, 
0x00, 0x00, 0x00, 0x7E, 0x00, 0x00, 0x00, 0x05, 0x00, 0x00, 0x00, 0x0C, 
0x00, 0x00, 0x00, 0x0D, 0x00, 0x00, 0x00, 0x09, 0x00, 0x00, 0x00, 0x00, 
0x00, 0x00, 0x00, 0x00, 0x20, 0x44, 0x44, 0x25, 0x75, 0xFF, 0xFF, 0x88, 
0x6B, 0xFF, 0xFF, 0x7E, 0x61, 0xFF, 0xFF, 0x74, 0x57, 0xFF, 0xFF, 0x6A, 
0x4D, 0xFF, 0xFF, 0x60, 0x43, 0xFF, 0xFF, 0x56, 0x39, 0xFF, 0xFF, 0x4C, 
0x30, 0xFF, 0xFF, 0x43, 0x26, 0xFF, 0xFF, 0x39, 0x17, 0xD4, 0xD4, 0x27, 
0x00, 0x00, 0x00, 0x00, 0x02, 0x30, 0x31, 0x03, 0x86, 0xFF, 0xFF, 0x92, 
0xA7, 0xFF, 0xFF, 0xB5, 0x77, 0xFF, 0xFF, 0x83, 0x00, 0x15, 0x16, 0x00, 
0x8C, 0xB8, 0xB2, 0x00, 0xAC, 0xB8, 0x98, 0xB0, 0xFF, 0xE6, 0x00, 0xDC, 
0xFF, 0xC1, 0x9A, 0xFF, 0xD1, 0x00, 0xC6, 0xFF, 0xAA, 0x83, 0xFF, 0xBC, 
0x00, 0xAF, 0xFF, 0x94, 0x6C, 0xFF, 0xA7, 0x00, 0x98, 0xFF, 0x7E, 0x56, 
0xFF, 0x92, 0x00, 0x82, 0xFF, 0x68, 0x34, 0xCC, 0x66, 0x00, 0x57, 0xCC, 
0x43, 0x00, 0x00, 0x00, 0x00, 0x43, 0x44, 0x16, 0x00, 0x00, 0x1D, 0x44, 
0x3C, 0x00, 0x00, 0x00, 0x00, 0x1C, 0xFF, 0xFF, 0x38, 0x00, 0x00, 0x8C, 
0xFF, 0xC8, 0x00, 0x00, 0x00, 0x00, 0x4A, 0xFF, 0xFE, 0x0B, 0x00, 0x00, 
0xBA, 0xFF, 0x99, 0x00, 0x00, 0x00, 0x00, 0x79, 0xFF, 0xDB, 0x00, 0x00, 
0x00, 0xE9, 0xFF, 0x6B, 0x00, 0x50, 0x78, 0x78, 0xCA, 0xFF, 0xD9, 0x78, 
0x78, 0x7E, 0xFF, 0xFF, 0x9E, 0x65, 0xAC, 0xFF, 0xFF, 0xFF, 0xFF, 0xFF, 
0xFF, 0xFF, 0xFF, 0xFF, 0xFF, 0xFF, 0xD8, 0x60, 0x90, 0x96, 0xFF, 0xFF, 
0xAC, 0x90, 0x90, 0xC5, 0xFF, 0xED, 0x90, 0x79, 0x00, 0x00, 0x30, 0xFF, 
0xFF, 0x21, 0x00, 0x00, 0x9C, 0xFF, 0xB5, 0x00, 0x00, 0x00, 0x00, 0x5E, 
0xFF, 0xF3, 0x01, 0x00, 0x00, 0xCC, 0xFF, 0x88, 0x00, 0x00, 0x08, 0x0C, 
0x90, 0xFF, 0xCB, 0x0C, 0x0C, 0x0E, 0xF7, 0xFF, 0x64, 0x0C, 0x0A, 0xAC, 
0xFF, 0xFF, 0xFF, 0xFF, 0xFF, 0xFF, 0xFF, 0xFF, 0xFF, 0xFF, 0xFF, 0xD8, 
0xA6, 0xF8, 0xFF, 0xFF, 0xFA, 0xF8, 0xF8, 0xFB, 0xFF, 0xFF, 0xF8, 0xF8, 
0xD1, 0x00, 0x11, 0xFF, 0xFF, 0x3B, 0x00, 0x00, 0x81, 0xFF, 0xCE, 0x00, 
0x00, 0x00, 0x00, 0x40, 0xFF, 0xFF, 0x0E, 0x00, 0x00, 0xB0, 0xFF, 0xA0, 
0x00, 0x00, 0x00, 0x00, 0x6E, 0xFF, 0xE0, 0x00, 0x00, 0x00, 0xDE, 0xFF, 
0x71, 0x00, 0x00, 0x00, 0x00, 0x9D, 0xFF, 0xB2, 0x00, 0x00, 0x0D, 0xFE, 
0xFF, 0x43, 0x00, 0x00, 0x00, 0x00, 0x00, 0x00, 0x00, 0x24, 0x50, 0x08, 
0x00, 0x00, 0x00, 0x00, 0x00, 0x00, 0x00, 0x00, 0x74, 0xFF, 0x1C, 0x00, 
0x00, 0x00, 0x00, 0x00, 0x00, 0x00, 0x11, 0x91, 0xFF, 0x4E, 0x22, 0x06, 
0x00, 0x00, 0x00, 0x35, 0xC6, 0xFF, 0xFF, 0xFF, 0xFF, 0xFF, 0xFB, 0x7C, 
0x00, 0x21, 0xF5, 0xFF, 0xFF, 0xFF, 0xFF, 0xFE, 0xFF, 0xFF, 0x94, 0x00, 
0x7E, 0xFF, 0xFE, 0x50, 0x78, 0xFF, 0x1F, 0x1D, 0x46, 0x43, 0x00, 0xA2, 
0xFF, 0xDD, 0x00, 0x74, 0xFF, 0x1C, 0x00, 0x00, 0x00, 0x00, 0x9E, 0xFF, 
0xEB, 0x04, 0x74, 0xFF, 0x1C, 0x00, 0x00, 0x00, 0x00, 0x74, 0xFF, 0xFF, 
0xBD, 0xA9, 0xFF, 0x1C, 0x00, 0x00, 0x00, 0x00, 0x12, 0xDD, 0xFF, 0xFF, 
0xFF, 0xFF, 0xD0, 0x84, 0x20, 0x00, 0x00, 0x00, 0x12, 0x82, 0xD8, 0xFF, 
0xFF, 0xFF, 0xFF, 0xFA, 0x64, 0x00, 0x00, 0x00, 0x00, 0x00, 0x7A, 0xFF, 
0xB1, 0xF9, 0xFF, 0xFC, 0x21, 0x00, 0x00, 0x00, 0x00, 0x74, 0xFF, 0x1C, 
0x4C, 0xFF, 0xFF, 0x64, 0x00, 0x00, 0x00, 0x00, 0x74, 0xFF, 0x1C, 0x07, 
0xFF, 0xFF, 0x77, 0x01, 0x00, 0x00, 0x00, 0x74, 0xFF, 0x1C, 0x32, 0xFF, 
0xFF, 0x65, 0xBA, 0xC6, 0xA3, 0x8D, 0xB8, 0xFF, 0xA6, 0xEC, 0xFF, 0xFE, 
0x26, 0xC4, 0xFF, 0xFF, 0xFF, 0xFF, 0xFF, 0xFF, 0xFF, 0xFF, 0x87, 0x00, 
0x59, 0xA0, 0xBD, 0xD0, 0xED, 0xFF, 0xCF, 0x9F, 0x45, 0x00, 0x00, 0x00, 
0x00, 0x00, 0x00, 0x74, 0xFF, 0x1C, 0x00, 0x00, 0x00, 0x00, 0x00, 0x00, 
0x00, 0x00, 0x74, 0xFF, 0x1C, 0x00, 0x00, 0x00, 0x00, 0x00, 0x00, 0x00, 
0x00, 0x74, 0xFF, 0x1C, 0x00, 0x00, 0x00, 0x00, 0x00, 0x00, 0x00, 0x00, 
0x03, 0x08, 0x00, 0x00, 0x00, 0x00, 0x00, 0x00, 0x05, 0x4D, 0x71, 0x58, 
0x10, 0x00, 0x00, 0x00, 0x00, 0x00, 0x2B, 0x44, 0x11, 0x00, 0x00, 0x03, 
0xC1, 0xFF, 0xFF, 0xFF, 0xE4, 0x18, 0x00, 0x00, 0x00, 0x10, 0xED, 0xDE, 
0x07, 0x00, 0x00, 0x4D, 0xFF, 0xAC, 0x11, 0x7D, 0xFF, 0x85, 0x00, 0x00, 
0x00, 0x8D, 0xFF, 0x56, 0x00, 0x00, 0x00, 0x83, 0xFF, 0x51, 0x00, 0x1C, 
0xFF, 0xBD, 0x00, 0x00, 0x23, 0xF9, 0xC6, 0x00, 0x00, 0x00, 0x00, 0x94, 
0xFF, 0x41, 0x00, 0x0A, 0xFF, 0xCF, 0x00, 0x00, 0xAC, 0xFF, 0x38, 0x00, 
0x00, 0x00, 0x00, 0x8E, 0xFF, 0x46, 0x00, 0x10, 0xFF, 0xC9, 0x00, 0x3B, 
0xFF, 0xA7, 0x00, 0x00, 0x00, 0x00, 0x00, 0x6A, 0xFF, 0x72, 0x00, 0x3E, 
0xFF, 0xA2, 0x01, 0xC9, 0xF8, 0x1F, 0x00, 0x00, 0x00, 0x00, 0x00, 0x19, 
0xF4, 0xF2, 0xA0, 0xE0, 0xFF, 0x45, 0x5A, 0xFF, 0x88, 0x00, 0x03, 0x1D, 
0x07, 0x00, 0x00, 0x00, 0x3F, 0xB8, 0xDA, 0xC3, 0x62, 0x08, 0xE0, 0xEA, 
0x0E, 0x74, 0xF5, 0xFF, 0xFD, 0xA1, 0x03, 0x00, 0x00, 0x00, 0x00, 0x00, 
0x00, 0x79, 0xFF, 0x69, 0x2E, 0xFE, 0xD7, 0x61, 0xB7, 0xFF, 0x65, 0x00, 
0x00, 0x00, 0x00, 0x00, 0x16, 0xF1, 0xD5, 0x03, 0x77, 0xFF, 0x60, 0x00, 
0x29, 0xFF, 0xAF, 0x00, 0x00, 0x00, 0x00, 0x00, 0x97, 0xFF, 0x49, 0x00, 
0x92, 0xFF, 0x43, 0x00, 0x08, 0xFF, 0xCC, 0x00, 0x00, 0x00, 0x00, 0x2A, 
0xFC, 0xBA, 0x00, 0x00, 0x92, 0xFF, 0x42, 0x00, 0x07, 0xFF, 0xCD, 0x00, 
0x00, 0x00, 0x00, 0xB6, 0xFD, 0x2D, 0x00, 0x00, 0x7A, 0xFF, 0x5C, 0x00, 
0x24, 0xFF, 0xB3, 0x00, 0x00, 0x00, 0x45, 0xFF, 0x9B, 0x00, 0x00, 0x00, 
0x36, 0xFF, 0xCC, 0x4C, 0xA8, 0xFF, 0x6D, 0x00, 0x00, 0x02, 0xD1, 0xF3, 
0x18, 0x00, 0x00, 0x00, 0x00, 0x87, 0xFD, 0xFF, 0xFF, 0xB5, 0x06, 0x00, 
0x00, 0x00, 0x00, 0x00, 0x00, 0x00, 0x00, 0x00, 0x00, 0x00, 0x0F, 0x2E, 
0x17, 0x00, 0x00, 0x00, 0x00, 0x00, 0x00, 0x04, 0x4D, 0x74, 0x61, 0x2B, 
0x00, 0x00, 0x00, 0x00, 0x00, 0x00, 0x00, 0x00, 0x2B, 0xD5, 0xFF, 0xFF, 
0xFF, 0xFD, 0x87, 0x00, 0x00, 0x00, 0x00, 0x00, 0x00, 0x05, 0xD8, 0xFF, 
0xFC, 0xAE, 0xD8, 0xFF, 0xFF, 0x3E, 0x00, 0x00, 0x00, 0x00, 0x00, 0x3A, 
0xFF, 0xFF, 0x8C, 0x00, 0x14, 0xFE, 0xFF, 0x7D, 0x00, 0x00, 0x00, 0x00, 
0x00, 0x3D, 0xFF, 0xFF, 0x74, 0x00, 0x0E, 0xFD, 0xFF, 0x78, 0x00, 0x00, 
0x00, 0x00, 0x00, 0x16, 0xFF, 0xFF, 0xBE, 0x0A, 0xAB, 0xFF, 0xFD, 0x2E, 
0x00, 0x00, 0x00, 0x00, 0x00, 0x00, 0xB5, 0xFF, 0xFF, 0xE8, 0xFF, 0xFF, 
0x74, 0x00, 0x00, 0x00, 0x00, 0x00, 0x00, 0x00, 0x6C, 0xFF, 0xFF, 0xFF, 
0xE5, 0x4D, 0x00, 0x04, 0x3C, 0x3C, 0x1B, 0x00, 0x04, 0x9A, 0xFF, 0xFF, 
0xFF, 0xFF, 0xD8, 0x0E, 0x00, 0x2D, 0xFF, 0xFF, 0x5F, 0x00, 0x93, 0xFF, 
0xFF, 0xAD, 0x8B, 0xFF, 0xFF, 0xB1, 0x01, 0x5A, 0xFF, 0xFF, 0x33, 0x1B, 
0xFB, 0xFF, 0xC2, 0x02, 0x01, 0xB0, 0xFF, 0xFF, 0x7E, 0xB9, 0xFF, 0xE8, 
0x02, 0x53, 0xFF, 0xFF, 0x6F, 0x00, 0x00, 0x0D, 0xD6, 0xFF, 0xFE, 0xFF, 
0xFF, 0x7C, 0x00, 0x57, 0xFF, 0xFF, 0x90, 0x00, 0x00, 0x00, 0x25, 0xEF, 
0xFF, 0xFF, 0xD4, 0x08, 0x00, 0x1D, 0xFC, 0xFF, 0xF9, 0x64, 0x19, 0x2D, 
0x8B, 0xFB, 0xFF, 0xFF, 0xF1, 0x75, 0x3A, 0x00, 0x89, 0xFF, 0xFF, 0xFF, 
0xFF, 0xFF, 0xFF, 0xFF, 0xD9, 0xFE, 0xFF, 0xFF, 0xEC, 0x00, 0x01, 0x70, 
0xE8, 0xFF, 0xFF, 0xFF, 0xDD, 0x6D, 0x03, 0x4B, 0xC1, 0xEF, 0xE8, 0x00, 
0x00, 0x00, 0x01, 0x24, 0x33, 0x1C, 0x00, 0x00, 0x00, 0x00, 0x00, 0x00, 
0x00, 0x8C, 0xB8, 0xB2, 0xB0, 0xFF, 0xE6, 0x9A, 0xFF, 0xD1, 0x83, 0xFF, 
0xBC, 0x6C, 0xFF, 0xA7, 0x56, 0xFF, 0x92, 0x34, 0xCC, 0x66, 0x00, 0x00, 
0x00, 0x39, 0xB8, 0xB8, 0x50, 0x00, 0x00, 0x03, 0xD0, 0xFF, 0xE7, 0x0C, 
0x00, 0x00, 0x6E, 0xFF, 0xFF, 0x64, 0x00, 0x00, 0x06, 0xE7, 0xFF, 0xE2, 
0x03, 0x00, 0x00, 0x5F, 0xFF, 0xFF, 0x7D, 0x00, 0x00, 0x00, 0xC7, 0xFF, 
0xFD, 0x19, 0x00, 0x00, 0x10, 0xFD, 0xFF, 0xCE, 0x00, 0x00, 0x00, 0x4F, 
0xFF, 0xFF, 0x91, 0x00, 0x00, 0x00, 0x7E, 0xFF, 0xFF, 0x60, 0x00, 0x00, 
0x00, 0x93, 0xFF, 0xFF, 0x4A, 0x00, 0x00, 0x00, 0xA6, 0xFF, 0xFF, 0x36, 
0x00, 0x00, 0x00, 0xA5, 0xFF, 0xFF, 0x3D, 0x00, 0x00, 0x00, 0x90, 0xFF, 
0xFF, 0x50, 0x00, 0x00, 0x00, 0x79, 0xFF, 0xFF, 0x69, 0x00, 0x00, 0x00, 
0x44, 0xFF, 0xFF, 0xA1, 0x00, 0x00, 0x00, 0x09, 0xF9, 0xFF, 0xDD, 0x00, 
0x00, 0x00, 0x00, 0xB8, 0xFF, 0xFF, 0x2B, 0x00, 0x00, 0x00, 0x4C, 0xFF, 
0xFF, 0x91, 0x00, 0x00, 0x00, 0x01, 0xDA, 0xFF, 0xEE, 0x0A, 0x00, 0x00, 
0x00, 0x54, 0xFF, 0xFF, 0x7D, 0x00, 0x00, 0x00, 0x00, 0xBB, 0xFF, 0xF3, 
0x17, 0x00, 0x00, 0x00, 0x20, 0x68, 0x68, 0x2D, 0x03, 0xA7, 0xB8, 0x97, 
0x00, 0x00, 0x00, 0x00, 0x00, 0x74, 0xFF, 0xFF, 0x58, 0x00, 0x00, 0x00, 
0x00, 0x07, 0xDE, 0xFF, 0xE5, 0x0C, 0x00, 0x00, 0x00, 0x00, 0x6C, 0xFF, 
0xFF, 0x6D, 0x00, 0x00, 0x00, 0x00, 0x0F, 0xF5, 0xFF, 0xDA, 0x01, 0x00, 
0x00, 0x00, 0x00, 0xA2, 0xFF, 0xFF, 0x40, 0x00, 0x00, 0x00, 0x00, 0x5E, 
0xFF, 0xFF, 0x83, 0x00, 0x00, 0x00, 0x00, 0x21, 0xFF, 0xFF, 0xC4, 0x00, 
0x00, 0x00, 0x00, 0x00, 0xF0, 0xFF, 0xED, 0x00, 0x00, 0x00, 0x00, 0x00, 
0xDC, 0xFF, 0xFE, 0x04, 0x00, 0x00, 0x00, 0x00, 0xC7, 0xFF, 0xFF, 0x15, 
0x00, 0x00, 0x00, 0x00, 0xCD, 0xFF, 0xFF, 0x0B, 0x00, 0x00, 0x00, 0x00, 
0xE2, 0xFF, 0xF6, 0x00, 0x00, 0x00, 0x00, 0x05, 0xF8, 0xFF, 0xDD, 0x00, 
0x00, 0x00, 0x00, 0x39, 0xFF, 0xFF, 0xA3, 0x00, 0x00, 0x00, 0x00, 0x76, 
0xFF, 0xFF, 0x61, 0x00, 0x00, 0x00, 0x00, 0xCA, 0xFF, 0xFA, 0x18, 0x00, 
0x00, 0x00, 0x31, 0xFF, 0xFF, 0xA4, 0x00, 0x00, 0x00, 0x00, 0x9C, 0xFF, 
0xFF, 0x35, 0x00, 0x00, 0x00, 0x28, 0xFB, 0xFF, 0xA9, 0x00, 0x00, 0x00, 
0x00, 0xB3, 0xFF, 0xF3, 0x1B, 0x00, 0x00, 0x00, 0x09, 0x67, 0x68, 0x42, 
0x00, 0x00, 0x00, 0x00, 0x00, 0x00, 0x00, 0x28, 0xB8, 0xB8, 0x19, 0x00, 
0x00, 0x00, 0x00, 0x00, 0x00, 0x1D, 0xFF, 0xFF, 0x09, 0x00, 0x00, 0x00, 
0x00, 0xAD, 0x7E, 0x15, 0xFA, 0xE8, 0x18, 0x87, 0x9D, 0x00, 0x18, 0xFD, 
0xFF, 0xF4, 0xFA, 0xF7, 0xF8, 0xFF, 0xF6, 0x0B, 0x18, 0x73, 0xA5, 0xE4, 
0xFF, 0xFF, 0xDF, 0xA2, 0x6F, 0x11, 0x00, 0x00, 0x1D, 0xE2, 0xFD, 0xFF, 
0xD8, 0x14, 0x00, 0x00, 0x00, 0x14, 0xD7, 0xFF, 0x9A, 0xAB, 0xFF, 0xCB, 
0x0C, 0x00, 0x00, 0x18, 0xBB, 0xF4, 0x19, 0x23, 0xF9, 0xAF, 0x11, 0x00, 
0x00, 0x00, 0x01, 0x34, 0x00, 0x00, 0x36, 0x00, 0x00, 0x00, 0x00, 0x00, 
0x00, 0x00, 0x00, 0x2C, 0x30, 0x15, 0x00, 0x00, 0x00, 0x00, 0x00, 0x00, 
0x00, 0x00, 0x00, 0xEC, 0xFF, 0x70, 0x00, 0x00, 0x00, 0x00, 0x00, 0x00, 
0x00, 0x00, 0x00, 0xEC, 0xFF, 0x70, 0x00, 0x00, 0x00, 0x00, 0x00, 0x00, 
0x00, 0x00, 0x00, 0xEC, 0xFF, 0x70, 0x00, 0x00, 0x00, 0x00, 0x00, 0x00, 
0x00, 0x00, 0x00, 0xEC, 0xFF, 0x70, 0x00, 0x00, 0x00, 0x00, 0x3E, 0xC8, 
0xC8, 0xC8, 0xC8, 0xFB, 0xFF, 0xE0, 0xC8, 0xC8, 0xC8, 0xAB, 0x50, 0xFF, 
0xFF, 0xFF, 0xFF, 0xFF, 0xFF, 0xFF, 0xFF, 0xFF, 0xFF, 0xDC, 0x2D, 0x90, 
0x90, 0x90, 0x90, 0xF7, 0xFF, 0xC1, 0x90, 0x90, 0x90, 0x7B, 0x00, 0x00, 
0x00, 0x00, 0x00, 0xEC, 0xFF, 0x70, 0x00, 0x00, 0x00, 0x00, 0x00, 0x00, 
0x00, 0x00, 0x00, 0xEC, 0xFF, 0x70, 0x00, 0x00, 0x00, 0x00, 0x00, 0x00, 
0x00, 0x00, 0x00, 0xEC, 0xFF, 0x70, 0x00, 0x00, 0x00, 0x00, 0x00, 0x00, 
0x00, 0x00, 0x00, 0xE8, 0xFC, 0x6E, 0x00, 0x00, 0x00, 0x00, 0x00, 0x00, 
0x16, 0x48, 0x48, 0x17, 0x00, 0x00, 0x63, 0xFF, 0xFF, 0x3B, 0x00, 0x00, 
0x8C, 0xFF, 0xFA, 0x10, 0x00, 0x00, 0xD0, 0xFF, 0xB7, 0x00, 0x00, 0x27, 
0xFF, 0xFF, 0x4F, 0x00, 0x00, 0x8E, 0xFF, 0xD2, 0x01, 0x00, 0x15, 0xF1, 
0xFA, 0x3C, 0x00, 0x00, 0x70, 0xE0, 0xE0, 0xE0, 0xE0, 0xE0, 0xE0, 0x23, 
0x80, 0xFF, 0xFF, 0xFF, 0xFF, 0xFF, 0xFF, 0x28, 0x30, 0x60, 0x60, 0x60, 
0x60, 0x60, 0x60, 0x0F, 0x00, 0x3E, 0x5F, 0x3F, 0x00, 0x23, 0xFF, 0xFF, 
0xFF, 0x29, 0x37, 0xFF, 0xFF, 0xFF, 0x41, 0x15, 0xF0, 0xFF, 0xF1, 0x19, 
0x00, 0x08, 0x1B, 0x08, 0x00, 0x00, 0x00, 0x00, 0x00, 0x00, 0x00, 0xB3, 
0xEC, 0x56, 0x00, 0x00, 0x00, 0x00, 0x00, 0x1C, 0xFD, 0xF7, 0x0E, 0x00, 
0x00, 0x00, 0x00, 0x00, 0x76, 0xFF, 0xA9, 0x00, 0x00, 0x00, 0x00, 0x00, 
0x00, 0xD2, 0xFF, 0x4E, 0x00, 0x00, 0x00, 0x00, 0x00, 0x2D, 0xFF, 0xEC, 
0x05, 0x00, 0x00, 0x00, 0x00, 0x00, 0x89, 0xFF, 0x96, 0x00, 0x00, 0x00, 
0x00, 0x00, 0x01, 0xE2, 0xFF, 0x3B, 0x00, 0x00, 0x00, 0x00, 0x00, 0x41, 
0xFF, 0xDE, 0x00, 0x00, 0x00, 0x00, 0x00, 0x00, 0x9D, 0xFF, 0x83, 0x00, 
0x00, 0x00, 0x00, 0x00, 0x07, 0xF0, 0xFF, 0x28, 0x00, 0x00, 0x00, 0x00, 
0x00, 0x54, 0xFF, 0xCC, 0x00, 0x00, 0x00, 0x00, 0x00, 0x00, 0xB0, 0xFF, 
0x70, 0x00, 0x00, 0x00, 0x00, 0x00, 0x11, 0xF9, 0xFC, 0x18, 0x00, 0x00, 
0x00, 0x00, 0x00, 0x67, 0xFF, 0xB9, 0x00, 0x00, 0x00, 0x00, 0x00, 0x00, 
0xC3, 0xFF, 0x5D, 0x00, 0x00, 0x00, 0x00, 0x00, 0x1F, 0xFE, 0xF5, 0x0C, 
0x00, 0x00, 0x00, 0x00, 0x00, 0x45, 0xA8, 0x77, 0x00, 0x00, 0x00, 0x00, 
0x00, 0x00, 0x00, 0x00, 0x00, 0x35, 0x69, 0x77, 0x64, 0x29, 0x00, 0x00, 
0x00, 0x00, 0x15, 0xC3, 0xFF, 0xFF, 0xFF, 0xFF, 0xFF, 0xAC, 0x09, 0x00, 
0x00, 0xC0, 0xFF, 0xFF, 0xFF, 0xF1, 0xFF, 0xFF, 0xFF, 0x9B, 0x00, 0x43, 
0xFF, 0xFF, 0xC5, 0x18, 0x00, 0x27, 0xDC, 0xFF, 0xFE, 0x1D, 0x96, 0xFF, 
0xFF, 0x3C, 0x00, 0x00, 0x00, 0x61, 0xFF, 0xFF, 0x6E, 0xC6, 0xFF, 0xF9, 
0x05, 0x00, 0x00, 0x00, 0x22, 0xFF, 0xFF, 0x9F, 0xE6, 0xFF, 0xE1, 0x00, 
0x00, 0x00, 0x00, 0x05, 0xFE, 0xFF, 0xC1, 0xF2, 0xFF, 0xD5, 0x00, 0x00, 
0x00, 0x00, 0x00, 0xF6, 0xFF, 0xCD, 0xF9, 0xFF, 0xD1, 0x00, 0x00, 0x00, 
0x00, 0x00, 0xF2, 0xFF, 0xD4, 0xEF, 0xFF, 0xD6, 0x00, 0x00, 0x00, 0x00, 
0x00, 0xF8, 0xFF, 0xCA, 0xE0, 0xFF, 0xE6, 0x00, 0x00, 0x00, 0x00, 0x09, 
0xFF, 0xFF, 0xBA, 0xBB, 0xFF, 0xFD, 0x0B, 0x00, 0x00, 0x00, 0x2D, 0xFF, 
0xFF, 0x93, 0x84, 0xFF, 0xFF, 0x54, 0x00, 0x00, 0x00, 0x78, 0xFF, 0xFF, 
0x5C, 0x2A, 0xFE, 0xFF, 0xE4, 0x59, 0x34, 0x67, 0xF3, 0xFF, 0xF3, 0x0E, 
0x00, 0x91, 0xFF, 0xFF, 0xFF, 0xFF, 0xFF, 0xFF, 0xFF, 0x6D, 0x00, 0x00, 
0x02, 0x7E, 0xEE, 0xFF, 0xFF, 0xFF, 0xE5, 0x66, 0x00, 0x00, 0x00, 0x00, 
0x00, 0x02, 0x25, 0x33, 0x20, 0x00, 0x00, 0x00, 0x00, 0x00, 0x00, 0x00, 
0x0A, 0x37, 0x44, 0x30, 0x5E, 0x9E, 0xD2, 0xFC, 0xFF, 0xFF, 0xB8, 0xDC, 
0xFF, 0xFF, 0xFF, 0xFF, 0xFF, 0xB8, 0xC6, 0xB9, 0x88, 0x6C, 0xFF, 0xFF, 
0xB8, 0x00, 0x00, 0x00, 0x1C, 0xFF, 0xFF, 0xB8, 0x00, 0x00, 0x00, 0x1C, 
0xFF, 0xFF, 0xB8, 0x00, 0x00, 0x00, 0x1C, 0xFF, 0xFF, 0xB8, 0x00, 0x00, 
0x00, 0x1C, 0xFF, 0xFF, 0xB8, 0x00, 0x00, 0x00, 0x1C, 0xFF, 0xFF, 0xB8, 
0x00, 0x00, 0x00, 0x1C, 0xFF, 0xFF, 0xB8, 0x00, 0x00, 0x00, 0x1C, 0xFF, 
0xFF, 0xB8, 0x00, 0x00, 0x00, 0x1C, 0xFF, 0xFF, 0xB8, 0x00, 0x00, 0x00, 
0x1C, 0xFF, 0xFF, 0xB8, 0x00, 0x00, 0x00, 0x1C, 0xFF, 0xFF, 0xB8, 0x00, 
0x00, 0x00, 0x1C, 0xFF, 0xFF, 0xB8, 0x00, 0x00, 0x00, 0x1C, 0xFF, 0xFF, 
0xB8, 0x00, 0x12, 0x45, 0x64, 0x74, 0x73, 0x57, 0x18, 0x00, 0x00, 0x00, 
0x00, 0xDC, 0xFF, 0xFF, 0xFF, 0xFF, 0xFF, 0xFC, 0x96, 0x05, 0x00, 0x00, 
0xDC, 0xFC, 0xE6, 0xD9, 0xF0, 0xFF, 0xFF, 0xFF, 0x91, 0x00, 0x00, 0x33, 
0x0B, 0x00, 0x00, 0x02, 0x62, 0xFE, 0xFF, 0xF5, 0x07, 0x00, 0x00, 0x00, 
0x00, 0x00, 0x00, 0x00, 0xC5, 0xFF, 0xFF, 0x23, 0x00, 0x00, 0x00, 0x00, 
0x00, 0x00, 0x00, 0xAF, 0xFF, 0xFF, 0x14, 0x00, 0x00, 0x00, 0x00, 0x00, 
0x00, 0x07, 0xEA, 0xFF, 0xEE, 0x00, 0x00, 0x00, 0x00, 0x00, 0x00, 0x00, 
0x7E, 0xFF, 0xFF, 0x93, 0x00, 0x00, 0x00, 0x00, 0x00, 0x00, 0x4E, 0xFC, 
0xFF, 0xE4, 0x13, 0x00, 0x00, 0x00, 0x00, 0x00, 0x4B, 0xF8, 0xFF, 0xF1, 
0x33, 0x00, 0x00, 0x00, 0x00, 0x00, 0x5D, 0xFB, 0xFF, 0xED, 0x38, 0x00, 
0x00, 0x00, 0x00, 0x01, 0x80, 0xFF, 0xFF, 0xDD, 0x28, 0x00, 0x00, 0x00, 
0x00, 0x0B, 0xAB, 0xFF, 0xFF, 0xBE, 0x13, 0x00, 0x00, 0x00, 0x00, 0x00, 
0xBA, 0xFF, 0xFF, 0xD7, 0x54, 0x50, 0x50, 0x50, 0x50, 0x50, 0x33, 0xD4, 
0xFF, 0xFF, 0xFF, 0xFF, 0xFF, 0xFF, 0xFF, 0xFF, 0xFF, 0xA4, 0xD4, 0xFF, 
0xFF, 0xFF, 0xFF, 0xFF, 0xFF, 0xFF, 0xFF, 0xFF, 0xA4, 0x00, 0x21, 0x51, 
0x69, 0x78, 0x6D, 0x49, 0x0B, 0x00, 0x00, 0x00, 0x00, 0xDC, 0xFF, 0xFF, 
0xFF, 0xFF, 0xFF, 0xF3, 0x6C, 0x00, 0x00, 0x00, 0xDC, 0xF0, 0xD6, 0xD0, 
0xEE, 0xFF, 0xFF, 0xFF, 0x4D, 0x00, 0x00, 0x1C, 0x00, 0x00, 0x00, 0x03, 
0x73, 0xFF, 0xFF, 0xAF, 0x00, 0x00, 0x00, 0x00, 0x00, 0x00, 0x00, 0x02, 
0xF6, 0xFF, 0xCC, 0x00, 0x00, 0x00, 0x00, 0x00, 0x00, 0x00, 0x16, 0xFE, 
0xFF, 0xB4, 0x00, 0x00, 0x00, 0x00, 0x00, 0x07, 0x3F, 0xC8, 0xFF, 0xFF, 
0x4F, 0x00, 0x00, 0x00, 0xB7, 0xF3, 0xFF, 0xFF, 0xFF, 0xDD, 0x58, 0x00, 
0x00, 0x00, 0x00, 0xC4, 0xFF, 0xFF, 0xFF, 0xFF, 0xD0, 0x67, 0x00, 0x00, 
0x00, 0x00, 0x27, 0x37, 0x49, 0x73, 0xD0, 0xFF, 0xFF, 0x86, 0x00, 0x00, 
0x00, 0x00, 0x00, 0x00, 0x00, 0x07, 0xDC, 0xFF, 0xF8, 0x0B, 0x00, 0x00, 
0x00, 0x00, 0x00, 0x00, 0x00, 0xA7, 0xFF, 0xFF, 0x2D, 0x00, 0x00, 0x00, 
0x00, 0x00, 0x00, 0x05, 0xD4, 0xFF, 0xFF, 0x24, 0x36, 0x4A, 0x27, 0x1C, 
0x25, 0x4D, 0xBD, 0xFF, 0xFF, 0xDF, 0x01, 0x80, 0xFF, 0xFF, 0xFF, 0xFF, 
0xFF, 0xFF, 0xFF, 0xF9, 0x48, 0x00, 0x7C, 0xFF, 0xFF, 0xFF, 0xFF, 0xFF, 
0xF5, 0xAD, 0x30, 0x00, 0x00, 0x00, 0x13, 0x2B, 0x34, 0x32, 0x21, 0x02, 
0x00, 0x00, 0x00, 0x00, 0x00, 0x00, 0x00, 0x00, 0x00, 0x00, 0x08, 0x44, 
0x44, 0x44, 0x0F, 0x00, 0x00, 0x00, 0x00, 0x00, 0x00, 0x00, 0x91, 0xFF, 
0xFF, 0xFF, 0x3C, 0x00, 0x00, 0x00, 0x00, 0x00, 0x00, 0x45, 0xFE, 0xFF, 
0xFF, 0xFF, 0x3C, 0x00, 0x00, 0x00, 0x00, 0x00, 0x12, 0xE5, 0xFF, 0xE6, 
0xFF, 0xFF, 0x3C, 0x00, 0x00, 0x00, 0x00, 0x00, 0xAA, 0xFF, 0xCD, 0x75, 
0xFF, 0xFF, 0x3C, 0x00, 0x00, 0x00, 0x00, 0x5D, 0xFF, 0xF7, 0x2A, 0x70, 
0xFF, 0xFF, 0x3C, 0x00, 0x00, 0x00, 0x1F, 0xF1, 0xFF, 0x72, 0x00, 0x70, 
0xFF, 0xFF, 0x3C, 0x00, 0x00, 0x02, 0xC1, 0xFF, 0xC0, 0x01, 0x00, 0x70, 
0xFF, 0xFF, 0x3C, 0x00, 0x00, 0x77, 0xFF, 0xF1, 0x20, 0x00, 0x00, 0x70, 
0xFF, 0xFF, 0x3C, 0x00, 0x2B, 0xF9, 0xFF, 0x61, 0x00, 0x00, 0x00, 0x70, 
0xFF, 0xFF, 0x3C, 0x00, 0x5C, 0xFF, 0xFF, 0xC8, 0xC8, 0xC8, 0xC8, 0xE0, 
0xFF, 0xFF, 0xD5, 0xBE, 0x5C, 0xFF, 0xFF, 0xFF, 0xFF, 0xFF, 0xFF, 0xFF, 
0xFF, 0xFF, 0xFF, 0xF4, 0x33, 0x90, 0x90, 0x90, 0x90, 0x90, 0x90, 0xC1, 
0xFF, 0xFF, 0xAA, 0x89, 0x00, 0x00, 0x00, 0x00, 0x00, 0x00, 0x00, 0x70, 
0xFF, 0xFF, 0x3C, 0x00, 0x00, 0x00, 0x00, 0x00, 0x00, 0x00, 0x00, 0x70, 
0xFF, 0xFF, 0x3C, 0x00, 0x00, 0x00, 0x00, 0x00, 0x00, 0x00, 0x00, 0x70, 
0xFF, 0xFF, 0x3C, 0x00, 0x00, 0x0A, 0x44, 0x44, 0x44, 0x44, 0x44, 0x44, 
0x44, 0x22, 0x00, 0x00, 0x3E, 0xFF, 0xFF, 0xFF, 0xFF, 0xFF, 0xFF, 0xFF, 
0x80, 0x00, 0x00, 0x5F, 0xFF, 0xFF, 0xFF, 0xFF, 0xFF, 0xFF, 0xFF, 0x80, 
0x00, 0x00, 0x81, 0xFF, 0xFB, 0x1F, 0x1C, 0x1C, 0x1C, 0x1C, 0x0E, 0x00, 
0x00, 0xA2, 0xFF, 0xD9, 0x00, 0x00, 0x00, 0x00, 0x00, 0x00, 0x00, 0x00, 
0xC3, 0xFF, 0xB1, 0x00, 0x00, 0x00, 0x00, 0x00, 0x00, 0x00, 0x00, 0xE5, 
0xFF, 0xC4, 0x84, 0x86, 0x71, 0x3B, 0x00, 0x00, 0x00, 0x07, 0xFE, 0xFF, 
0xFF, 0xFF, 0xFF, 0xFF, 0xFF, 0xCD, 0x23, 0x00, 0x20, 0xC6, 0xA4, 0x92, 
0x93, 0xB2, 0xF3, 0xFF, 0xFF, 0xD6, 0x03, 0x00, 0x00, 0x00, 0x00, 0x00, 
0x00, 0x18, 0xE0, 0xFF, 0xFF, 0x44, 0x00, 0x00, 0x00, 0x00, 0x00, 0x00, 
0x00, 0x7C, 0xFF, 0xFF, 0x6F, 0x00, 0x00, 0x00, 0x00, 0x00, 0x00, 0x00, 
0x65, 0xFF, 0xFF, 0x73, 0x00, 0x00, 0x00, 0x00, 0x00, 0x00, 0x01, 0xB2, 
0xFF, 0xFF, 0x52, 0x13, 0x55, 0x2B, 0x1D, 0x24, 0x46, 0xAC, 0xFF, 0xFF, 
0xEE, 0x0D, 0x2C, 0xFF, 0xFF, 0xFF, 0xFF, 0xFF, 0xFF, 0xFF, 0xFA, 0x50, 
0x00, 0x29, 0xFE, 0xFF, 0xFF, 0xFF, 0xFF, 0xF3, 0xA7, 0x2C, 0x00, 0x00, 
0x00, 0x09, 0x27, 0x33, 0x32, 0x21, 0x02, 0x00, 0x00, 0x00, 0x00, 0x00, 
0x00, 0x00, 0x00, 0x00, 0x09, 0x44, 0x62, 0x56, 0x00, 0x00, 0x00, 0x00, 
0x00, 0x1D, 0xA0, 0xF7, 0xFF, 0xFF, 0xBC, 0x00, 0x00, 0x00, 0x00, 0x40, 
0xF1, 0xFF, 0xFF, 0xFF, 0xF9, 0xA9, 0x00, 0x00, 0x00, 0x26, 0xF6, 0xFF, 
0xF9, 0x8C, 0x2D, 0x02, 0x00, 0x00, 0x00, 0x00, 0xBD, 0xFF, 0xF5, 0x3B, 
0x00, 0x00, 0x00, 0x00, 0x00, 0x00, 0x29, 0xFF, 0xFF, 0x78, 0x00, 0x00, 
0x00, 0x00, 0x00, 0x00, 0x00, 0x79, 0xFF, 0xFF, 0x48, 0x9F, 0xD3, 0xD7, 
0xB4, 0x59, 0x00, 0x00, 0xAD, 0xFF, 0xFE, 0xFB, 0xFF, 0xFF, 0xFF, 0xFF, 
0xFF, 0x9A, 0x00, 0xCF, 0xFF, 0xFF, 0xD4, 0x5A, 0x39, 0x5E, 0xDF, 0xFF, 
0xFF, 0x3F, 0xDF, 0xFF, 0xF5, 0x18, 0x00, 0x00, 0x00, 0x30, 0xFF, 0xFF, 
0x8E, 0xE1, 0xFF, 0xC9, 0x00, 0x00, 0x00, 0x00, 0x00, 0xEB, 0xFF, 0xAF, 
0xCF, 0xFF, 0xD0, 0x00, 0x00, 0x00, 0x00, 0x00, 0xE8, 0xFF, 0xAE, 0x9F, 
0xFF, 0xF7, 0x17, 0x00, 0x00, 0x00, 0x26, 0xFF, 0xFF, 0x8D, 0x46, 0xFF, 
0xFF, 0xBD, 0x2A, 0x0A, 0x39, 0xCF, 0xFF, 0xFF, 0x3F, 0x00, 0xAC, 0xFF, 
0xFF, 0xFF, 0xFF, 0xFF, 0xFF, 0xFF, 0xA6, 0x00, 0x00, 0x05, 0x83, 0xEE, 
0xFF, 0xFF, 0xFF, 0xEA, 0x7B, 0x03, 0x00, 0x00, 0x00, 0x00, 0x02, 0x25, 
0x33, 0x22, 0x01, 0x00, 0x00, 0x00, 0x37, 0x44, 0x44, 0x44, 0x44, 0x44, 
0x44, 0x44, 0x44, 0x44, 0x1A, 0xD0, 0xFF, 0xFF, 0xFF, 0xFF, 0xFF, 0xFF, 
0xFF, 0xFF, 0xFF, 0x64, 0xD0, 0xFF, 0xFF, 0xFF, 0xFF, 0xFF, 0xFF, 0xFF, 
0xFF, 0xFF, 0x64, 0x16, 0x1C, 0x1C, 0x1C, 0x1C, 0x1C, 0x1C, 0x73, 0xFF, 
0xFF, 0x51, 0x00, 0x00, 0x00, 0x00, 0x00, 0x00, 0x01, 0xD2, 0xFF, 0xE2, 
0x05, 0x00, 0x00, 0x00, 0x00, 0x00, 0x00, 0x4D, 0xFF, 0xFF, 0x72, 0x00, 
0x00, 0x00, 0x00, 0x00, 0x00, 0x00, 0xC5, 0xFF, 0xF0, 0x0D, 0x00, 0x00, 
0x00, 0x00, 0x00, 0x00, 0x3E, 0xFF, 0xFF, 0x88, 0x00, 0x00, 0x00, 0x00, 
0x00, 0x00, 0x00, 0xB7, 0xFF, 0xF9, 0x1A, 0x00, 0x00, 0x00, 0x00, 0x00, 
0x00, 0x30, 0xFF, 0xFF, 0x9F, 0x00, 0x00, 0x00, 0x00, 0x00, 0x00, 0x00, 
0xA8, 0xFF, 0xFE, 0x2B, 0x00, 0x00, 0x00, 0x00, 0x00, 0x00, 0x24, 0xFC, 
0xFF, 0xB5, 0x00, 0x00, 0x00, 0x00, 0x00, 0x00, 0x00, 0x9A, 0xFF, 0xFF, 
0x40, 0x00, 0x00, 0x00, 0x00, 0x00, 0x00, 0x19, 0xF8, 0xFF, 0xCB, 0x00, 
0x00, 0x00, 0x00, 0x00, 0x00, 0x00, 0x8B, 0xFF, 0xFF, 0x56, 0x00, 0x00, 
0x00, 0x00, 0x00, 0x00, 0x10, 0xF2, 0xFF, 0xDF, 0x03, 0x00, 0x00, 0x00, 
0x00, 0x00, 0x00, 0x00, 0x00, 0x06, 0x49, 0x74, 0x7F, 0x70, 0x3F, 0x02, 
0x00, 0x00, 0x00, 0x00, 0x3F, 0xE5, 0xFF, 0xFF, 0xFF, 0xFF, 0xFF, 0xD5, 
0x27, 0x00, 0x00, 0x15, 0xF1, 0xFF, 0xFF, 0xC7, 0xAC, 0xD3, 0xFF, 0xFF, 
0xD9, 0x04, 0x00, 0x69, 0xFF, 0xFF, 0x5B, 0x00, 0x00, 0x00, 0x85, 0xFF, 
0xFF, 0x40, 0x00, 0x85, 0xFF, 0xF8, 0x02, 0x00, 0x00, 0x00, 0x20, 0xFF, 
0xFF, 0x5D, 0x00, 0x6E, 0xFF, 0xFD, 0x0C, 0x00, 0x00, 0x00, 0x30, 0xFF, 
0xFF, 0x49, 0x00, 0x1F, 0xFA, 0xFF, 0x9C, 0x0A, 0x00, 0x16, 0xBC, 0xFF, 
0xEC, 0x0A, 0x00, 0x00, 0x54, 0xF0, 0xFF, 0xFD, 0xEC, 0xFF, 0xFF, 0xDE, 
0x39, 0x00, 0x00, 0x00, 0x46, 0xD9, 0xFF, 0xFF, 0xFF, 0xFF, 0xFF, 0xBF, 
0x30, 0x00, 0x00, 0x44, 0xFC, 0xFF, 0xBB, 0x53, 0x3C, 0x5C, 0xCF, 0xFF, 
0xF4, 0x2A, 0x00, 0xC5, 0xFF, 0xD5, 0x04, 0x00, 0x00, 0x00, 0x11, 0xED, 
0xFF, 0xA2, 0x01, 0xF4, 0xFF, 0x99, 0x00, 0x00, 0x00, 0x00, 0x00, 0xBD, 
0xFF, 0xD7, 0x01, 0xFB, 0xFF, 0xB3, 0x00, 0x00, 0x00, 0x00, 0x01, 0xD8, 
0xFF, 0xD4, 0x00, 0xC9, 0xFF, 0xFE, 0x75, 0x17, 0x03, 0x1F, 0x95, 0xFF, 
0xFF, 0xA1, 0x00, 0x48, 0xFC, 0xFF, 0xFF, 0xFF, 0xFF, 0xFF, 0xFF, 0xFF, 
0xF1, 0x28, 0x00, 0x00, 0x40, 0xC3, 0xFE, 0xFF, 0xFF, 0xFF, 0xFA, 0xB2, 
0x2A, 0x00, 0x00, 0x00, 0x00, 0x00, 0x0D, 0x2F, 0x38, 0x2C, 0x08, 0x00, 
0x00, 0x00, 0x00, 0x00, 0x01, 0x37, 0x69, 0x76, 0x60, 0x22, 0x00, 0x00, 
0x00, 0x00, 0x27, 0xCE, 0xFF, 0xFF, 0xFF, 0xFF, 0xFE, 0xA1, 0x09, 0x00, 
0x13, 0xE5, 0xFF, 0xFF, 0xE5, 0xC8, 0xF1, 0xFF, 0xFF, 0x9F, 0x00, 0x80, 
0xFF, 0xFF, 0x7E, 0x01, 0x00, 0x0D, 0xBC, 0xFF, 0xFE, 0x28, 0xC7, 0xFF, 
0xDC, 0x02, 0x00, 0x00, 0x00, 0x2D, 0xFF, 0xFF, 0x73, 0xE5, 0xFF, 0xAC, 
0x00, 0x00, 0x00, 0x00, 0x01, 0xF7, 0xFF, 0x9E, 0xE1, 0xFF, 0xB7, 0x00, 
0x00, 0x00, 0x00, 0x02, 0xF7, 0xFF, 0xAE, 0xBA, 0xFF, 0xF3, 0x1B, 0x00, 
0x00, 0x00, 0x4F, 0xFF, 0xFF, 0xAA, 0x60, 0xFF, 0xFF, 0xE2, 0x75, 0x5F, 
0x8C, 0xF6, 0xFF, 0xFF, 0x9C, 0x01, 0xA2, 0xFF, 0xFF, 0xFF, 0xFF, 0xFF, 
0xEC, 0xFF, 0xFF, 0x7B, 0x00, 0x00, 0x43, 0x92, 0xB1, 0xAA, 0x6F, 0x50, 
0xFF, 0xFF, 0x4C, 0x00, 0x00, 0x00, 0x00, 0x00, 0x00, 0x00, 0xAC, 0xFF, 
0xF2, 0x0A, 0x00, 0x00, 0x00, 0x00, 0x00, 0x02, 0x7E, 0xFF, 0xFF, 0x92, 
0x00, 0x00, 0x00, 0x25, 0x3E, 0x73, 0xD2, 0xFF, 0xFF, 0xDF, 0x0D, 0x00, 
0x00, 0x00, 0xE4, 0xFF, 0xFF, 0xFF, 0xFF, 0xD3, 0x1D, 0x00, 0x00, 0x00, 
0x00, 0xE4, 0xFF, 0xFA, 0xC5, 0x67, 0x04, 0x00, 0x00, 0x00, 0x00, 0x00, 
0x2E, 0x23, 0x09, 0x00, 0x00, 0x00, 0x00, 0x00, 0x00, 0x2D, 0xEA, 0xFE, 
0xC7, 0x01, 0x62, 0xFF, 0xFF, 0xFF, 0x12, 0x54, 0xFF, 0xFF, 0xFA, 0x09, 
0x06, 0x69, 0x7F, 0x48, 0x00, 0x00, 0x00, 0x00, 0x00, 0x00, 0x00, 0x00, 
0x00, 0x00, 0x00, 0x00, 0x00, 0x00, 0x00, 0x00, 0x00, 0x00, 0x00, 0x00, 
0x00, 0x02, 0x4A, 0x5E, 0x30, 0x00, 0x4E, 0xFF, 0xFF, 0xF6, 0x07, 0x63, 
0xFF, 0xFF, 0xFF, 0x12, 0x36, 0xF9, 0xFF, 0xDC, 0x03, 0x00, 0x0C, 0x1B, 
0x05, 0x00, 0x00, 0x2D, 0xEA, 0xFE, 0xC7, 0x01, 0x00, 0x62, 0xFF, 0xFF, 
0xFF, 0x12, 0x00, 0x54, 0xFF, 0xFF, 0xFA, 0x09, 0x00, 0x06, 0x69, 0x7F, 
0x48, 0x00, 0x00, 0x00, 0x00, 0x00, 0x00, 0x00, 0x00, 0x00, 0x00, 0x00, 
0x00, 0x00, 0x00, 0x00, 0x00, 0x00, 0x00, 0x00, 0x00, 0x00, 0x00, 0x00, 
0x00, 0x00, 0x00, 0x00, 0x38, 0x48, 0x3D, 0x00, 0x00, 0x00, 0xDB, 0xFF, 
0xC3, 0x00, 0x00, 0x0A, 0xFA, 0xFF, 0x93, 0x00, 0x00, 0x48, 0xFF, 0xFF, 
0x3F, 0x00, 0x00, 0x9F, 0xFF, 0xD5, 0x01, 0x00, 0x12, 0xF4, 0xFF, 0x5C, 
0x00, 0x00, 0x86, 0xFC, 0xBF, 0x01, 0x00, 0x00, 0x00, 0x00, 0x00, 0x00, 
0x00, 0x00, 0x00, 0x00, 0x00, 0x00, 0x2A, 0x77, 0x00, 0x00, 0x00, 0x00, 
0x00, 0x00, 0x00, 0x06, 0x58, 0xC1, 0xFF, 0xDC, 0x00, 0x00, 0x00, 0x00, 
0x00, 0x21, 0x87, 0xE9, 0xFF, 0xFF, 0xFF, 0xB6, 0x00, 0x00, 0x03, 0x4D, 
0xB6, 0xFD, 0xFF, 0xFF, 0xF1, 0x97, 0x31, 0x00, 0x11, 0x7C, 0xE2, 0xFF, 
0xFF, 0xFF, 0xC8, 0x62, 0x0B, 0x00, 0x00, 0x00, 0x50, 0xFF, 0xFF, 0xEE, 
0x92, 0x2D, 0x00, 0x00, 0x00, 0x00, 0x00, 0x00, 0x50, 0xFF, 0xDA, 0x31, 
0x00, 0x00, 0x00, 0x00, 0x00, 0x00, 0x00, 0x00, 0x4F, 0xFF, 0xFF, 0xFF, 
0xC2, 0x5D, 0x09, 0x00, 0x00, 0x00, 0x00, 0x00, 0x02, 0x4D, 0xB5, 0xFD, 
0xFF, 0xFF, 0xEF, 0x93, 0x2E, 0x00, 0x00, 0x00, 0x00, 0x00, 0x00, 0x20, 
0x86, 0xE8, 0xFF, 0xFF, 0xFF, 0xC9, 0x64, 0x0C, 0x00, 0x00, 0x00, 0x00, 
0x00, 0x05, 0x56, 0xBE, 0xFF, 0xFF, 0xFF, 0xD5, 0x00, 0x00, 0x00, 0x00, 
0x00, 0x00, 0x00, 0x00, 0x27, 0x8F, 0xEE, 0xDC, 0x00, 0x00, 0x00, 0x00, 
0x00, 0x00, 0x00, 0x00, 0x00, 0x00, 0x08, 0x4B, 0x2D, 0x90, 0x90, 0x90, 
0x90, 0x90, 0x90, 0x90, 0x90, 0x90, 0x90, 0x7B, 0x50, 0xFF, 0xFF, 0xFF, 
0xFF, 0xFF, 0xFF, 0xFF, 0xFF, 0xFF, 0xFF, 0xDC, 0x41, 0xD0, 0xD0, 0xD0, 
0xD0, 0xD0, 0xD0, 0xD0, 0xD0, 0xD0, 0xD0, 0xB2, 0x00, 0x00, 0x00, 0x00, 
0x00, 0x00, 0x00, 0x00, 0x00, 0x00, 0x00, 0x00, 0x00, 0x00, 0x00, 0x00, 
0x00, 0x00, 0x00, 0x00, 0x00, 0x00, 0x00, 0x00, 0x02, 0x08, 0x08, 0x08, 
0x08, 0x08, 0x08, 0x08, 0x08, 0x08, 0x08, 0x06, 0x50, 0xFF, 0xFF, 0xFF, 
0xFF, 0xFF, 0xFF, 0xFF, 0xFF, 0xFF, 0xFF, 0xDC, 0x50, 0xFF, 0xFF, 0xFF, 
0xFF, 0xFF, 0xFF, 0xFF, 0xFF, 0xFF, 0xFF, 0xDC, 0x1B, 0x58, 0x58, 0x58, 
0x58, 0x58, 0x58, 0x58, 0x58, 0x58, 0x58, 0x4B, 0x34, 0x62, 0x0A, 0x00, 
0x00, 0x00, 0x00, 0x00, 0x00, 0x00, 0x00, 0x00, 0x50, 0xFF, 0xEF, 0x91, 
0x29, 0x00, 0x00, 0x00, 0x00, 0x00, 0x00, 0x00, 0x39, 0xF0, 0xFF, 0xFF, 
0xFF, 0xC0, 0x58, 0x06, 0x00, 0x00, 0x00, 0x00, 0x00, 0x0A, 0x60, 0xC6, 
0xFF, 0xFF, 0xFF, 0xE9, 0x86, 0x20, 0x00, 0x00, 0x00, 0x00, 0x00, 0x00, 
0x2B, 0x91, 0xEE, 0xFF, 0xFF, 0xFD, 0xB5, 0x48, 0x00, 0x00, 0x00, 0x00, 
0x00, 0x00, 0x08, 0x5C, 0xC2, 0xFF, 0xFF, 0xDC, 0x00, 0x00, 0x00, 0x00, 
0x00, 0x00, 0x00, 0x00, 0x06, 0x7E, 0xFD, 0xDC, 0x00, 0x00, 0x00, 0x00, 
0x00, 0x00, 0x28, 0x8C, 0xEB, 0xFF, 0xFF, 0xDB, 0x00, 0x00, 0x00, 0x08, 
0x5D, 0xC2, 0xFF, 0xFF, 0xFF, 0xE8, 0x86, 0x20, 0x00, 0x2D, 0x92, 0xEF, 
0xFF, 0xFF, 0xFF, 0xBF, 0x56, 0x05, 0x00, 0x00, 0x49, 0xFF, 0xFF, 0xFF, 
0xEE, 0x8F, 0x27, 0x00, 0x00, 0x00, 0x00, 0x00, 0x50, 0xFF, 0xC8, 0x5F, 
0x08, 0x00, 0x00, 0x00, 0x00, 0x00, 0x00, 0x00, 0x24, 0x2F, 0x00, 0x00, 
0x00, 0x00, 0x00, 0x00, 0x00, 0x00, 0x00, 0x00, 0x02, 0x31, 0x5D, 0x6F, 
0x78, 0x6C, 0x47, 0x09, 0x00, 0x00, 0x24, 0xFF, 0xFF, 0xFF, 0xFF, 0xFF, 
0xFF, 0xE8, 0x3A, 0x00, 0x24, 0xFF, 0xFD, 0xED, 0xF5, 0xFF, 0xFF, 0xFF, 
0xDA, 0x00, 0x0B, 0x2F, 0x03, 0x00, 0x00, 0x3F, 0xF9, 0xFF, 0xFF, 0x19, 
0x00, 0x00, 0x00, 0x00, 0x00, 0x00, 0xD3, 0xFF, 0xFF, 0x26, 0x00, 0x00, 
0x00, 0x00, 0x00, 0x00, 0xE2, 0xFF, 0xFF, 0x10, 0x00, 0x00, 0x00, 0x00, 
0x00, 0x76, 0xFF, 0xFF, 0xC3, 0x00, 0x00, 0x00, 0x00, 0x00, 0x85, 0xFF, 
0xFF, 0xEB, 0x29, 0x00, 0x00, 0x00, 0x00, 0x66, 0xFF, 0xFF, 0xD4, 0x23, 
0x00, 0x00, 0x00, 0x00, 0x00, 0xCD, 0xFF, 0xD8, 0x0F, 0x00, 0x00, 0x00, 
0x00, 0x00, 0x00, 0xE3, 0xFF, 0x81, 0x00, 0x00, 0x00, 0x00, 0x00, 0x00, 
0x00, 0x2E, 0x34, 0x19, 0x00, 0x00, 0x00, 0x00, 0x00, 0x00, 0x00, 0x23, 
0x36, 0x0E, 0x00, 0x00, 0x00, 0x00, 0x00, 0x00, 0x3F, 0xFF, 0xFF, 0xDD, 
0x00, 0x00, 0x00, 0x00, 0x00, 0x00, 0x62, 0xFF, 0xFF, 0xFF, 0x02, 0x00, 
0x00, 0x00, 0x00, 0x00, 0x35, 0xFA, 0xFF, 0xCD, 0x00, 0x00, 0x00, 0x00, 
0x00, 0x00, 0x00, 0x0C, 0x1A, 0x03, 0x00, 0x00, 0x00, 0x00, 0x00, 0x00, 
0x00, 0x00, 0x00, 0x00, 0x00, 0x0B, 0x46, 0x63, 0x72, 0x63, 0x41, 0x09, 
0x00, 0x00, 0x00, 0x00, 0x00, 0x00, 0x00, 0x00, 0x00, 0x00, 0x2D, 0xAB, 
0xF8, 0xFF, 0xFF, 0xFF, 0xFF, 0xFF, 0xF8, 0x9A, 0x1A, 0x00, 0x00, 0x00, 
0x00, 0x00, 0x00, 0x01, 0x7B, 0xFD, 0xFF, 0xFD, 0xC7, 0x9C, 0x8D, 0x9F, 
0xD0, 0xFF, 0xFF, 0xEA, 0x36, 0x00, 0x00, 0x00, 0x00, 0x00, 0x93, 0xFF, 
0xFF, 0x9F, 0x1D, 0x00, 0x00, 0x00, 0x00, 0x00, 0x31, 0xCE, 0xFF, 0xE8, 
0x14, 0x00, 0x00, 0x00, 0x5E, 0xFF, 0xFF, 0x65, 0x00, 0x00, 0x00, 0x0D, 
0x05, 0x00, 0x00, 0x00, 0x10, 0xDD, 0xFF, 0x87, 0x00, 0x00, 0x0B, 0xE7, 
0xFF, 0x8D, 0x00, 0x00, 0x4A, 0xD4, 0xFF, 0xF6, 0x6D, 0xDC, 0xE4, 0x0D, 
0x64, 0xFF, 0xDD, 0x00, 0x00, 0x69, 0xFF, 0xED, 0x0D, 0x00, 0x56, 0xFD, 
0xFF, 0xE1, 0xEA, 0xFE, 0xFF, 0xE1, 0x00, 0x20, 0xFF, 0xFF, 0x10, 0x00, 
0xB7, 0xFF, 0x94, 0x00, 0x0C, 0xED, 0xFF, 0x96, 0x01, 0x08, 0xDA, 0xFF, 
0xB1, 0x00, 0x07, 0xFF, 0xFF, 0x22, 0x00, 0xED, 0xFF, 0x50, 0x00, 0x5E, 
0xFF, 0xED, 0x07, 0x00, 0x00, 0xAA, 0xFF, 0x81, 0x00, 0x0C, 0xFF, 0xFF, 
0x1B, 0x04, 0xFE, 0xFF, 0x33, 0x00, 0x95, 0xFF, 0xA7, 0x00, 0x00, 0x00, 
0xCC, 0xFF, 0x51, 0x00, 0x23, 0xFF, 0xF7, 0x03, 0x0D, 0xFF, 0xFF, 0x29, 
0x00, 0xA5, 0xFF, 0x8E, 0x00, 0x00, 0x1C, 0xFD, 0xFF, 0x2C, 0x00, 0x62, 
0xFF, 0xC0, 0x00, 0x00, 0xFA, 0xFF, 0x3D, 0x00, 0x8C, 0xFF, 0xC4, 0x05, 
0x0D, 0xB7, 0xFF, 0xFF, 0x4D, 0x0C, 0xD1, 0xFF, 0x5E, 0x00, 0x00, 0xD2, 
0xFF, 0x73, 0x00, 0x34, 0xFE, 0xFF, 0xF4, 0xFB, 0xFF, 0xDD, 0xFF, 0xFA, 
0xF2, 0xFF, 0xBF, 0x02, 0x00, 0x00, 0x8B, 0xFF, 0xD4, 0x02, 0x00, 0x5A, 
0xD9, 0xFB, 0xE0, 0x75, 0x07, 0x96, 0xF1, 0xED, 0x98, 0x0C, 0x00, 0x00, 
0x00, 0x1E, 0xF9, 0xFF, 0x84, 0x00, 0x00, 0x00, 0x00, 0x00, 0x00, 0x00, 
0x00, 0x00, 0x00, 0x00, 0x00, 0x00, 0x00, 0x00, 0x00, 0x72, 0xFF, 0xFF, 
0xAB, 0x2B, 0x00, 0x00, 0x00, 0x00, 0x00, 0x00, 0x05, 0x15, 0x00, 0x00, 
0x00, 0x00, 0x00, 0x00, 0x00, 0x7A, 0xFC, 0xFF, 0xFF, 0xDC, 0xAE, 0x9B, 
0x9B, 0xAC, 0xC5, 0xF6, 0x8C, 0x00, 0x00, 0x00, 0x00, 0x00, 0x00, 0x00, 
0x00, 0x32, 0xA7, 0xF7, 0xFF, 0xFF, 0xFF, 0xFF, 0xFF, 0xFF, 0xF1, 0x6D, 
0x00, 0x00, 0x00, 0x00, 0x00, 0x00, 0x00, 0x00, 0x00, 0x00, 0x05, 0x35, 
0x55, 0x65, 0x61, 0x4D, 0x2D, 0x02, 0x00, 0x00, 0x00, 0x00, 0x00, 0x00, 
0x00, 0x00, 0x00, 0x00, 0x0D, 0x44, 0x44, 0x44, 0x34, 0x00, 0x00, 0x00, 
0x00, 0x00, 0x00, 0x00, 0x00, 0x00, 0x00, 0x00, 0x6E, 0xFF, 0xFF, 0xFF, 
0xF4, 0x0C, 0x00, 0x00, 0x00, 0x00, 0x00, 0x00, 0x00, 0x00, 0x00, 0x00, 
0xCE, 0xFF, 0xFF, 0xFF, 0xFF, 0x60, 0x00, 0x00, 0x00, 0x00, 0x00, 0x00, 
0x00, 0x00, 0x00, 0x2E, 0xFF, 0xFF, 0xAF, 0xF9, 0xFF, 0xBF, 0x00, 0x00, 
0x00, 0x00, 0x00, 0x00, 0x00, 0x00, 0x00, 0x8F, 0xFF, 0xFF, 0x36, 0xB2, 
0xFF, 0xFE, 0x20, 0x00, 0x00, 0x00, 0x00, 0x00, 0x00, 0x00, 0x04, 0xE9, 
0xFF, 0xDA, 0x00, 0x57, 0xFF, 0xFF, 0x7E, 0x00, 0x00, 0x00, 0x00, 0x00, 
0x00, 0x00, 0x4F, 0xFF, 0xFF, 0x7E, 0x00, 0x09, 0xF3, 0xFF, 0xDC, 0x00, 
0x00, 0x00, 0x00, 0x00, 0x00, 0x00, 0xAF, 0xFF, 0xFF, 0x23, 0x00, 0x00, 
0xA3, 0xFF, 0xFF, 0x3C, 0x00, 0x00, 0x00, 0x00, 0x00, 0x14, 0xFA, 0xFF, 
0xC6, 0x00, 0x00, 0x00, 0x49, 0xFF, 0xFF, 0x9C, 0x00, 0x00, 0x00, 0x00, 
0x00, 0x6F, 0xFF, 0xFF, 0xBC, 0x78, 0x78, 0x78, 0x7C, 0xFD, 0xFF, 0xF1, 
0x09, 0x00, 0x00, 0x00, 0x00, 0xD0, 0xFF, 0xFF, 0xFF, 0xFF, 0xFF, 0xFF, 
0xFF, 0xFF, 0xFF, 0xFF, 0x5B, 0x00, 0x00, 0x00, 0x2F, 0xFF, 0xFF, 0xFA, 
0xF4, 0xF4, 0xF4, 0xF4, 0xF4, 0xF4, 0xFF, 0xFF, 0xBA, 0x00, 0x00, 0x00, 
0x90, 0xFF, 0xFF, 0x59, 0x00, 0x00, 0x00, 0x00, 0x00, 0x00, 0xDE, 0xFF, 
0xFD, 0x1C, 0x00, 0x05, 0xEA, 0xFF, 0xF4, 0x0A, 0x00, 0x00, 0x00, 0x00, 
0x00, 0x00, 0x86, 0xFF, 0xFF, 0x79, 0x00, 0x50, 0xFF, 0xFF, 0xA3, 0x00, 
0x00, 0x00, 0x00, 0x00, 0x00, 0x00, 0x2D, 0xFF, 0xFF, 0xD8, 0x00, 0xB0, 
0xFF, 0xFF, 0x49, 0x00, 0x00, 0x00, 0x00, 0x00, 0x00, 0x00, 0x00, 0xD4, 
0xFF, 0xFF, 0x38, 0x0D, 0x44, 0x44, 0x44, 0x44, 0x43, 0x3A, 0x26, 0x04, 
0x00, 0x00, 0x00, 0x34, 0xFF, 0xFF, 0xFF, 0xFF, 0xFF, 0xFF, 0xFF, 0xF1, 
0x95, 0x0C, 0x00, 0x34, 0xFF, 0xFF, 0xFF, 0xFF, 0xFF, 0xFF, 0xFF, 0xFF, 
0xFF, 0xAC, 0x00, 0x34, 0xFF, 0xFF, 0xB5, 0x10, 0x13, 0x29, 0x76, 0xFD, 
0xFF, 0xFE, 0x10, 0x34, 0xFF, 0xFF, 0xB0, 0x00, 0x00, 0x00, 0x00, 0xB3, 
0xFF, 0xFF, 0x2D, 0x34, 0xFF, 0xFF, 0xB0, 0x00, 0x00, 0x00, 0x00, 0xB4, 
0xFF, 0xFF, 0x1F, 0x34, 0xFF, 0xFF, 0xB0, 0x00, 0x00, 0x02, 0x4E, 0xF6, 
0xFF, 0xD3, 0x00, 0x34, 0xFF, 0xFF, 0xF3, 0xD8, 0xDB, 0xF1, 0xFF, 0xFF, 
0xC1, 0x25, 0x00, 0x34, 0xFF, 0xFF, 0xFF, 0xFF, 0xFF, 0xFF, 0xFF, 0xFF, 
0xB9, 0x38, 0x00, 0x34, 0xFF, 0xFF, 0xC7, 0x4C, 0x4D, 0x5B, 0x8E, 0xF7, 
0xFF, 0xF6, 0x25, 0x34, 0xFF, 0xFF, 0xB0, 0x00, 0x00, 0x00, 0x00, 0x73, 
0xFF, 0xFF, 0x85, 0x34, 0xFF, 0xFF, 0xB0, 0x00, 0x00, 0x00, 0x00, 0x45, 
0xFF, 0xFF, 0xA3, 0x34, 0xFF, 0xFF, 0xB0, 0x00, 0x00, 0x00, 0x00, 0x74, 
0xFF, 0xFF, 0x8C, 0x34, 0xFF, 0xFF, 0xCC, 0x5C, 0x5C, 0x65, 0x8F, 0xF7, 
0xFF, 0xFF, 0x5E, 0x34, 0xFF, 0xFF, 0xFF, 0xFF, 0xFF, 0xFF, 0xFF, 0xFF, 
0xFF, 0xC8, 0x07, 0x34, 0xFF, 0xFF, 0xFF, 0xFF, 0xFF, 0xFB, 0xEC, 0xC2, 
0x70, 0x07, 0x00, 0x00, 0x00, 0x00, 0x00, 0x0E, 0x44, 0x69, 0x77, 0x6E, 
0x5A, 0x27, 0x00, 0x00, 0x00, 0x0A, 0x92, 0xF5, 0xFF, 0xFF, 0xFF, 0xFF, 
0xFF, 0xFF, 0x2C, 0x00, 0x09, 0xCB, 0xFF, 0xFF, 0xFF, 0xFF, 0xFF, 0xFF, 
0xFF, 0xFF, 0x2C, 0x00, 0x8C, 0xFF, 0xFF, 0xF6, 0x75, 0x22, 0x06, 0x0E, 
0x24, 0x5C, 0x16, 0x0D, 0xF3, 0xFF, 0xFF, 0x51, 0x00, 0x00, 0x00, 0x00, 
0x00, 0x00, 0x00, 0x49, 0xFF, 0xFF, 0xD9, 0x00, 0x00, 0x00, 0x00, 0x00, 
0x00, 0x00, 0x00, 0x7B, 0xFF, 0xFF, 0x9C, 0x00, 0x00, 0x00, 0x00, 0x00, 
0x00, 0x00, 0x00, 0x8E, 0xFF, 0xFF, 0x82, 0x00, 0x00, 0x00, 0x00, 0x00, 
0x00, 0x00, 0x00, 0x98, 0xFF, 0xFF, 0x7A, 0x00, 0x00, 0x00, 0x00, 0x00, 
0x00, 0x00, 0x00, 0x8B, 0xFF, 0xFF, 0x85, 0x00, 0x00, 0x00, 0x00, 0x00, 
0x00, 0x00, 0x00, 0x77, 0xFF, 0xFF, 0xA3, 0x00, 0x00, 0x00, 0x00, 0x00, 
0x00, 0x00, 0x00, 0x45, 0xFF, 0xFF, 0xE3, 0x02, 0x00, 0x00, 0x00, 0x00, 
0x00, 0x00, 0x00, 0x0C, 0xF1, 0xFF, 0xFF, 0x74, 0x00, 0x00, 0x00, 0x00, 
0x00, 0x00, 0x00, 0x00, 0x87, 0xFF, 0xFF, 0xFF, 0xAF, 0x69, 0x54, 0x5E, 
0x75, 0xAF, 0x4B, 0x00, 0x06, 0xC0, 0xFF, 0xFF, 0xFF, 0xFF, 0xFF, 0xFF, 
0xFF, 0xFF, 0x58, 0x00, 0x00, 0x04, 0x70, 0xD3, 0xFE, 0xFF, 0xFF, 0xFF, 
0xFF, 0xD6, 0x37, 0x00, 0x00, 0x00, 0x00, 0x00, 0x0C, 0x29, 0x34, 0x24, 
0x0C, 0x00, 0x00, 0x0D, 0x44, 0x44, 0x44, 0x44, 0x43, 0x3B, 0x28, 0x06, 
0x00, 0x00, 0x00, 0x00, 0x00, 0x34, 0xFF, 0xFF, 0xFF, 0xFF, 0xFF, 0xFF, 
0xFF, 0xFB, 0xB8, 0x3E, 0x00, 0x00, 0x00, 0x34, 0xFF, 0xFF, 0xFF, 0xFF, 
0xFF, 0xFF, 0xFF, 0xFF, 0xFF, 0xFE, 0x67, 0x00, 0x00, 0x34, 0xFF, 0xFF, 
0xBD, 0x2C, 0x2E, 0x46, 0x6A, 0xD0, 0xFF, 0xFF, 0xFC, 0x27, 0x00, 0x34, 
0xFF, 0xFF, 0xB0, 0x00, 0x00, 0x00, 0x00, 0x06, 0xC3, 0xFF, 0xFF, 0x98, 
0x00, 0x34, 0xFF, 0xFF, 0xB0, 0x00, 0x00, 0x00, 0x00, 0x00, 0x3C, 0xFF, 
0xFF, 0xDD, 0x00, 0x34, 0xFF, 0xFF, 0xB0, 0x00, 0x00, 0x00, 0x00, 0x00, 
0x02, 0xF3, 0xFF, 0xFF, 0x0C, 0x34, 0xFF, 0xFF, 0xB0, 0x00, 0x00, 0x00, 
0x00, 0x00, 0x00, 0xD8, 0xFF, 0xFF, 0x1D, 0x34, 0xFF, 0xFF, 0xB0, 0x00, 
0x00, 0x00, 0x00, 0x00, 0x00, 0xCF, 0xFF, 0xFF, 0x27, 0x34, 0xFF, 0xFF, 
0xB0, 0x00, 0x00, 0x00, 0x00, 0x00, 0x00, 0xDC, 0xFF, 0xFF, 0x18, 0x34, 
0xFF, 0xFF, 0xB0, 0x00, 0x00, 0x00, 0x00, 0x00, 0x09, 0xFB, 0xFF, 0xF9, 
0x05, 0x34, 0xFF, 0xFF, 0xB0, 0x00, 0x00, 0x00, 0x00, 0x00, 0x5D, 0xFF, 
0xFF, 0xC3, 0x00, 0x34, 0xFF, 0xFF, 0xB0, 0x00, 0x00, 0x00, 0x00, 0x2F, 
0xEA, 0xFF, 0xFF, 0x68, 0x00, 0x34, 0xFF, 0xFF, 0xD6, 0x7C, 0x7E, 0x96, 
0xBC, 0xFC, 0xFF, 0xFF, 0xD3, 0x07, 0x00, 0x34, 0xFF, 0xFF, 0xFF, 0xFF, 
0xFF, 0xFF, 0xFF, 0xFF, 0xFF, 0xD0, 0x1F, 0x00, 0x00, 0x34, 0xFF, 0xFF, 
0xFF, 0xFF, 0xFF, 0xF5, 0xDF, 0xB0, 0x5E, 0x06, 0x00, 0x00, 0x00, 0x0D, 
0x44, 0x44, 0x44, 0x44, 0x44, 0x44, 0x44, 0x44, 0x39, 0x00, 0x34, 0xFF, 
0xFF, 0xFF, 0xFF, 0xFF, 0xFF, 0xFF, 0xFF, 0xD8, 0x00, 0x34, 0xFF, 0xFF, 
0xFF, 0xFF, 0xFF, 0xFF, 0xFF, 0xFF, 0xD8, 0x00, 0x34, 0xFF, 0xFF, 0xC2, 
0x3C, 0x3C, 0x3C, 0x3C, 0x3C, 0x32, 0x00, 0x34, 0xFF, 0xFF, 0xB0, 0x00, 
0x00, 0x00, 0x00, 0x00, 0x00, 0x00, 0x34, 0xFF, 0xFF, 0xB0, 0x00, 0x00, 
0x00, 0x00, 0x00, 0x00, 0x00, 0x34, 0xFF, 0xFF, 0xB5, 0x10, 0x10, 0x10, 
0x10, 0x10, 0x06, 0x00, 0x34, 0xFF, 0xFF, 0xFF, 0xFF, 0xFF, 0xFF, 0xFF, 
0xFF, 0x68, 0x00, 0x34, 0xFF, 0xFF, 0xFF, 0xFF, 0xFF, 0xFF, 0xFF, 0xFF, 
0x68, 0x00, 0x34, 0xFF, 0xFF, 0xCA, 0x54, 0x54, 0x54, 0x54, 0x54, 0x22, 
0x00, 0x34, 0xFF, 0xFF, 0xB0, 0x00, 0x00, 0x00, 0x00, 0x00, 0x00, 0x00, 
0x34, 0xFF, 0xFF, 0xB0, 0x00, 0x00, 0x00, 0x00, 0x00, 0x00, 0x00, 0x34, 
0xFF, 0xFF, 0xB0, 0x00, 0x00, 0x00, 0x00, 0x00, 0x00, 0x00, 0x34, 0xFF, 
0xFF, 0xDA, 0x88, 0x88, 0x88, 0x88, 0x88, 0x88, 0x1F, 0x34, 0xFF, 0xFF, 
0xFF, 0xFF, 0xFF, 0xFF, 0xFF, 0xFF, 0xFF, 0x3C, 0x34, 0xFF, 0xFF, 0xFF, 
0xFF, 0xFF, 0xFF, 0xFF, 0xFF, 0xFF, 0x3C, 0x0D, 0x44, 0x44, 0x44, 0x44, 
0x44, 0x44, 0x44, 0x44, 0x39, 0x34, 0xFF, 0xFF, 0xFF, 0xFF, 0xFF, 0xFF, 
0xFF, 0xFF, 0xD8, 0x34, 0xFF, 0xFF, 0xFF, 0xFF, 0xFF, 0xFF, 0xFF, 0xFF, 
0xD8, 0x34, 0xFF, 0xFF, 0xC2, 0x3C, 0x3C, 0x3C, 0x3C, 0x3C, 0x32, 0x34, 
0xFF, 0xFF, 0xB0, 0x00, 0x00, 0x00, 0x00, 0x00, 0x00, 0x34, 0xFF, 0xFF, 
0xB0, 0x00, 0x00, 0x00, 0x00, 0x00, 0x00, 0x34, 0xFF, 0xFF, 0xB0, 0x00, 
0x00, 0x00, 0x00, 0x00, 0x00, 0x34, 0xFF, 0xFF, 0xEA, 0xBC, 0xBC, 0xBC, 
0xBC, 0xBC, 0x4C, 0x34, 0xFF, 0xFF, 0xFF, 0xFF, 0xFF, 0xFF, 0xFF, 0xFF, 
0x68, 0x34, 0xFF, 0xFF, 0xEE, 0xC8, 0xC8, 0xC8, 0xC8, 0xC8, 0x51, 0x34, 
0xFF, 0xFF, 0xB0, 0x00, 0x00, 0x00, 0x00, 0x00, 0x00, 0x34, 0xFF, 0xFF, 
0xB0, 0x00, 0x00, 0x00, 0x00, 0x00, 0x00, 0x34, 0xFF, 0xFF, 0xB0, 0x00, 
0x00, 0x00, 0x00, 0x00, 0x00, 0x34, 0xFF, 0xFF, 0xB0, 0x00, 0x00, 0x00, 
0x00, 0x00, 0x00, 0x34, 0xFF, 0xFF, 0xB0, 0x00, 0x00, 0x00, 0x00, 0x00, 
0x00, 0x34, 0xFF, 0xFF, 0xB0, 0x00, 0x00, 0x00, 0x00, 0x00, 0x00, 0x00, 
0x00, 0x00, 0x00, 0x09, 0x3C, 0x65, 0x75, 0x75, 0x63, 0x44, 0x13, 0x00, 
0x00, 0x00, 0x08, 0x89, 0xF0, 0xFF, 0xFF, 0xFF, 0xFF, 0xFF, 0xFF, 0xFA, 
0x00, 0x00, 0x07, 0xC6, 0xFF, 0xFF, 0xFF, 0xFF, 0xFF, 0xFF, 0xFF, 0xFF, 
0xFC, 0x00, 0x00, 0x8A, 0xFF, 0xFF, 0xFA, 0x83, 0x2B, 0x09, 0x08, 0x1B, 
0x3E, 0x7B, 0x00, 0x0D, 0xF3, 0xFF, 0xFF, 0x5E, 0x00, 0x00, 0x00, 0x00, 
0x00, 0x00, 0x00, 0x00, 0x49, 0xFF, 0xFF, 0xDD, 0x01, 0x00, 0x00, 0x00, 
0x00, 0x00, 0x00, 0x00, 0x00, 0x7B, 0xFF, 0xFF, 0xA1, 0x00, 0x00, 0x00, 
0x00, 0x00, 0x00, 0x00, 0x00, 0x00, 0x8E, 0xFF, 0xFF, 0x86, 0x00, 0x00, 
0x00, 0x83, 0x9C, 0x9C, 0x9C, 0x9C, 0x61, 0x98, 0xFF, 0xFF, 0x7E, 0x00, 
0x00, 0x00, 0xD8, 0xFF, 0xFF, 0xFF, 0xFF, 0xA0, 0x8C, 0xFF, 0xFF, 0x88, 
0x00, 0x00, 0x00, 0xAF, 0xD0, 0xD4, 0xFF, 0xFF, 0xA0, 0x79, 0xFF, 0xFF, 
0xA7, 0x00, 0x00, 0x00, 0x00, 0x00, 0x18, 0xFF, 0xFF, 0xA0, 0x48, 0xFF, 
0xFF, 0xE3, 0x01, 0x00, 0x00, 0x00, 0x00, 0x18, 0xFF, 0xFF, 0xA0, 0x0E, 
0xF4, 0xFF, 0xFF, 0x69, 0x00, 0x00, 0x00, 0x00, 0x18, 0xFF, 0xFF, 0xA0, 
0x00, 0x8C, 0xFF, 0xFF, 0xFE, 0xA0, 0x57, 0x3D, 0x3B, 0x62, 0xFF, 0xFF, 
0xA0, 0x00, 0x08, 0xC2, 0xFF, 0xFF, 0xFF, 0xFF, 0xFF, 0xFF, 0xFF, 0xFF, 
0xFF, 0xA0, 0x00, 0x00, 0x04, 0x6F, 0xD1, 0xFD, 0xFF, 0xFF, 0xFF, 0xFF, 
0xFD, 0xD6, 0x67, 0x00, 0x00, 0x00, 0x00, 0x00, 0x0A, 0x27, 0x34, 0x2C, 
0x1A, 0x06, 0x00, 0x00, 0x0D, 0x44, 0x44, 0x2E, 0x00, 0x00, 0x00, 0x00, 
0x00, 0x00, 0x35, 0x44, 0x44, 0x07, 0x34, 0xFF, 0xFF, 0xB0, 0x00, 0x00, 
0x00, 0x00, 0x00, 0x00, 0xC8, 0xFF, 0xFF, 0x1C, 0x34, 0xFF, 0xFF, 0xB0, 
0x00, 0x00, 0x00, 0x00, 0x00, 0x00, 0xC8, 0xFF, 0xFF, 0x1C, 0x34, 0xFF, 
0xFF, 0xB0, 0x00, 0x00, 0x00, 0x00, 0x00, 0x00, 0xC8, 0xFF, 0xFF, 0x1C, 
0x34, 0xFF, 0xFF, 0xB0, 0x00, 0x00, 0x00, 0x00, 0x00, 0x00, 0xC8, 0xFF, 
0xFF, 0x1C, 0x34, 0xFF, 0xFF, 0xB0, 0x00, 0x00, 0x00, 0x00, 0x00, 0x00, 
0xC8, 0xFF, 0xFF, 0x1C, 0x34, 0xFF, 0xFF, 0xCE, 0x60, 0x60, 0x60, 0x60, 
0x60, 0x60, 0xDD, 0xFF, 0xFF, 0x1C, 0x34, 0xFF, 0xFF, 0xFF, 0xFF, 0xFF, 
0xFF, 0xFF, 0xFF, 0xFF, 0xFF, 0xFF, 0xFF, 0x1C, 0x34, 0xFF, 0xFF, 0xFF, 
0xFF, 0xFF, 0xFF, 0xFF, 0xFF, 0xFF, 0xFF, 0xFF, 0xFF, 0x1C, 0x34, 0xFF, 
0xFF, 0xB2, 0x08, 0x08, 0x08, 0x08, 0x08, 0x08, 0xC9, 0xFF, 0xFF, 0x1C, 
0x34, 0xFF, 0xFF, 0xB0, 0x00, 0x00, 0x00, 0x00, 0x00, 0x00, 0xC8, 0xFF, 
0xFF, 0x1C, 0x34, 0xFF, 0xFF, 0xB0, 0x00, 0x00, 0x00, 0x00, 0x00, 0x00, 
0xC8, 0xFF, 0xFF, 0x1C, 0x34, 0xFF, 0xFF, 0xB0, 0x00, 0x00, 0x00, 0x00, 
0x00, 0x00, 0xC8, 0xFF, 0xFF, 0x1C, 0x34, 0xFF, 0xFF, 0xB0, 0x00, 0x00, 
0x00, 0x00, 0x00, 0x00, 0xC8, 0xFF, 0xFF, 0x1C, 0x34, 0xFF, 0xFF, 0xB0, 
0x00, 0x00, 0x00, 0x00, 0x00, 0x00, 0xC8, 0xFF, 0xFF, 0x1C, 0x34, 0xFF, 
0xFF, 0xB0, 0x00, 0x00, 0x00, 0x00, 0x00, 0x00, 0xC8, 0xFF, 0xFF, 0x1C, 
0x0D, 0x44, 0x44, 0x2E, 0x34, 0xFF, 0xFF, 0xB0, 0x34, 0xFF, 0xFF, 0xB0, 
0x34, 0xFF, 0xFF, 0xB0, 0x34, 0xFF, 0xFF, 0xB0, 0x34, 0xFF, 0xFF, 0xB0, 
0x34, 0xFF, 0xFF, 0xB0, 0x34, 0xFF, 0xFF, 0xB0, 0x34, 0xFF, 0xFF, 0xB0, 
0x34, 0xFF, 0xFF, 0xB0, 0x34, 0xFF, 0xFF, 0xB0, 0x34, 0xFF, 0xFF, 0xB0, 
0x34, 0xFF, 0xFF, 0xB0, 0x34, 0xFF, 0xFF, 0xB0, 0x34, 0xFF, 0xFF, 0xB0, 
0x34, 0xFF, 0xFF, 0xB0, 0x00, 0x00, 0x00, 0x0B, 0x44, 0x44, 0x2E, 0x00, 
0x00, 0x00, 0x2C, 0xFF, 0xFF, 0xB0, 0x00, 0x00, 0x00, 0x2C, 0xFF, 0xFF, 
0xB0, 0x00, 0x00, 0x00, 0x2C, 0xFF, 0xFF, 0xB0, 0x00, 0x00, 0x00, 0x2C, 
0xFF, 0xFF, 0xB0, 0x00, 0x00, 0x00, 0x2C, 0xFF, 0xFF, 0xB0, 0x00, 0x00, 
0x00, 0x2C, 0xFF, 0xFF, 0xB0, 0x00, 0x00, 0x00, 0x2C, 0xFF, 0xFF, 0xB0, 
0x00, 0x00, 0x00, 0x2C, 0xFF, 0xFF, 0xB0, 0x00, 0x00, 0x00, 0x2C, 0xFF, 
0xFF, 0xB0, 0x00, 0x00, 0x00, 0x2C, 0xFF, 0xFF, 0xB0, 0x00, 0x00, 0x00, 
0x2C, 0xFF, 0xFF, 0xB0, 0x00, 0x00, 0x00, 0x2C, 0xFF, 0xFF, 0xB0, 0x00, 
0x00, 0x00, 0x2C, 0xFF, 0xFF, 0xB0, 0x00, 0x00, 0x00, 0x2C, 0xFF, 0xFF, 
0xB0, 0x00, 0x00, 0x00, 0x3A, 0xFF, 0xFF, 0xA9, 0x00, 0x00, 0x00, 0x72, 
0xFF, 0xFF, 0x8C, 0x44, 0x41, 0x6D, 0xF1, 0xFF, 0xFF, 0x42, 0xD8, 0xFF, 
0xFF, 0xFF, 0xFF, 0xAE, 0x00, 0xD5, 0xFF, 0xFF, 0xE0, 0x7C, 0x05, 0x00, 
0x04, 0x14, 0x0B, 0x00, 0x00, 0x00, 0x00, 0x0D, 0x44, 0x44, 0x2E, 0x00, 
0x00, 0x00, 0x00, 0x00, 0x35, 0x44, 0x44, 0x2B, 0x34, 0xFF, 0xFF, 0xB0, 
0x00, 0x00, 0x00, 0x00, 0x4B, 0xFE, 0xFF, 0xF2, 0x2C, 0x34, 0xFF, 0xFF, 
0xB0, 0x00, 0x00, 0x00, 0x22, 0xEF, 0xFF, 0xFE, 0x4E, 0x00, 0x34, 0xFF, 
0xFF, 0xB0, 0x00, 0x00, 0x09, 0xD0, 0xFF, 0xFF, 0x7A, 0x00, 0x00, 0x34, 
0xFF, 0xFF, 0xB0, 0x00, 0x00, 0xA2, 0xFF, 0xFF, 0xA7, 0x00, 0x00, 0x00, 
0x34, 0xFF, 0xFF, 0xB0, 0x00, 0x6B, 0xFF, 0xFF, 0xCC, 0x09, 0x00, 0x00, 
0x00, 0x34, 0xFF, 0xFF, 0xC2, 0x56, 0xF9, 0xFF, 0xE7, 0x1C, 0x00, 0x00, 
0x00, 0x00, 0x34, 0xFF, 0xFF, 0xFF, 0xFF, 0xFF, 0xFE, 0x39, 0x00, 0x00, 
0x00, 0x00, 0x00, 0x34, 0xFF, 0xFF, 0xFF, 0xFF, 0xFF, 0xFF, 0x71, 0x00, 
0x00, 0x00, 0x00, 0x00, 0x34, 0xFF, 0xFF, 0xBC, 0x46, 0xF9, 0xFF, 0xF9, 
0x33, 0x00, 0x00, 0x00, 0x00, 0x34, 0xFF, 0xFF, 0xB0, 0x00, 0x77, 0xFF, 
0xFF, 0xDB, 0x0D, 0x00, 0x00, 0x00, 0x34, 0xFF, 0xFF, 0xB0, 0x00, 0x02, 
0xC0, 0xFF, 0xFF, 0xA4, 0x00, 0x00, 0x00, 0x34, 0xFF, 0xFF, 0xB0, 0x00, 
0x00, 0x1E, 0xF0, 0xFF, 0xFF, 0x61, 0x00, 0x00, 0x34, 0xFF, 0xFF, 0xB0, 
0x00, 0x00, 0x00, 0x5B, 0xFF, 0xFF, 0xF4, 0x28, 0x00, 0x34, 0xFF, 0xFF, 
0xB0, 0x00, 0x00, 0x00, 0x00, 0xA6, 0xFF, 0xFF, 0xD1, 0x08, 0x34, 0xFF, 
0xFF, 0xB0, 0x00, 0x00, 0x00, 0x00, 0x10, 0xE2, 0xFF, 0xFF, 0x95, 0x0D, 
0x44, 0x44, 0x2E, 0x00, 0x00, 0x00, 0x00, 0x00, 0x00, 0x34, 0xFF, 0xFF, 
0xB0, 0x00, 0x00, 0x00, 0x00, 0x00, 0x00, 0x34, 0xFF, 0xFF, 0xB0, 0x00, 
0x00, 0x00, 0x00, 0x00, 0x00, 0x34, 0xFF, 0xFF, 0xB0, 0x00, 0x00, 0x00, 
0x00, 0x00, 0x00, 0x34, 0xFF, 0xFF, 0xB0, 0x00, 0x00, 0x00, 0x00, 0x00, 
0x00, 0x34, 0xFF, 0xFF, 0xB0, 0x00, 0x00, 0x00, 0x00, 0x00, 0x00, 0x34, 
0xFF, 0xFF, 0xB0, 0x00, 0x00, 0x00, 0x00, 0x00, 0x00, 0x34, 0xFF, 0xFF, 
0xB0, 0x00, 0x00, 0x00, 0x00, 0x00, 0x00, 0x34, 0xFF, 0xFF, 0xB0, 0x00, 
0x00, 0x00, 0x00, 0x00, 0x00, 0x34, 0xFF, 0xFF, 0xB0, 0x00, 0x00, 0x00, 
0x00, 0x00, 0x00, 0x34, 0xFF, 0xFF, 0xB0, 0x00, 0x00, 0x00, 0x00, 0x00, 
0x00, 0x34, 0xFF, 0xFF, 0xB0, 0x00, 0x00, 0x00, 0x00, 0x00, 0x00, 0x34, 
0xFF, 0xFF, 0xB0, 0x00, 0x00, 0x00, 0x00, 0x00, 0x00, 0x34, 0xFF, 0xFF, 
0xDA, 0x88, 0x88, 0x88, 0x88, 0x88, 0x81, 0x34, 0xFF, 0xFF, 0xFF, 0xFF, 
0xFF, 0xFF, 0xFF, 0xFF, 0xF4, 0x34, 0xFF, 0xFF, 0xFF, 0xFF, 0xFF, 0xFF, 
0xFF, 0xFF, 0xF4, 0x0D, 0x44, 0x44, 0x44, 0x44, 0x22, 0x00, 0x00, 0x00, 
0x00, 0x00, 0x19, 0x44, 0x44, 0x44, 0x44, 0x0D, 0x34, 0xFF, 0xFF, 0xFF, 
0xFF, 0xB8, 0x00, 0x00, 0x00, 0x00, 0x00, 0x97, 0xFF, 0xFF, 0xFF, 0xFF, 
0x34, 0x34, 0xFF, 0xFF, 0xFF, 0xFF, 0xFB, 0x12, 0x00, 0x00, 0x00, 0x04, 
0xEA, 0xFF, 0xFF, 0xFF, 0xFF, 0x34, 0x34, 0xFF, 0xFF, 0xE8, 0xFF, 0xFF, 
0x61, 0x00, 0x00, 0x00, 0x46, 0xFF, 0xFF, 0xE8, 0xFF, 0xFF, 0x34, 0x34, 
0xFF, 0xFF, 0xA3, 0xE8, 0xFF, 0xB6, 0x00, 0x00, 0x00, 0x9D, 0xFF, 0xE4, 
0xA6, 0xFF, 0xFF, 0x34, 0x34, 0xFF, 0xFF, 0xA0, 0x92, 0xFF, 0xFA, 0x11, 
0x00, 0x06, 0xEE, 0xFF, 0x8C, 0xA4, 0xFF, 0xFF, 0x34, 0x34, 0xFF, 0xFF, 
0xA0, 0x39, 0xFF, 0xFF, 0x60, 0x00, 0x4C, 0xFF, 0xFF, 0x33, 0xA4, 0xFF, 
0xFF, 0x34, 0x34, 0xFF, 0xFF, 0xA0, 0x00, 0xDE, 0xFF, 0xB4, 0x00, 0xA4, 
0xFF, 0xD9, 0x00, 0xA4, 0xFF, 0xFF, 0x34, 0x34, 0xFF, 0xFF, 0xA0, 0x00, 
0x86, 0xFF, 0xF9, 0x18, 0xF2, 0xFF, 0x7F, 0x00, 0xA4, 0xFF, 0xFF, 0x34, 
0x34, 0xFF, 0xFF, 0xA0, 0x00, 0x2D, 0xFF, 0xFF, 0xB4, 0xFF, 0xFF, 0x26, 
0x00, 0xA4, 0xFF, 0xFF, 0x34, 0x34, 0xFF, 0xFF, 0xA0, 0x00, 0x00, 0xD4, 
0xFF, 0xFF, 0xFF, 0xCC, 0x00, 0x00, 0xA4, 0xFF, 0xFF, 0x34, 0x34, 0xFF, 
0xFF, 0xA0, 0x00, 0x00, 0x7B, 0xFF, 0xFF, 0xFF, 0x73, 0x00, 0x00, 0xA4, 
0xFF, 0xFF, 0x34, 0x34, 0xFF, 0xFF, 0xA0, 0x00, 0x00, 0x22, 0xEB, 0xEC, 
0xEB, 0x1B, 0x00, 0x00, 0xA4, 0xFF, 0xFF, 0x34, 0x34, 0xFF, 0xFF, 0xA0, 
0x00, 0x00, 0x00, 0x00, 0x00, 0x00, 0x00, 0x00, 0x00, 0xA4, 0xFF, 0xFF, 
0x34, 0x34, 0xFF, 0xFF, 0xA0, 0x00, 0x00, 0x00, 0x00, 0x00, 0x00, 0x00, 
0x00, 0x00, 0xA4, 0xFF, 0xFF, 0x34, 0x34, 0xFF, 0xFF, 0xA0, 0x00, 0x00, 
0x00, 0x00, 0x00, 0x00, 0x00, 0x00, 0x00, 0xA4, 0xFF, 0xFF, 0x34, 0x0D, 
0x44, 0x44, 0x44, 0x44, 0x13, 0x00, 0x00, 0x00, 0x00, 0x06, 0x44, 0x44, 
0x30, 0x34, 0xFF, 0xFF, 0xFF, 0xFF, 0x96, 0x00, 0x00, 0x00, 0x00, 0x18, 
0xFF, 0xFF, 0xB8, 0x34, 0xFF, 0xFF, 0xFF, 0xFF, 0xF8, 0x19, 0x00, 0x00, 
0x00, 0x18, 0xFF, 0xFF, 0xB8, 0x34, 0xFF, 0xFF, 0xF4, 0xFF, 0xFF, 0x8D, 
0x00, 0x00, 0x00, 0x18, 0xFF, 0xFF, 0xB8, 0x34, 0xFF, 0xFF, 0xA6, 0xD8, 
0xFF, 0xF4, 0x13, 0x00, 0x00, 0x18, 0xFF, 0xFF, 0xB8, 0x34, 0xFF, 0xFF, 
0xA4, 0x5E, 0xFF, 0xFF, 0x84, 0x00, 0x00, 0x18, 0xFF, 0xFF, 0xB8, 0x34, 
0xFF, 0xFF, 0xA4, 0x03, 0xDC, 0xFF, 0xF0, 0x0F, 0x00, 0x18, 0xFF, 0xFF, 
0xB8, 0x34, 0xFF, 0xFF, 0xA4, 0x00, 0x62, 0xFF, 0xFF, 0x7B, 0x00, 0x18, 
0xFF, 0xFF, 0xB8, 0x34, 0xFF, 0xFF, 0xA4, 0x00, 0x04, 0xDF, 0xFF, 0xEB, 
0x0B, 0x18, 0xFF, 0xFF, 0xB8, 0x34, 0xFF, 0xFF, 0xA4, 0x00, 0x00, 0x67, 
0xFF, 0xFF, 0x72, 0x18, 0xFF, 0xFF, 0xB8, 0x34, 0xFF, 0xFF, 0xA4, 0x00, 
0x00, 0x06, 0xE2, 0xFF, 0xE6, 0x1F, 0xFF, 0xFF, 0xB8, 0x34, 0xFF, 0xFF, 
0xA4, 0x00, 0x00, 0x00, 0x6B, 0xFF, 0xFF, 0x81, 0xFF, 0xFF, 0xB8, 0x34, 
0xFF, 0xFF, 0xA4, 0x00, 0x00, 0x00, 0x07, 0xE5, 0xFF, 0xF4, 0xFF, 0xFF, 
0xB8, 0x34, 0xFF, 0xFF, 0xA4, 0x00, 0x00, 0x00, 0x00, 0x6F, 0xFF, 0xFF, 
0xFF, 0xFF, 0xB8, 0x34, 0xFF, 0xFF, 0xA4, 0x00, 0x00, 0x00, 0x00, 0x09, 
0xE7, 0xFF, 0xFF, 0xFF, 0xB8, 0x34, 0xFF, 0xFF, 0xA4, 0x00, 0x00, 0x00, 
0x00, 0x00, 0x73, 0xFF, 0xFF, 0xFF, 0xB8, 0x00, 0x00, 0x00, 0x00, 0x28, 
0x5B, 0x71, 0x76, 0x67, 0x3F, 0x09, 0x00, 0x00, 0x00, 0x00, 0x00, 0x31, 
0xCB, 0xFF, 0xFF, 0xFF, 0xFF, 0xFF, 0xFF, 0xED, 0x73, 0x00, 0x00, 0x00, 
0x2A, 0xF5, 0xFF, 0xFF, 0xFF, 0xF1, 0xEA, 0xFC, 0xFF, 0xFF, 0xFF, 0x84, 
0x00, 0x00, 0xBE, 0xFF, 0xFF, 0xBC, 0x29, 0x00, 0x00, 0x0E, 0x74, 0xFE, 
0xFF, 0xFD, 0x25, 0x22, 0xFF, 0xFF, 0xED, 0x0D, 0x00, 0x00, 0x00, 0x00, 
0x00, 0x96, 0xFF, 0xFF, 0x85, 0x5B, 0xFF, 0xFF, 0xA2, 0x00, 0x00, 0x00, 
0x00, 0x00, 0x00, 0x41, 0xFF, 0xFF, 0xBE, 0x82, 0xFF, 0xFF, 0x7D, 0x00, 
0x00, 0x00, 0x00, 0x00, 0x00, 0x1C, 0xFF, 0xFF, 0xE5, 0x91, 0xFF, 0xFF, 
0x6D, 0x00, 0x00, 0x00, 0x00, 0x00, 0x00, 0x0A, 0xFF, 0xFF, 0xF4, 0x98, 
0xFF, 0xFF, 0x69, 0x00, 0x00, 0x00, 0x00, 0x00, 0x00, 0x06, 0xFF, 0xFF, 
0xFC, 0x8D, 0xFF, 0xFF, 0x6F, 0x00, 0x00, 0x00, 0x00, 0x00, 0x00, 0x0D, 
0xFF, 0xFF, 0xF0, 0x7B, 0xFF, 0xFF, 0x82, 0x00, 0x00, 0x00, 0x00, 0x00, 
0x00, 0x21, 0xFF, 0xFF, 0xDF, 0x4F, 0xFF, 0xFF, 0xB0, 0x00, 0x00, 0x00, 
0x00, 0x00, 0x00, 0x4F, 0xFF, 0xFF, 0xB2, 0x14, 0xF9, 0xFF, 0xF9, 0x26, 
0x00, 0x00, 0x00, 0x00, 0x02, 0xBA, 0xFF, 0xFF, 0x71, 0x00, 0x9F, 0xFF, 
0xFF, 0xE8, 0x75, 0x40, 0x39, 0x58, 0xBB, 0xFF, 0xFF, 0xF1, 0x13, 0x00, 
0x11, 0xD8, 0xFF, 0xFF, 0xFF, 0xFF, 0xFF, 0xFF, 0xFF, 0xFF, 0xFA, 0x52, 
0x00, 0x00, 0x00, 0x0E, 0x8B, 0xE8, 0xFF, 0xFF, 0xFF, 0xFF, 0xF9, 0xB7, 
0x38, 0x00, 0x00, 0x00, 0x00, 0x00, 0x00, 0x00, 0x18, 0x2E, 0x33, 0x24, 
0x05, 0x00, 0x00, 0x00, 0x00, 0x0D, 0x44, 0x44, 0x44, 0x44, 0x43, 0x3A, 
0x25, 0x03, 0x00, 0x00, 0x00, 0x34, 0xFF, 0xFF, 0xFF, 0xFF, 0xFF, 0xFF, 
0xFF, 0xF1, 0x94, 0x0E, 0x00, 0x34, 0xFF, 0xFF, 0xFF, 0xFF, 0xFF, 0xFF, 
0xFF, 0xFF, 0xFF, 0xBF, 0x00, 0x34, 0xFF, 0xFF, 0xB5, 0x10, 0x12, 0x28, 
0x7C, 0xFE, 0xFF, 0xFF, 0x3C, 0x34, 0xFF, 0xFF, 0xB0, 0x00, 0x00, 0x00, 
0x00, 0xA7, 0xFF, 0xFF, 0x75, 0x34, 0xFF, 0xFF, 0xB0, 0x00, 0x00, 0x00, 
0x00, 0x71, 0xFF, 0xFF, 0x8A, 0x34, 0xFF, 0xFF, 0xB0, 0x00, 0x00, 0x00, 
0x00, 0x70, 0xFF, 0xFF, 0x85, 0x34, 0xFF, 0xFF, 0xB0, 0x00, 0x00, 0x00, 
0x00, 0xBB, 0xFF, 0xFF, 0x66, 0x34, 0xFF, 0xFF, 0xC6, 0x48, 0x49, 0x5B, 
0xB2, 0xFF, 0xFF, 0xFC, 0x20, 0x34, 0xFF, 0xFF, 0xFF, 0xFF, 0xFF, 0xFF, 
0xFF, 0xFF, 0xFF, 0x80, 0x00, 0x34, 0xFF, 0xFF, 0xFF, 0xFF, 0xFF, 0xFF, 
0xEB, 0xB7, 0x4E, 0x00, 0x00, 0x34, 0xFF, 0xFF, 0xB3, 0x0C, 0x0B, 0x03, 
0x00, 0x00, 0x00, 0x00, 0x00, 0x34, 0xFF, 0xFF, 0xB0, 0x00, 0x00, 0x00, 
0x00, 0x00, 0x00, 0x00, 0x00, 0x34, 0xFF, 0xFF, 0xB0, 0x00, 0x00, 0x00, 
0x00, 0x00, 0x00, 0x00, 0x00, 0x34, 0xFF, 0xFF, 0xB0, 0x00, 0x00, 0x00, 
0x00, 0x00, 0x00, 0x00, 0x00, 0x34, 0xFF, 0xFF, 0xB0, 0x00, 0x00, 0x00, 
0x00, 0x00, 0x00, 0x00, 0x00, 0x00, 0x00, 0x00, 0x00, 0x28, 0x5B, 0x71, 
0x76, 0x67, 0x3F, 0x09, 0x00, 0x00, 0x00, 0x00, 0x00, 0x31, 0xCB, 0xFF, 
0xFF, 0xFF, 0xFF, 0xFF, 0xFF, 0xED, 0x73, 0x00, 0x00, 0x00, 0x2A, 0xF5, 
0xFF, 0xFF, 0xFF, 0xF1, 0xEA, 0xFC, 0xFF, 0xFF, 0xFF, 0x84, 0x00, 0x00, 
0xBE, 0xFF, 0xFF, 0xBC, 0x29, 0x00, 0x00, 0x0E, 0x74, 0xFE, 0xFF, 0xFD, 
0x25, 0x22, 0xFF, 0xFF, 0xED, 0x0D, 0x00, 0x00, 0x00, 0x00, 0x00, 0x96, 
0xFF, 0xFF, 0x85, 0x5B, 0xFF, 0xFF, 0xA2, 0x00, 0x00, 0x00, 0x00, 0x00, 
0x00, 0x41, 0xFF, 0xFF, 0xBE, 0x82, 0xFF, 0xFF, 0x7D, 0x00, 0x00, 0x00, 
0x00, 0x00, 0x00, 0x1C, 0xFF, 0xFF, 0xE5, 0x91, 0xFF, 0xFF, 0x6D, 0x00, 
0x00, 0x00, 0x00, 0x00, 0x00, 0x0A, 0xFF, 0xFF, 0xF4, 0x98, 0xFF, 0xFF, 
0x69, 0x00, 0x00, 0x00, 0x00, 0x00, 0x00, 0x06, 0xFF, 0xFF, 0xFC, 0x8D, 
0xFF, 0xFF, 0x6F, 0x00, 0x00, 0x00, 0x00, 0x00, 0x00, 0x0D, 0xFF, 0xFF, 
0xF4, 0x7B, 0xFF, 0xFF, 0x82, 0x00, 0x00, 0x00, 0x00, 0x00, 0x00, 0x21, 
0xFF, 0xFF, 0xDD, 0x4E, 0xFF, 0xFF, 0xB0, 0x00, 0x00, 0x00, 0x00, 0x00, 
0x00, 0x4F, 0xFF, 0xFF, 0xB5, 0x13, 0xF9, 0xFF, 0xF9, 0x26, 0x00, 0x00, 
0x00, 0x00, 0x02, 0xBA, 0xFF, 0xFF, 0x71, 0x00, 0x9F, 0xFF, 0xFF, 0xE8, 
0x75, 0x40, 0x39, 0x58, 0xBB, 0xFF, 0xFF, 0xF3, 0x14, 0x00, 0x11, 0xD8, 
0xFF, 0xFF, 0xFF, 0xFF, 0xFF, 0xFF, 0xFF, 0xFF, 0xFB, 0x57, 0x00, 0x00, 
0x00, 0x0E, 0x8A, 0xE6, 0xFF, 0xFF, 0xFF, 0xFF, 0xFF, 0xB4, 0x37, 0x00, 
0x00, 0x00, 0x00, 0x00, 0x00, 0x00, 0x19, 0x2E, 0xAC, 0xFF, 0xFF, 0x67, 
0x00, 0x00, 0x00, 0x00, 0x00, 0x00, 0x00, 0x00, 0x00, 0x00, 0x14, 0xE9, 
0xFF, 0xF9, 0x38, 0x00, 0x00, 0x00, 0x00, 0x00, 0x00, 0x00, 0x00, 0x00, 
0x00, 0x52, 0xFF, 0xFF, 0xE4, 0x17, 0x00, 0x00, 0x00, 0x00, 0x00, 0x00, 
0x00, 0x00, 0x00, 0x00, 0x2C, 0x30, 0x30, 0x15, 0x00, 0x0D, 0x44, 0x44, 
0x44, 0x44, 0x42, 0x39, 0x1F, 0x01, 0x00, 0x00, 0x00, 0x00, 0x34, 0xFF, 
0xFF, 0xFF, 0xFF, 0xFF, 0xFF, 0xFF, 0xE9, 0x85, 0x07, 0x00, 0x00, 0x34, 
0xFF, 0xFF, 0xFF, 0xFF, 0xFF, 0xFF, 0xFF, 0xFF, 0xFF, 0xA5, 0x00, 0x00, 
0x34, 0xFF, 0xFF, 0xB5, 0x10, 0x12, 0x27, 0x77, 0xFC, 0xFF, 0xFF, 0x25, 
0x00, 0x34, 0xFF, 0xFF, 0xB0, 0x00, 0x00, 0x00, 0x00, 0x9A, 0xFF, 0xFF, 
0x5C, 0x00, 0x34, 0xFF, 0xFF, 0xB0, 0x00, 0x00, 0x00, 0x00, 0x78, 0xFF, 
0xFF, 0x69, 0x00, 0x34, 0xFF, 0xFF, 0xB0, 0x00, 0x00, 0x00, 0x00, 0x96, 
0xFF, 0xFF, 0x53, 0x00, 0x34, 0xFF, 0xFF, 0xB0, 0x00, 0x00, 0x0D, 0x5D, 
0xF9, 0xFF, 0xFD, 0x1F, 0x00, 0x34, 0xFF, 0xFF, 0xFD, 0xF8, 0xFA, 0xFF, 
0xFF, 0xFF, 0xFF, 0x98, 0x00, 0x00, 0x34, 0xFF, 0xFF, 0xFF, 0xFF, 0xFF, 
0xFF, 0xFF, 0xE5, 0x73, 0x02, 0x00, 0x00, 0x34, 0xFF, 0xFF, 0xC2, 0x3C, 
0x51, 0xFA, 0xFF, 0xDC, 0x0C, 0x00, 0x00, 0x00, 0x34, 0xFF, 0xFF, 0xB0, 
0x00, 0x00, 0x7F, 0xFF, 0xFF, 0xA0, 0x00, 0x00, 0x00, 0x34, 0xFF, 0xFF, 
0xB0, 0x00, 0x00, 0x05, 0xD0, 0xFF, 0xFF, 0x58, 0x00, 0x00, 0x34, 0xFF, 
0xFF, 0xB0, 0x00, 0x00, 0x00, 0x32, 0xFB, 0xFF, 0xF0, 0x1F, 0x00, 0x34, 
0xFF, 0xFF, 0xB0, 0x00, 0x00, 0x00, 0x00, 0x85, 0xFF, 0xFF, 0xC4, 0x03, 
0x34, 0xFF, 0xFF, 0xB0, 0x00, 0x00, 0x00, 0x00, 0x07, 0xD5, 0xFF, 0xFF, 
0x80, 0x00, 0x00, 0x05, 0x43, 0x6F, 0x7F, 0x74, 0x61, 0x3F, 0x08, 0x00, 
0x00, 0x4C, 0xE7, 0xFF, 0xFF, 0xFF, 0xFF, 0xFF, 0xFF, 0x9F, 0x00, 0x27, 
0xFA, 0xFF, 0xFF, 0xFE, 0xEF, 0xF0, 0xFF, 0xFF, 0xA0, 0x00, 0x84, 0xFF, 
0xFF, 0x9F, 0x10, 0x00, 0x00, 0x0A, 0x35, 0x40, 0x00, 0xA8, 0xFF, 0xFF, 
0x32, 0x00, 0x00, 0x00, 0x00, 0x00, 0x00, 0x00, 0xA6, 0xFF, 0xFF, 0x47, 
0x00, 0x00, 0x00, 0x00, 0x00, 0x00, 0x00, 0x7A, 0xFF, 0xFF, 0xED, 0x81, 
0x32, 0x01, 0x00, 0x00, 0x00, 0x00, 0x14, 0xE0, 0xFF, 0xFF, 0xFF, 0xFF, 
0xEA, 0x99, 0x2D, 0x00, 0x00, 0x00, 0x14, 0x8F, 0xE9, 0xFF, 0xFF, 0xFF, 
0xFF, 0xFD, 0x64, 0x00, 0x00, 0x00, 0x00, 0x01, 0x31, 0x79, 0xD8, 0xFF, 
0xFF, 0xF8, 0x15, 0x00, 0x00, 0x00, 0x00, 0x00, 0x00, 0x04, 0xC4, 0xFF, 
0xFF, 0x51, 0x00, 0x00, 0x00, 0x00, 0x00, 0x00, 0x00, 0x7A, 0xFF, 0xFF, 
0x67, 0x00, 0x00, 0x00, 0x00, 0x00, 0x00, 0x00, 0x9F, 0xFF, 0xFF, 0x59, 
0xA0, 0x93, 0x69, 0x4F, 0x47, 0x56, 0x95, 0xFE, 0xFF, 0xFD, 0x1F, 0xCC, 
0xFF, 0xFF, 0xFF, 0xFF, 0xFF, 0xFF, 0xFF, 0xFF, 0x90, 0x00, 0x9D, 0xF2, 
0xFF, 0xFF, 0xFF, 0xFF, 0xFF, 0xDA, 0x6D, 0x02, 0x00, 0x00, 0x00, 0x16, 
0x2C, 0x35, 0x2E, 0x13, 0x00, 0x00, 0x00, 0x00, 0x29, 0x44, 0x44, 0x44, 
0x44, 0x44, 0x44, 0x44, 0x44, 0x44, 0x44, 0x27, 0x9C, 0xFF, 0xFF, 0xFF, 
0xFF, 0xFF, 0xFF, 0xFF, 0xFF, 0xFF, 0xFF, 0x94, 0x9C, 0xFF, 0xFF, 0xFF, 
0xFF, 0xFF, 0xFF, 0xFF, 0xFF, 0xFF, 0xFF, 0x94, 0x29, 0x44, 0x44, 0x44, 
0x9C, 0xFF, 0xFF, 0x90, 0x44, 0x44, 0x44, 0x27, 0x00, 0x00, 0x00, 0x00, 
0x78, 0xFF, 0xFF, 0x68, 0x00, 0x00, 0x00, 0x00, 0x00, 0x00, 0x00, 0x00, 
0x78, 0xFF, 0xFF, 0x68, 0x00, 0x00, 0x00, 0x00, 0x00, 0x00, 0x00, 0x00, 
0x78, 0xFF, 0xFF, 0x68, 0x00, 0x00, 0x00, 0x00, 0x00, 0x00, 0x00, 0x00, 
0x78, 0xFF, 0xFF, 0x68, 0x00, 0x00, 0x00, 0x00, 0x00, 0x00, 0x00, 0x00, 
0x78, 0xFF, 0xFF, 0x68, 0x00, 0x00, 0x00, 0x00, 0x00, 0x00, 0x00, 0x00, 
0x78, 0xFF, 0xFF, 0x68, 0x00, 0x00, 0x00, 0x00, 0x00, 0x00, 0x00, 0x00, 
0x78, 0xFF, 0xFF, 0x68, 0x00, 0x00, 0x00, 0x00, 0x00, 0x00, 0x00, 0x00, 
0x78, 0xFF, 0xFF, 0x68, 0x00, 0x00, 0x00, 0x00, 0x00, 0x00, 0x00, 0x00, 
0x78, 0xFF, 0xFF, 0x68, 0x00, 0x00, 0x00, 0x00, 0x00, 0x00, 0x00, 0x00, 
0x78, 0xFF, 0xFF, 0x68, 0x00, 0x00, 0x00, 0x00, 0x00, 0x00, 0x00, 0x00, 
0x78, 0xFF, 0xFF, 0x68, 0x00, 0x00, 0x00, 0x00, 0x00, 0x00, 0x00, 0x00, 
0x78, 0xFF, 0xFF, 0x68, 0x00, 0x00, 0x00, 0x00, 0x12, 0x44, 0x44, 0x2A, 
0x00, 0x00, 0x00, 0x00, 0x00, 0x00, 0x34, 0x44, 0x44, 0x07, 0x44, 0xFF, 
0xFF, 0xA0, 0x00, 0x00, 0x00, 0x00, 0x00, 0x00, 0xC4, 0xFF, 0xFF, 0x1C, 
0x44, 0xFF, 0xFF, 0xA0, 0x00, 0x00, 0x00, 0x00, 0x00, 0x00, 0xC4, 0xFF, 
0xFF, 0x1C, 0x44, 0xFF, 0xFF, 0xA0, 0x00, 0x00, 0x00, 0x00, 0x00, 0x00, 
0xC4, 0xFF, 0xFF, 0x1C, 0x44, 0xFF, 0xFF, 0xA0, 0x00, 0x00, 0x00, 0x00, 
0x00, 0x00, 0xC4, 0xFF, 0xFF, 0x1C, 0x44, 0xFF, 0xFF, 0xA0, 0x00, 0x00, 
0x00, 0x00, 0x00, 0x00, 0xC4, 0xFF, 0xFF, 0x1C, 0x44, 0xFF, 0xFF, 0xA0, 
0x00, 0x00, 0x00, 0x00, 0x00, 0x00, 0xC4, 0xFF, 0xFF, 0x1C, 0x44, 0xFF, 
0xFF, 0xA0, 0x00, 0x00, 0x00, 0x00, 0x00, 0x00, 0xC4, 0xFF, 0xFF, 0x1C, 
0x44, 0xFF, 0xFF, 0xA0, 0x00, 0x00, 0x00, 0x00, 0x00, 0x00, 0xC4, 0xFF, 
0xFF, 0x1C, 0x44, 0xFF, 0xFF, 0xA0, 0x00, 0x00, 0x00, 0x00, 0x00, 0x00, 
0xC4, 0xFF, 0xFF, 0x1C, 0x44, 0xFF, 0xFF, 0xA2, 0x00, 0x00, 0x00, 0x00, 
0x00, 0x00, 0xC6, 0xFF, 0xFF, 0x1B, 0x3A, 0xFF, 0xFF, 0xB6, 0x00, 0x00, 
0x00, 0x00, 0x00, 0x00, 0xDB, 0xFF, 0xFF, 0x11, 0x1C, 0xFF, 0xFF, 0xF2, 
0x17, 0x00, 0x00, 0x00, 0x00, 0x2F, 0xFE, 0xFF, 0xEF, 0x01, 0x00, 0xCE, 
0xFF, 0xFF, 0xE0, 0x6F, 0x49, 0x4C, 0x76, 0xE4, 0xFF, 0xFF, 0x9F, 0x00, 
0x00, 0x3B, 0xF7, 0xFF, 0xFF, 0xFF, 0xFF, 0xFF, 0xFF, 0xFF, 0xFF, 0xE0, 
0x1A, 0x00, 0x00, 0x00, 0x31, 0xB2, 0xF8, 0xFF, 0xFF, 0xFF, 0xFF, 0xE7, 
0x8E, 0x13, 0x00, 0x00, 0x00, 0x00, 0x00, 0x00, 0x04, 0x23, 0x33, 0x30, 
0x1A, 0x00, 0x00, 0x00, 0x00, 0x00, 0x2B, 0x44, 0x44, 0x21, 0x00, 0x00, 
0x00, 0x00, 0x00, 0x00, 0x00, 0x26, 0x44, 0x44, 0x1B, 0x6D, 0xFF, 0xFF, 
0xB2, 0x00, 0x00, 0x00, 0x00, 0x00, 0x00, 0x00, 0xC5, 0xFF, 0xFF, 0x2F, 
0x18, 0xFD, 0xFF, 0xF7, 0x0C, 0x00, 0x00, 0x00, 0x00, 0x00, 0x1A, 0xFE, 
0xFF, 0xD6, 0x00, 0x00, 0xBE, 0xFF, 0xFF, 0x55, 0x00, 0x00, 0x00, 0x00, 
0x00, 0x6D, 0xFF, 0xFF, 0x7C, 0x00, 0x00, 0x66, 0xFF, 0xFF, 0xA7, 0x00, 
0x00, 0x00, 0x00, 0x00, 0xC0, 0xFF, 0xFF, 0x23, 0x00, 0x00, 0x13, 0xFA, 
0xFF, 0xF1, 0x06, 0x00, 0x00, 0x00, 0x16, 0xFD, 0xFF, 0xC9, 0x00, 0x00, 
0x00, 0x00, 0xB6, 0xFF, 0xFF, 0x4A, 0x00, 0x00, 0x00, 0x68, 0xFF, 0xFF, 
0x70, 0x00, 0x00, 0x00, 0x00, 0x5F, 0xFF, 0xFF, 0x9C, 0x00, 0x00, 0x00, 
0xBC, 0xFF, 0xFD, 0x1A, 0x00, 0x00, 0x00, 0x00, 0x0E, 0xF8, 0xFF, 0xEA, 
0x03, 0x00, 0x13, 0xFB, 0xFF, 0xBD, 0x00, 0x00, 0x00, 0x00, 0x00, 0x00, 
0xAF, 0xFF, 0xFF, 0x3F, 0x00, 0x64, 0xFF, 0xFF, 0x64, 0x00, 0x00, 0x00, 
0x00, 0x00, 0x00, 0x57, 0xFF, 0xFF, 0x90, 0x00, 0xB8, 0xFF, 0xF9, 0x11, 
0x00, 0x00, 0x00, 0x00, 0x00, 0x00, 0x0A, 0xF4, 0xFF, 0xE1, 0x11, 0xFA, 
0xFF, 0xB1, 0x00, 0x00, 0x00, 0x00, 0x00, 0x00, 0x00, 0x00, 0xA8, 0xFF, 
0xFF, 0x95, 0xFF, 0xFF, 0x58, 0x00, 0x00, 0x00, 0x00, 0x00, 0x00, 0x00, 
0x00, 0x50, 0xFF, 0xFF, 0xFF, 0xFF, 0xF4, 0x0A, 0x00, 0x00, 0x00, 0x00, 
0x00, 0x00, 0x00, 0x00, 0x07, 0xF0, 0xFF, 0xFF, 0xFF, 0xA5, 0x00, 0x00, 
0x00, 0x00, 0x00, 0x00, 0x00, 0x00, 0x00, 0x00, 0xA0, 0xFF, 0xFF, 0xFF, 
0x4C, 0x00, 0x00, 0x00, 0x00, 0x00, 0x22, 0x44, 0x44, 0x21, 0x00, 0x00, 
0x00, 0x00, 0x00, 0x00, 0x00, 0x00, 0x00, 0x00, 0x00, 0x00, 0x00, 0x40, 
0x44, 0x43, 0x01, 0x5D, 0xFF, 0xFF, 0x9F, 0x00, 0x00, 0x00, 0x00, 0x00, 
0x00, 0x00, 0x00, 0x00, 0x00, 0x00, 0x00, 0x15, 0xFF, 0xFF, 0xDE, 0x00, 
0x24, 0xFF, 0xFF, 0xD4, 0x00, 0x00, 0x00, 0x00, 0x51, 0xB0, 0xB0, 0xAF, 
0x09, 0x00, 0x00, 0x00, 0x4A, 0xFF, 0xFF, 0xA2, 0x00, 0x00, 0xEB, 0xFF, 
0xFC, 0x0B, 0x00, 0x00, 0x00, 0xAD, 0xFF, 0xFF, 0xFF, 0x42, 0x00, 0x00, 
0x00, 0x7E, 0xFF, 0xFF, 0x67, 0x00, 0x00, 0xB3, 0xFF, 0xFF, 0x3C, 0x00, 
0x00, 0x01, 0xEB, 0xFF, 0xFF, 0xFF, 0x81, 0x00, 0x00, 0x00, 0xB3, 0xFF, 
0xFF, 0x2B, 0x00, 0x00, 0x7A, 0xFF, 0xFF, 0x71, 0x00, 0x00, 0x2E, 0xFF, 
0xFF, 0xF3, 0xFF, 0xC0, 0x00, 0x00, 0x00, 0xE8, 0xFF, 0xEE, 0x01, 0x00, 
0x00, 0x42, 0xFF, 0xFF, 0xA5, 0x00, 0x00, 0x6F, 0xFF, 0xEF, 0x8B, 0xFF, 
0xF7, 0x07, 0x00, 0x1D, 0xFF, 0xFF, 0xB4, 0x00, 0x00, 0x00, 0x0C, 0xFC, 
0xFF, 0xD9, 0x00, 0x00, 0xAF, 0xFF, 0xAF, 0x48, 0xFF, 0xFF, 0x3E, 0x00, 
0x52, 0xFF, 0xFF, 0x79, 0x00, 0x00, 0x00, 0x00, 0xD1, 0xFF, 0xFE, 0x0F, 
0x01, 0xED, 0xFF, 0x6B, 0x0C, 0xFB, 0xFF, 0x7D, 0x00, 0x87, 0xFF, 0xFF, 
0x3D, 0x00, 0x00, 0x00, 0x00, 0x98, 0xFF, 0xFF, 0x42, 0x30, 0xFF, 0xFF, 
0x28, 0x00, 0xC6, 0xFF, 0xBC, 0x00, 0xBC, 0xFF, 0xF9, 0x08, 0x00, 0x00, 
0x00, 0x00, 0x5F, 0xFF, 0xFF, 0x76, 0x71, 0xFF, 0xE5, 0x00, 0x00, 0x85, 
0xFF, 0xF5, 0x07, 0xEF, 0xFF, 0xC6, 0x00, 0x00, 0x00, 0x00, 0x00, 0x27, 
0xFF, 0xFF, 0xAA, 0xB2, 0xFF, 0xA2, 0x00, 0x00, 0x44, 0xFF, 0xFF, 0x61, 
0xFF, 0xFF, 0x8B, 0x00, 0x00, 0x00, 0x00, 0x00, 0x01, 0xED, 0xFF, 0xE5, 
0xEF, 0xFF, 0x5E, 0x00, 0x00, 0x09, 0xF9, 0xFF, 0xD8, 0xFF, 0xFF, 0x4F, 
0x00, 0x00, 0x00, 0x00, 0x00, 0x00, 0xB6, 0xFF, 0xFF, 0xFF, 0xFF, 0x1B, 
0x00, 0x00, 0x00, 0xC2, 0xFF, 0xFF, 0xFF, 0xFF, 0x15, 0x00, 0x00, 0x00, 
0x00, 0x00, 0x00, 0x7D, 0xFF, 0xFF, 0xFF, 0xD8, 0x00, 0x00, 0x00, 0x00, 
0x81, 0xFF, 0xFF, 0xFF, 0xD8, 0x00, 0x00, 0x00, 0x00, 0x00, 0x00, 0x00, 
0x44, 0xFF, 0xFF, 0xFF, 0x95, 0x00, 0x00, 0x00, 0x00, 0x40, 0xFF, 0xFF, 
0xFF, 0x9D, 0x00, 0x00, 0x00, 0x00, 0x0B, 0x44, 0x44, 0x44, 0x0C, 0x00, 
0x00, 0x00, 0x00, 0x00, 0x14, 0x44, 0x44, 0x41, 0x00, 0x01, 0xC8, 0xFF, 
0xFF, 0x88, 0x00, 0x00, 0x00, 0x00, 0x00, 0xAA, 0xFF, 0xFF, 0x94, 0x00, 
0x00, 0x32, 0xFD, 0xFF, 0xF7, 0x1F, 0x00, 0x00, 0x00, 0x40, 0xFF, 0xFF, 
0xE5, 0x0E, 0x00, 0x00, 0x00, 0x96, 0xFF, 0xFF, 0xA5, 0x00, 0x00, 0x03, 
0xD1, 0xFF, 0xFF, 0x53, 0x00, 0x00, 0x00, 0x00, 0x11, 0xEA, 0xFF, 0xFE, 
0x34, 0x00, 0x6A, 0xFF, 0xFF, 0xB3, 0x00, 0x00, 0x00, 0x00, 0x00, 0x00, 
0x62, 0xFF, 0xFF, 0xC1, 0x12, 0xEC, 0xFF, 0xF4, 0x1E, 0x00, 0x00, 0x00, 
0x00, 0x00, 0x00, 0x01, 0xC6, 0xFF, 0xFF, 0xCF, 0xFF, 0xFF, 0x72, 0x00, 
0x00, 0x00, 0x00, 0x00, 0x00, 0x00, 0x00, 0x31, 0xFC, 0xFF, 0xFF, 0xFF, 
0xCE, 0x03, 0x00, 0x00, 0x00, 0x00, 0x00, 0x00, 0x00, 0x00, 0x09, 0xE5, 
0xFF, 0xFF, 0xFF, 0xAE, 0x00, 0x00, 0x00, 0x00, 0x00, 0x00, 0x00, 0x00, 
0x00, 0x88, 0xFF, 0xFF, 0xFF, 0xFF, 0xFF, 0x47, 0x00, 0x00, 0x00, 0x00, 
0x00, 0x00, 0x00, 0x2D, 0xFA, 0xFF, 0xEA, 0x61, 0xFF, 0xFF, 0xDB, 0x07, 
0x00, 0x00, 0x00, 0x00, 0x00, 0x02, 0xC7, 0xFF, 0xFF, 0x62, 0x00, 0xBE, 
0xFF, 0xFF, 0x7D, 0x00, 0x00, 0x00, 0x00, 0x00, 0x6A, 0xFF, 0xFF, 0xC8, 
0x01, 0x00, 0x30, 0xFD, 0xFF, 0xF6, 0x21, 0x00, 0x00, 0x00, 0x19, 0xF0, 
0xFF, 0xFD, 0x33, 0x00, 0x00, 0x00, 0x9E, 0xFF, 0xFF, 0xB3, 0x00, 0x00, 
0x00, 0xAB, 0xFF, 0xFF, 0x98, 0x00, 0x00, 0x00, 0x00, 0x19, 0xF4, 0xFF, 
0xFF, 0x4E, 0x00, 0x4B, 0xFF, 0xFF, 0xED, 0x13, 0x00, 0x00, 0x00, 0x00, 
0x00, 0x7C, 0xFF, 0xFF, 0xDF, 0x0A, 0x38, 0x44, 0x44, 0x23, 0x00, 0x00, 
0x00, 0x00, 0x00, 0x00, 0x15, 0x44, 0x44, 0x3D, 0x72, 0xFF, 0xFF, 0xDB, 
0x05, 0x00, 0x00, 0x00, 0x00, 0x00, 0xAB, 0xFF, 0xFF, 0x83, 0x04, 0xD2, 
0xFF, 0xFF, 0x70, 0x00, 0x00, 0x00, 0x00, 0x3C, 0xFF, 0xFF, 0xDD, 0x09, 
0x00, 0x3D, 0xFF, 0xFF, 0xED, 0x11, 0x00, 0x00, 0x01, 0xCB, 0xFF, 0xFF, 
0x49, 0x00, 0x00, 0x00, 0xA1, 0xFF, 0xFF, 0x8E, 0x00, 0x00, 0x5E, 0xFF, 
0xFF, 0xAC, 0x00, 0x00, 0x00, 0x00, 0x16, 0xF0, 0xFF, 0xF9, 0x23, 0x0A, 
0xE4, 0xFF, 0xF3, 0x1C, 0x00, 0x00, 0x00, 0x00, 0x00, 0x6C, 0xFF, 0xFF, 
0xAC, 0x80, 0xFF, 0xFF, 0x72, 0x00, 0x00, 0x00, 0x00, 0x00, 0x00, 0x03, 
0xCE, 0xFF, 0xFF, 0xFA, 0xFF, 0xD2, 0x04, 0x00, 0x00, 0x00, 0x00, 0x00, 
0x00, 0x00, 0x38, 0xFE, 0xFF, 0xFF, 0xFE, 0x3B, 0x00, 0x00, 0x00, 0x00, 
0x00, 0x00, 0x00, 0x00, 0x00, 0x9F, 0xFF, 0xFF, 0xA2, 0x00, 0x00, 0x00, 
0x00, 0x00, 0x00, 0x00, 0x00, 0x00, 0x00, 0x70, 0xFF, 0xFF, 0x78, 0x00, 
0x00, 0x00, 0x00, 0x00, 0x00, 0x00, 0x00, 0x00, 0x00, 0x70, 0xFF, 0xFF, 
0x78, 0x00, 0x00, 0x00, 0x00, 0x00, 0x00, 0x00, 0x00, 0x00, 0x00, 0x70, 
0xFF, 0xFF, 0x78, 0x00, 0x00, 0x00, 0x00, 0x00, 0x00, 0x00, 0x00, 0x00, 
0x00, 0x70, 0xFF, 0xFF, 0x78, 0x00, 0x00, 0x00, 0x00, 0x00, 0x00, 0x00, 
0x00, 0x00, 0x00, 0x70, 0xFF, 0xFF, 0x78, 0x00, 0x00, 0x00, 0x00, 0x00, 
0x00, 0x00, 0x00, 0x00, 0x00, 0x70, 0xFF, 0xFF, 0x78, 0x00, 0x00, 0x00, 
0x00, 0x00, 0x19, 0x44, 0x44, 0x44, 0x44, 0x44, 0x44, 0x44, 0x44, 0x44, 
0x44, 0x2C, 0x00, 0x60, 0xFF, 0xFF, 0xFF, 0xFF, 0xFF, 0xFF, 0xFF, 0xFF, 
0xFF, 0xFF, 0xA8, 0x00, 0x60, 0xFF, 0xFF, 0xFF, 0xFF, 0xFF, 0xFF, 0xFF, 
0xFF, 0xFF, 0xFF, 0xA8, 0x00, 0x16, 0x3C, 0x3C, 0x3C, 0x3C, 0x3C, 0x3C, 
0x4E, 0xF6, 0xFF, 0xFF, 0x72, 0x00, 0x00, 0x00, 0x00, 0x00, 0x00, 0x00, 
0x03, 0xBA, 0xFF, 0xFF, 0xAC, 0x01, 0x00, 0x00, 0x00, 0x00, 0x00, 0x00, 
0x00, 0x8B, 0xFF, 0xFF, 0xD4, 0x0C, 0x00, 0x00, 0x00, 0x00, 0x00, 0x00, 
0x00, 0x57, 0xFF, 0xFF, 0xEF, 0x24, 0x00, 0x00, 0x00, 0x00, 0x00, 0x00, 
0x00, 0x2E, 0xF5, 0xFF, 0xFD, 0x49, 0x00, 0x00, 0x00, 0x00, 0x00, 0x00, 
0x00, 0x12, 0xDE, 0xFF, 0xFF, 0x79, 0x00, 0x00, 0x00, 0x00, 0x00, 0x00, 
0x00, 0x03, 0xBA, 0xFF, 0xFF, 0xAB, 0x00, 0x00, 0x00, 0x00, 0x00, 0x00, 
0x00, 0x00, 0x8A, 0xFF, 0xFF, 0xD3, 0x0B, 0x00, 0x00, 0x00, 0x00, 0x00, 
0x00, 0x00, 0x57, 0xFF, 0xFF, 0xEE, 0x23, 0x00, 0x00, 0x00, 0x00, 0x00, 
0x00, 0x00, 0x2E, 0xF5, 0xFF, 0xFD, 0x47, 0x00, 0x00, 0x00, 0x00, 0x00, 
0x00, 0x00, 0x00, 0xC3, 0xFF, 0xFF, 0xDB, 0x88, 0x88, 0x88, 0x88, 0x88, 
0x88, 0x88, 0x88, 0x1B, 0xD0, 0xFF, 0xFF, 0xFF, 0xFF, 0xFF, 0xFF, 0xFF, 
0xFF, 0xFF, 0xFF, 0xFF, 0x34, 0xD0, 0xFF, 0xFF, 0xFF, 0xFF, 0xFF, 0xFF, 
0xFF, 0xFF, 0xFF, 0xFF, 0xFF, 0x34, 0x53, 0xB8, 0xB8, 0xB8, 0xB8, 0x4D, 
0x74, 0xFF, 0xFF, 0xFF, 0xFF, 0x6C, 0x74, 0xFF, 0xFF, 0xAD, 0x88, 0x39, 
0x74, 0xFF, 0xFF, 0x50, 0x00, 0x00, 0x74, 0xFF, 0xFF, 0x50, 0x00, 0x00, 
0x74, 0xFF, 0xFF, 0x50, 0x00, 0x00, 0x74, 0xFF, 0xFF, 0x50, 0x00, 0x00, 
0x74, 0xFF, 0xFF, 0x50, 0x00, 0x00, 0x74, 0xFF, 0xFF, 0x50, 0x00, 0x00, 
0x74, 0xFF, 0xFF, 0x50, 0x00, 0x00, 0x74, 0xFF, 0xFF, 0x50, 0x00, 0x00, 
0x74, 0xFF, 0xFF, 0x50, 0x00, 0x00, 0x74, 0xFF, 0xFF, 0x50, 0x00, 0x00, 
0x74, 0xFF, 0xFF, 0x50, 0x00, 0x00, 0x74, 0xFF, 0xFF, 0x50, 0x00, 0x00, 
0x74, 0xFF, 0xFF, 0x50, 0x00, 0x00, 0x74, 0xFF, 0xFF, 0x50, 0x00, 0x00, 
0x74, 0xFF, 0xFF, 0x50, 0x00, 0x00, 0x74, 0xFF, 0xFF, 0x50, 0x00, 0x00, 
0x74, 0xFF, 0xFF, 0xE4, 0xD8, 0x5B, 0x74, 0xFF, 0xFF, 0xFF, 0xFF, 0x6C, 
0x2F, 0x68, 0x68, 0x68, 0x68, 0x2B, 0x56, 0xB8, 0x86, 0x00, 0x00, 0x00, 
0x00, 0x00, 0x00, 0x00, 0x00, 0x1C, 0xFB, 0xFC, 0x1E, 0x00, 0x00, 0x00, 
0x00, 0x00, 0x00, 0x00, 0x00, 0xA9, 0xFF, 0x8A, 0x00, 0x00, 0x00, 0x00, 
0x00, 0x00, 0x00, 0x00, 0x39, 0xFF, 0xEE, 0x0A, 0x00, 0x00, 0x00, 0x00, 
0x00, 0x00, 0x00, 0x00, 0xC9, 0xFF, 0x68, 0x00, 0x00, 0x00, 0x00, 0x00, 
0x00, 0x00, 0x00, 0x5A, 0xFF, 0xD6, 0x01, 0x00, 0x00, 0x00, 0x00, 0x00, 
0x00, 0x00, 0x05, 0xE5, 0xFF, 0x46, 0x00, 0x00, 0x00, 0x00, 0x00, 0x00, 
0x00, 0x00, 0x7B, 0xFF, 0xB6, 0x00, 0x00, 0x00, 0x00, 0x00, 0x00, 0x00, 
0x00, 0x14, 0xF7, 0xFE, 0x26, 0x00, 0x00, 0x00, 0x00, 0x00, 0x00, 0x00, 
0x00, 0x9C, 0xFF, 0x94, 0x00, 0x00, 0x00, 0x00, 0x00, 0x00, 0x00, 0x00, 
0x2C, 0xFF, 0xF3, 0x0F, 0x00, 0x00, 0x00, 0x00, 0x00, 0x00, 0x00, 0x00, 
0xBC, 0xFF, 0x72, 0x00, 0x00, 0x00, 0x00, 0x00, 0x00, 0x00, 0x00, 0x4D, 
0xFF, 0xDE, 0x02, 0x00, 0x00, 0x00, 0x00, 0x00, 0x00, 0x00, 0x01, 0xDB, 
0xFF, 0x51, 0x00, 0x00, 0x00, 0x00, 0x00, 0x00, 0x00, 0x00, 0x6E, 0xFF, 
0xC0, 0x00, 0x00, 0x00, 0x00, 0x00, 0x00, 0x00, 0x00, 0x0C, 0xF0, 0xFF, 
0x2F, 0x00, 0x00, 0x00, 0x00, 0x00, 0x00, 0x00, 0x00, 0x8E, 0xFF, 0x9E, 
0x00, 0x00, 0x00, 0x00, 0x00, 0x00, 0x00, 0x00, 0x21, 0xFD, 0xF8, 0x15, 
0x00, 0x00, 0x00, 0x00, 0x00, 0x00, 0x00, 0x00, 0xAF, 0xFF, 0x7C, 0x00, 
0x00, 0x00, 0x00, 0x00, 0x00, 0x00, 0x00, 0x12, 0x2C, 0x20, 0x4D, 0xB8, 
0xB8, 0xB8, 0xB8, 0x53, 0x6C, 0xFF, 0xFF, 0xFF, 0xFF, 0x74, 0x39, 0x88, 
0xAD, 0xFF, 0xFF, 0x74, 0x00, 0x00, 0x50, 0xFF, 0xFF, 0x74, 0x00, 0x00, 
0x50, 0xFF, 0xFF, 0x74, 0x00, 0x00, 0x50, 0xFF, 0xFF, 0x74, 0x00, 0x00, 
0x50, 0xFF, 0xFF, 0x74, 0x00, 0x00, 0x50, 0xFF, 0xFF, 0x74, 0x00, 0x00, 
0x50, 0xFF, 0xFF, 0x74, 0x00, 0x00, 0x50, 0xFF, 0xFF, 0x74, 0x00, 0x00, 
0x50, 0xFF, 0xFF, 0x74, 0x00, 0x00, 0x50, 0xFF, 0xFF, 0x74, 0x00, 0x00, 
0x50, 0xFF, 0xFF, 0x74, 0x00, 0x00, 0x50, 0xFF, 0xFF, 0x74, 0x00, 0x00, 
0x50, 0xFF, 0xFF, 0x74, 0x00, 0x00, 0x50, 0xFF, 0xFF, 0x74, 0x00, 0x00, 
0x50, 0xFF, 0xFF, 0x74, 0x00, 0x00, 0x50, 0xFF, 0xFF, 0x74, 0x00, 0x00, 
0x50, 0xFF, 0xFF, 0x74, 0x5B, 0xD8, 0xE4, 0xFF, 0xFF, 0x74, 0x6C, 0xFF, 
0xFF, 0xFF, 0xFF, 0x74, 0x2B, 0x68, 0x68, 0x68, 0x68, 0x2F, 0x00, 0x00, 
0x00, 0x17, 0x44, 0x44, 0x3B, 0x00, 0x00, 0x00, 0x00, 0x00, 0x00, 0x00, 
0x9C, 0xFF, 0xFF, 0xFE, 0x24, 0x00, 0x00, 0x00, 0x00, 0x00, 0x0F, 0xF4, 
0xFF, 0xE2, 0xFF, 0x8B, 0x00, 0x00, 0x00, 0x00, 0x00, 0x6D, 0xFF, 0xD9, 
0x54, 0xFF, 0xEC, 0x07, 0x00, 0x00, 0x00, 0x00, 0xD4, 0xFF, 0x76, 0x05, 
0xE9, 0xFF, 0x5C, 0x00, 0x00, 0x00, 0x3D, 0xFF, 0xFA, 0x17, 0x00, 0x8A, 
0xFF, 0xC4, 0x00, 0x00, 0x00, 0xA5, 0xFF, 0xAD, 0x00, 0x00, 0x26, 0xFF, 
0xFF, 0x2D, 0x00, 0x14, 0xF8, 0xFF, 0x48, 0x00, 0x00, 0x00, 0xC1, 0xFF, 
0x95, 0x00, 0x76, 0xFF, 0xE1, 0x02, 0x00, 0x00, 0x00, 0x5D, 0xFF, 0xF1, 
0x0B, 0x0A, 0x10, 0x0A, 0x00, 0x00, 0x00, 0x00, 0x02, 0x10, 0x10, 0x03, 
0x5C, 0x5C, 0x5C, 0x5C, 0x5C, 0x5C, 0x5C, 0x5C, 0x5C, 0x5C, 0x5C, 0xFF, 
0xFF, 0xFF, 0xFF, 0xFF, 0xFF, 0xFF, 0xFF, 0xFF, 0xFF, 0xFF, 0x94, 0x94, 
0x94, 0x94, 0x94, 0x94, 0x94, 0x94, 0x94, 0x94, 0x94, 0x38, 0x84, 0x84, 
0x4D, 0x00, 0x00, 0x03, 0xA5, 0xFF, 0xF3, 0x1E, 0x00, 0x00, 0x02, 0xA1, 
0xFF, 0xB5, 0x00, 0x00, 0x00, 0x02, 0x73, 0x88, 0x1B, 0x00, 0x00, 0x00, 
0x00, 0x0D, 0x15, 0x0C, 0x00, 0x00, 0x00, 0x00, 0x00, 0x00, 0x33, 0xF8, 
0xFF, 0xFF, 0xFF, 0xED, 0xAC, 0x31, 0x00, 0x00, 0x00, 0x38, 0xFF, 0xFF, 
0xFF, 0xFF, 0xFF, 0xFF, 0xF7, 0x30, 0x00, 0x00, 0x18, 0x5C, 0x41, 0x37, 
0x54, 0xC9, 0xFF, 0xFF, 0x92, 0x00, 0x00, 0x00, 0x00, 0x00, 0x00, 0x00, 
0x1F, 0xFF, 0xFF, 0xB9, 0x00, 0x00, 0x00, 0x0F, 0x23, 0x28, 0x28, 0x28, 
0xFD, 0xFF, 0xC4, 0x00, 0x69, 0xD8, 0xFF, 0xFF, 0xFF, 0xFF, 0xFF, 0xFF, 
0xFF, 0xC4, 0x71, 0xFF, 0xFF, 0xFD, 0xDE, 0xD0, 0xD0, 0xD0, 0xFF, 0xFF, 
0xC4, 0xD8, 0xFF, 0xF1, 0x24, 0x00, 0x00, 0x00, 0x00, 0xFC, 0xFF, 0xC4, 
0xF6, 0xFF, 0xC6, 0x00, 0x00, 0x00, 0x00, 0x21, 0xFE, 0xFF, 0xC4, 0xE5, 
0xFF, 0xF2, 0x30, 0x00, 0x06, 0x4C, 0xDD, 0xFF, 0xFF, 0xC4, 0x91, 0xFF, 
0xFF, 0xFF, 0xF7, 0xFE, 0xFF, 0xE9, 0xF3, 0xFF, 0xC4, 0x09, 0xA0, 0xFB, 
0xFF, 0xFF, 0xFC, 0xB9, 0x29, 0xC4, 0xFF, 0xC4, 0x00, 0x00, 0x0C, 0x2F, 
0x2E, 0x10, 0x00, 0x00, 0x00, 0x00, 0x00, 0x30, 0xB8, 0xB8, 0x59, 0x00, 
0x00, 0x00, 0x00, 0x00, 0x00, 0x00, 0x00, 0x44, 0xFF, 0xFF, 0x7C, 0x00, 
0x00, 0x00, 0x00, 0x00, 0x00, 0x00, 0x00, 0x44, 0xFF, 0xFF, 0x7C, 0x00, 
0x00, 0x00, 0x00, 0x00, 0x00, 0x00, 0x00, 0x44, 0xFF, 0xFF, 0x7C, 0x00, 
0x00, 0x00, 0x00, 0x00, 0x00, 0x00, 0x00, 0x44, 0xFF, 0xFF, 0x7C, 0x00, 
0x00, 0x08, 0x10, 0x00, 0x00, 0x00, 0x00, 0x44, 0xFF, 0xFF, 0x7C, 0x5D, 
0xDA, 0xFF, 0xFF, 0xF2, 0xA2, 0x19, 0x00, 0x44, 0xFF, 0xFF, 0xC9, 0xFF, 
0xFF, 0xFF, 0xFF, 0xFF, 0xFF, 0xDA, 0x0C, 0x44, 0xFF, 0xFF, 0xFF, 0xA4, 
0x22, 0x0A, 0x37, 0xD6, 0xFF, 0xFF, 0x72, 0x44, 0xFF, 0xFF, 0xCD, 0x00, 
0x00, 0x00, 0x00, 0x42, 0xFF, 0xFF, 0xB8, 0x44, 0xFF, 0xFF, 0x79, 0x00, 
0x00, 0x00, 0x00, 0x05, 0xF9, 0xFF, 0xD3, 0x44, 0xFF, 0xFF, 0x5F, 0x00, 
0x00, 0x00, 0x00, 0x00, 0xE9, 0xFF, 0xE8, 0x44, 0xFF, 0xFF, 0x5D, 0x00, 
0x00, 0x00, 0x00, 0x00, 0xE7, 0xFF, 0xEA, 0x44, 0xFF, 0xFF, 0x76, 0x00, 
0x00, 0x00, 0x00, 0x03, 0xF8, 0xFF, 0xD4, 0x44, 0xFF, 0xFF, 0xC6, 0x00, 
0x00, 0x00, 0x00, 0x3C, 0xFF, 0xFF, 0xB7, 0x44, 0xFF, 0xFF, 0xFF, 0x8E, 
0x0A, 0x00, 0x1D, 0xCA, 0xFF, 0xFF, 0x70, 0x44, 0xFF, 0xFF, 0xC7, 0xFF, 
0xFB, 0xEE, 0xFE, 0xFF, 0xFF, 0xDC, 0x0C, 0x44, 0xFF, 0xFF, 0x49, 0x86, 
0xF5, 0xFF, 0xFF, 0xFD, 0xB7, 0x1F, 0x00, 0x00, 0x00, 0x00, 0x00, 0x00, 
0x0A, 0x29, 0x2F, 0x12, 0x00, 0x00, 0x00, 0x00, 0x00, 0x00, 0x00, 0x04, 
0x12, 0x0D, 0x00, 0x00, 0x00, 0x00, 0x02, 0x6C, 0xCF, 0xFB, 0xFF, 0xFF, 
0xF9, 0xC0, 0x00, 0x00, 0xA3, 0xFF, 0xFF, 0xFF, 0xFF, 0xFF, 0xFF, 0xEC, 
0x00, 0x44, 0xFF, 0xFF, 0xF7, 0x81, 0x45, 0x37, 0x4E, 0x7D, 0x00, 0x9C, 
0xFF, 0xFF, 0x62, 0x00, 0x00, 0x00, 0x00, 0x00, 0x00, 0xCD, 0xFF, 0xFF, 
0x10, 0x00, 0x00, 0x00, 0x00, 0x00, 0x00, 0xE0, 0xFF, 0xF5, 0x00, 0x00, 
0x00, 0x00, 0x00, 0x00, 0x00, 0xE1, 0xFF, 0xF4, 0x00, 0x00, 0x00, 0x00, 
0x00, 0x00, 0x00, 0xD0, 0xFF, 0xFF, 0x0B, 0x00, 0x00, 0x00, 0x00, 0x00, 
0x00, 0xA3, 0xFF, 0xFF, 0x54, 0x00, 0x00, 0x00, 0x00, 0x00, 0x00, 0x50, 
0xFF, 0xFF, 0xE8, 0x5B, 0x2B, 0x1E, 0x33, 0x6A, 0x02, 0x02, 0xB9, 0xFF, 
0xFF, 0xFF, 0xFF, 0xFF, 0xFF, 0xFF, 0x04, 0x00, 0x08, 0x8A, 0xEE, 0xFF, 
0xFF, 0xFF, 0xFF, 0xE9, 0x03, 0x00, 0x00, 0x00, 0x01, 0x20, 0x33, 0x31, 
0x18, 0x00, 0x00, 0x00, 0x00, 0x00, 0x00, 0x00, 0x00, 0x00, 0x00, 0x4A, 
0xB8, 0xB8, 0x39, 0x00, 0x00, 0x00, 0x00, 0x00, 0x00, 0x00, 0x00, 0x68, 
0xFF, 0xFF, 0x50, 0x00, 0x00, 0x00, 0x00, 0x00, 0x00, 0x00, 0x00, 0x68, 
0xFF, 0xFF, 0x50, 0x00, 0x00, 0x00, 0x00, 0x00, 0x00, 0x00, 0x00, 0x68, 
0xFF, 0xFF, 0x50, 0x00, 0x00, 0x00, 0x00, 0x0D, 0x0B, 0x00, 0x00, 0x68, 
0xFF, 0xFF, 0x50, 0x00, 0x09, 0x89, 0xE9, 0xFF, 0xFF, 0xE5, 0x75, 0x68, 
0xFF, 0xFF, 0x50, 0x01, 0xBB, 0xFF, 0xFF, 0xFF, 0xFF, 0xFF, 0xFF, 0xCD, 
0xFF, 0xFF, 0x50, 0x53, 0xFF, 0xFF, 0xEA, 0x3F, 0x0B, 0x1F, 0xA2, 0xFF, 
0xFF, 0xFF, 0x50, 0xA4, 0xFF, 0xFF, 0x55, 0x00, 0x00, 0x00, 0x00, 0xCA, 
0xFF, 0xFF, 0x50, 0xC6, 0xFF, 0xFF, 0x10, 0x00, 0x00, 0x00, 0x00, 0x74, 
0xFF, 0xFF, 0x50, 0xDC, 0xFF, 0xFA, 0x00, 0x00, 0x00, 0x00, 0x00, 0x59, 
0xFF, 0xFF, 0x50, 0xDF, 0xFF, 0xFA, 0x00, 0x00, 0x00, 0x00, 0x00, 0x55, 
0xFF, 0xFF, 0x50, 0xCB, 0xFF, 0xFF, 0x0D, 0x00, 0x00, 0x00, 0x00, 0x6C, 
0xFF, 0xFF, 0x50, 0xB1, 0xFF, 0xFF, 0x4B, 0x00, 0x00, 0x00, 0x00, 0xB6, 
0xFF, 0xFF, 0x50, 0x6F, 0xFF, 0xFF, 0xDC, 0x24, 0x00, 0x07, 0x7A, 0xFE, 
0xFF, 0xFF, 0x50, 0x0D, 0xE2, 0xFF, 0xFF, 0xFF, 0xEE, 0xFA, 0xFF, 0xCB, 
0xFF, 0xFF, 0x50, 0x00, 0x23, 0xBA, 0xFD, 0xFF, 0xFF, 0xF6, 0x8B, 0x37, 
0xFF, 0xFF, 0x50, 0x00, 0x00, 0x00, 0x12, 0x2F, 0x2A, 0x0A, 0x00, 0x00, 
0x00, 0x00, 0x00, 0x00, 0x00, 0x00, 0x00, 0x04, 0x12, 0x0A, 0x00, 0x00, 
0x00, 0x00, 0x00, 0x02, 0x6F, 0xD1, 0xFC, 0xFF, 0xFF, 0xE7, 0x91, 0x11, 
0x00, 0x00, 0xA6, 0xFF, 0xFF, 0xFF, 0xFF, 0xFF, 0xFF, 0xFF, 0xCF, 0x06, 
0x44, 0xFF, 0xFF, 0xD4, 0x3B, 0x09, 0x18, 0x9A, 0xFF, 0xFF, 0x61, 0x9C, 
0xFF, 0xFF, 0x31, 0x00, 0x00, 0x00, 0x06, 0xEE, 0xFF, 0x9B, 0xCD, 0xFF, 
0xF4, 0x00, 0x00, 0x0E, 0x22, 0x35, 0xDB, 0xFF, 0xB5, 0xE0, 0xFF, 0xFB, 
0xE7, 0xFA, 0xFF, 0xFF, 0xFF, 0xFF, 0xFF, 0xBF, 0xE1, 0xFF, 0xFF, 0xFF, 
0xFC, 0xED, 0xDD, 0xCC, 0xBC, 0xAB, 0x6C, 0xD0, 0xFF, 0xF4, 0x0E, 0x00, 
0x00, 0x00, 0x00, 0x00, 0x00, 0x00, 0xA3, 0xFF, 0xFF, 0x36, 0x00, 0x00, 
0x00, 0x00, 0x00, 0x00, 0x00, 0x50, 0xFF, 0xFF, 0xDC, 0x4F, 0x16, 0x04, 
0x17, 0x45, 0x8F, 0x1F, 0x02, 0xBB, 0xFF, 0xFF, 0xFF, 0xFF, 0xFF, 0xFF, 
0xFF, 0xFF, 0x28, 0x00, 0x0A, 0x8D, 0xF0, 0xFF, 0xFF, 0xFF, 0xFF, 0xF3, 
0xAF, 0x12, 0x00, 0x00, 0x00, 0x02, 0x21, 0x33, 0x30, 0x1D, 0x01, 0x00, 
0x00, 0x00, 0x00, 0x00, 0x14, 0x82, 0xB1, 0xC8, 0xBF, 0x05, 0x00, 0x00, 
0x0D, 0xDC, 0xFF, 0xFF, 0xFF, 0xFF, 0x08, 0x00, 0x00, 0x6D, 0xFF, 0xFF, 
0xB9, 0x4C, 0x46, 0x02, 0x00, 0x00, 0xAA, 0xFF, 0xFF, 0x20, 0x00, 0x00, 
0x00, 0x00, 0x00, 0xC1, 0xFF, 0xFC, 0x00, 0x00, 0x00, 0x00, 0x96, 0xE0, 
0xF9, 0xFF, 0xFF, 0xE0, 0xE0, 0x65, 0x00, 0xAC, 0xFF, 0xFF, 0xFF, 0xFF, 
0xFF, 0xFF, 0x74, 0x00, 0x33, 0x4C, 0xD8, 0xFF, 0xFA, 0x4C, 0x4C, 0x22, 
0x00, 0x00, 0x00, 0xC8, 0xFF, 0xF8, 0x00, 0x00, 0x00, 0x00, 0x00, 0x00, 
0xC8, 0xFF, 0xF8, 0x00, 0x00, 0x00, 0x00, 0x00, 0x00, 0xC8, 0xFF, 0xF8, 
0x00, 0x00, 0x00, 0x00, 0x00, 0x00, 0xC8, 0xFF, 0xF8, 0x00, 0x00, 0x00, 
0x00, 0x00, 0x00, 0xC8, 0xFF, 0xF8, 0x00, 0x00, 0x00, 0x00, 0x00, 0x00, 
0xC8, 0xFF, 0xF8, 0x00, 0x00, 0x00, 0x00, 0x00, 0x00, 0xC8, 0xFF, 0xF8, 
0x00, 0x00, 0x00, 0x00, 0x00, 0x00, 0xC8, 0xFF, 0xF8, 0x00, 0x00, 0x00, 
0x00, 0x00, 0x00, 0xC8, 0xFF, 0xF8, 0x00, 0x00, 0x00, 0x00, 0x00, 0x00, 
0x00, 0x00, 0x0C, 0x0A, 0x00, 0x00, 0x00, 0x00, 0x00, 0x00, 0x00, 0x09, 
0x88, 0xE8, 0xFF, 0xFF, 0xE5, 0x7A, 0x51, 0xE0, 0xE0, 0x50, 0x02, 0xBB, 
0xFF, 0xFF, 0xFF, 0xFF, 0xFF, 0xFF, 0xC8, 0xFF, 0xFF, 0x5C, 0x56, 0xFF, 
0xFF, 0xE9, 0x3F, 0x0A, 0x1B, 0x7D, 0xFE, 0xFF, 0xFF, 0x5C, 0xA7, 0xFF, 
0xFF, 0x52, 0x00, 0x00, 0x00, 0x00, 0xB0, 0xFF, 0xFF, 0x5C, 0xC8, 0xFF, 
0xFF, 0x0D, 0x00, 0x00, 0x00, 0x00, 0x60, 0xFF, 0xFF, 0x5C, 0xDD, 0xFF, 
0xFA, 0x00, 0x00, 0x00, 0x00, 0x00, 0x49, 0xFF, 0xFF, 0x5C, 0xDD, 0xFF, 
0xFB, 0x00, 0x00, 0x00, 0x00, 0x00, 0x4A, 0xFF, 0xFF, 0x5C, 0xC7, 0xFF, 
0xFF, 0x13, 0x00, 0x00, 0x00, 0x00, 0x62, 0xFF, 0xFF, 0x5C, 0xA9, 0xFF, 
0xFF, 0x5B, 0x00, 0x00, 0x00, 0x00, 0xB3, 0xFF, 0xFF, 0x5C, 0x5A, 0xFF, 
0xFF, 0xEE, 0x4B, 0x16, 0x26, 0x85, 0xFF, 0xFF, 0xFF, 0x5C, 0x03, 0xBE, 
0xFF, 0xFF, 0xFF, 0xFF, 0xFF, 0xFF, 0xC3, 0xFF, 0xFF, 0x5C, 0x00, 0x09, 
0x7E, 0xD5, 0xF6, 0xF5, 0xD3, 0x6B, 0x66, 0xFF, 0xFF, 0x53, 0x00, 0x00, 
0x00, 0x00, 0x00, 0x00, 0x00, 0x00, 0x9D, 0xFF, 0xFF, 0x35, 0x00, 0x03, 
0x05, 0x00, 0x00, 0x00, 0x03, 0x5E, 0xFA, 0xFF, 0xE5, 0x04, 0x00, 0x28, 
0xFA, 0xDA, 0xCC, 0xCF, 0xF1, 0xFF, 0xFF, 0xFF, 0x56, 0x00, 0x00, 0x28, 
0xFF, 0xFF, 0xFF, 0xFF, 0xFF, 0xFF, 0xD4, 0x4B, 0x00, 0x00, 0x00, 0x04, 
0x33, 0x50, 0x60, 0x61, 0x51, 0x25, 0x00, 0x00, 0x00, 0x00, 0x30, 0xB8, 
0xB8, 0x59, 0x00, 0x00, 0x00, 0x00, 0x00, 0x00, 0x00, 0x00, 0x44, 0xFF, 
0xFF, 0x7C, 0x00, 0x00, 0x00, 0x00, 0x00, 0x00, 0x00, 0x00, 0x44, 0xFF, 
0xFF, 0x7C, 0x00, 0x00, 0x00, 0x00, 0x00, 0x00, 0x00, 0x00, 0x44, 0xFF, 
0xFF, 0x7C, 0x00, 0x00, 0x00, 0x00, 0x00, 0x00, 0x00, 0x00, 0x44, 0xFF, 
0xFF, 0x7C, 0x00, 0x00, 0x07, 0x12, 0x02, 0x00, 0x00, 0x00, 0x44, 0xFF, 
0xFF, 0x7C, 0x5F, 0xD4, 0xFF, 0xFF, 0xF4, 0xA3, 0x11, 0x00, 0x44, 0xFF, 
0xFF, 0xD4, 0xFF, 0xFF, 0xFF, 0xFF, 0xFF, 0xFF, 0xAF, 0x00, 0x44, 0xFF, 
0xFF, 0xFF, 0xB4, 0x4E, 0x39, 0x72, 0xFB, 0xFF, 0xFD, 0x07, 0x44, 0xFF, 
0xFF, 0xC7, 0x01, 0x00, 0x00, 0x00, 0xB6, 0xFF, 0xFF, 0x24, 0x44, 0xFF, 
0xFF, 0x7D, 0x00, 0x00, 0x00, 0x00, 0x94, 0xFF, 0xFF, 0x30, 0x44, 0xFF, 
0xFF, 0x7C, 0x00, 0x00, 0x00, 0x00, 0x90, 0xFF, 0xFF, 0x30, 0x44, 0xFF, 
0xFF, 0x7C, 0x00, 0x00, 0x00, 0x00, 0x90, 0xFF, 0xFF, 0x30, 0x44, 0xFF, 
0xFF, 0x7C, 0x00, 0x00, 0x00, 0x00, 0x90, 0xFF, 0xFF, 0x30, 0x44, 0xFF, 
0xFF, 0x7C, 0x00, 0x00, 0x00, 0x00, 0x90, 0xFF, 0xFF, 0x30, 0x44, 0xFF, 
0xFF, 0x7C, 0x00, 0x00, 0x00, 0x00, 0x90, 0xFF, 0xFF, 0x30, 0x44, 0xFF, 
0xFF, 0x7C, 0x00, 0x00, 0x00, 0x00, 0x90, 0xFF, 0xFF, 0x30, 0x44, 0xFF, 
0xFF, 0x7C, 0x00, 0x00, 0x00, 0x00, 0x90, 0xFF, 0xFF, 0x30, 0x21, 0x9D, 
0xA4, 0x38, 0x75, 0xFF, 0xFF, 0x9C, 0x63, 0xFF, 0xFF, 0x8B, 0x03, 0x3D, 
0x44, 0x09, 0x00, 0x00, 0x00, 0x00, 0x46, 0xE0, 0xE0, 0x62, 0x50, 0xFF, 
0xFF, 0x70, 0x50, 0xFF, 0xFF, 0x70, 0x50, 0xFF, 0xFF, 0x70, 0x50, 0xFF, 
0xFF, 0x70, 0x50, 0xFF, 0xFF, 0x70, 0x50, 0xFF, 0xFF, 0x70, 0x50, 0xFF, 
0xFF, 0x70, 0x50, 0xFF, 0xFF, 0x70, 0x50, 0xFF, 0xFF, 0x70, 0x50, 0xFF, 
0xFF, 0x70, 0x50, 0xFF, 0xFF, 0x70, 0x00, 0x00, 0x00, 0x21, 0x9D, 0xA4, 
0x38, 0x00, 0x00, 0x00, 0x75, 0xFF, 0xFF, 0x9C, 0x00, 0x00, 0x00, 0x63, 
0xFF, 0xFF, 0x8B, 0x00, 0x00, 0x00, 0x03, 0x3D, 0x44, 0x09, 0x00, 0x00, 
0x00, 0x00, 0x00, 0x00, 0x00, 0x00, 0x00, 0x00, 0x46, 0xE0, 0xE0, 0x62, 
0x00, 0x00, 0x00, 0x50, 0xFF, 0xFF, 0x70, 0x00, 0x00, 0x00, 0x50, 0xFF, 
0xFF, 0x70, 0x00, 0x00, 0x00, 0x50, 0xFF, 0xFF, 0x70, 0x00, 0x00, 0x00, 
0x50, 0xFF, 0xFF, 0x70, 0x00, 0x00, 0x00, 0x50, 0xFF, 0xFF, 0x70, 0x00, 
0x00, 0x00, 0x50, 0xFF, 0xFF, 0x70, 0x00, 0x00, 0x00, 0x50, 0xFF, 0xFF, 
0x70, 0x00, 0x00, 0x00, 0x50, 0xFF, 0xFF, 0x70, 0x00, 0x00, 0x00, 0x50, 
0xFF, 0xFF, 0x70, 0x00, 0x00, 0x00, 0x50, 0xFF, 0xFF, 0x70, 0x00, 0x00, 
0x00, 0x50, 0xFF, 0xFF, 0x6F, 0x00, 0x00, 0x00, 0x5A, 0xFF, 0xFF, 0x67, 
0x00, 0x00, 0x00, 0x93, 0xFF, 0xFF, 0x4D, 0x3B, 0xBB, 0xCC, 0xFF, 0xFF, 
0xF4, 0x10, 0x4C, 0xFF, 0xFF, 0xFF, 0xF6, 0x57, 0x00, 0x17, 0x60, 0x63, 
0x4D, 0x12, 0x00, 0x00, 0x30, 0xB8, 0xB8, 0x59, 0x00, 0x00, 0x00, 0x00, 
0x00, 0x00, 0x00, 0x44, 0xFF, 0xFF, 0x7C, 0x00, 0x00, 0x00, 0x00, 0x00, 
0x00, 0x00, 0x44, 0xFF, 0xFF, 0x7C, 0x00, 0x00, 0x00, 0x00, 0x00, 0x00, 
0x00, 0x44, 0xFF, 0xFF, 0x7C, 0x00, 0x00, 0x00, 0x00, 0x00, 0x00, 0x00, 
0x44, 0xFF, 0xFF, 0x7C, 0x00, 0x00, 0x00, 0x00, 0x00, 0x00, 0x00, 0x44, 
0xFF, 0xFF, 0x7C, 0x00, 0x00, 0x00, 0xA1, 0xE0, 0xE0, 0x70, 0x44, 0xFF, 
0xFF, 0x7C, 0x00, 0x00, 0x6F, 0xFF, 0xFF, 0xBA, 0x03, 0x44, 0xFF, 0xFF, 
0x7C, 0x00, 0x37, 0xFA, 0xFF, 0xDB, 0x11, 0x00, 0x44, 0xFF, 0xFF, 0x7C, 
0x12, 0xE1, 0xFF, 0xF2, 0x2A, 0x00, 0x00, 0x44, 0xFF, 0xFF, 0xA9, 0xB9, 
0xFF, 0xFE, 0x4F, 0x00, 0x00, 0x00, 0x44, 0xFF, 0xFF, 0xFF, 0xFF, 0xFF, 
0x96, 0x00, 0x00, 0x00, 0x00, 0x44, 0xFF, 0xFF, 0xE3, 0xF8, 0xFF, 0xE9, 
0x18, 0x00, 0x00, 0x00, 0x44, 0xFF, 0xFF, 0x7C, 0x71, 0xFF, 0xFF, 0xBC, 
0x02, 0x00, 0x00, 0x44, 0xFF, 0xFF, 0x7C, 0x01, 0xBE, 0xFF, 0xFF, 0x7B, 
0x00, 0x00, 0x44, 0xFF, 0xFF, 0x7C, 0x00, 0x1E, 0xF0, 0xFF, 0xFC, 0x3B, 
0x00, 0x44, 0xFF, 0xFF, 0x7C, 0x00, 0x00, 0x5E, 0xFF, 0xFF, 0xE2, 0x12, 
0x44, 0xFF, 0xFF, 0x7C, 0x00, 0x00, 0x00, 0xAC, 0xFF, 0xFF, 0xB0, 0x33, 
0xB8, 0xB8, 0x56, 0x00, 0x00, 0x48, 0xFF, 0xFF, 0x78, 0x00, 0x00, 0x48, 
0xFF, 0xFF, 0x78, 0x00, 0x00, 0x48, 0xFF, 0xFF, 0x78, 0x00, 0x00, 0x48, 
0xFF, 0xFF, 0x78, 0x00, 0x00, 0x48, 0xFF, 0xFF, 0x78, 0x00, 0x00, 0x48, 
0xFF, 0xFF, 0x78, 0x00, 0x00, 0x48, 0xFF, 0xFF, 0x78, 0x00, 0x00, 0x48, 
0xFF, 0xFF, 0x78, 0x00, 0x00, 0x48, 0xFF, 0xFF, 0x78, 0x00, 0x00, 0x48, 
0xFF, 0xFF, 0x78, 0x00, 0x00, 0x48, 0xFF, 0xFF, 0x78, 0x00, 0x00, 0x48, 
0xFF, 0xFF, 0x78, 0x00, 0x00, 0x48, 0xFF, 0xFF, 0x79, 0x00, 0x00, 0x3E, 
0xFF, 0xFF, 0xAE, 0x18, 0x07, 0x16, 0xFA, 0xFF, 0xFF, 0xFF, 0x38, 0x00, 
0x6C, 0xF1, 0xFF, 0xFF, 0x38, 0x00, 0x00, 0x02, 0x1A, 0x12, 0x00, 0x00, 
0x00, 0x00, 0x00, 0x00, 0x00, 0x0F, 0x08, 0x00, 0x00, 0x00, 0x00, 0x00, 
0x0D, 0x0E, 0x00, 0x00, 0x00, 0x3B, 0xE0, 0xE0, 0x6E, 0x7F, 0xE9, 0xFF, 
0xFF, 0xD5, 0x4C, 0x08, 0x89, 0xE7, 0xFF, 0xFF, 0xE3, 0x6B, 0x00, 0x44, 
0xFF, 0xFF, 0xE3, 0xFF, 0xFF, 0xFF, 0xFF, 0xFF, 0xFA, 0xB7, 0xFF, 0xFF, 
0xFF, 0xFF, 0xFF, 0xFF, 0x56, 0x44, 0xFF, 0xFF, 0xFF, 0x91, 0x3E, 0x45, 
0xC9, 0xFF, 0xFF, 0xFF, 0xB3, 0x48, 0x3D, 0x9F, 0xFF, 0xFF, 0xBC, 0x44, 
0xFF, 0xFF, 0xB0, 0x00, 0x00, 0x00, 0x3E, 0xFF, 0xFF, 0xDD, 0x03, 0x00, 
0x00, 0x07, 0xF4, 0xFF, 0xE3, 0x44, 0xFF, 0xFF, 0x7C, 0x00, 0x00, 0x00, 
0x1C, 0xFF, 0xFF, 0xA8, 0x00, 0x00, 0x00, 0x00, 0xD9, 0xFF, 0xEB, 0x44, 
0xFF, 0xFF, 0x7C, 0x00, 0x00, 0x00, 0x18, 0xFF, 0xFF, 0xA8, 0x00, 0x00, 
0x00, 0x00, 0xD4, 0xFF, 0xEC, 0x44, 0xFF, 0xFF, 0x7C, 0x00, 0x00, 0x00, 
0x18, 0xFF, 0xFF, 0xA8, 0x00, 0x00, 0x00, 0x00, 0xD4, 0xFF, 0xEC, 0x44, 
0xFF, 0xFF, 0x7C, 0x00, 0x00, 0x00, 0x18, 0xFF, 0xFF, 0xA8, 0x00, 0x00, 
0x00, 0x00, 0xD4, 0xFF, 0xEC, 0x44, 0xFF, 0xFF, 0x7C, 0x00, 0x00, 0x00, 
0x18, 0xFF, 0xFF, 0xA8, 0x00, 0x00, 0x00, 0x00, 0xD4, 0xFF, 0xEC, 0x44, 
0xFF, 0xFF, 0x7C, 0x00, 0x00, 0x00, 0x18, 0xFF, 0xFF, 0xA8, 0x00, 0x00, 
0x00, 0x00, 0xD4, 0xFF, 0xEC, 0x44, 0xFF, 0xFF, 0x7C, 0x00, 0x00, 0x00, 
0x18, 0xFF, 0xFF, 0xA8, 0x00, 0x00, 0x00, 0x00, 0xD4, 0xFF, 0xEC, 0x44, 
0xFF, 0xFF, 0x7C, 0x00, 0x00, 0x00, 0x18, 0xFF, 0xFF, 0xA8, 0x00, 0x00, 
0x00, 0x00, 0xD4, 0xFF, 0xEC, 0x00, 0x00, 0x00, 0x00, 0x00, 0x00, 0x08, 
0x12, 0x02, 0x00, 0x00, 0x00, 0x3B, 0xE0, 0xE0, 0x6C, 0x66, 0xD7, 0xFF, 
0xFF, 0xF4, 0xA3, 0x11, 0x00, 0x44, 0xFF, 0xFF, 0xD9, 0xFF, 0xFF, 0xFF, 
0xFF, 0xFF, 0xFF, 0xAF, 0x00, 0x44, 0xFF, 0xFF, 0xFF, 0xB2, 0x4D, 0x39, 
0x72, 0xFB, 0xFF, 0xFD, 0x07, 0x44, 0xFF, 0xFF, 0xC5, 0x01, 0x00, 0x00, 
0x00, 0xB6, 0xFF, 0xFF, 0x24, 0x44, 0xFF, 0xFF, 0x7C, 0x00, 0x00, 0x00, 
0x00, 0x94, 0xFF, 0xFF, 0x30, 0x44, 0xFF, 0xFF, 0x7C, 0x00, 0x00, 0x00, 
0x00, 0x90, 0xFF, 0xFF, 0x30, 0x44, 0xFF, 0xFF, 0x7C, 0x00, 0x00, 0x00, 
0x00, 0x90, 0xFF, 0xFF, 0x30, 0x44, 0xFF, 0xFF, 0x7C, 0x00, 0x00, 0x00, 
0x00, 0x90, 0xFF, 0xFF, 0x30, 0x44, 0xFF, 0xFF, 0x7C, 0x00, 0x00, 0x00, 
0x00, 0x90, 0xFF, 0xFF, 0x30, 0x44, 0xFF, 0xFF, 0x7C, 0x00, 0x00, 0x00, 
0x00, 0x90, 0xFF, 0xFF, 0x30, 0x44, 0xFF, 0xFF, 0x7C, 0x00, 0x00, 0x00, 
0x00, 0x90, 0xFF, 0xFF, 0x30, 0x44, 0xFF, 0xFF, 0x7C, 0x00, 0x00, 0x00, 
0x00, 0x90, 0xFF, 0xFF, 0x30, 0x00, 0x00, 0x00, 0x00, 0x04, 0x12, 0x0E, 
0x00, 0x00, 0x00, 0x00, 0x00, 0x00, 0x02, 0x6F, 0xD1, 0xFC, 0xFF, 0xFF, 
0xF0, 0xB2, 0x37, 0x00, 0x00, 0x00, 0xA6, 0xFF, 0xFF, 0xFF, 0xFF, 0xFF, 
0xFF, 0xFF, 0xFB, 0x47, 0x00, 0x44, 0xFF, 0xFF, 0xD7, 0x3B, 0x0A, 0x15, 
0x6E, 0xFD, 0xFF, 0xDE, 0x02, 0x9C, 0xFF, 0xFF, 0x45, 0x00, 0x00, 0x00, 
0x00, 0xAB, 0xFF, 0xFF, 0x38, 0xCD, 0xFF, 0xFF, 0x09, 0x00, 0x00, 0x00, 
0x00, 0x6C, 0xFF, 0xFF, 0x68, 0xE0, 0xFF, 0xF4, 0x00, 0x00, 0x00, 0x00, 
0x00, 0x55, 0xFF, 0xFF, 0x7B, 0xE1, 0xFF, 0xF3, 0x00, 0x00, 0x00, 0x00, 
0x00, 0x54, 0xFF, 0xFF, 0x7C, 0xD0, 0xFF, 0xFE, 0x06, 0x00, 0x00, 0x00, 
0x00, 0x67, 0xFF, 0xFF, 0x6C, 0xA3, 0xFF, 0xFF, 0x3A, 0x00, 0x00, 0x00, 
0x00, 0x9E, 0xFF, 0xFF, 0x3E, 0x50, 0xFF, 0xFF, 0xCF, 0x29, 0x00, 0x02, 
0x59, 0xF8, 0xFF, 0xE7, 0x06, 0x02, 0xBB, 0xFF, 0xFF, 0xFF, 0xF3, 0xF5, 
0xFF, 0xFF, 0xFF, 0x5B, 0x00, 0x00, 0x0A, 0x8D, 0xF0, 0xFF, 0xFF, 0xFF, 
0xFF, 0xD1, 0x50, 0x00, 0x00, 0x00, 0x00, 0x00, 0x02, 0x21, 0x33, 0x2F, 
0x12, 0x00, 0x00, 0x00, 0x00, 0x00, 0x00, 0x00, 0x00, 0x00, 0x00, 0x08, 
0x10, 0x00, 0x00, 0x00, 0x00, 0x3B, 0xE0, 0xE0, 0x6C, 0x5D, 0xDA, 0xFF, 
0xFF, 0xF2, 0xA2, 0x19, 0x00, 0x44, 0xFF, 0xFF, 0xC9, 0xFF, 0xFF, 0xFF, 
0xFF, 0xFF, 0xFF, 0xDA, 0x0C, 0x44, 0xFF, 0xFF, 0xFF, 0xA4, 0x22, 0x0A, 
0x37, 0xD6, 0xFF, 0xFF, 0x72, 0x44, 0xFF, 0xFF, 0xCD, 0x00, 0x00, 0x00, 
0x00, 0x42, 0xFF, 0xFF, 0xB8, 0x44, 0xFF, 0xFF, 0x79, 0x00, 0x00, 0x00, 
0x00, 0x05, 0xF9, 0xFF, 0xD3, 0x44, 0xFF, 0xFF, 0x5F, 0x00, 0x00, 0x00, 
0x00, 0x00, 0xE9, 0xFF, 0xE8, 0x44, 0xFF, 0xFF, 0x5D, 0x00, 0x00, 0x00, 
0x00, 0x00, 0xE7, 0xFF, 0xEA, 0x44, 0xFF, 0xFF, 0x76, 0x00, 0x00, 0x00, 
0x00, 0x03, 0xF8, 0xFF, 0xD4, 0x44, 0xFF, 0xFF, 0xC6, 0x00, 0x00, 0x00, 
0x00, 0x3C, 0xFF, 0xFF, 0xB7, 0x44, 0xFF, 0xFF, 0xFF, 0x8E, 0x0A, 0x00, 
0x1D, 0xCA, 0xFF, 0xFF, 0x70, 0x44, 0xFF, 0xFF, 0xDA, 0xFF, 0xFB, 0xEE, 
0xFE, 0xFF, 0xFF, 0xDC, 0x0C, 0x44, 0xFF, 0xFF, 0x7D, 0x85, 0xF5, 0xFF, 
0xFF, 0xFD, 0xB7, 0x1F, 0x00, 0x44, 0xFF, 0xFF, 0x7C, 0x00, 0x0A, 0x29, 
0x2F, 0x12, 0x00, 0x00, 0x00, 0x44, 0xFF, 0xFF, 0x7C, 0x00, 0x00, 0x00, 
0x00, 0x00, 0x00, 0x00, 0x00, 0x44, 0xFF, 0xFF, 0x7C, 0x00, 0x00, 0x00, 
0x00, 0x00, 0x00, 0x00, 0x00, 0x44, 0xFF, 0xFF, 0x7C, 0x00, 0x00, 0x00, 
0x00, 0x00, 0x00, 0x00, 0x00, 0x1B, 0x68, 0x68, 0x32, 0x00, 0x00, 0x00, 
0x00, 0x00, 0x00, 0x00, 0x00, 0x00, 0x00, 0x00, 0x00, 0x0D, 0x0B, 0x00, 
0x00, 0x00, 0x00, 0x00, 0x00, 0x00, 0x09, 0x89, 0xE9, 0xFF, 0xFF, 0xE5, 
0x75, 0x5B, 0xE0, 0xE0, 0x4D, 0x01, 0xBB, 0xFF, 0xFF, 0xFF, 0xFF, 0xFF, 
0xFF, 0xCD, 0xFF, 0xFF, 0x58, 0x53, 0xFF, 0xFF, 0xEA, 0x3F, 0x0B, 0x1F, 
0xA2, 0xFF, 0xFF, 0xFF, 0x58, 0xA4, 0xFF, 0xFF, 0x55, 0x00, 0x00, 0x00, 
0x00, 0xCA, 0xFF, 0xFF, 0x58, 0xC6, 0xFF, 0xFF, 0x10, 0x00, 0x00, 0x00, 
0x00, 0x74, 0xFF, 0xFF, 0x58, 0xDC, 0xFF, 0xFA, 0x00, 0x00, 0x00, 0x00, 
0x00, 0x59, 0xFF, 0xFF, 0x58, 0xDF, 0xFF, 0xFA, 0x00, 0x00, 0x00, 0x00, 
0x00, 0x55, 0xFF, 0xFF, 0x58, 0xCB, 0xFF, 0xFF, 0x0D, 0x00, 0x00, 0x00, 
0x00, 0x6C, 0xFF, 0xFF, 0x58, 0xB1, 0xFF, 0xFF, 0x4B, 0x00, 0x00, 0x00, 
0x00, 0xB6, 0xFF, 0xFF, 0x58, 0x6F, 0xFF, 0xFF, 0xDC, 0x24, 0x00, 0x07, 
0x7A, 0xFE, 0xFF, 0xFF, 0x58, 0x0D, 0xE2, 0xFF, 0xFF, 0xFF, 0xEE, 0xFA, 
0xFF, 0xD0, 0xFF, 0xFF, 0x58, 0x00, 0x23, 0xBA, 0xFD, 0xFF, 0xFF, 0xF7, 
0x8C, 0x6A, 0xFF, 0xFF, 0x58, 0x00, 0x00, 0x00, 0x12, 0x2F, 0x2B, 0x0B, 
0x00, 0x68, 0xFF, 0xFF, 0x58, 0x00, 0x00, 0x00, 0x00, 0x00, 0x00, 0x00, 
0x00, 0x68, 0xFF, 0xFF, 0x58, 0x00, 0x00, 0x00, 0x00, 0x00, 0x00, 0x00, 
0x00, 0x68, 0xFF, 0xFF, 0x58, 0x00, 0x00, 0x00, 0x00, 0x00, 0x00, 0x00, 
0x00, 0x68, 0xFF, 0xFF, 0x58, 0x00, 0x00, 0x00, 0x00, 0x00, 0x00, 0x00, 
0x00, 0x2A, 0x68, 0x68, 0x23, 0x00, 0x00, 0x00, 0x00, 0x00, 0x00, 0x0B, 
0x07, 0x3B, 0xE0, 0xE0, 0x6C, 0x3F, 0xD2, 0xFF, 0x46, 0x44, 0xFF, 0xFF, 
0xA4, 0xF8, 0xFF, 0xFF, 0x3C, 0x44, 0xFF, 0xFF, 0xFC, 0xF5, 0x98, 0x66, 
0x13, 0x44, 0xFF, 0xFF, 0xF7, 0x38, 0x00, 0x00, 0x00, 0x44, 0xFF, 0xFF, 
0x9E, 0x00, 0x00, 0x00, 0x00, 0x44, 0xFF, 0xFF, 0x7C, 0x00, 0x00, 0x00, 
0x00, 0x44, 0xFF, 0xFF, 0x7C, 0x00, 0x00, 0x00, 0x00, 0x44, 0xFF, 0xFF, 
0x7C, 0x00, 0x00, 0x00, 0x00, 0x44, 0xFF, 0xFF, 0x7C, 0x00, 0x00, 0x00, 
0x00, 0x44, 0xFF, 0xFF, 0x7C, 0x00, 0x00, 0x00, 0x00, 0x44, 0xFF, 0xFF, 
0x7C, 0x00, 0x00, 0x00, 0x00, 0x44, 0xFF, 0xFF, 0x7C, 0x00, 0x00, 0x00, 
0x00, 0x00, 0x00, 0x00, 0x03, 0x12, 0x0E, 0x01, 0x00, 0x00, 0x00, 0x3F, 
0xC0, 0xF8, 0xFF, 0xFF, 0xFC, 0xD8, 0x07, 0x31, 0xF9, 0xFF, 0xFF, 0xFF, 
0xFF, 0xFF, 0xFC, 0x00, 0x94, 0xFF, 0xFE, 0x4D, 0x0C, 0x10, 0x27, 0x50, 
0x00, 0xA8, 0xFF, 0xEE, 0x00, 0x00, 0x00, 0x00, 0x00, 0x00, 0x87, 0xFF, 
0xFF, 0xAD, 0x4F, 0x0F, 0x00, 0x00, 0x00, 0x1A, 0xDD, 0xFF, 0xFF, 0xFF, 
0xFB, 0xB7, 0x32, 0x00, 0x00, 0x0C, 0x6C, 0xB5, 0xF3, 0xFF, 0xFF, 0xF3, 
0x19, 0x00, 0x00, 0x00, 0x00, 0x07, 0x86, 0xFF, 0xFF, 0x74, 0x00, 0x00, 
0x00, 0x00, 0x00, 0x17, 0xFF, 0xFF, 0x87, 0x60, 0x42, 0x20, 0x0D, 0x18, 
0x7E, 0xFF, 0xFF, 0x6C, 0xD4, 0xFF, 0xFF, 0xFF, 0xFF, 0xFF, 0xFF, 0xF0, 
0x19, 0xB3, 0xFA, 0xFF, 0xFF, 0xFF, 0xF3, 0xA5, 0x2C, 0x00, 0x00, 0x02, 
0x10, 0x1B, 0x0F, 0x00, 0x00, 0x00, 0x00, 0x00, 0x0B, 0xB4, 0xB4, 0x7B, 
0x00, 0x00, 0x00, 0x00, 0x10, 0xFF, 0xFF, 0xB0, 0x00, 0x00, 0x00, 0x00, 
0x10, 0xFF, 0xFF, 0xB0, 0x00, 0x00, 0x00, 0xA1, 0xE2, 0xFF, 0xFF, 0xF6, 
0xE0, 0xE0, 0x42, 0xB8, 0xFF, 0xFF, 0xFF, 0xFF, 0xFF, 0xFF, 0x4C, 0x39, 
0x5B, 0xFF, 0xFF, 0xC9, 0x50, 0x50, 0x17, 0x00, 0x10, 0xFF, 0xFF, 0xB0, 
0x00, 0x00, 0x00, 0x00, 0x10, 0xFF, 0xFF, 0xB0, 0x00, 0x00, 0x00, 0x00, 
0x10, 0xFF, 0xFF, 0xB0, 0x00, 0x00, 0x00, 0x00, 0x10, 0xFF, 0xFF, 0xB0, 
0x00, 0x00, 0x00, 0x00, 0x10, 0xFF, 0xFF, 0xB0, 0x00, 0x00, 0x00, 0x00, 
0x0D, 0xFF, 0xFF, 0xB5, 0x00, 0x00, 0x00, 0x00, 0x02, 0xF9, 0xFF, 0xE8, 
0x29, 0x10, 0x07, 0x00, 0x00, 0xBE, 0xFF, 0xFF, 0xFF, 0xFF, 0x3C, 0x00, 
0x00, 0x26, 0xC9, 0xFF, 0xFF, 0xFF, 0x3C, 0x00, 0x00, 0x00, 0x00, 0x0B, 
0x1D, 0x16, 0x01, 0x4D, 0xE0, 0xE0, 0x5B, 0x00, 0x00, 0x00, 0x00, 0xA4, 
0xE0, 0xE0, 0x03, 0x58, 0xFF, 0xFF, 0x68, 0x00, 0x00, 0x00, 0x00, 0xBC, 
0xFF, 0xFF, 0x04, 0x58, 0xFF, 0xFF, 0x68, 0x00, 0x00, 0x00, 0x00, 0xBC, 
0xFF, 0xFF, 0x04, 0x58, 0xFF, 0xFF, 0x68, 0x00, 0x00, 0x00, 0x00, 0xBC, 
0xFF, 0xFF, 0x04, 0x58, 0xFF, 0xFF, 0x68, 0x00, 0x00, 0x00, 0x00, 0xBC, 
0xFF, 0xFF, 0x04, 0x58, 0xFF, 0xFF, 0x68, 0x00, 0x00, 0x00, 0x00, 0xBC, 
0xFF, 0xFF, 0x04, 0x58, 0xFF, 0xFF, 0x68, 0x00, 0x00, 0x00, 0x00, 0xBC, 
0xFF, 0xFF, 0x04, 0x58, 0xFF, 0xFF, 0x6A, 0x00, 0x00, 0x00, 0x00, 0xBC, 
0xFF, 0xFF, 0x04, 0x50, 0xFF, 0xFF, 0x82, 0x00, 0x00, 0x00, 0x09, 0xE9, 
0xFF, 0xFF, 0x04, 0x35, 0xFF, 0xFF, 0xE5, 0x41, 0x17, 0x37, 0xB8, 0xFF, 
0xFF, 0xFF, 0x04, 0x06, 0xE4, 0xFF, 0xFF, 0xFF, 0xFF, 0xFF, 0xFE, 0xE2, 
0xFF, 0xFF, 0x04, 0x00, 0x32, 0xD3, 0xFF, 0xFF, 0xFF, 0xEC, 0x65, 0x88, 
0xFF, 0xFF, 0x04, 0x00, 0x00, 0x00, 0x1D, 0x33, 0x25, 0x02, 0x00, 0x00, 
0x00, 0x00, 0x00, 0xA0, 0xE0, 0xE0, 0x3C, 0x00, 0x00, 0x00, 0x00, 0x00, 
0xC4, 0xE0, 0xDB, 0x0E, 0x5F, 0xFF, 0xFF, 0x94, 0x00, 0x00, 0x00, 0x00, 
0x32, 0xFF, 0xFF, 0xB2, 0x00, 0x0C, 0xF4, 0xFF, 0xE6, 0x02, 0x00, 0x00, 
0x00, 0x87, 0xFF, 0xFF, 0x53, 0x00, 0x00, 0xA3, 0xFF, 0xFF, 0x3D, 0x00, 
0x00, 0x00, 0xDC, 0xFF, 0xEE, 0x07, 0x00, 0x00, 0x45, 0xFF, 0xFF, 0x91, 
0x00, 0x00, 0x32, 0xFF, 0xFF, 0x97, 0x00, 0x00, 0x00, 0x02, 0xE4, 0xFF, 
0xE4, 0x01, 0x00, 0x88, 0xFF, 0xFF, 0x38, 0x00, 0x00, 0x00, 0x00, 0x89, 
0xFF, 0xFF, 0x3A, 0x00, 0xDC, 0xFF, 0xD9, 0x00, 0x00, 0x00, 0x00, 0x00, 
0x2B, 0xFF, 0xFF, 0x8F, 0x33, 0xFF, 0xFF, 0x7C, 0x00, 0x00, 0x00, 0x00, 
0x00, 0x00, 0xCD, 0xFF, 0xE3, 0x89, 0xFF, 0xFE, 0x1F, 0x00, 0x00, 0x00, 
0x00, 0x00, 0x00, 0x6F, 0xFF, 0xFF, 0xF8, 0xFF, 0xBF, 0x00, 0x00, 0x00, 
0x00, 0x00, 0x00, 0x00, 0x15, 0xFB, 0xFF, 0xFF, 0xFF, 0x61, 0x00, 0x00, 
0x00, 0x00, 0x00, 0x00, 0x00, 0x00, 0xB3, 0xFF, 0xFF, 0xF5, 0x0D, 0x00, 
0x00, 0x00, 0x00, 0x6E, 0xE0, 0xE0, 0x58, 0x00, 0x00, 0x00, 0x35, 0xE0, 
0xE0, 0xE0, 0x1D, 0x00, 0x00, 0x00, 0x63, 0xE0, 0xE0, 0x54, 0x3D, 0xFF, 
0xFF, 0x9C, 0x00, 0x00, 0x00, 0x7D, 0xFF, 0xFF, 0xFF, 0x62, 0x00, 0x00, 
0x00, 0xA9, 0xFF, 0xFF, 0x1E, 0x04, 0xF2, 0xFF, 0xD7, 0x00, 0x00, 0x00, 
0xC0, 0xFF, 0xFF, 0xFF, 0xA6, 0x00, 0x00, 0x00, 0xE4, 0xFF, 0xD7, 0x00, 
0x00, 0xB2, 0xFF, 0xFE, 0x13, 0x00, 0x0A, 0xF9, 0xFF, 0xCB, 0xFF, 0xEA, 
0x01, 0x00, 0x1F, 0xFF, 0xFF, 0x90, 0x00, 0x00, 0x6D, 0xFF, 0xFF, 0x4D, 
0x00, 0x47, 0xFF, 0xFD, 0x43, 0xFF, 0xFF, 0x30, 0x00, 0x5A, 0xFF, 0xFF, 
0x4A, 0x00, 0x00, 0x27, 0xFF, 0xFF, 0x88, 0x00, 0x8A, 0xFF, 0xCB, 0x01, 
0xEB, 0xFF, 0x74, 0x00, 0x95, 0xFF, 0xF8, 0x0A, 0x00, 0x00, 0x00, 0xE1, 
0xFF, 0xC3, 0x00, 0xCD, 0xFF, 0x87, 0x00, 0xA9, 0xFF, 0xB9, 0x00, 0xD0, 
0xFF, 0xBC, 0x00, 0x00, 0x00, 0x00, 0x9C, 0xFF, 0xF7, 0x19, 0xFD, 0xFF, 
0x43, 0x00, 0x66, 0xFF, 0xF6, 0x15, 0xFC, 0xFF, 0x75, 0x00, 0x00, 0x00, 
0x00, 0x57, 0xFF, 0xFF, 0x8D, 0xFF, 0xF6, 0x08, 0x00, 0x21, 0xFF, 0xFF, 
0x88, 0xFF, 0xFF, 0x2F, 0x00, 0x00, 0x00, 0x00, 0x13, 0xFD, 0xFF, 0xF9, 
0xFF, 0xBA, 0x00, 0x00, 0x00, 0xDE, 0xFF, 0xF8, 0xFF, 0xE7, 0x01, 0x00, 
0x00, 0x00, 0x00, 0x00, 0xCC, 0xFF, 0xFF, 0xFF, 0x76, 0x00, 0x00, 0x00, 
0x9A, 0xFF, 0xFF, 0xFF, 0xA1, 0x00, 0x00, 0x00, 0x00, 0x00, 0x00, 0x87, 
0xFF, 0xFF, 0xFF, 0x32, 0x00, 0x00, 0x00, 0x56, 0xFF, 0xFF, 0xFF, 0x5B, 
0x00, 0x00, 0x00, 0x33, 0xDF, 0xE0, 0xC9, 0x08, 0x00, 0x00, 0x00, 0x5B, 
0xE0, 0xE0, 0xA1, 0x00, 0x00, 0x9B, 0xFF, 0xFF, 0x82, 0x00, 0x00, 0x10, 
0xE9, 0xFF, 0xF5, 0x23, 0x00, 0x00, 0x0E, 0xE2, 0xFF, 0xF8, 0x25, 0x00, 
0x94, 0xFF, 0xFF, 0x6D, 0x00, 0x00, 0x00, 0x00, 0x47, 0xFF, 0xFF, 0xB9, 
0x32, 0xFD, 0xFF, 0xC1, 0x01, 0x00, 0x00, 0x00, 0x00, 0x00, 0x9E, 0xFF, 
0xFF, 0xE9, 0xFF, 0xF4, 0x23, 0x00, 0x00, 0x00, 0x00, 0x00, 0x00, 0x0F, 
0xE5, 0xFF, 0xFF, 0xFF, 0x6E, 0x00, 0x00, 0x00, 0x00, 0x00, 0x00, 0x00, 
0x1E, 0xF1, 0xFF, 0xFF, 0xFF, 0x8D, 0x00, 0x00, 0x00, 0x00, 0x00, 0x00, 
0x01, 0xBC, 0xFF, 0xFF, 0xDE, 0xFF, 0xFD, 0x3B, 0x00, 0x00, 0x00, 0x00, 
0x00, 0x6A, 0xFF, 0xFF, 0xA2, 0x2C, 0xFA, 0xFF, 0xDA, 0x09, 0x00, 0x00, 
0x00, 0x22, 0xF4, 0xFF, 0xEC, 0x15, 0x00, 0x89, 0xFF, 0xFF, 0x8F, 0x00, 
0x00, 0x02, 0xC2, 0xFF, 0xFF, 0x60, 0x00, 0x00, 0x0B, 0xE1, 0xFF, 0xFD, 
0x3C, 0x00, 0x71, 0xFF, 0xFF, 0xBF, 0x00, 0x00, 0x00, 0x00, 0x4F, 0xFF, 
0xFF, 0xDB, 0x0A, 0x9D, 0xE0, 0xE0, 0x48, 0x00, 0x00, 0x00, 0x00, 0x00, 
0xB9, 0xE0, 0xDB, 0x0E, 0x55, 0xFF, 0xFF, 0xA5, 0x00, 0x00, 0x00, 0x00, 
0x23, 0xFF, 0xFF, 0xB1, 0x00, 0x05, 0xE9, 0xFF, 0xF4, 0x0A, 0x00, 0x00, 
0x00, 0x76, 0xFF, 0xFF, 0x53, 0x00, 0x00, 0x89, 0xFF, 0xFF, 0x57, 0x00, 
0x00, 0x00, 0xCA, 0xFF, 0xEE, 0x07, 0x00, 0x00, 0x25, 0xFE, 0xFF, 0xAF, 
0x00, 0x00, 0x1D, 0xFF, 0xFF, 0x96, 0x00, 0x00, 0x00, 0x00, 0xBE, 0xFF, 
0xF8, 0x0F, 0x00, 0x70, 0xFF, 0xFF, 0x38, 0x00, 0x00, 0x00, 0x00, 0x59, 
0xFF, 0xFF, 0x61, 0x00, 0xC4, 0xFF, 0xD9, 0x00, 0x00, 0x00, 0x00, 0x00, 
0x07, 0xEC, 0xFF, 0xBA, 0x19, 0xFD, 0xFF, 0x7B, 0x00, 0x00, 0x00, 0x00, 
0x00, 0x00, 0x8E, 0xFF, 0xFC, 0x81, 0xFF, 0xFE, 0x1E, 0x00, 0x00, 0x00, 
0x00, 0x00, 0x00, 0x28, 0xFF, 0xFF, 0xFE, 0xFF, 0xBE, 0x00, 0x00, 0x00, 
0x00, 0x00, 0x00, 0x00, 0x00, 0xC2, 0xFF, 0xFF, 0xFF, 0x60, 0x00, 0x00, 
0x00, 0x00, 0x00, 0x00, 0x00, 0x00, 0x5D, 0xFF, 0xFF, 0xF2, 0x0C, 0x00, 
0x00, 0x00, 0x00, 0x00, 0x00, 0x00, 0x00, 0x73, 0xFF, 0xFF, 0x94, 0x00, 
0x00, 0x00, 0x00, 0x00, 0x00, 0x00, 0x0F, 0x5E, 0xF6, 0xFF, 0xF7, 0x1E, 
0x00, 0x00, 0x00, 0x00, 0x00, 0x00, 0x6A, 0xFF, 0xFF, 0xFF, 0xFF, 0x6D, 
0x00, 0x00, 0x00, 0x00, 0x00, 0x00, 0x00, 0x6C, 0xFF, 0xFF, 0xEB, 0x66, 
0x00, 0x00, 0x00, 0x00, 0x00, 0x00, 0x00, 0x00, 0x2A, 0x5C, 0x3C, 0x07, 
0x00, 0x00, 0x00, 0x00, 0x00, 0x00, 0x00, 0x00, 0x70, 0xE0, 0xE0, 0xE0, 
0xE0, 0xE0, 0xE0, 0xE0, 0xE0, 0x65, 0x80, 0xFF, 0xFF, 0xFF, 0xFF, 0xFF, 
0xFF, 0xFF, 0xFF, 0x74, 0x2C, 0x58, 0x58, 0x58, 0x58, 0x6F, 0xFE, 0xFF, 
0xFD, 0x41, 0x00, 0x00, 0x00, 0x00, 0x07, 0xC7, 0xFF, 0xFF, 0x72, 0x00, 
0x00, 0x00, 0x00, 0x00, 0xA2, 0xFF, 0xFF, 0x9B, 0x00, 0x00, 0x00, 0x00, 
0x00, 0x78, 0xFF, 0xFF, 0xC0, 0x05, 0x00, 0x00, 0x00, 0x00, 0x4D, 0xFD, 
0xFF, 0xDC, 0x13, 0x00, 0x00, 0x00, 0x00, 0x2C, 0xF2, 0xFF, 0xF0, 0x28, 
0x00, 0x00, 0x00, 0x00, 0x14, 0xDF, 0xFF, 0xFC, 0x47, 0x00, 0x00, 0x00, 
0x00, 0x00, 0xBE, 0xFF, 0xFF, 0xAD, 0x48, 0x48, 0x48, 0x48, 0x48, 0x3F, 
0xF0, 0xFF, 0xFF, 0xFF, 0xFF, 0xFF, 0xFF, 0xFF, 0xFF, 0xE0, 0xF0, 0xFF, 
0xFF, 0xFF, 0xFF, 0xFF, 0xFF, 0xFF, 0xFF, 0xE0, 0x00, 0x00, 0x00, 0x04, 
0x5C, 0x9D, 0x83, 0x00, 0x00, 0x06, 0xC2, 0xFF, 0xFF, 0xBC, 0x00, 0x00, 
0x5D, 0xFF, 0xFF, 0xC0, 0x52, 0x00, 0x00, 0x96, 0xFF, 0xFF, 0x2D, 0x00, 
0x00, 0x00, 0xA3, 0xFF, 0xFF, 0x1C, 0x00, 0x00, 0x00, 0xA4, 0xFF, 0xFF, 
0x1C, 0x00, 0x00, 0x00, 0xA4, 0xFF, 0xFF, 0x1C, 0x00, 0x00, 0x00, 0xA4, 
0xFF, 0xFF, 0x1C, 0x00, 0x00, 0x00, 0xAB, 0xFF, 0xFF, 0x14, 0x00, 0x09, 
0x54, 0xEC, 0xFF, 0xE0, 0x00, 0x00, 0x28, 0xFF, 0xFF, 0xCF, 0x31, 0x00, 
0x00, 0x24, 0xF6, 0xFF, 0xFA, 0x6D, 0x00, 0x00, 0x00, 0x08, 0xD4, 0xFF, 
0xF6, 0x04, 0x00, 0x00, 0x00, 0xA6, 0xFF, 0xFF, 0x19, 0x00, 0x00, 0x00, 
0xA4, 0xFF, 0xFF, 0x1C, 0x00, 0x00, 0x00, 0xA4, 0xFF, 0xFF, 0x1C, 0x00, 
0x00, 0x00, 0xA4, 0xFF, 0xFF, 0x1C, 0x00, 0x00, 0x00, 0xA1, 0xFF, 0xFF, 
0x1E, 0x00, 0x00, 0x00, 0x8A, 0xFF, 0xFF, 0x44, 0x00, 0x00, 0x00, 0x3C, 
0xFF, 0xFF, 0xF2, 0x8F, 0x00, 0x00, 0x00, 0x77, 0xF9, 0xFF, 0xBC, 0x00, 
0x00, 0x00, 0x00, 0x13, 0x4D, 0x48, 0xA6, 0xB8, 0x5E, 0xE8, 0xFF, 0x84, 
0xE8, 0xFF, 0x84, 0xE8, 0xFF, 0x84, 0xE8, 0xFF, 0x84, 0xE8, 0xFF, 0x84, 
0xE8, 0xFF, 0x84, 0xE8, 0xFF, 0x84, 0xE8, 0xFF, 0x84, 0xE8, 0xFF, 0x84, 
0xE8, 0xFF, 0x84, 0xE8, 0xFF, 0x84, 0xE8, 0xFF, 0x84, 0xE8, 0xFF, 0x84, 
0xE8, 0xFF, 0x84, 0xE8, 0xFF, 0x84, 0xE8, 0xFF, 0x84, 0xE8, 0xFF, 0x84, 
0xE8, 0xFF, 0x84, 0xE8, 0xFF, 0x84, 0xE8, 0xFF, 0x84, 0x5E, 0x68, 0x35, 
0x4C, 0xA7, 0x75, 0x16, 0x00, 0x00, 0x00, 0x6C, 0xFF, 0xFF, 0xEB, 0x28, 
0x00, 0x00, 0x2E, 0x99, 0xFF, 0xFF, 0xAB, 0x00, 0x00, 0x00, 0x00, 0xE0, 
0xFF, 0xE5, 0x00, 0x00, 0x00, 0x00, 0xCC, 0xFF, 0xF3, 0x00, 0x00, 0x00, 
0x00, 0xCC, 0xFF, 0xF4, 0x00, 0x00, 0x00, 0x00, 0xCC, 0xFF, 0xF4, 0x00, 
0x00, 0x00, 0x00, 0xCC, 0xFF, 0xF4, 0x00, 0x00, 0x00, 0x00, 0xC4, 0xFF, 
0xFA, 0x01, 0x00, 0x00, 0x00, 0x91, 0xFF, 0xFF, 0x79, 0x1C, 0x00, 0x00, 
0x0E, 0xA2, 0xFF, 0xFF, 0x78, 0x00, 0x00, 0x30, 0xE6, 0xFF, 0xFE, 0x71, 
0x00, 0x00, 0xAB, 0xFF, 0xFF, 0x2F, 0x00, 0x00, 0x00, 0xC9, 0xFF, 0xF6, 
0x00, 0x00, 0x00, 0x00, 0xCC, 0xFF, 0xF4, 0x00, 0x00, 0x00, 0x00, 0xCC, 
0xFF, 0xF4, 0x00, 0x00, 0x00, 0x00, 0xCC, 0xFF, 0xF4, 0x00, 0x00, 0x00, 
0x00, 0xCF, 0xFF, 0xF1, 0x00, 0x00, 0x00, 0x07, 0xED, 0xFF, 0xD9, 0x00, 
0x00, 0x51, 0xE2, 0xFF, 0xFF, 0x8B, 0x00, 0x00, 0x6C, 0xFF, 0xFF, 0xB2, 
0x0A, 0x00, 0x00, 0x2A, 0x57, 0x25, 0x00, 0x00, 0x00, 0x00, 0x00, 0x00, 
0x50, 0x99, 0x93, 0x49, 0x00, 0x00, 0x00, 0x23, 0x74, 0x56, 0x00, 0x75, 
0xFF, 0xFF, 0xFF, 0xFF, 0xBC, 0x25, 0x00, 0x76, 0xFF, 0xC2, 0x0F, 0xF3, 
0xFF, 0xB5, 0xAE, 0xFD, 0xFF, 0xF9, 0xCB, 0xF8, 0xFF, 0x75, 0x44, 0xFF, 
0xEB, 0x04, 0x00, 0x38, 0xCE, 0xFF, 0xFF, 0xFF, 0xCE, 0x08, 0x0F, 0x36, 
0x39, 0x00, 0x00, 0x00, 0x02, 0x45, 0x6D, 0x55, 0x07, 0x00, 0x00, 0x23, 
0xE9, 0x98, 0xBF, 0xE9, 0x87, 0x8C, 0xE5, 0xB7, 0xB4, 0xE5, 0xB7, 0xB4, 
0xE6, 0x99, 0xAE, 0xE6, 0x83, 0xA0, 0xE4, 0xBD, 0x93, 0x20, 0x33, 0x20, 
0x37, 0x35, 0x20, 0x53, 0x65, 0x6D, 0x69, 0x42, 0x6F, 0x6C, 0x64, 0x00, 
0x1C, 0x41, 0x6C, 0x69, 0x62, 0x61, 0x62, 0x61, 0x50, 0x75, 0x48, 0x75, 
0x69, 0x54, 0x69, 0x5F, 0x33, 0x5F, 0x37, 0x35, 0x5F, 0x53, 0x65, 0x6D, 
0x69, 0x42, 0x6F, 0x6C, 0x64, 0x01
};
