#include <pgmspace.h>
const uint8_t  settingPage_22[] PROGMEM = {
0x00, 0x00, 0x00, 0xB2, 0x00, 0x00, 0x00, 0x0B, 0x00, 0x00, 0x00, 0x16, 
0x00, 0x00, 0x00, 0x00, 0x00, 0x00, 0x00, 0x11, 0x00, 0x00, 0x00, 0x05, 
0x00, 0x00, 0x00, 0x21, 0x00, 0x00, 0x00, 0x11, 0x00, 0x00, 0x00, 0x04, 
0x00, 0x00, 0x00, 0x08, 0x00, 0x00, 0x00, 0x10, 0x00, 0x00, 0x00, 0x02, 
0x00, 0x00, 0x00, 0x00, 0x00, 0x00, 0x00, 0x22, 0x00, 0x00, 0x00, 0x07, 
0x00, 0x00, 0x00, 0x07, 0x00, 0x00, 0x00, 0x09, 0x00, 0x00, 0x00, 0x11, 
0x00, 0x00, 0x00, 0x01, 0x00, 0x00, 0x00, 0x00, 0x00, 0x00, 0x00, 0x23, 
0x00, 0x00, 0x00, 0x10, 0x00, 0x00, 0x00, 0x0D, 0x00, 0x00, 0x00, 0x0D, 
0x00, 0x00, 0x00, 0x10, 0x00, 0x00, 0x00, 0x00, 0x00, 0x00, 0x00, 0x00, 
0x00, 0x00, 0x00, 0x24, 0x00, 0x00, 0x00, 0x16, 0x00, 0x00, 0x00, 0x0B, 
0x00, 0x00, 0x00, 0x0D, 0x00, 0x00, 0x00, 0x12, 0x00, 0x00, 0x00, 0x01, 
0x00, 0x00, 0x00, 0x00, 0x00, 0x00, 0x00, 0x25, 0x00, 0x00, 0x00, 0x11, 
0x00, 0x00, 0x00, 0x10, 0x00, 0x00, 0x00, 0x12, 0x00, 0x00, 0x00, 0x10, 
0x00, 0x00, 0x00, 0x01, 0x00, 0x00, 0x00, 0x00, 0x00, 0x00, 0x00, 0x26, 
0x00, 0x00, 0x00, 0x11, 0x00, 0x00, 0x00, 0x0E, 0x00, 0x00, 0x00, 0x0E, 
0x00, 0x00, 0x00, 0x10, 0x00, 0x00, 0x00, 0x00, 0x00, 0x00, 0x00, 0x00, 
0x00, 0x00, 0x00, 0x27, 0x00, 0x00, 0x00, 0x07, 0x00, 0x00, 0x00, 0x04, 
0x00, 0x00, 0x00, 0x05, 0x00, 0x00, 0x00, 0x11, 0x00, 0x00, 0x00, 0x01, 
0x00, 0x00, 0x00, 0x00, 0x00, 0x00, 0x00, 0x28, 0x00, 0x00, 0x00, 0x16, 
0x00, 0x00, 0x00, 0x07, 0x00, 0x00, 0x00, 0x09, 0x00, 0x00, 0x00, 0x11, 
0x00, 0x00, 0x00, 0x01, 0x00, 0x00, 0x00, 0x00, 0x00, 0x00, 0x00, 0x29, 
0x00, 0x00, 0x00, 0x16, 0x00, 0x00, 0x00, 0x08, 0x00, 0x00, 0x00, 0x09, 
0x00, 0x00, 0x00, 0x11, 0x00, 0x00, 0x00, 0x00, 0x00, 0x00, 0x00, 0x00, 
0x00, 0x00, 0x00, 0x2A, 0x00, 0x00, 0x00, 0x09, 0x00, 0x00, 0x00, 0x0A, 
0x00, 0x00, 0x00, 0x0A, 0x00, 0x00, 0x00, 0x11, 0x00, 0x00, 0x00, 0x00, 
0x00, 0x00, 0x00, 0x00, 0x00, 0x00, 0x00, 0x2B, 0x00, 0x00, 0x00, 0x0D, 
0x00, 0x00, 0x00, 0x0C, 0x00, 0x00, 0x00, 0x0D, 0x00, 0x00, 0x00, 0x0D, 
0x00, 0x00, 0x00, 0x00, 0x00, 0x00, 0x00, 0x00, 0x00, 0x00, 0x00, 0x2C, 
0x00, 0x00, 0x00, 0x07, 0x00, 0x00, 0x00, 0x06, 0x00, 0x00, 0x00, 0x07, 
0x00, 0x00, 0x00, 0x04, 0x00, 0x00, 0x00, 0x00, 0x00, 0x00, 0x00, 0x00, 
0x00, 0x00, 0x00, 0x2D, 0x00, 0x00, 0x00, 0x03, 0x00, 0x00, 0x00, 0x08, 
0x00, 0x00, 0x00, 0x0A, 0x00, 0x00, 0x00, 0x08, 0x00, 0x00, 0x00, 0x01, 
0x00, 0x00, 0x00, 0x00, 0x00, 0x00, 0x00, 0x2E, 0x00, 0x00, 0x00, 0x05, 
0x00, 0x00, 0x00, 0x05, 0x00, 0x00, 0x00, 0x07, 0x00, 0x00, 0x00, 0x04, 
0x00, 0x00, 0x00, 0x01, 0x00, 0x00, 0x00, 0x00, 0x00, 0x00, 0x00, 0x2F, 
0x00, 0x00, 0x00, 0x11, 0x00, 0x00, 0x00, 0x09, 0x00, 0x00, 0x00, 0x0B, 
0x00, 0x00, 0x00, 0x10, 0x00, 0x00, 0x00, 0x01, 0x00, 0x00, 0x00, 0x00, 
0x00, 0x00, 0x00, 0x30, 0x00, 0x00, 0x00, 0x11, 0x00, 0x00, 0x00, 0x0C, 
0x00, 0x00, 0x00, 0x0D, 0x00, 0x00, 0x00, 0x10, 0x00, 0x00, 0x00, 0x00, 
0x00, 0x00, 0x00, 0x00, 0x00, 0x00, 0x00, 0x30, 0x00, 0x00, 0x00, 0x11, 
0x00, 0x00, 0x00, 0x0C, 0x00, 0x00, 0x00, 0x0D, 0x00, 0x00, 0x00, 0x10, 
0x00, 0x00, 0x00, 0x00, 0x00, 0x00, 0x00, 0x00, 0x00, 0x00, 0x00, 0x31, 
0x00, 0x00, 0x00, 0x10, 0x00, 0x00, 0x00, 0x07, 0x00, 0x00, 0x00, 0x0D, 
0x00, 0x00, 0x00, 0x10, 0x00, 0x00, 0x00, 0x02, 0x00, 0x00, 0x00, 0x00, 
0x00, 0x00, 0x00, 0x31, 0x00, 0x00, 0x00, 0x10, 0x00, 0x00, 0x00, 0x07, 
0x00, 0x00, 0x00, 0x0D, 0x00, 0x00, 0x00, 0x10, 0x00, 0x00, 0x00, 0x02, 
0x00, 0x00, 0x00, 0x00, 0x00, 0x00, 0x00, 0x32, 0x00, 0x00, 0x00, 0x10, 
0x00, 0x00, 0x00, 0x0B, 0x00, 0x00, 0x00, 0x0D, 0x00, 0x00, 0x00, 0x10, 
0x00, 0x00, 0x00, 0x01, 0x00, 0x00, 0x00, 0x00, 0x00, 0x00, 0x00, 0x32, 
0x00, 0x00, 0x00, 0x10, 0x00, 0x00, 0x00, 0x0B, 0x00, 0x00, 0x00, 0x0D, 
0x00, 0x00, 0x00, 0x10, 0x00, 0x00, 0x00, 0x01, 0x00, 0x00, 0x00, 0x00, 
0x00, 0x00, 0x00, 0x33, 0x00, 0x00, 0x00, 0x11, 0x00, 0x00, 0x00, 0x0B, 
0x00, 0x00, 0x00, 0x0D, 0x00, 0x00, 0x00, 0x10, 0x00, 0x00, 0x00, 0x01, 
0x00, 0x00, 0x00, 0x00, 0x00, 0x00, 0x00, 0x33, 0x00, 0x00, 0x00, 0x11, 
0x00, 0x00, 0x00, 0x0B, 0x00, 0x00, 0x00, 0x0D, 0x00, 0x00, 0x00, 0x10, 
0x00, 0x00, 0x00, 0x01, 0x00, 0x00, 0x00, 0x00, 0x00, 0x00, 0x00, 0x34, 
0x00, 0x00, 0x00, 0x10, 0x00, 0x00, 0x00, 0x0D, 0x00, 0x00, 0x00, 0x0D, 
0x00, 0x00, 0x00, 0x10, 0x00, 0x00, 0x00, 0x00, 0x00, 0x00, 0x00, 0x00, 
0x00, 0x00, 0x00, 0x34, 0x00, 0x00, 0x00, 0x10, 0x00, 0x00, 0x00, 0x0D, 
0x00, 0x00, 0x00, 0x0D, 0x00, 0x00, 0x00, 0x10, 0x00, 0x00, 0x00, 0x00, 
0x00, 0x00, 0x00, 0x00, 0x00, 0x00, 0x00, 0x35, 0x00, 0x00, 0x00, 0x11, 
0x00, 0x00, 0x00, 0x0B, 0x00, 0x00, 0x00, 0x0D, 0x00, 0x00, 0x00, 0x10, 
0x00, 0x00, 0x00, 0x01, 0x00, 0x00, 0x00, 0x00, 0x00, 0x00, 0x00, 0x35, 
0x00, 0x00, 0x00, 0x11, 0x00, 0x00, 0x00, 0x0B, 0x00, 0x00, 0x00, 0x0D, 
0x00, 0x00, 0x00, 0x10, 0x00, 0x00, 0x00, 0x01, 0x00, 0x00, 0x00, 0x00, 
0x00, 0x00, 0x00, 0x36, 0x00, 0x00, 0x00, 0x11, 0x00, 0x00, 0x00, 0x0B, 
0x00, 0x00, 0x00, 0x0D, 0x00, 0x00, 0x00, 0x10, 0x00, 0x00, 0x00, 0x01, 
0x00, 0x00, 0x00, 0x00, 0x00, 0x00, 0x00, 0x36, 0x00, 0x00, 0x00, 0x11, 
0x00, 0x00, 0x00, 0x0B, 0x00, 0x00, 0x00, 0x0D, 0x00, 0x00, 0x00, 0x10, 
0x00, 0x00, 0x00, 0x01, 0x00, 0x00, 0x00, 0x00, 0x00, 0x00, 0x00, 0x37, 
0x00, 0x00, 0x00, 0x10, 0x00, 0x00, 0x00, 0x0B, 0x00, 0x00, 0x00, 0x0D, 
0x00, 0x00, 0x00, 0x10, 0x00, 0x00, 0x00, 0x01, 0x00, 0x00, 0x00, 0x00, 
0x00, 0x00, 0x00, 0x37, 0x00, 0x00, 0x00, 0x10, 0x00, 0x00, 0x00, 0x0B, 
0x00, 0x00, 0x00, 0x0D, 0x00, 0x00, 0x00, 0x10, 0x00, 0x00, 0x00, 0x01, 
0x00, 0x00, 0x00, 0x00, 0x00, 0x00, 0x00, 0x38, 0x00, 0x00, 0x00, 0x11, 
0x00, 0x00, 0x00, 0x0C, 0x00, 0x00, 0x00, 0x0D, 0x00, 0x00, 0x00, 0x10, 
0x00, 0x00, 0x00, 0x00, 0x00, 0x00, 0x00, 0x00, 0x00, 0x00, 0x00, 0x38, 
0x00, 0x00, 0x00, 0x11, 0x00, 0x00, 0x00, 0x0C, 0x00, 0x00, 0x00, 0x0D, 
0x00, 0x00, 0x00, 0x10, 0x00, 0x00, 0x00, 0x00, 0x00, 0x00, 0x00, 0x00, 
0x00, 0x00, 0x00, 0x39, 0x00, 0x00, 0x00, 0x11, 0x00, 0x00, 0x00, 0x0B, 
0x00, 0x00, 0x00, 0x0D, 0x00, 0x00, 0x00, 0x10, 0x00, 0x00, 0x00, 0x01, 
0x00, 0x00, 0x00, 0x00, 0x00, 0x00, 0x00, 0x39, 0x00, 0x00, 0x00, 0x11, 
0x00, 0x00, 0x00, 0x0B, 0x00, 0x00, 0x00, 0x0D, 0x00, 0x00, 0x00, 0x10, 
0x00, 0x00, 0x00, 0x01, 0x00, 0x00, 0x00, 0x00, 0x00, 0x00, 0x00, 0x3A, 
0x00, 0x00, 0x00, 0x0E, 0x00, 0x00, 0x00, 0x05, 0x00, 0x00, 0x00, 0x09, 
0x00, 0x00, 0x00, 0x0D, 0x00, 0x00, 0x00, 0x02, 0x00, 0x00, 0x00, 0x00, 
0x00, 0x00, 0x00, 0x3B, 0x00, 0x00, 0x00, 0x10, 0x00, 0x00, 0x00, 0x06, 
0x00, 0x00, 0x00, 0x09, 0x00, 0x00, 0x00, 0x0D, 0x00, 0x00, 0x00, 0x01, 
0x00, 0x00, 0x00, 0x00, 0x00, 0x00, 0x00, 0x3C, 0x00, 0x00, 0x00, 0x0D, 
0x00, 0x00, 0x00, 0x0C, 0x00, 0x00, 0x00, 0x0D, 0x00, 0x00, 0x00, 0x0D, 
0x00, 0x00, 0x00, 0x00, 0x00, 0x00, 0x00, 0x00, 0x00, 0x00, 0x00, 0x3D, 
0x00, 0x00, 0x00, 0x09, 0x00, 0x00, 0x00, 0x0C, 0x00, 0x00, 0x00, 0x0D, 
0x00, 0x00, 0x00, 0x0B, 0x00, 0x00, 0x00, 0x00, 0x00, 0x00, 0x00, 0x00, 
0x00, 0x00, 0x00, 0x3E, 0x00, 0x00, 0x00, 0x0D, 0x00, 0x00, 0x00, 0x0C, 
0x00, 0x00, 0x00, 0x0D, 0x00, 0x00, 0x00, 0x0D, 0x00, 0x00, 0x00, 0x00, 
0x00, 0x00, 0x00, 0x00, 0x00, 0x00, 0x00, 0x3F, 0x00, 0x00, 0x00, 0x11, 
0x00, 0x00, 0x00, 0x0A, 0x00, 0x00, 0x00, 0x0A, 0x00, 0x00, 0x00, 0x10, 
0x00, 0x00, 0x00, 0x00, 0x00, 0x00, 0x00, 0x00, 0x00, 0x00, 0x00, 0x40, 
0x00, 0x00, 0x00, 0x13, 0x00, 0x00, 0x00, 0x13, 0x00, 0x00, 0x00, 0x13, 
0x00, 0x00, 0x00, 0x10, 0x00, 0x00, 0x00, 0x00, 0x00, 0x00, 0x00, 0x00, 
0x00, 0x00, 0x00, 0x41, 0x00, 0x00, 0x00, 0x10, 0x00, 0x00, 0x00, 0x10, 
0x00, 0x00, 0x00, 0x10, 0x00, 0x00, 0x00, 0x10, 0x00, 0x00, 0x00, 0x00, 
0x00, 0x00, 0x00, 0x00, 0x00, 0x00, 0x00, 0x42, 0x00, 0x00, 0x00, 0x10, 
0x00, 0x00, 0x00, 0x0C, 0x00, 0x00, 0x00, 0x0E, 0x00, 0x00, 0x00, 0x10, 
0x00, 0x00, 0x00, 0x01, 0x00, 0x00, 0x00, 0x00, 0x00, 0x00, 0x00, 0x43, 
0x00, 0x00, 0x00, 0x11, 0x00, 0x00, 0x00, 0x0C, 0x00, 0x00, 0x00, 0x0D, 
0x00, 0x00, 0x00, 0x10, 0x00, 0x00, 0x00, 0x01, 0x00, 0x00, 0x00, 0x00, 
0x00, 0x00, 0x00, 0x43, 0x00, 0x00, 0x00, 0x11, 0x00, 0x00, 0x00, 0x0C, 
0x00, 0x00, 0x00, 0x0D, 0x00, 0x00, 0x00, 0x10, 0x00, 0x00, 0x00, 0x01, 
0x00, 0x00, 0x00, 0x00, 0x00, 0x00, 0x00, 0x44, 0x00, 0x00, 0x00, 0x10, 
0x00, 0x00, 0x00, 0x0E, 0x00, 0x00, 0x00, 0x10, 0x00, 0x00, 0x00, 0x10, 
0x00, 0x00, 0x00, 0x01, 0x00, 0x00, 0x00, 0x00, 0x00, 0x00, 0x00, 0x44, 
0x00, 0x00, 0x00, 0x10, 0x00, 0x00, 0x00, 0x0E, 0x00, 0x00, 0x00, 0x10, 
0x00, 0x00, 0x00, 0x10, 0x00, 0x00, 0x00, 0x01, 0x00, 0x00, 0x00, 0x00, 
0x00, 0x00, 0x00, 0x45, 0x00, 0x00, 0x00, 0x10, 0x00, 0x00, 0x00, 0x0B, 
0x00, 0x00, 0x00, 0x0C, 0x00, 0x00, 0x00, 0x10, 0x00, 0x00, 0x00, 0x01, 
0x00, 0x00, 0x00, 0x00, 0x00, 0x00, 0x00, 0x46, 0x00, 0x00, 0x00, 0x10, 
0x00, 0x00, 0x00, 0x0A, 0x00, 0x00, 0x00, 0x0C, 0x00, 0x00, 0x00, 0x10, 
0x00, 0x00, 0x00, 0x01, 0x00, 0x00, 0x00, 0x00, 0x00, 0x00, 0x00, 0x47, 
0x00, 0x00, 0x00, 0x11, 0x00, 0x00, 0x00, 0x0D, 0x00, 0x00, 0x00, 0x0F, 
0x00, 0x00, 0x00, 0x10, 0x00, 0x00, 0x00, 0x01, 0x00, 0x00, 0x00, 0x00, 
0x00, 0x00, 0x00, 0x48, 0x00, 0x00, 0x00, 0x10, 0x00, 0x00, 0x00, 0x0E, 
0x00, 0x00, 0x00, 0x10, 0x00, 0x00, 0x00, 0x10, 0x00, 0x00, 0x00, 0x01, 
0x00, 0x00, 0x00, 0x00, 0x00, 0x00, 0x00, 0x49, 0x00, 0x00, 0x00, 0x10, 
0x00, 0x00, 0x00, 0x04, 0x00, 0x00, 0x00, 0x07, 0x00, 0x00, 0x00, 0x10, 
0x00, 0x00, 0x00, 0x01, 0x00, 0x00, 0x00, 0x00, 0x00, 0x00, 0x00, 0x4A, 
0x00, 0x00, 0x00, 0x15, 0x00, 0x00, 0x00, 0x07, 0x00, 0x00, 0x00, 0x07, 
0x00, 0x00, 0x00, 0x10, 0xFF, 0xFF, 0xFF, 0xFE, 0x00, 0x00, 0x00, 0x00, 
0x00, 0x00, 0x00, 0x4B, 0x00, 0x00, 0x00, 0x10, 0x00, 0x00, 0x00, 0x0E, 
0x00, 0x00, 0x00, 0x0E, 0x00, 0x00, 0x00, 0x10, 0x00, 0x00, 0x00, 0x01, 
0x00, 0x00, 0x00, 0x00, 0x00, 0x00, 0x00, 0x4C, 0x00, 0x00, 0x00, 0x10, 
0x00, 0x00, 0x00, 0x0B, 0x00, 0x00, 0x00, 0x0C, 0x00, 0x00, 0x00, 0x10, 
0x00, 0x00, 0x00, 0x01, 0x00, 0x00, 0x00, 0x00, 0x00, 0x00, 0x00, 0x4D, 
0x00, 0x00, 0x00, 0x10, 0x00, 0x00, 0x00, 0x11, 0x00, 0x00, 0x00, 0x13, 
0x00, 0x00, 0x00, 0x10, 0x00, 0x00, 0x00, 0x01, 0x00, 0x00, 0x00, 0x00, 
0x00, 0x00, 0x00, 0x4E, 0x00, 0x00, 0x00, 0x10, 0x00, 0x00, 0x00, 0x0E, 
0x00, 0x00, 0x00, 0x11, 0x00, 0x00, 0x00, 0x10, 0x00, 0x00, 0x00, 0x01, 
0x00, 0x00, 0x00, 0x00, 0x00, 0x00, 0x00, 0x4F, 0x00, 0x00, 0x00, 0x11, 
0x00, 0x00, 0x00, 0x0F, 0x00, 0x00, 0x00, 0x10, 0x00, 0x00, 0x00, 0x10, 
0x00, 0x00, 0x00, 0x01, 0x00, 0x00, 0x00, 0x00, 0x00, 0x00, 0x00, 0x50, 
0x00, 0x00, 0x00, 0x10, 0x00, 0x00, 0x00, 0x0C, 0x00, 0x00, 0x00, 0x0E, 
0x00, 0x00, 0x00, 0x10, 0x00, 0x00, 0x00, 0x01, 0x00, 0x00, 0x00, 0x00, 
0x00, 0x00, 0x00, 0x51, 0x00, 0x00, 0x00, 0x14, 0x00, 0x00, 0x00, 0x0F, 
0x00, 0x00, 0x00, 0x10, 0x00, 0x00, 0x00, 0x10, 0x00, 0x00, 0x00, 0x01, 
0x00, 0x00, 0x00, 0x00, 0x00, 0x00, 0x00, 0x52, 0x00, 0x00, 0x00, 0x10, 
0x00, 0x00, 0x00, 0x0D, 0x00, 0x00, 0x00, 0x0E, 0x00, 0x00, 0x00, 0x10, 
0x00, 0x00, 0x00, 0x01, 0x00, 0x00, 0x00, 0x00, 0x00, 0x00, 0x00, 0x53, 
0x00, 0x00, 0x00, 0x11, 0x00, 0x00, 0x00, 0x0B, 0x00, 0x00, 0x00, 0x0D, 
0x00, 0x00, 0x00, 0x10, 0x00, 0x00, 0x00, 0x01, 0x00, 0x00, 0x00, 0x00, 
0x00, 0x00, 0x00, 0x54, 0x00, 0x00, 0x00, 0x10, 0x00, 0x00, 0x00, 0x0C, 
0x00, 0x00, 0x00, 0x0C, 0x00, 0x00, 0x00, 0x10, 0x00, 0x00, 0x00, 0x00, 
0x00, 0x00, 0x00, 0x00, 0x00, 0x00, 0x00, 0x55, 0x00, 0x00, 0x00, 0x11, 
0x00, 0x00, 0x00, 0x0E, 0x00, 0x00, 0x00, 0x10, 0x00, 0x00, 0x00, 0x10, 
0x00, 0x00, 0x00, 0x01, 0x00, 0x00, 0x00, 0x00, 0x00, 0x00, 0x00, 0x56, 
0x00, 0x00, 0x00, 0x10, 0x00, 0x00, 0x00, 0x0F, 0x00, 0x00, 0x00, 0x0F, 
0x00, 0x00, 0x00, 0x10, 0x00, 0x00, 0x00, 0x00, 0x00, 0x00, 0x00, 0x00, 
0x00, 0x00, 0x00, 0x57, 0x00, 0x00, 0x00, 0x10, 0x00, 0x00, 0x00, 0x15, 
0x00, 0x00, 0x00, 0x15, 0x00, 0x00, 0x00, 0x10, 0x00, 0x00, 0x00, 0x00, 
0x00, 0x00, 0x00, 0x00, 0x00, 0x00, 0x00, 0x58, 0x00, 0x00, 0x00, 0x10, 
0x00, 0x00, 0x00, 0x0F, 0x00, 0x00, 0x00, 0x0F, 0x00, 0x00, 0x00, 0x10, 
0x00, 0x00, 0x00, 0x00, 0x00, 0x00, 0x00, 0x00, 0x00, 0x00, 0x00, 0x59, 
0x00, 0x00, 0x00, 0x10, 0x00, 0x00, 0x00, 0x0F, 0x00, 0x00, 0x00, 0x0E, 
0x00, 0x00, 0x00, 0x10, 0x00, 0x00, 0x00, 0x00, 0x00, 0x00, 0x00, 0x00, 
0x00, 0x00, 0x00, 0x5A, 0x00, 0x00, 0x00, 0x10, 0x00, 0x00, 0x00, 0x0D, 
0x00, 0x00, 0x00, 0x0E, 0x00, 0x00, 0x00, 0x10, 0x00, 0x00, 0x00, 0x01, 
0x00, 0x00, 0x00, 0x00, 0x00, 0x00, 0x00, 0x5B, 0x00, 0x00, 0x00, 0x16, 
0x00, 0x00, 0x00, 0x06, 0x00, 0x00, 0x00, 0x07, 0x00, 0x00, 0x00, 0x11, 
0x00, 0x00, 0x00, 0x01, 0x00, 0x00, 0x00, 0x00, 0x00, 0x00, 0x00, 0x5C, 
0x00, 0x00, 0x00, 0x14, 0x00, 0x00, 0x00, 0x0B, 0x00, 0x00, 0x00, 0x0B, 
0x00, 0x00, 0x00, 0x11, 0x00, 0x00, 0x00, 0x00, 0x00, 0x00, 0x00, 0x00, 
0x00, 0x00, 0x00, 0x5D, 0x00, 0x00, 0x00, 0x16, 0x00, 0x00, 0x00, 0x06, 
0x00, 0x00, 0x00, 0x07, 0x00, 0x00, 0x00, 0x11, 0x00, 0x00, 0x00, 0x00, 
0x00, 0x00, 0x00, 0x00, 0x00, 0x00, 0x00, 0x5E, 0x00, 0x00, 0x00, 0x0A, 
0x00, 0x00, 0x00, 0x0B, 0x00, 0x00, 0x00, 0x0D, 0x00, 0x00, 0x00, 0x10, 
0x00, 0x00, 0x00, 0x01, 0x00, 0x00, 0x00, 0x00, 0x00, 0x00, 0x00, 0x5F, 
0x00, 0x00, 0x00, 0x03, 0x00, 0x00, 0x00, 0x0B, 0x00, 0x00, 0x00, 0x0B, 
0xFF, 0xFF, 0xFF, 0xFE, 0x00, 0x00, 0x00, 0x00, 0x00, 0x00, 0x00, 0x00, 
0x00, 0x00, 0x00, 0x60, 0x00, 0x00, 0x00, 0x04, 0x00, 0x00, 0x00, 0x06, 
0x00, 0x00, 0x00, 0x09, 0x00, 0x00, 0x00, 0x11, 0x00, 0x00, 0x00, 0x01, 
0x00, 0x00, 0x00, 0x00, 0x00, 0x00, 0x00, 0x61, 0x00, 0x00, 0x00, 0x0E, 
0x00, 0x00, 0x00, 0x0C, 0x00, 0x00, 0x00, 0x0E, 0x00, 0x00, 0x00, 0x0D, 
0x00, 0x00, 0x00, 0x00, 0x00, 0x00, 0x00, 0x00, 0x00, 0x00, 0x00, 0x62, 
0x00, 0x00, 0x00, 0x12, 0x00, 0x00, 0x00, 0x0D, 0x00, 0x00, 0x00, 0x0E, 
0x00, 0x00, 0x00, 0x11, 0x00, 0x00, 0x00, 0x01, 0x00, 0x00, 0x00, 0x00, 
0x00, 0x00, 0x00, 0x63, 0x00, 0x00, 0x00, 0x0E, 0x00, 0x00, 0x00, 0x0A, 
0x00, 0x00, 0x00, 0x0B, 0x00, 0x00, 0x00, 0x0D, 0x00, 0x00, 0x00, 0x01, 
0x00, 0x00, 0x00, 0x00, 0x00, 0x00, 0x00, 0x64, 0x00, 0x00, 0x00, 0x12, 
0x00, 0x00, 0x00, 0x0C, 0x00, 0x00, 0x00, 0x0E, 0x00, 0x00, 0x00, 0x11, 
0x00, 0x00, 0x00, 0x01, 0x00, 0x00, 0x00, 0x00, 0x00, 0x00, 0x00, 0x65, 
0x00, 0x00, 0x00, 0x0E, 0x00, 0x00, 0x00, 0x0B, 0x00, 0x00, 0x00, 0x0D, 
0x00, 0x00, 0x00, 0x0D, 0x00, 0x00, 0x00, 0x01, 0x00, 0x00, 0x00, 0x00, 
0x00, 0x00, 0x00, 0x66, 0x00, 0x00, 0x00, 0x11, 0x00, 0x00, 0x00, 0x09, 
0x00, 0x00, 0x00, 0x08, 0x00, 0x00, 0x00, 0x11, 0x00, 0x00, 0x00, 0x00, 
0x00, 0x00, 0x00, 0x00, 0x00, 0x00, 0x00, 0x67, 0x00, 0x00, 0x00, 0x12, 
0x00, 0x00, 0x00, 0x0C, 0x00, 0x00, 0x00, 0x0E, 0x00, 0x00, 0x00, 0x0D, 
0x00, 0x00, 0x00, 0x01, 0x00, 0x00, 0x00, 0x00, 0x00, 0x00, 0x00, 0x68, 
0x00, 0x00, 0x00, 0x11, 0x00, 0x00, 0x00, 0x0C, 0x00, 0x00, 0x00, 0x0E, 
0x00, 0x00, 0x00, 0x11, 0x00, 0x00, 0x00, 0x01, 0x00, 0x00, 0x00, 0x00, 
0x00, 0x00, 0x00, 0x69, 0x00, 0x00, 0x00, 0x11, 0x00, 0x00, 0x00, 0x04, 
0x00, 0x00, 0x00, 0x06, 0x00, 0x00, 0x00, 0x11, 0x00, 0x00, 0x00, 0x01, 
0x00, 0x00, 0x00, 0x00, 0x00, 0x00, 0x00, 0x6A, 0x00, 0x00, 0x00, 0x16, 
0x00, 0x00, 0x00, 0x07, 0x00, 0x00, 0x00, 0x06, 0x00, 0x00, 0x00, 0x11, 
0xFF, 0xFF, 0xFF, 0xFE, 0x00, 0x00, 0x00, 0x00, 0x00, 0x00, 0x00, 0x6B, 
0x00, 0x00, 0x00, 0x11, 0x00, 0x00, 0x00, 0x0C, 0x00, 0x00, 0x00, 0x0C, 
0x00, 0x00, 0x00, 0x11, 0x00, 0x00, 0x00, 0x01, 0x00, 0x00, 0x00, 0x00, 
0x00, 0x00, 0x00, 0x6C, 0x00, 0x00, 0x00, 0x12, 0x00, 0x00, 0x00, 0x06, 
0x00, 0x00, 0x00, 0x07, 0x00, 0x00, 0x00, 0x11, 0x00, 0x00, 0x00, 0x01, 
0x00, 0x00, 0x00, 0x00, 0x00, 0x00, 0x00, 0x6D, 0x00, 0x00, 0x00, 0x0D, 
0x00, 0x00, 0x00, 0x13, 0x00, 0x00, 0x00, 0x15, 0x00, 0x00, 0x00, 0x0D, 
0x00, 0x00, 0x00, 0x01, 0x00, 0x00, 0x00, 0x00, 0x00, 0x00, 0x00, 0x6E, 
0x00, 0x00, 0x00, 0x0D, 0x00, 0x00, 0x00, 0x0C, 0x00, 0x00, 0x00, 0x0E, 
0x00, 0x00, 0x00, 0x0D, 0x00, 0x00, 0x00, 0x01, 0x00, 0x00, 0x00, 0x00, 
0x00, 0x00, 0x00, 0x6F, 0x00, 0x00, 0x00, 0x0E, 0x00, 0x00, 0x00, 0x0C, 
0x00, 0x00, 0x00, 0x0E, 0x00, 0x00, 0x00, 0x0D, 0x00, 0x00, 0x00, 0x01, 
0x00, 0x00, 0x00, 0x00, 0x00, 0x00, 0x00, 0x70, 0x00, 0x00, 0x00, 0x12, 
0x00, 0x00, 0x00, 0x0D, 0x00, 0x00, 0x00, 0x0E, 0x00, 0x00, 0x00, 0x0D, 
0x00, 0x00, 0x00, 0x01, 0x00, 0x00, 0x00, 0x00, 0x00, 0x00, 0x00, 0x71, 
0x00, 0x00, 0x00, 0x12, 0x00, 0x00, 0x00, 0x0C, 0x00, 0x00, 0x00, 0x0E, 
0x00, 0x00, 0x00, 0x0D, 0x00, 0x00, 0x00, 0x01, 0x00, 0x00, 0x00, 0x00, 
0x00, 0x00, 0x00, 0x72, 0x00, 0x00, 0x00, 0x0D, 0x00, 0x00, 0x00, 0x08, 
0x00, 0x00, 0x00, 0x09, 0x00, 0x00, 0x00, 0x0D, 0x00, 0x00, 0x00, 0x01, 
0x00, 0x00, 0x00, 0x00, 0x00, 0x00, 0x00, 0x73, 0x00, 0x00, 0x00, 0x0E, 
0x00, 0x00, 0x00, 0x09, 0x00, 0x00, 0x00, 0x0B, 0x00, 0x00, 0x00, 0x0D, 
0x00, 0x00, 0x00, 0x01, 0x00, 0x00, 0x00, 0x00, 0x00, 0x00, 0x00, 0x74, 
0x00, 0x00, 0x00, 0x10, 0x00, 0x00, 0x00, 0x08, 0x00, 0x00, 0x00, 0x08, 
0x00, 0x00, 0x00, 0x0F, 0x00, 0x00, 0x00, 0x00, 0x00, 0x00, 0x00, 0x00, 
0x00, 0x00, 0x00, 0x75, 0x00, 0x00, 0x00, 0x0D, 0x00, 0x00, 0x00, 0x0C, 
0x00, 0x00, 0x00, 0x0E, 0x00, 0x00, 0x00, 0x0C, 0x00, 0x00, 0x00, 0x01, 
0x00, 0x00, 0x00, 0x00, 0x00, 0x00, 0x00, 0x76, 0x00, 0x00, 0x00, 0x0C, 
0x00, 0x00, 0x00, 0x0D, 0x00, 0x00, 0x00, 0x0D, 0x00, 0x00, 0x00, 0x0C, 
0x00, 0x00, 0x00, 0x00, 0x00, 0x00, 0x00, 0x00, 0x00, 0x00, 0x00, 0x77, 
0x00, 0x00, 0x00, 0x0C, 0x00, 0x00, 0x00, 0x13, 0x00, 0x00, 0x00, 0x13, 
0x00, 0x00, 0x00, 0x0C, 0x00, 0x00, 0x00, 0x00, 0x00, 0x00, 0x00, 0x00, 
0x00, 0x00, 0x00, 0x78, 0x00, 0x00, 0x00, 0x0C, 0x00, 0x00, 0x00, 0x0D, 
0x00, 0x00, 0x00, 0x0D, 0x00, 0x00, 0x00, 0x0C, 0x00, 0x00, 0x00, 0x00, 
0x00, 0x00, 0x00, 0x00, 0x00, 0x00, 0x00, 0x79, 0x00, 0x00, 0x00, 0x11, 
0x00, 0x00, 0x00, 0x0D, 0x00, 0x00, 0x00, 0x0D, 0x00, 0x00, 0x00, 0x0C, 
0x00, 0x00, 0x00, 0x00, 0x00, 0x00, 0x00, 0x00, 0x00, 0x00, 0x00, 0x7A, 
0x00, 0x00, 0x00, 0x0C, 0x00, 0x00, 0x00, 0x0A, 0x00, 0x00, 0x00, 0x0C, 
0x00, 0x00, 0x00, 0x0C, 0x00, 0x00, 0x00, 0x01, 0x00, 0x00, 0x00, 0x00, 
0x00, 0x00, 0x00, 0x7B, 0x00, 0x00, 0x00, 0x16, 0x00, 0x00, 0x00, 0x07, 
0x00, 0x00, 0x00, 0x07, 0x00, 0x00, 0x00, 0x11, 0x00, 0x00, 0x00, 0x00, 
0x00, 0x00, 0x00, 0x00, 0x00, 0x00, 0x00, 0x7C, 0x00, 0x00, 0x00, 0x16, 
0x00, 0x00, 0x00, 0x03, 0x00, 0x00, 0x00, 0x05, 0x00, 0x00, 0x00, 0x11, 
0x00, 0x00, 0x00, 0x01, 0x00, 0x00, 0x00, 0x00, 0x00, 0x00, 0x00, 0x7D, 
0x00, 0x00, 0x00, 0x16, 0x00, 0x00, 0x00, 0x07, 0x00, 0x00, 0x00, 0x07, 
0x00, 0x00, 0x00, 0x11, 0x00, 0x00, 0x00, 0x00, 0x00, 0x00, 0x00, 0x00, 
0x00, 0x00, 0x00, 0x7E, 0x00, 0x00, 0x00, 0x05, 0x00, 0x00, 0x00, 0x0C, 
0x00, 0x00, 0x00, 0x0D, 0x00, 0x00, 0x00, 0x09, 0x00, 0x00, 0x00, 0x00, 
0x00, 0x00, 0x00, 0x00, 0x00, 0x00, 0x4E, 0x0D, 0x00, 0x00, 0x00, 0x14, 
0x00, 0x00, 0x00, 0x14, 0x00, 0x00, 0x00, 0x16, 0x00, 0x00, 0x00, 0x11, 
0x00, 0x00, 0x00, 0x01, 0x00, 0x00, 0x00, 0x00, 0x00, 0x00, 0x4E, 0x2D, 
0x00, 0x00, 0x00, 0x15, 0x00, 0x00, 0x00, 0x12, 0x00, 0x00, 0x00, 0x16, 
0x00, 0x00, 0x00, 0x12, 0x00, 0x00, 0x00, 0x02, 0x00, 0x00, 0x00, 0x00, 
0x00, 0x00, 0x4F, 0x20, 0x00, 0x00, 0x00, 0x15, 0x00, 0x00, 0x00, 0x15, 
0x00, 0x00, 0x00, 0x16, 0x00, 0x00, 0x00, 0x12, 0x00, 0x00, 0x00, 0x00, 
0x00, 0x00, 0x00, 0x00, 0x00, 0x00, 0x4F, 0x7F, 0x00, 0x00, 0x00, 0x15, 
0x00, 0x00, 0x00, 0x15, 0x00, 0x00, 0x00, 0x16, 0x00, 0x00, 0x00, 0x12, 
0x00, 0x00, 0x00, 0x00, 0x00, 0x00, 0x00, 0x00, 0x00, 0x00, 0x4F, 0xE1, 
0x00, 0x00, 0x00, 0x15, 0x00, 0x00, 0x00, 0x15, 0x00, 0x00, 0x00, 0x16, 
0x00, 0x00, 0x00, 0x12, 0x00, 0x00, 0x00, 0x00, 0x00, 0x00, 0x00, 0x00, 
0x00, 0x00, 0x51, 0x65, 0x00, 0x00, 0x00, 0x15, 0x00, 0x00, 0x00, 0x15, 
0x00, 0x00, 0x00, 0x16, 0x00, 0x00, 0x00, 0x12, 0x00, 0x00, 0x00, 0x00, 
0x00, 0x00, 0x00, 0x00, 0x00, 0x00, 0x51, 0xFA, 0x00, 0x00, 0x00, 0x15, 
0x00, 0x00, 0x00, 0x12, 0x00, 0x00, 0x00, 0x16, 0x00, 0x00, 0x00, 0x12, 
0x00, 0x00, 0x00, 0x02, 0x00, 0x00, 0x00, 0x00, 0x00, 0x00, 0x52, 0x2B, 
0x00, 0x00, 0x00, 0x15, 0x00, 0x00, 0x00, 0x14, 0x00, 0x00, 0x00, 0x16, 
0x00, 0x00, 0x00, 0x12, 0x00, 0x00, 0x00, 0x00, 0x00, 0x00, 0x00, 0x00, 
0x00, 0x00, 0x52, 0x30, 0x00, 0x00, 0x00, 0x15, 0x00, 0x00, 0x00, 0x13, 
0x00, 0x00, 0x00, 0x16, 0x00, 0x00, 0x00, 0x12, 0x00, 0x00, 0x00, 0x01, 
0x00, 0x00, 0x00, 0x00, 0x00, 0x00, 0x52, 0x9B, 0x00, 0x00, 0x00, 0x15, 
0x00, 0x00, 0x00, 0x13, 0x00, 0x00, 0x00, 0x16, 0x00, 0x00, 0x00, 0x12, 
0x00, 0x00, 0x00, 0x00, 0x00, 0x00, 0x00, 0x00, 0x00, 0x00, 0x52, 0xA1, 
0x00, 0x00, 0x00, 0x16, 0x00, 0x00, 0x00, 0x15, 0x00, 0x00, 0x00, 0x16, 
0x00, 0x00, 0x00, 0x13, 0x00, 0x00, 0x00, 0x00, 0x00, 0x00, 0x00, 0x00, 
0x00, 0x00, 0x52, 0xA8, 0x00, 0x00, 0x00, 0x15, 0x00, 0x00, 0x00, 0x13, 
0x00, 0x00, 0x00, 0x16, 0x00, 0x00, 0x00, 0x12, 0x00, 0x00, 0x00, 0x01, 
0x00, 0x00, 0x00, 0x00, 0x00, 0x00, 0x53, 0x3A, 0x00, 0x00, 0x00, 0x13, 
0x00, 0x00, 0x00, 0x13, 0x00, 0x00, 0x00, 0x16, 0x00, 0x00, 0x00, 0x11, 
0x00, 0x00, 0x00, 0x02, 0x00, 0x00, 0x00, 0x00, 0x00, 0x00, 0x53, 0x73, 
0x00, 0x00, 0x00, 0x14, 0x00, 0x00, 0x00, 0x13, 0x00, 0x00, 0x00, 0x16, 
0x00, 0x00, 0x00, 0x11, 0x00, 0x00, 0x00, 0x01, 0x00, 0x00, 0x00, 0x00, 
0x00, 0x00, 0x53, 0x82, 0x00, 0x00, 0x00, 0x14, 0x00, 0x00, 0x00, 0x15, 
0x00, 0x00, 0x00, 0x16, 0x00, 0x00, 0x00, 0x11, 0x00, 0x00, 0x00, 0x00, 
0x00, 0x00, 0x00, 0x00, 0x00, 0x00, 0x53, 0xCA, 0x00, 0x00, 0x00, 0x14, 
0x00, 0x00, 0x00, 0x15, 0x00, 0x00, 0x00, 0x16, 0x00, 0x00, 0x00, 0x11, 
0x00, 0x00, 0x00, 0x00, 0x00, 0x00, 0x00, 0x00, 0x00, 0x00, 0x53, 0xD6, 
0x00, 0x00, 0x00, 0x14, 0x00, 0x00, 0x00, 0x14, 0x00, 0x00, 0x00, 0x16, 
0x00, 0x00, 0x00, 0x11, 0x00, 0x00, 0x00, 0x01, 0x00, 0x00, 0x00, 0x00, 
0x00, 0x00, 0x54, 0x26, 0x00, 0x00, 0x00, 0x13, 0x00, 0x00, 0x00, 0x14, 
0x00, 0x00, 0x00, 0x16, 0x00, 0x00, 0x00, 0x11, 0x00, 0x00, 0x00, 0x01, 
0x00, 0x00, 0x00, 0x00, 0x00, 0x00, 0x54, 0x2F, 0x00, 0x00, 0x00, 0x15, 
0x00, 0x00, 0x00, 0x14, 0x00, 0x00, 0x00, 0x16, 0x00, 0x00, 0x00, 0x12, 
0x00, 0x00, 0x00, 0x00, 0x00, 0x00, 0x00, 0x00, 0x00, 0x00, 0x56, 0x68, 
0x00, 0x00, 0x00, 0x13, 0x00, 0x00, 0x00, 0x15, 0x00, 0x00, 0x00, 0x16, 
0x00, 0x00, 0x00, 0x11, 0x00, 0x00, 0x00, 0x00, 0x00, 0x00, 0x00, 0x00, 
0x00, 0x00, 0x57, 0x28, 0x00, 0x00, 0x00, 0x16, 0x00, 0x00, 0x00, 0x15, 
0x00, 0x00, 0x00, 0x16, 0x00, 0x00, 0x00, 0x13, 0x00, 0x00, 0x00, 0x00, 
0x00, 0x00, 0x00, 0x00, 0x00, 0x00, 0x57, 0x30, 0x00, 0x00, 0x00, 0x14, 
0x00, 0x00, 0x00, 0x15, 0x00, 0x00, 0x00, 0x16, 0x00, 0x00, 0x00, 0x12, 
0x00, 0x00, 0x00, 0x00, 0x00, 0x00, 0x00, 0x00, 0x00, 0x00, 0x57, 0xCE, 
0x00, 0x00, 0x00, 0x15, 0x00, 0x00, 0x00, 0x15, 0x00, 0x00, 0x00, 0x16, 
0x00, 0x00, 0x00, 0x12, 0x00, 0x00, 0x00, 0x00, 0x00, 0x00, 0x00, 0x00, 
0x00, 0x00, 0x59, 0x07, 0x00, 0x00, 0x00, 0x16, 0x00, 0x00, 0x00, 0x15, 
0x00, 0x00, 0x00, 0x16, 0x00, 0x00, 0x00, 0x13, 0x00, 0x00, 0x00, 0x00, 
0x00, 0x00, 0x00, 0x00, 0x00, 0x00, 0x59, 0x0D, 0x00, 0x00, 0x00, 0x15, 
0x00, 0x00, 0x00, 0x15, 0x00, 0x00, 0x00, 0x16, 0x00, 0x00, 0x00, 0x12, 
0x00, 0x00, 0x00, 0x00, 0x00, 0x00, 0x00, 0x00, 0x00, 0x00, 0x59, 0x29, 
0x00, 0x00, 0x00, 0x14, 0x00, 0x00, 0x00, 0x14, 0x00, 0x00, 0x00, 0x16, 
0x00, 0x00, 0x00, 0x11, 0x00, 0x00, 0x00, 0x01, 0x00, 0x00, 0x00, 0x00, 
0x00, 0x00, 0x59, 0x31, 0x00, 0x00, 0x00, 0x15, 0x00, 0x00, 0x00, 0x14, 
0x00, 0x00, 0x00, 0x16, 0x00, 0x00, 0x00, 0x12, 0x00, 0x00, 0x00, 0x01, 
0x00, 0x00, 0x00, 0x00, 0x00, 0x00, 0x59, 0xCB, 0x00, 0x00, 0x00, 0x15, 
0x00, 0x00, 0x00, 0x15, 0x00, 0x00, 0x00, 0x16, 0x00, 0x00, 0x00, 0x12, 
0x00, 0x00, 0x00, 0x00, 0x00, 0x00, 0x00, 0x00, 0x00, 0x00, 0x5C, 0x06, 
0x00, 0x00, 0x00, 0x16, 0x00, 0x00, 0x00, 0x15, 0x00, 0x00, 0x00, 0x16, 
0x00, 0x00, 0x00, 0x13, 0x00, 0x00, 0x00, 0x00, 0x00, 0x00, 0x00, 0x00, 
0x00, 0x00, 0x5C, 0x1D, 0x00, 0x00, 0x00, 0x15, 0x00, 0x00, 0x00, 0x13, 
0x00, 0x00, 0x00, 0x16, 0x00, 0x00, 0x00, 0x12, 0x00, 0x00, 0x00, 0x01, 
0x00, 0x00, 0x00, 0x00, 0x00, 0x00, 0x5D, 0xF2, 0x00, 0x00, 0x00, 0x13, 
0x00, 0x00, 0x00, 0x13, 0x00, 0x00, 0x00, 0x16, 0x00, 0x00, 0x00, 0x11, 
0x00, 0x00, 0x00, 0x02, 0x00, 0x00, 0x00, 0x00, 0x00, 0x00, 0x5E, 0x02, 
0x00, 0x00, 0x00, 0x15, 0x00, 0x00, 0x00, 0x14, 0x00, 0x00, 0x00, 0x16, 
0x00, 0x00, 0x00, 0x12, 0x00, 0x00, 0x00, 0x01, 0x00, 0x00, 0x00, 0x00, 
0x00, 0x00, 0x5E, 0xA6, 0x00, 0x00, 0x00, 0x15, 0x00, 0x00, 0x00, 0x15, 
0x00, 0x00, 0x00, 0x16, 0x00, 0x00, 0x00, 0x12, 0x00, 0x00, 0x00, 0x00, 
0x00, 0x00, 0x00, 0x00, 0x00, 0x00, 0x5F, 0x00, 0x00, 0x00, 0x00, 0x14, 
0x00, 0x00, 0x00, 0x15, 0x00, 0x00, 0x00, 0x16, 0x00, 0x00, 0x00, 0x11, 
0x00, 0x00, 0x00, 0x00, 0x00, 0x00, 0x00, 0x00, 0x00, 0x00, 0x5F, 0x97, 
0x00, 0x00, 0x00, 0x15, 0x00, 0x00, 0x00, 0x15, 0x00, 0x00, 0x00, 0x16, 
0x00, 0x00, 0x00, 0x12, 0x00, 0x00, 0x00, 0x00, 0x00, 0x00, 0x00, 0x00, 
0x00, 0x00, 0x60, 0x62, 0x00, 0x00, 0x00, 0x15, 0x00, 0x00, 0x00, 0x15, 
0x00, 0x00, 0x00, 0x16, 0x00, 0x00, 0x00, 0x12, 0x00, 0x00, 0x00, 0x00, 
0x00, 0x00, 0x00, 0x00, 0x00, 0x00, 0x60, 0x6F, 0x00, 0x00, 0x00, 0x14, 
0x00, 0x00, 0x00, 0x15, 0x00, 0x00, 0x00, 0x16, 0x00, 0x00, 0x00, 0x12, 
0x00, 0x00, 0x00, 0x00, 0x00, 0x00, 0x00, 0x00, 0x00, 0x00, 0x61, 0x1F, 
0x00, 0x00, 0x00, 0x15, 0x00, 0x00, 0x00, 0x15, 0x00, 0x00, 0x00, 0x16, 
0x00, 0x00, 0x00, 0x13, 0x00, 0x00, 0x00, 0x00, 0x00, 0x00, 0x00, 0x00, 
0x00, 0x00, 0x63, 0xA5, 0x00, 0x00, 0x00, 0x15, 0x00, 0x00, 0x00, 0x15, 
0x00, 0x00, 0x00, 0x16, 0x00, 0x00, 0x00, 0x12, 0x00, 0x00, 0x00, 0x00, 
0x00, 0x00, 0x00, 0x00, 0x00, 0x00, 0x65, 0xB0, 0x00, 0x00, 0x00, 0x15, 
0x00, 0x00, 0x00, 0x15, 0x00, 0x00, 0x00, 0x16, 0x00, 0x00, 0x00, 0x12, 
0x00, 0x00, 0x00, 0x00, 0x00, 0x00, 0x00, 0x00, 0x00, 0x00, 0x66, 0x2F, 
0x00, 0x00, 0x00, 0x14, 0x00, 0x00, 0x00, 0x15, 0x00, 0x00, 0x00, 0x16, 
0x00, 0x00, 0x00, 0x11, 0x00, 0x00, 0x00, 0x00, 0x00, 0x00, 0x00, 0x00, 
0x00, 0x00, 0x66, 0xF4, 0x00, 0x00, 0x00, 0x14, 0x00, 0x00, 0x00, 0x14, 
0x00, 0x00, 0x00, 0x16, 0x00, 0x00, 0x00, 0x11, 0x00, 0x00, 0x00, 0x01, 
0x00, 0x00, 0x00, 0x00, 0x00, 0x00, 0x67, 0x0D, 0x00, 0x00, 0x00, 0x14, 
0x00, 0x00, 0x00, 0x15, 0x00, 0x00, 0x00, 0x16, 0x00, 0x00, 0x00, 0x11, 
0x00, 0x00, 0x00, 0x00, 0x00, 0x00, 0x00, 0x00, 0x00, 0x00, 0x67, 0x2A, 
0x00, 0x00, 0x00, 0x14, 0x00, 0x00, 0x00, 0x15, 0x00, 0x00, 0x00, 0x16, 
0x00, 0x00, 0x00, 0x12, 0x00, 0x00, 0x00, 0x00, 0x00, 0x00, 0x00, 0x00, 
0x00, 0x00, 0x67, 0xE5, 0x00, 0x00, 0x00, 0x14, 0x00, 0x00, 0x00, 0x15, 
0x00, 0x00, 0x00, 0x16, 0x00, 0x00, 0x00, 0x12, 0x00, 0x00, 0x00, 0x00, 
0x00, 0x00, 0x00, 0x00, 0x00, 0x00, 0x68, 0xC0, 0x00, 0x00, 0x00, 0x16, 
0x00, 0x00, 0x00, 0x15, 0x00, 0x00, 0x00, 0x16, 0x00, 0x00, 0x00, 0x13, 
0x00, 0x00, 0x00, 0x00, 0x00, 0x00, 0x00, 0x00, 0x00, 0x00, 0x6B, 0x63, 
0x00, 0x00, 0x00, 0x13, 0x00, 0x00, 0x00, 0x15, 0x00, 0x00, 0x00, 0x16, 
0x00, 0x00, 0x00, 0x11, 0x00, 0x00, 0x00, 0x00, 0x00, 0x00, 0x00, 0x00, 
0x00, 0x00, 0x6C, 0x14, 0x00, 0x00, 0x00, 0x16, 0x00, 0x00, 0x00, 0x15, 
0x00, 0x00, 0x00, 0x16, 0x00, 0x00, 0x00, 0x13, 0x00, 0x00, 0x00, 0x00, 
0x00, 0x00, 0x00, 0x00, 0x00, 0x00, 0x6E, 0x29, 0x00, 0x00, 0x00, 0x14, 
0x00, 0x00, 0x00, 0x15, 0x00, 0x00, 0x00, 0x16, 0x00, 0x00, 0x00, 0x12, 
0x00, 0x00, 0x00, 0x00, 0x00, 0x00, 0x00, 0x00, 0x00, 0x00, 0x6E, 0x7F, 
0x00, 0x00, 0x00, 0x14, 0x00, 0x00, 0x00, 0x15, 0x00, 0x00, 0x00, 0x16, 
0x00, 0x00, 0x00, 0x12, 0x00, 0x00, 0x00, 0x00, 0x00, 0x00, 0x00, 0x00, 
0x00, 0x00, 0x70, 0xB9, 0x00, 0x00, 0x00, 0x15, 0x00, 0x00, 0x00, 0x14, 
0x00, 0x00, 0x00, 0x16, 0x00, 0x00, 0x00, 0x12, 0x00, 0x00, 0x00, 0x01, 
0x00, 0x00, 0x00, 0x00, 0x00, 0x00, 0x70, 0xED, 0x00, 0x00, 0x00, 0x15, 
0x00, 0x00, 0x00, 0x15, 0x00, 0x00, 0x00, 0x16, 0x00, 0x00, 0x00, 0x12, 
0x00, 0x00, 0x00, 0x00, 0x00, 0x00, 0x00, 0x00, 0x00, 0x00, 0x75, 0x28, 
0x00, 0x00, 0x00, 0x14, 0x00, 0x00, 0x00, 0x14, 0x00, 0x00, 0x00, 0x16, 
0x00, 0x00, 0x00, 0x11, 0x00, 0x00, 0x00, 0x00, 0x00, 0x00, 0x00, 0x00, 
0x00, 0x00, 0x79, 0xBB, 0x00, 0x00, 0x00, 0x15, 0x00, 0x00, 0x00, 0x13, 
0x00, 0x00, 0x00, 0x16, 0x00, 0x00, 0x00, 0x12, 0x00, 0x00, 0x00, 0x01, 
0x00, 0x00, 0x00, 0x00, 0x00, 0x00, 0x7E, 0xBF, 0x00, 0x00, 0x00, 0x15, 
0x00, 0x00, 0x00, 0x14, 0x00, 0x00, 0x00, 0x16, 0x00, 0x00, 0x00, 0x12, 
0x00, 0x00, 0x00, 0x01, 0x00, 0x00, 0x00, 0x00, 0x00, 0x00, 0x7E, 0xD9, 
0x00, 0x00, 0x00, 0x15, 0x00, 0x00, 0x00, 0x14, 0x00, 0x00, 0x00, 0x16, 
0x00, 0x00, 0x00, 0x12, 0x00, 0x00, 0x00, 0x01, 0x00, 0x00, 0x00, 0x00, 
0x00, 0x00, 0x7E, 0xDC, 0x00, 0x00, 0x00, 0x14, 0x00, 0x00, 0x00, 0x15, 
0x00, 0x00, 0x00, 0x16, 0x00, 0x00, 0x00, 0x12, 0x00, 0x00, 0x00, 0x00, 
0x00, 0x00, 0x00, 0x00, 0x00, 0x00, 0x7F, 0x51, 0x00, 0x00, 0x00, 0x14, 
0x00, 0x00, 0x00, 0x12, 0x00, 0x00, 0x00, 0x16, 0x00, 0x00, 0x00, 0x11, 
0x00, 0x00, 0x00, 0x02, 0x00, 0x00, 0x00, 0x00, 0x00, 0x00, 0x7F, 0x6E, 
0x00, 0x00, 0x00, 0x13, 0x00, 0x00, 0x00, 0x14, 0x00, 0x00, 0x00, 0x16, 
0x00, 0x00, 0x00, 0x11, 0x00, 0x00, 0x00, 0x01, 0x00, 0x00, 0x00, 0x00, 
0x00, 0x00, 0x80, 0x54, 0x00, 0x00, 0x00, 0x15, 0x00, 0x00, 0x00, 0x15, 
0x00, 0x00, 0x00, 0x16, 0x00, 0x00, 0x00, 0x12, 0x00, 0x00, 0x00, 0x00, 
0x00, 0x00, 0x00, 0x00, 0x00, 0x00, 0x83, 0xB7, 0x00, 0x00, 0x00, 0x15, 
0x00, 0x00, 0x00, 0x15, 0x00, 0x00, 0x00, 0x16, 0x00, 0x00, 0x00, 0x12, 
0x00, 0x00, 0x00, 0x00, 0x00, 0x00, 0x00, 0x00, 0x00, 0x00, 0x8B, 0xBE, 
0x00, 0x00, 0x00, 0x15, 0x00, 0x00, 0x00, 0x15, 0x00, 0x00, 0x00, 0x16, 
0x00, 0x00, 0x00, 0x12, 0x00, 0x00, 0x00, 0x00, 0x00, 0x00, 0x00, 0x00, 
0x00, 0x00, 0x8B, 0xC6, 0x00, 0x00, 0x00, 0x15, 0x00, 0x00, 0x00, 0x14, 
0x00, 0x00, 0x00, 0x16, 0x00, 0x00, 0x00, 0x12, 0x00, 0x00, 0x00, 0x01, 
0x00, 0x00, 0x00, 0x00, 0x00, 0x00, 0x8B, 0xD5, 0x00, 0x00, 0x00, 0x15, 
0x00, 0x00, 0x00, 0x14, 0x00, 0x00, 0x00, 0x16, 0x00, 0x00, 0x00, 0x12, 
0x00, 0x00, 0x00, 0x01, 0x00, 0x00, 0x00, 0x00, 0x00, 0x00, 0x8B, 0xF7, 
0x00, 0x00, 0x00, 0x15, 0x00, 0x00, 0x00, 0x14, 0x00, 0x00, 0x00, 0x16, 
0x00, 0x00, 0x00, 0x12, 0x00, 0x00, 0x00, 0x01, 0x00, 0x00, 0x00, 0x00, 
0x00, 0x00, 0x8D, 0x25, 0x00, 0x00, 0x00, 0x15, 0x00, 0x00, 0x00, 0x15, 
0x00, 0x00, 0x00, 0x16, 0x00, 0x00, 0x00, 0x12, 0x00, 0x00, 0x00, 0x00, 
0x00, 0x00, 0x00, 0x00, 0x00, 0x00, 0x8F, 0xDB, 0x00, 0x00, 0x00, 0x14, 
0x00, 0x00, 0x00, 0x15, 0x00, 0x00, 0x00, 0x16, 0x00, 0x00, 0x00, 0x12, 
0x00, 0x00, 0x00, 0x00, 0x00, 0x00, 0x00, 0x00, 0x00, 0x00, 0x8F, 0xDE, 
0x00, 0x00, 0x00, 0x14, 0x00, 0x00, 0x00, 0x15, 0x00, 0x00, 0x00, 0x16, 
0x00, 0x00, 0x00, 0x12, 0x00, 0x00, 0x00, 0x00, 0x00, 0x00, 0x00, 0x00, 
0x00, 0x00, 0x91, 0x4D, 0x00, 0x00, 0x00, 0x13, 0x00, 0x00, 0x00, 0x14, 
0x00, 0x00, 0x00, 0x16, 0x00, 0x00, 0x00, 0x11, 0x00, 0x00, 0x00, 0x01, 
0x00, 0x00, 0x00, 0x00, 0x00, 0x00, 0x91, 0xCD, 0x00, 0x00, 0x00, 0x14, 
0x00, 0x00, 0x00, 0x14, 0x00, 0x00, 0x00, 0x16, 0x00, 0x00, 0x00, 0x12, 
0x00, 0x00, 0x00, 0x01, 0x00, 0x00, 0x00, 0x00, 0x00, 0x00, 0xFF, 0x0C, 
0x00, 0x00, 0x00, 0x07, 0x00, 0x00, 0x00, 0x06, 0x00, 0x00, 0x00, 0x16, 
0x00, 0x00, 0x00, 0x04, 0x00, 0x00, 0x00, 0x02, 0x00, 0x00, 0x00, 0x00, 
0x00, 0x00, 0xFF, 0x1F, 0x00, 0x00, 0x00, 0x11, 0x00, 0x00, 0x00, 0x09, 
0x00, 0x00, 0x00, 0x16, 0x00, 0x00, 0x00, 0x10, 0x00, 0x00, 0x00, 0x02, 
0x00, 0x00, 0x00, 0x00, 0x27, 0x44, 0x44, 0x2F, 0x8C, 0xFF, 0xFF, 0xAB, 
0x81, 0xFF, 0xFF, 0xA1, 0x76, 0xFF, 0xFF, 0x96, 0x6B, 0xFF, 0xFF, 0x8C, 
0x60, 0xFF, 0xFF, 0x81, 0x55, 0xFF, 0xFF, 0x77, 0x4A, 0xFF, 0xFF, 0x6C, 
0x40, 0xFF, 0xFF, 0x62, 0x35, 0xFF, 0xFF, 0x57, 0x1C, 0xA8, 0xA8, 0x33, 
0x00, 0x00, 0x00, 0x00, 0x0E, 0x59, 0x5B, 0x13, 0x9D, 0xFF, 0xFF, 0xB6, 
0xB5, 0xFF, 0xFF, 0xD0, 0x7F, 0xFF, 0xFF, 0x97, 0x00, 0x16, 0x18, 0x00, 
0xA1, 0xB8, 0xB6, 0x01, 0xAC, 0xB8, 0xB4, 0xCC, 0xFF, 0xED, 0x00, 0xDC, 
0xFF, 0xE9, 0xB6, 0xFF, 0xD6, 0x00, 0xC4, 0xFF, 0xD2, 0x9F, 0xFF, 0xC0, 
0x00, 0xAD, 0xFF, 0xBC, 0x88, 0xFF, 0xAA, 0x00, 0x96, 0xFF, 0xA6, 0x72, 
0xFF, 0x94, 0x00, 0x7E, 0xFF, 0x90, 0x4A, 0xCC, 0x66, 0x00, 0x54, 0xCC, 
0x63, 0x00, 0x00, 0x00, 0x0A, 0x44, 0x44, 0x16, 0x00, 0x00, 0x24, 0x44, 
0x40, 0x00, 0x00, 0x00, 0x00, 0x42, 0xFF, 0xFF, 0x39, 0x00, 0x00, 0xA6, 
0xFF, 0xD5, 0x00, 0x00, 0x00, 0x00, 0x6D, 0xFF, 0xFE, 0x0D, 0x00, 0x00, 
0xD1, 0xFF, 0xA8, 0x00, 0x00, 0x00, 0x00, 0x99, 0xFF, 0xE0, 0x00, 0x00, 
0x03, 0xF8, 0xFF, 0x7C, 0x00, 0x56, 0x80, 0x80, 0xDC, 0xFF, 0xDF, 0x80, 
0x80, 0x8E, 0xFF, 0xFF, 0xAD, 0x6C, 0xAC, 0xFF, 0xFF, 0xFF, 0xFF, 0xFF, 
0xFF, 0xFF, 0xFF, 0xFF, 0xFF, 0xFF, 0xD8, 0x6B, 0xA0, 0xB0, 0xFF, 0xFF, 
0xBC, 0xA0, 0xA0, 0xD4, 0xFF, 0xF6, 0xA0, 0x87, 0x00, 0x00, 0x4A, 0xFF, 
0xFF, 0x2E, 0x00, 0x00, 0xAB, 0xFF, 0xCA, 0x00, 0x00, 0x00, 0x00, 0x74, 
0xFF, 0xFC, 0x07, 0x00, 0x00, 0xD7, 0xFF, 0x9F, 0x00, 0x00, 0x12, 0x1C, 
0xA7, 0xFF, 0xDF, 0x1C, 0x1C, 0x20, 0xFB, 0xFF, 0x85, 0x1C, 0x17, 0xAC, 
0xFF, 0xFF, 0xFF, 0xFF, 0xFF, 0xFF, 0xFF, 0xFF, 0xFF, 0xFF, 0xFF, 0xD8, 
0xAC, 0xFF, 0xFF, 0xFF, 0xFF, 0xFF, 0xFF, 0xFF, 0xFF, 0xFF, 0xFF, 0xFF, 
0xD8, 0x02, 0x29, 0xFF, 0xFF, 0x4D, 0x04, 0x04, 0x88, 0xFF, 0xEE, 0x04, 
0x04, 0x03, 0x00, 0x52, 0xFF, 0xFF, 0x1F, 0x00, 0x00, 0xB3, 0xFF, 0xC2, 
0x00, 0x00, 0x00, 0x00, 0x7E, 0xFF, 0xF3, 0x01, 0x00, 0x00, 0xE0, 0xFF, 
0x96, 0x00, 0x00, 0x00, 0x00, 0xAA, 0xFF, 0xC9, 0x00, 0x00, 0x0E, 0xFF, 
0xFF, 0x6A, 0x00, 0x00, 0x00, 0x00, 0x00, 0x00, 0x00, 0x23, 0x50, 0x0D, 
0x00, 0x00, 0x00, 0x00, 0x00, 0x00, 0x00, 0x00, 0x70, 0xFF, 0x2C, 0x00, 
0x00, 0x00, 0x00, 0x00, 0x00, 0x00, 0x1E, 0x91, 0xFF, 0x5B, 0x23, 0x07, 
0x00, 0x00, 0x00, 0x42, 0xD3, 0xFF, 0xFF, 0xFF, 0xFF, 0xFF, 0xFC, 0x92, 
0x00, 0x29, 0xF8, 0xFF, 0xFF, 0xFF, 0xFF, 0xFF, 0xFF, 0xFF, 0xAC, 0x00, 
0x8C, 0xFF, 0xFF, 0x8B, 0x8E, 0xFF, 0x50, 0x46, 0x69, 0x66, 0x00, 0xB1, 
0xFF, 0xF9, 0x02, 0x70, 0xFF, 0x2C, 0x00, 0x00, 0x00, 0x00, 0xAC, 0xFF, 
0xFD, 0x0E, 0x70, 0xFF, 0x2C, 0x00, 0x00, 0x00, 0x00, 0x82, 0xFF, 0xFF, 
0xCA, 0xAD, 0xFF, 0x2C, 0x00, 0x00, 0x00, 0x00, 0x1B, 0xEB, 0xFF, 0xFF, 
0xFF, 0xFF, 0xE1, 0x9A, 0x32, 0x00, 0x00, 0x00, 0x1E, 0x9C, 0xF0, 0xFF, 
0xFF, 0xFF, 0xFF, 0xFF, 0x82, 0x00, 0x00, 0x00, 0x00, 0x03, 0x85, 0xFF, 
0xCC, 0xFE, 0xFF, 0xFF, 0x3A, 0x00, 0x00, 0x00, 0x00, 0x70, 0xFF, 0x2C, 
0x61, 0xFF, 0xFF, 0x82, 0x00, 0x00, 0x00, 0x00, 0x70, 0xFF, 0x2C, 0x18, 
0xFF, 0xFF, 0x96, 0x16, 0x00, 0x00, 0x00, 0x70, 0xFF, 0x2C, 0x4D, 0xFF, 
0xFF, 0x85, 0xCC, 0xEA, 0xC8, 0xB4, 0xCC, 0xFF, 0xCA, 0xFA, 0xFF, 0xFF, 
0x44, 0xCC, 0xFF, 0xFF, 0xFF, 0xFF, 0xFF, 0xFF, 0xFF, 0xFF, 0xA6, 0x00, 
0x5D, 0xA2, 0xC0, 0xD2, 0xED, 0xFF, 0xD4, 0xA5, 0x53, 0x01, 0x00, 0x00, 
0x00, 0x00, 0x00, 0x70, 0xFF, 0x2C, 0x00, 0x00, 0x00, 0x00, 0x00, 0x00, 
0x00, 0x00, 0x70, 0xFF, 0x2C, 0x00, 0x00, 0x00, 0x00, 0x00, 0x00, 0x00, 
0x00, 0x70, 0xFF, 0x2C, 0x00, 0x00, 0x00, 0x00, 0x00, 0x00, 0x00, 0x00, 
0x03, 0x08, 0x01, 0x00, 0x00, 0x00, 0x00, 0x00, 0x01, 0x49, 0x70, 0x55, 
0x0B, 0x00, 0x00, 0x00, 0x00, 0x00, 0x2D, 0x44, 0x15, 0x00, 0x00, 0x04, 
0xBA, 0xFF, 0xFF, 0xFF, 0xDB, 0x1A, 0x00, 0x00, 0x00, 0x14, 0xF0, 0xE8, 
0x0D, 0x00, 0x00, 0x51, 0xFF, 0xB8, 0x27, 0x8F, 0xFF, 0x89, 0x00, 0x00, 
0x00, 0x95, 0xFF, 0x66, 0x00, 0x00, 0x00, 0x87, 0xFF, 0x64, 0x00, 0x2E, 
0xFF, 0xBE, 0x00, 0x00, 0x28, 0xFB, 0xD3, 0x03, 0x00, 0x00, 0x00, 0x98, 
0xFF, 0x56, 0x00, 0x1E, 0xFF, 0xD0, 0x00, 0x00, 0xB3, 0xFF, 0x47, 0x00, 
0x00, 0x00, 0x00, 0x92, 0xFF, 0x5B, 0x00, 0x24, 0xFF, 0xC9, 0x00, 0x42, 
0xFF, 0xB7, 0x00, 0x00, 0x00, 0x00, 0x00, 0x6E, 0xFF, 0x81, 0x00, 0x4C, 
0xFF, 0xA6, 0x02, 0xCE, 0xFC, 0x2B, 0x00, 0x00, 0x00, 0x00, 0x00, 0x1D, 
0xF6, 0xF6, 0xB6, 0xEB, 0xFF, 0x4A, 0x60, 0xFF, 0x98, 0x00, 0x01, 0x1C, 
0x06, 0x00, 0x00, 0x00, 0x32, 0xB2, 0xD9, 0xBF, 0x52, 0x0A, 0xE4, 0xF2, 
0x16, 0x62, 0xF0, 0xFF, 0xFC, 0x9B, 0x07, 0x00, 0x00, 0x00, 0x00, 0x00, 
0x00, 0x7E, 0xFF, 0x79, 0x2B, 0xFE, 0xE6, 0x7B, 0xC2, 0xFF, 0x77, 0x00, 
0x00, 0x00, 0x00, 0x00, 0x19, 0xF4, 0xE1, 0x08, 0x72, 0xFF, 0x7D, 0x00, 
0x2D, 0xFF, 0xC1, 0x00, 0x00, 0x00, 0x00, 0x00, 0x9C, 0xFF, 0x59, 0x00, 
0x8E, 0xFF, 0x60, 0x00, 0x11, 0xFF, 0xDC, 0x00, 0x00, 0x00, 0x00, 0x2E, 
0xFD, 0xC9, 0x01, 0x00, 0x8F, 0xFF, 0x5F, 0x00, 0x0F, 0xFF, 0xDD, 0x00, 
0x00, 0x00, 0x00, 0xBA, 0xFF, 0x3B, 0x00, 0x00, 0x77, 0xFF, 0x78, 0x00, 
0x28, 0xFF, 0xC5, 0x00, 0x00, 0x00, 0x49, 0xFF, 0xAB, 0x00, 0x00, 0x00, 
0x35, 0xFF, 0xDC, 0x63, 0xB2, 0xFF, 0x80, 0x00, 0x00, 0x03, 0xD4, 0xF9, 
0x22, 0x00, 0x00, 0x00, 0x00, 0x78, 0xFA, 0xFF, 0xFF, 0xAE, 0x0C, 0x00, 
0x00, 0x00, 0x00, 0x00, 0x00, 0x00, 0x00, 0x00, 0x00, 0x00, 0x0A, 0x2C, 
0x14, 0x00, 0x00, 0x00, 0x00, 0x00, 0x00, 0x0A, 0x50, 0x73, 0x62, 0x2C, 
0x00, 0x00, 0x00, 0x00, 0x00, 0x00, 0x00, 0x00, 0x3E, 0xE7, 0xFF, 0xFF, 
0xFF, 0xFE, 0x92, 0x00, 0x00, 0x00, 0x00, 0x00, 0x00, 0x0D, 0xED, 0xFF, 
0xFF, 0xCA, 0xEB, 0xFF, 0xFF, 0x4A, 0x00, 0x00, 0x00, 0x00, 0x00, 0x52, 
0xFF, 0xFF, 0xA1, 0x00, 0x2C, 0xFF, 0xFF, 0x88, 0x00, 0x00, 0x00, 0x00, 
0x00, 0x60, 0xFF, 0xFF, 0x84, 0x00, 0x1E, 0xFF, 0xFF, 0x86, 0x00, 0x00, 
0x00, 0x00, 0x00, 0x36, 0xFF, 0xFF, 0xD2, 0x12, 0xB8, 0xFF, 0xFF, 0x3C, 
0x00, 0x00, 0x00, 0x00, 0x00, 0x00, 0xD0, 0xFF, 0xFF, 0xF4, 0xFF, 0xFF, 
0x8A, 0x00, 0x00, 0x00, 0x00, 0x00, 0x00, 0x00, 0x81, 0xFF, 0xFF, 0xFF, 
0xF1, 0x62, 0x00, 0x11, 0x4C, 0x4C, 0x22, 0x00, 0x03, 0xA0, 0xFF, 0xFF, 
0xFF, 0xFF, 0xE8, 0x1B, 0x00, 0x51, 0xFF, 0xFF, 0x5E, 0x00, 0x97, 0xFF, 
0xFF, 0xCC, 0xA9, 0xFF, 0xFF, 0xC8, 0x06, 0x7F, 0xFF, 0xFF, 0x36, 0x22, 
0xFD, 0xFF, 0xDE, 0x0D, 0x06, 0xC6, 0xFF, 0xFF, 0x9B, 0xE0, 0xFF, 0xEC, 
0x03, 0x5B, 0xFF, 0xFF, 0x8F, 0x00, 0x00, 0x18, 0xE4, 0xFF, 0xFF, 0xFF, 
0xFF, 0x81, 0x00, 0x5C, 0xFF, 0xFF, 0xB5, 0x00, 0x00, 0x00, 0x36, 0xFB, 
0xFF, 0xFF, 0xD9, 0x09, 0x00, 0x22, 0xFE, 0xFF, 0xFF, 0x8E, 0x39, 0x50, 
0xB9, 0xFF, 0xFF, 0xFF, 0xFB, 0x97, 0x56, 0x00, 0x93, 0xFF, 0xFF, 0xFF, 
0xFF, 0xFF, 0xFF, 0xFF, 0xDD, 0xFF, 0xFF, 0xFF, 0xE0, 0x00, 0x03, 0x76, 
0xE7, 0xFF, 0xFF, 0xFF, 0xD6, 0x64, 0x01, 0x56, 0xC5, 0xEE, 0xDC, 0x00, 
0x00, 0x00, 0x02, 0x22, 0x32, 0x19, 0x00, 0x00, 0x00, 0x00, 0x00, 0x00, 
0x00, 0xA1, 0xB8, 0xB6, 0x01, 0xCC, 0xFF, 0xED, 0x00, 0xB6, 0xFF, 0xD6, 
0x00, 0x9F, 0xFF, 0xC0, 0x00, 0x88, 0xFF, 0xAA, 0x00, 0x72, 0xFF, 0x94, 
0x00, 0x4A, 0xCC, 0x66, 0x00, 0x00, 0x00, 0x00, 0x3C, 0xB8, 0xB8, 0x79, 
0x00, 0x00, 0x04, 0xD3, 0xFF, 0xFD, 0x30, 0x00, 0x00, 0x71, 0xFF, 0xFF, 
0x9E, 0x00, 0x00, 0x07, 0xEA, 0xFF, 0xFE, 0x23, 0x00, 0x00, 0x61, 0xFF, 
0xFF, 0xB8, 0x00, 0x00, 0x00, 0xC9, 0xFF, 0xFF, 0x51, 0x00, 0x00, 0x11, 
0xFD, 0xFF, 0xFC, 0x0D, 0x00, 0x00, 0x50, 0xFF, 0xFF, 0xCB, 0x00, 0x00, 
0x00, 0x81, 0xFF, 0xFF, 0x98, 0x00, 0x00, 0x00, 0x96, 0xFF, 0xFF, 0x82, 
0x00, 0x00, 0x00, 0xAA, 0xFF, 0xFF, 0x6E, 0x00, 0x00, 0x00, 0xA9, 0xFF, 
0xFF, 0x75, 0x00, 0x00, 0x00, 0x94, 0xFF, 0xFF, 0x89, 0x00, 0x00, 0x00, 
0x7D, 0xFF, 0xFF, 0xA3, 0x00, 0x00, 0x00, 0x48, 0xFF, 0xFF, 0xDC, 0x00, 
0x00, 0x00, 0x0C, 0xFB, 0xFF, 0xFF, 0x19, 0x00, 0x00, 0x00, 0xBB, 0xFF, 
0xFF, 0x66, 0x00, 0x00, 0x00, 0x50, 0xFF, 0xFF, 0xCB, 0x00, 0x00, 0x00, 
0x02, 0xDE, 0xFF, 0xFF, 0x31, 0x00, 0x00, 0x00, 0x59, 0xFF, 0xFF, 0xB2, 
0x00, 0x00, 0x00, 0x00, 0xBF, 0xFF, 0xFF, 0x3F, 0x00, 0x00, 0x00, 0x21, 
0x68, 0x68, 0x42, 0x08, 0xAE, 0xB8, 0xAC, 0x07, 0x00, 0x00, 0x00, 0x00, 
0x85, 0xFF, 0xFF, 0x7D, 0x00, 0x00, 0x00, 0x00, 0x0E, 0xEA, 0xFF, 0xF6, 
0x1F, 0x00, 0x00, 0x00, 0x00, 0x82, 0xFF, 0xFF, 0x92, 0x00, 0x00, 0x00, 
0x00, 0x1E, 0xFD, 0xFF, 0xF1, 0x0D, 0x00, 0x00, 0x00, 0x00, 0xBA, 0xFF, 
0xFF, 0x63, 0x00, 0x00, 0x00, 0x00, 0x77, 0xFF, 0xFF, 0xA8, 0x00, 0x00, 
0x00, 0x00, 0x3A, 0xFF, 0xFF, 0xE9, 0x00, 0x00, 0x00, 0x00, 0x09, 0xFF, 
0xFF, 0xFF, 0x15, 0x00, 0x00, 0x00, 0x00, 0xF4, 0xFF, 0xFF, 0x2A, 0x00, 
0x00, 0x00, 0x00, 0xDF, 0xFF, 0xFF, 0x3D, 0x00, 0x00, 0x00, 0x00, 0xE5, 
0xFF, 0xFF, 0x33, 0x00, 0x00, 0x00, 0x00, 0xF9, 0xFF, 0xFF, 0x1F, 0x00, 
0x00, 0x00, 0x16, 0xFF, 0xFF, 0xFC, 0x09, 0x00, 0x00, 0x00, 0x51, 0xFF, 
0xFF, 0xCC, 0x00, 0x00, 0x00, 0x00, 0x90, 0xFF, 0xFF, 0x8C, 0x00, 0x00, 
0x00, 0x02, 0xE1, 0xFF, 0xFF, 0x3C, 0x00, 0x00, 0x00, 0x4C, 0xFF, 0xFF, 
0xCE, 0x00, 0x00, 0x00, 0x00, 0xB6, 0xFF, 0xFF, 0x5E, 0x00, 0x00, 0x00, 
0x3C, 0xFF, 0xFF, 0xCE, 0x03, 0x00, 0x00, 0x01, 0xC9, 0xFF, 0xFE, 0x38, 
0x00, 0x00, 0x00, 0x13, 0x68, 0x68, 0x52, 0x00, 0x00, 0x00, 0x00, 0x00, 
0x00, 0x00, 0x27, 0xB8, 0xB8, 0x2D, 0x00, 0x00, 0x00, 0x00, 0x00, 0x00, 
0x19, 0xFF, 0xFF, 0x20, 0x00, 0x00, 0x00, 0x00, 0xAE, 0x8C, 0x1A, 0xF5, 
0xFA, 0x1A, 0x88, 0xB3, 0x00, 0x13, 0xFB, 0xFF, 0xF8, 0xF9, 0xFB, 0xF7, 
0xFF, 0xFD, 0x18, 0x1D, 0x87, 0xB6, 0xEA, 0xFF, 0xFF, 0xED, 0xB8, 0x89, 
0x21, 0x00, 0x00, 0x19, 0xDD, 0xFF, 0xFF, 0xE2, 0x1E, 0x00, 0x00, 0x00, 
0x13, 0xD4, 0xFF, 0xB8, 0xB0, 0xFF, 0xDA, 0x16, 0x00, 0x00, 0x1B, 0xC2, 
0xFE, 0x31, 0x27, 0xFB, 0xC8, 0x1F, 0x00, 0x00, 0x00, 0x03, 0x4E, 0x00, 
0x00, 0x4C, 0x05, 0x00, 0x00, 0x00, 0x00, 0x00, 0x00, 0x00, 0x3B, 0x40, 
0x23, 0x00, 0x00, 0x00, 0x00, 0x00, 0x00, 0x00, 0x00, 0x00, 0xEC, 0xFF, 
0x8C, 0x00, 0x00, 0x00, 0x00, 0x00, 0x00, 0x00, 0x00, 0x00, 0xEC, 0xFF, 
0x8C, 0x00, 0x00, 0x00, 0x00, 0x00, 0x00, 0x00, 0x00, 0x00, 0xEC, 0xFF, 
0x8C, 0x00, 0x00, 0x00, 0x00, 0x00, 0x00, 0x00, 0x00, 0x00, 0xEC, 0xFF, 
0x8C, 0x00, 0x00, 0x00, 0x00, 0x4B, 0xDC, 0xDC, 0xDC, 0xDC, 0xFD, 0xFF, 
0xEF, 0xDC, 0xDC, 0xDC, 0xD5, 0x58, 0xFF, 0xFF, 0xFF, 0xFF, 0xFF, 0xFF, 
0xFF, 0xFF, 0xFF, 0xFF, 0xF8, 0x37, 0xA0, 0xA0, 0xA0, 0xA0, 0xF8, 0xFF, 
0xD4, 0xA0, 0xA0, 0xA0, 0x9B, 0x00, 0x00, 0x00, 0x00, 0x00, 0xEC, 0xFF, 
0x8C, 0x00, 0x00, 0x00, 0x00, 0x00, 0x00, 0x00, 0x00, 0x00, 0xEC, 0xFF, 
0x8C, 0x00, 0x00, 0x00, 0x00, 0x00, 0x00, 0x00, 0x00, 0x00, 0xEC, 0xFF, 
0x8C, 0x00, 0x00, 0x00, 0x00, 0x00, 0x00, 0x00, 0x00, 0x00, 0xEC, 0xFF, 
0x8C, 0x00, 0x00, 0x00, 0x00, 0x00, 0x00, 0x00, 0x00, 0x00, 0x0B, 0x0C, 
0x06, 0x00, 0x00, 0x00, 0x00, 0x00, 0x00, 0x24, 0x64, 0x64, 0x2F, 0x00, 
0x00, 0x70, 0xFF, 0xFF, 0x61, 0x00, 0x00, 0x9C, 0xFF, 0xFF, 0x2B, 0x00, 
0x00, 0xDF, 0xFF, 0xD7, 0x00, 0x00, 0x38, 0xFF, 0xFF, 0x6E, 0x00, 0x00, 
0x9B, 0xFF, 0xEA, 0x0B, 0x00, 0x19, 0xF4, 0xFC, 0x5D, 0x00, 0x00, 0x7F, 
0xF0, 0xF0, 0xF0, 0xF0, 0xF0, 0xF0, 0x2D, 0x88, 0xFF, 0xFF, 0xFF, 0xFF, 
0xFF, 0xFF, 0x30, 0x3B, 0x70, 0x70, 0x70, 0x70, 0x70, 0x70, 0x15, 0x02, 
0x6F, 0x8C, 0x72, 0x04, 0x35, 0xFF, 0xFF, 0xFF, 0x56, 0x41, 0xFF, 0xFF, 
0xFF, 0x64, 0x1A, 0xEE, 0xFF, 0xFB, 0x35, 0x00, 0x09, 0x1D, 0x0C, 0x00, 
0x00, 0x00, 0x00, 0x00, 0x00, 0x00, 0xBA, 0xEC, 0x5D, 0x00, 0x00, 0x00, 
0x00, 0x00, 0x23, 0xFF, 0xFA, 0x13, 0x00, 0x00, 0x00, 0x00, 0x00, 0x7E, 
0xFF, 0xB1, 0x00, 0x00, 0x00, 0x00, 0x00, 0x00, 0xD9, 0xFF, 0x56, 0x00, 
0x00, 0x00, 0x00, 0x00, 0x36, 0xFF, 0xF1, 0x08, 0x00, 0x00, 0x00, 0x00, 
0x00, 0x91, 0xFF, 0x9E, 0x00, 0x00, 0x00, 0x00, 0x00, 0x03, 0xE8, 0xFF, 
0x43, 0x00, 0x00, 0x00, 0x00, 0x00, 0x49, 0xFF, 0xE4, 0x02, 0x00, 0x00, 
0x00, 0x00, 0x00, 0xA5, 0xFF, 0x8B, 0x00, 0x00, 0x00, 0x00, 0x00, 0x0B, 
0xF4, 0xFF, 0x2F, 0x00, 0x00, 0x00, 0x00, 0x00, 0x5C, 0xFF, 0xD4, 0x00, 
0x00, 0x00, 0x00, 0x00, 0x00, 0xB8, 0xFF, 0x78, 0x00, 0x00, 0x00, 0x00, 
0x00, 0x16, 0xFC, 0xFE, 0x1E, 0x00, 0x00, 0x00, 0x00, 0x00, 0x6F, 0xFF, 
0xC1, 0x00, 0x00, 0x00, 0x00, 0x00, 0x00, 0xCB, 0xFF, 0x65, 0x00, 0x00, 
0x00, 0x00, 0x00, 0x26, 0xFF, 0xF8, 0x10, 0x00, 0x00, 0x00, 0x00, 0x00, 
0x4A, 0xA8, 0x7C, 0x00, 0x00, 0x00, 0x00, 0x00, 0x00, 0x00, 0x00, 0x00, 
0x00, 0x2E, 0x61, 0x74, 0x5F, 0x27, 0x00, 0x00, 0x00, 0x00, 0x00, 0x1B, 
0xC3, 0xFF, 0xFF, 0xFF, 0xFF, 0xFF, 0xB5, 0x10, 0x00, 0x00, 0x02, 0xCC, 
0xFF, 0xFF, 0xFF, 0xFF, 0xFF, 0xFF, 0xFF, 0xB2, 0x00, 0x00, 0x50, 0xFF, 
0xFF, 0xE8, 0x44, 0x18, 0x4E, 0xF2, 0xFF, 0xFF, 0x34, 0x00, 0xA3, 0xFF, 
0xFF, 0x69, 0x00, 0x00, 0x00, 0x7D, 0xFF, 0xFF, 0x85, 0x00, 0xD5, 0xFF, 
0xFF, 0x26, 0x00, 0x00, 0x00, 0x3B, 0xFF, 0xFF, 0xB8, 0x00, 0xF3, 0xFF, 
0xFF, 0x07, 0x00, 0x00, 0x00, 0x1B, 0xFF, 0xFF, 0xD6, 0x02, 0xFF, 0xFF, 
0xFB, 0x00, 0x00, 0x00, 0x00, 0x10, 0xFF, 0xFF, 0xE5, 0x06, 0xFF, 0xFF, 
0xF6, 0x00, 0x00, 0x00, 0x00, 0x0A, 0xFF, 0xFF, 0xE9, 0x01, 0xFE, 0xFF, 
0xFC, 0x00, 0x00, 0x00, 0x00, 0x12, 0xFF, 0xFF, 0xE2, 0x00, 0xED, 0xFF, 
0xFF, 0x0B, 0x00, 0x00, 0x00, 0x22, 0xFF, 0xFF, 0xCF, 0x00, 0xCA, 0xFF, 
0xFF, 0x2E, 0x00, 0x00, 0x00, 0x47, 0xFF, 0xFF, 0xAD, 0x00, 0x91, 0xFF, 
0xFF, 0x81, 0x00, 0x00, 0x00, 0x9C, 0xFF, 0xFF, 0x74, 0x00, 0x36, 0xFF, 
0xFF, 0xF9, 0x87, 0x5C, 0x92, 0xFE, 0xFF, 0xFB, 0x1E, 0x00, 0x00, 0xA1, 
0xFF, 0xFF, 0xFF, 0xFF, 0xFF, 0xFF, 0xFF, 0x84, 0x00, 0x00, 0x00, 0x06, 
0x85, 0xEA, 0xFF, 0xFF, 0xFF, 0xE2, 0x75, 0x01, 0x00, 0x00, 0x00, 0x00, 
0x00, 0x03, 0x20, 0x31, 0x1D, 0x02, 0x00, 0x00, 0x00, 0x00, 0x00, 0x00, 
0x00, 0x2E, 0x61, 0x74, 0x5F, 0x27, 0x00, 0x00, 0x00, 0x00, 0x00, 0x1B, 
0xC3, 0xFF, 0xFF, 0xFF, 0xFF, 0xFF, 0xB5, 0x10, 0x00, 0x00, 0x02, 0xCC, 
0xFF, 0xFF, 0xFF, 0xFF, 0xFF, 0xFF, 0xFF, 0xB2, 0x00, 0x00, 0x50, 0xFF, 
0xFF, 0xE8, 0x44, 0x18, 0x4E, 0xF2, 0xFF, 0xFF, 0x34, 0x00, 0xA3, 0xFF, 
0xFF, 0x69, 0x00, 0x00, 0x00, 0x7D, 0xFF, 0xFF, 0x85, 0x00, 0xD5, 0xFF, 
0xFF, 0x26, 0x00, 0x00, 0x00, 0x3B, 0xFF, 0xFF, 0xB8, 0x00, 0xF3, 0xFF, 
0xFF, 0x07, 0x00, 0x00, 0x00, 0x1B, 0xFF, 0xFF, 0xD6, 0x02, 0xFF, 0xFF, 
0xFB, 0x00, 0x00, 0x00, 0x00, 0x10, 0xFF, 0xFF, 0xE5, 0x06, 0xFF, 0xFF, 
0xF6, 0x00, 0x00, 0x00, 0x00, 0x0A, 0xFF, 0xFF, 0xE9, 0x01, 0xFE, 0xFF, 
0xFC, 0x00, 0x00, 0x00, 0x00, 0x12, 0xFF, 0xFF, 0xE2, 0x00, 0xED, 0xFF, 
0xFF, 0x0B, 0x00, 0x00, 0x00, 0x22, 0xFF, 0xFF, 0xCF, 0x00, 0xCA, 0xFF, 
0xFF, 0x2E, 0x00, 0x00, 0x00, 0x47, 0xFF, 0xFF, 0xAD, 0x00, 0x91, 0xFF, 
0xFF, 0x81, 0x00, 0x00, 0x00, 0x9C, 0xFF, 0xFF, 0x74, 0x00, 0x36, 0xFF, 
0xFF, 0xF9, 0x87, 0x5C, 0x92, 0xFE, 0xFF, 0xFB, 0x1E, 0x00, 0x00, 0xA1, 
0xFF, 0xFF, 0xFF, 0xFF, 0xFF, 0xFF, 0xFF, 0x84, 0x00, 0x00, 0x00, 0x06, 
0x85, 0xEA, 0xFF, 0xFF, 0xFF, 0xE2, 0x75, 0x01, 0x00, 0x00, 0x00, 0x00, 
0x00, 0x03, 0x20, 0x31, 0x1D, 0x02, 0x00, 0x00, 0x00, 0x00, 0x00, 0x00, 
0x0A, 0x37, 0x44, 0x3C, 0x5E, 0x9E, 0xD2, 0xFC, 0xFF, 0xFF, 0xE4, 0xDC, 
0xFF, 0xFF, 0xFF, 0xFF, 0xFF, 0xE4, 0xDB, 0xE5, 0xB4, 0x95, 0xFF, 0xFF, 
0xE4, 0x10, 0x00, 0x00, 0x20, 0xFF, 0xFF, 0xE4, 0x00, 0x00, 0x00, 0x20, 
0xFF, 0xFF, 0xE4, 0x00, 0x00, 0x00, 0x20, 0xFF, 0xFF, 0xE4, 0x00, 0x00, 
0x00, 0x20, 0xFF, 0xFF, 0xE4, 0x00, 0x00, 0x00, 0x20, 0xFF, 0xFF, 0xE4, 
0x00, 0x00, 0x00, 0x20, 0xFF, 0xFF, 0xE4, 0x00, 0x00, 0x00, 0x20, 0xFF, 
0xFF, 0xE4, 0x00, 0x00, 0x00, 0x20, 0xFF, 0xFF, 0xE4, 0x00, 0x00, 0x00, 
0x20, 0xFF, 0xFF, 0xE4, 0x00, 0x00, 0x00, 0x20, 0xFF, 0xFF, 0xE4, 0x00, 
0x00, 0x00, 0x20, 0xFF, 0xFF, 0xE4, 0x00, 0x00, 0x00, 0x20, 0xFF, 0xFF, 
0xE4, 0x00, 0x00, 0x00, 0x0A, 0x37, 0x44, 0x3C, 0x5E, 0x9E, 0xD2, 0xFC, 
0xFF, 0xFF, 0xE4, 0xDC, 0xFF, 0xFF, 0xFF, 0xFF, 0xFF, 0xE4, 0xDB, 0xE5, 
0xB4, 0x95, 0xFF, 0xFF, 0xE4, 0x10, 0x00, 0x00, 0x20, 0xFF, 0xFF, 0xE4, 
0x00, 0x00, 0x00, 0x20, 0xFF, 0xFF, 0xE4, 0x00, 0x00, 0x00, 0x20, 0xFF, 
0xFF, 0xE4, 0x00, 0x00, 0x00, 0x20, 0xFF, 0xFF, 0xE4, 0x00, 0x00, 0x00, 
0x20, 0xFF, 0xFF, 0xE4, 0x00, 0x00, 0x00, 0x20, 0xFF, 0xFF, 0xE4, 0x00, 
0x00, 0x00, 0x20, 0xFF, 0xFF, 0xE4, 0x00, 0x00, 0x00, 0x20, 0xFF, 0xFF, 
0xE4, 0x00, 0x00, 0x00, 0x20, 0xFF, 0xFF, 0xE4, 0x00, 0x00, 0x00, 0x20, 
0xFF, 0xFF, 0xE4, 0x00, 0x00, 0x00, 0x20, 0xFF, 0xFF, 0xE4, 0x00, 0x00, 
0x00, 0x20, 0xFF, 0xFF, 0xE4, 0x00, 0x12, 0x46, 0x64, 0x73, 0x74, 0x5B, 
0x20, 0x00, 0x00, 0x00, 0x00, 0xE7, 0xFF, 0xFF, 0xFF, 0xFF, 0xFF, 0xFE, 
0xAB, 0x0E, 0x00, 0x00, 0xE8, 0xFF, 0xFF, 0xFD, 0xFF, 0xFF, 0xFF, 0xFF, 
0xB3, 0x00, 0x00, 0x5C, 0x2E, 0x0D, 0x00, 0x1A, 0x92, 0xFF, 0xFF, 0xFF, 
0x20, 0x00, 0x00, 0x00, 0x00, 0x00, 0x00, 0x01, 0xE2, 0xFF, 0xFF, 0x47, 
0x00, 0x00, 0x00, 0x00, 0x00, 0x00, 0x00, 0xCD, 0xFF, 0xFF, 0x40, 0x00, 
0x00, 0x00, 0x00, 0x00, 0x00, 0x16, 0xF8, 0xFF, 0xFE, 0x17, 0x00, 0x00, 
0x00, 0x00, 0x00, 0x00, 0x9F, 0xFF, 0xFF, 0xB4, 0x00, 0x00, 0x00, 0x00, 
0x00, 0x00, 0x72, 0xFF, 0xFF, 0xF0, 0x24, 0x00, 0x00, 0x00, 0x00, 0x00, 
0x6F, 0xFF, 0xFF, 0xF9, 0x45, 0x00, 0x00, 0x00, 0x00, 0x01, 0x85, 0xFF, 
0xFF, 0xF5, 0x48, 0x00, 0x00, 0x00, 0x00, 0x09, 0xA8, 0xFF, 0xFF, 0xE6, 
0x34, 0x00, 0x00, 0x00, 0x00, 0x1C, 0xCC, 0xFF, 0xFF, 0xC9, 0x1B, 0x00, 
0x00, 0x00, 0x00, 0x00, 0xD0, 0xFF, 0xFF, 0xF4, 0x7F, 0x78, 0x78, 0x78, 
0x78, 0x78, 0x54, 0xDC, 0xFF, 0xFF, 0xFF, 0xFF, 0xFF, 0xFF, 0xFF, 0xFF, 
0xFF, 0xB4, 0xDC, 0xFF, 0xFF, 0xFF, 0xFF, 0xFF, 0xFF, 0xFF, 0xFF, 0xFF, 
0xB4, 0x00, 0x12, 0x46, 0x64, 0x73, 0x74, 0x5B, 0x20, 0x00, 0x00, 0x00, 
0x00, 0xE7, 0xFF, 0xFF, 0xFF, 0xFF, 0xFF, 0xFE, 0xAB, 0x0E, 0x00, 0x00, 
0xE8, 0xFF, 0xFF, 0xFD, 0xFF, 0xFF, 0xFF, 0xFF, 0xB3, 0x00, 0x00, 0x5C, 
0x2E, 0x0D, 0x00, 0x1A, 0x92, 0xFF, 0xFF, 0xFF, 0x20, 0x00, 0x00, 0x00, 
0x00, 0x00, 0x00, 0x01, 0xE2, 0xFF, 0xFF, 0x47, 0x00, 0x00, 0x00, 0x00, 
0x00, 0x00, 0x00, 0xCD, 0xFF, 0xFF, 0x40, 0x00, 0x00, 0x00, 0x00, 0x00, 
0x00, 0x16, 0xF8, 0xFF, 0xFE, 0x17, 0x00, 0x00, 0x00, 0x00, 0x00, 0x00, 
0x9F, 0xFF, 0xFF, 0xB4, 0x00, 0x00, 0x00, 0x00, 0x00, 0x00, 0x72, 0xFF, 
0xFF, 0xF0, 0x24, 0x00, 0x00, 0x00, 0x00, 0x00, 0x6F, 0xFF, 0xFF, 0xF9, 
0x45, 0x00, 0x00, 0x00, 0x00, 0x01, 0x85, 0xFF, 0xFF, 0xF5, 0x48, 0x00, 
0x00, 0x00, 0x00, 0x09, 0xA8, 0xFF, 0xFF, 0xE6, 0x34, 0x00, 0x00, 0x00, 
0x00, 0x1C, 0xCC, 0xFF, 0xFF, 0xC9, 0x1B, 0x00, 0x00, 0x00, 0x00, 0x00, 
0xD0, 0xFF, 0xFF, 0xF4, 0x7F, 0x78, 0x78, 0x78, 0x78, 0x78, 0x54, 0xDC, 
0xFF, 0xFF, 0xFF, 0xFF, 0xFF, 0xFF, 0xFF, 0xFF, 0xFF, 0xB4, 0xDC, 0xFF, 
0xFF, 0xFF, 0xFF, 0xFF, 0xFF, 0xFF, 0xFF, 0xFF, 0xB4, 0x00, 0x22, 0x51, 
0x69, 0x78, 0x6D, 0x49, 0x0C, 0x00, 0x00, 0x00, 0x00, 0xE4, 0xFF, 0xFF, 
0xFF, 0xFF, 0xFF, 0xF5, 0x7A, 0x00, 0x00, 0x00, 0xE4, 0xFF, 0xFB, 0xF8, 
0xFF, 0xFF, 0xFF, 0xFF, 0x63, 0x00, 0x00, 0x40, 0x17, 0x01, 0x00, 0x1F, 
0xA9, 0xFF, 0xFF, 0xC3, 0x00, 0x00, 0x00, 0x00, 0x00, 0x00, 0x00, 0x1B, 
0xFF, 0xFF, 0xE0, 0x00, 0x00, 0x00, 0x00, 0x00, 0x00, 0x00, 0x33, 0xFF, 
0xFF, 0xC8, 0x00, 0x00, 0x00, 0x00, 0x04, 0x17, 0x52, 0xDA, 0xFF, 0xFF, 
0x61, 0x00, 0x00, 0x00, 0xC8, 0xFF, 0xFF, 0xFF, 0xFF, 0xE8, 0x6A, 0x00, 
0x00, 0x00, 0x00, 0xC8, 0xFF, 0xFF, 0xFF, 0xFF, 0xDC, 0x74, 0x02, 0x00, 
0x00, 0x00, 0x35, 0x45, 0x53, 0x7E, 0xE3, 0xFF, 0xFF, 0x9B, 0x00, 0x00, 
0x00, 0x00, 0x00, 0x00, 0x00, 0x1B, 0xF8, 0xFF, 0xFD, 0x1C, 0x00, 0x00, 
0x00, 0x00, 0x00, 0x00, 0x00, 0xD2, 0xFF, 0xFF, 0x45, 0x00, 0x00, 0x00, 
0x00, 0x00, 0x00, 0x15, 0xF5, 0xFF, 0xFF, 0x3B, 0x4A, 0x76, 0x54, 0x45, 
0x4E, 0x76, 0xDC, 0xFF, 0xFF, 0xEE, 0x07, 0x80, 0xFF, 0xFF, 0xFF, 0xFF, 
0xFF, 0xFF, 0xFF, 0xFC, 0x58, 0x00, 0x7C, 0xFF, 0xFF, 0xFF, 0xFF, 0xFF, 
0xF6, 0xB1, 0x38, 0x00, 0x00, 0x00, 0x12, 0x29, 0x33, 0x32, 0x22, 0x03, 
0x00, 0x00, 0x00, 0x00, 0x00, 0x22, 0x51, 0x69, 0x78, 0x6D, 0x49, 0x0C, 
0x00, 0x00, 0x00, 0x00, 0xE4, 0xFF, 0xFF, 0xFF, 0xFF, 0xFF, 0xF5, 0x7A, 
0x00, 0x00, 0x00, 0xE4, 0xFF, 0xFB, 0xF8, 0xFF, 0xFF, 0xFF, 0xFF, 0x63, 
0x00, 0x00, 0x40, 0x17, 0x01, 0x00, 0x1F, 0xA9, 0xFF, 0xFF, 0xC3, 0x00, 
0x00, 0x00, 0x00, 0x00, 0x00, 0x00, 0x1B, 0xFF, 0xFF, 0xE0, 0x00, 0x00, 
0x00, 0x00, 0x00, 0x00, 0x00, 0x33, 0xFF, 0xFF, 0xC8, 0x00, 0x00, 0x00, 
0x00, 0x04, 0x17, 0x52, 0xDA, 0xFF, 0xFF, 0x61, 0x00, 0x00, 0x00, 0xC8, 
0xFF, 0xFF, 0xFF, 0xFF, 0xE8, 0x6A, 0x00, 0x00, 0x00, 0x00, 0xC8, 0xFF, 
0xFF, 0xFF, 0xFF, 0xDC, 0x74, 0x02, 0x00, 0x00, 0x00, 0x35, 0x45, 0x53, 
0x7E, 0xE3, 0xFF, 0xFF, 0x9B, 0x00, 0x00, 0x00, 0x00, 0x00, 0x00, 0x00, 
0x1B, 0xF8, 0xFF, 0xFD, 0x1C, 0x00, 0x00, 0x00, 0x00, 0x00, 0x00, 0x00, 
0xD2, 0xFF, 0xFF, 0x45, 0x00, 0x00, 0x00, 0x00, 0x00, 0x00, 0x15, 0xF5, 
0xFF, 0xFF, 0x3B, 0x4A, 0x76, 0x54, 0x45, 0x4E, 0x76, 0xDC, 0xFF, 0xFF, 
0xEE, 0x07, 0x80, 0xFF, 0xFF, 0xFF, 0xFF, 0xFF, 0xFF, 0xFF, 0xFC, 0x58, 
0x00, 0x7C, 0xFF, 0xFF, 0xFF, 0xFF, 0xFF, 0xF6, 0xB1, 0x38, 0x00, 0x00, 
0x00, 0x12, 0x29, 0x33, 0x32, 0x22, 0x03, 0x00, 0x00, 0x00, 0x00, 0x00, 
0x00, 0x00, 0x00, 0x00, 0x00, 0x11, 0x44, 0x44, 0x44, 0x15, 0x00, 0x00, 
0x00, 0x00, 0x00, 0x00, 0x00, 0x00, 0xB0, 0xFF, 0xFF, 0xFF, 0x50, 0x00, 
0x00, 0x00, 0x00, 0x00, 0x00, 0x00, 0x63, 0xFF, 0xFF, 0xFF, 0xFF, 0x50, 
0x00, 0x00, 0x00, 0x00, 0x00, 0x00, 0x21, 0xF2, 0xFF, 0xF6, 0xFF, 0xFF, 
0x50, 0x00, 0x00, 0x00, 0x00, 0x00, 0x02, 0xC3, 0xFF, 0xD7, 0x8C, 0xFF, 
0xFF, 0x50, 0x00, 0x00, 0x00, 0x00, 0x00, 0x79, 0xFF, 0xFB, 0x35, 0x84, 
0xFF, 0xFF, 0x50, 0x00, 0x00, 0x00, 0x00, 0x30, 0xF9, 0xFF, 0x82, 0x00, 
0x84, 0xFF, 0xFF, 0x50, 0x00, 0x00, 0x00, 0x07, 0xD4, 0xFF, 0xCF, 0x05, 
0x00, 0x84, 0xFF, 0xFF, 0x50, 0x00, 0x00, 0x00, 0x8E, 0xFF, 0xF8, 0x2C, 
0x00, 0x00, 0x84, 0xFF, 0xFF, 0x50, 0x00, 0x00, 0x39, 0xFE, 0xFF, 0x77, 
0x00, 0x00, 0x00, 0x84, 0xFF, 0xFF, 0x50, 0x00, 0x00, 0x64, 0xFF, 0xFF, 
0xE4, 0xE0, 0xE0, 0xE0, 0xF0, 0xFF, 0xFF, 0xEA, 0xE0, 0x03, 0x64, 0xFF, 
0xFF, 0xFF, 0xFF, 0xFF, 0xFF, 0xFF, 0xFF, 0xFF, 0xFF, 0xFF, 0x04, 0x41, 
0xA8, 0xA8, 0xA8, 0xA8, 0xA8, 0xA8, 0xD5, 0xFF, 0xFF, 0xC3, 0xA8, 0x02, 
0x00, 0x00, 0x00, 0x00, 0x00, 0x00, 0x00, 0x84, 0xFF, 0xFF, 0x50, 0x00, 
0x00, 0x00, 0x00, 0x00, 0x00, 0x00, 0x00, 0x00, 0x84, 0xFF, 0xFF, 0x50, 
0x00, 0x00, 0x00, 0x00, 0x00, 0x00, 0x00, 0x00, 0x00, 0x84, 0xFF, 0xFF, 
0x50, 0x00, 0x00, 0x00, 0x00, 0x00, 0x00, 0x00, 0x00, 0x11, 0x44, 0x44, 
0x44, 0x15, 0x00, 0x00, 0x00, 0x00, 0x00, 0x00, 0x00, 0x00, 0xB0, 0xFF, 
0xFF, 0xFF, 0x50, 0x00, 0x00, 0x00, 0x00, 0x00, 0x00, 0x00, 0x63, 0xFF, 
0xFF, 0xFF, 0xFF, 0x50, 0x00, 0x00, 0x00, 0x00, 0x00, 0x00, 0x21, 0xF2, 
0xFF, 0xF6, 0xFF, 0xFF, 0x50, 0x00, 0x00, 0x00, 0x00, 0x00, 0x02, 0xC3, 
0xFF, 0xD7, 0x8C, 0xFF, 0xFF, 0x50, 0x00, 0x00, 0x00, 0x00, 0x00, 0x79, 
0xFF, 0xFB, 0x35, 0x84, 0xFF, 0xFF, 0x50, 0x00, 0x00, 0x00, 0x00, 0x30, 
0xF9, 0xFF, 0x82, 0x00, 0x84, 0xFF, 0xFF, 0x50, 0x00, 0x00, 0x00, 0x07, 
0xD4, 0xFF, 0xCF, 0x05, 0x00, 0x84, 0xFF, 0xFF, 0x50, 0x00, 0x00, 0x00, 
0x8E, 0xFF, 0xF8, 0x2C, 0x00, 0x00, 0x84, 0xFF, 0xFF, 0x50, 0x00, 0x00, 
0x39, 0xFE, 0xFF, 0x77, 0x00, 0x00, 0x00, 0x84, 0xFF, 0xFF, 0x50, 0x00, 
0x00, 0x64, 0xFF, 0xFF, 0xE4, 0xE0, 0xE0, 0xE0, 0xF0, 0xFF, 0xFF, 0xEA, 
0xE0, 0x03, 0x64, 0xFF, 0xFF, 0xFF, 0xFF, 0xFF, 0xFF, 0xFF, 0xFF, 0xFF, 
0xFF, 0xFF, 0x04, 0x41, 0xA8, 0xA8, 0xA8, 0xA8, 0xA8, 0xA8, 0xD5, 0xFF, 
0xFF, 0xC3, 0xA8, 0x02, 0x00, 0x00, 0x00, 0x00, 0x00, 0x00, 0x00, 0x84, 
0xFF, 0xFF, 0x50, 0x00, 0x00, 0x00, 0x00, 0x00, 0x00, 0x00, 0x00, 0x00, 
0x84, 0xFF, 0xFF, 0x50, 0x00, 0x00, 0x00, 0x00, 0x00, 0x00, 0x00, 0x00, 
0x00, 0x84, 0xFF, 0xFF, 0x50, 0x00, 0x00, 0x00, 0x0B, 0x44, 0x44, 0x44, 
0x44, 0x44, 0x44, 0x44, 0x27, 0x00, 0x00, 0x41, 0xFF, 0xFF, 0xFF, 0xFF, 
0xFF, 0xFF, 0xFF, 0x94, 0x00, 0x00, 0x62, 0xFF, 0xFF, 0xFF, 0xFF, 0xFF, 
0xFF, 0xFF, 0x94, 0x00, 0x00, 0x83, 0xFF, 0xFF, 0x62, 0x44, 0x44, 0x44, 
0x44, 0x27, 0x00, 0x00, 0xA4, 0xFF, 0xFD, 0x08, 0x00, 0x00, 0x00, 0x00, 
0x00, 0x00, 0x00, 0xC5, 0xFF, 0xDE, 0x00, 0x00, 0x00, 0x00, 0x00, 0x00, 
0x00, 0x00, 0xE6, 0xFF, 0xDB, 0x7B, 0x87, 0x76, 0x44, 0x03, 0x00, 0x00, 
0x08, 0xFE, 0xFF, 0xFF, 0xFF, 0xFF, 0xFF, 0xFF, 0xDC, 0x31, 0x00, 0x27, 
0xE5, 0xC3, 0xB2, 0xB3, 0xD4, 0xFF, 0xFF, 0xFF, 0xE6, 0x0B, 0x00, 0x00, 
0x00, 0x00, 0x00, 0x00, 0x3A, 0xF5, 0xFF, 0xFF, 0x5B, 0x00, 0x00, 0x00, 
0x00, 0x00, 0x00, 0x00, 0xA4, 0xFF, 0xFF, 0x87, 0x00, 0x00, 0x00, 0x00, 
0x00, 0x00, 0x00, 0x95, 0xFF, 0xFF, 0x8B, 0x00, 0x00, 0x00, 0x00, 0x00, 
0x00, 0x0D, 0xDA, 0xFF, 0xFF, 0x69, 0x1A, 0x7C, 0x54, 0x45, 0x4E, 0x74, 
0xD7, 0xFF, 0xFF, 0xF6, 0x1A, 0x2C, 0xFF, 0xFF, 0xFF, 0xFF, 0xFF, 0xFF, 
0xFF, 0xFD, 0x60, 0x00, 0x29, 0xFE, 0xFF, 0xFF, 0xFF, 0xFF, 0xF5, 0xAD, 
0x34, 0x00, 0x00, 0x00, 0x08, 0x25, 0x32, 0x32, 0x21, 0x02, 0x00, 0x00, 
0x00, 0x00, 0x00, 0x0B, 0x44, 0x44, 0x44, 0x44, 0x44, 0x44, 0x44, 0x27, 
0x00, 0x00, 0x41, 0xFF, 0xFF, 0xFF, 0xFF, 0xFF, 0xFF, 0xFF, 0x94, 0x00, 
0x00, 0x62, 0xFF, 0xFF, 0xFF, 0xFF, 0xFF, 0xFF, 0xFF, 0x94, 0x00, 0x00, 
0x83, 0xFF, 0xFF, 0x62, 0x44, 0x44, 0x44, 0x44, 0x27, 0x00, 0x00, 0xA4, 
0xFF, 0xFD, 0x08, 0x00, 0x00, 0x00, 0x00, 0x00, 0x00, 0x00, 0xC5, 0xFF, 
0xDE, 0x00, 0x00, 0x00, 0x00, 0x00, 0x00, 0x00, 0x00, 0xE6, 0xFF, 0xDB, 
0x7B, 0x87, 0x76, 0x44, 0x03, 0x00, 0x00, 0x08, 0xFE, 0xFF, 0xFF, 0xFF, 
0xFF, 0xFF, 0xFF, 0xDC, 0x31, 0x00, 0x27, 0xE5, 0xC3, 0xB2, 0xB3, 0xD4, 
0xFF, 0xFF, 0xFF, 0xE6, 0x0B, 0x00, 0x00, 0x00, 0x00, 0x00, 0x00, 0x3A, 
0xF5, 0xFF, 0xFF, 0x5B, 0x00, 0x00, 0x00, 0x00, 0x00, 0x00, 0x00, 0xA4, 
0xFF, 0xFF, 0x87, 0x00, 0x00, 0x00, 0x00, 0x00, 0x00, 0x00, 0x95, 0xFF, 
0xFF, 0x8B, 0x00, 0x00, 0x00, 0x00, 0x00, 0x00, 0x0D, 0xDA, 0xFF, 0xFF, 
0x69, 0x1A, 0x7C, 0x54, 0x45, 0x4E, 0x74, 0xD7, 0xFF, 0xFF, 0xF6, 0x1A, 
0x2C, 0xFF, 0xFF, 0xFF, 0xFF, 0xFF, 0xFF, 0xFF, 0xFD, 0x60, 0x00, 0x29, 
0xFE, 0xFF, 0xFF, 0xFF, 0xFF, 0xF5, 0xAD, 0x34, 0x00, 0x00, 0x00, 0x08, 
0x25, 0x32, 0x32, 0x21, 0x02, 0x00, 0x00, 0x00, 0x00, 0x00, 0x00, 0x00, 
0x00, 0x00, 0x08, 0x41, 0x62, 0x5E, 0x00, 0x00, 0x00, 0x00, 0x00, 0x20, 
0xA1, 0xF8, 0xFF, 0xFF, 0xCE, 0x00, 0x00, 0x00, 0x00, 0x43, 0xF2, 0xFF, 
0xFF, 0xFF, 0xFF, 0xCC, 0x00, 0x00, 0x00, 0x26, 0xF6, 0xFF, 0xFF, 0xC2, 
0x61, 0x2C, 0x12, 0x00, 0x00, 0x00, 0xBE, 0xFF, 0xFF, 0x6F, 0x00, 0x00, 
0x00, 0x00, 0x00, 0x00, 0x2C, 0xFF, 0xFF, 0xA5, 0x00, 0x00, 0x00, 0x00, 
0x00, 0x00, 0x00, 0x7E, 0xFF, 0xFF, 0x64, 0x94, 0xCF, 0xD9, 0xBA, 0x66, 
0x03, 0x00, 0xB4, 0xFF, 0xFF, 0xFC, 0xFF, 0xFF, 0xFF, 0xFF, 0xFF, 0xB1, 
0x02, 0xD7, 0xFF, 0xFF, 0xEF, 0x87, 0x61, 0x86, 0xF4, 0xFF, 0xFF, 0x5C, 
0xE7, 0xFF, 0xFF, 0x3D, 0x00, 0x00, 0x00, 0x4C, 0xFF, 0xFF, 0xAD, 0xEA, 
0xFF, 0xF2, 0x00, 0x00, 0x00, 0x00, 0x02, 0xF9, 0xFF, 0xCF, 0xD8, 0xFF, 
0xF6, 0x00, 0x00, 0x00, 0x00, 0x01, 0xF7, 0xFF, 0xCD, 0xA8, 0xFF, 0xFF, 
0x39, 0x00, 0x00, 0x00, 0x3E, 0xFF, 0xFF, 0xAB, 0x4F, 0xFF, 0xFF, 0xDD, 
0x52, 0x2E, 0x5C, 0xE3, 0xFF, 0xFF, 0x58, 0x00, 0xB1, 0xFF, 0xFF, 0xFF, 
0xFF, 0xFF, 0xFF, 0xFF, 0xBB, 0x02, 0x00, 0x06, 0x85, 0xEE, 0xFF, 0xFF, 
0xFF, 0xEF, 0x8B, 0x08, 0x00, 0x00, 0x00, 0x00, 0x02, 0x24, 0x33, 0x24, 
0x02, 0x00, 0x00, 0x00, 0x00, 0x00, 0x00, 0x00, 0x00, 0x08, 0x41, 0x62, 
0x5E, 0x00, 0x00, 0x00, 0x00, 0x00, 0x20, 0xA1, 0xF8, 0xFF, 0xFF, 0xCE, 
0x00, 0x00, 0x00, 0x00, 0x43, 0xF2, 0xFF, 0xFF, 0xFF, 0xFF, 0xCC, 0x00, 
0x00, 0x00, 0x26, 0xF6, 0xFF, 0xFF, 0xC2, 0x61, 0x2C, 0x12, 0x00, 0x00, 
0x00, 0xBE, 0xFF, 0xFF, 0x6F, 0x00, 0x00, 0x00, 0x00, 0x00, 0x00, 0x2C, 
0xFF, 0xFF, 0xA5, 0x00, 0x00, 0x00, 0x00, 0x00, 0x00, 0x00, 0x7E, 0xFF, 
0xFF, 0x64, 0x94, 0xCF, 0xD9, 0xBA, 0x66, 0x03, 0x00, 0xB4, 0xFF, 0xFF, 
0xFC, 0xFF, 0xFF, 0xFF, 0xFF, 0xFF, 0xB1, 0x02, 0xD7, 0xFF, 0xFF, 0xEF, 
0x87, 0x61, 0x86, 0xF4, 0xFF, 0xFF, 0x5C, 0xE7, 0xFF, 0xFF, 0x3D, 0x00, 
0x00, 0x00, 0x4C, 0xFF, 0xFF, 0xAD, 0xEA, 0xFF, 0xF2, 0x00, 0x00, 0x00, 
0x00, 0x02, 0xF9, 0xFF, 0xCF, 0xD8, 0xFF, 0xF6, 0x00, 0x00, 0x00, 0x00, 
0x01, 0xF7, 0xFF, 0xCD, 0xA8, 0xFF, 0xFF, 0x39, 0x00, 0x00, 0x00, 0x3E, 
0xFF, 0xFF, 0xAB, 0x4F, 0xFF, 0xFF, 0xDD, 0x52, 0x2E, 0x5C, 0xE3, 0xFF, 
0xFF, 0x58, 0x00, 0xB1, 0xFF, 0xFF, 0xFF, 0xFF, 0xFF, 0xFF, 0xFF, 0xBB, 
0x02, 0x00, 0x06, 0x85, 0xEE, 0xFF, 0xFF, 0xFF, 0xEF, 0x8B, 0x08, 0x00, 
0x00, 0x00, 0x00, 0x02, 0x24, 0x33, 0x24, 0x02, 0x00, 0x00, 0x00, 0x37, 
0x44, 0x44, 0x44, 0x44, 0x44, 0x44, 0x44, 0x44, 0x44, 0x1D, 0xD0, 0xFF, 
0xFF, 0xFF, 0xFF, 0xFF, 0xFF, 0xFF, 0xFF, 0xFF, 0x70, 0xD0, 0xFF, 0xFF, 
0xFF, 0xFF, 0xFF, 0xFF, 0xFF, 0xFF, 0xFF, 0x70, 0x37, 0x44, 0x44, 0x44, 
0x44, 0x44, 0x44, 0xA7, 0xFF, 0xFF, 0x68, 0x00, 0x00, 0x00, 0x00, 0x00, 
0x00, 0x07, 0xE7, 0xFF, 0xF6, 0x15, 0x00, 0x00, 0x00, 0x00, 0x00, 0x00, 
0x67, 0xFF, 0xFF, 0x97, 0x00, 0x00, 0x00, 0x00, 0x00, 0x00, 0x02, 0xDB, 
0xFF, 0xFD, 0x25, 0x00, 0x00, 0x00, 0x00, 0x00, 0x00, 0x56, 0xFF, 0xFF, 
0xAE, 0x00, 0x00, 0x00, 0x00, 0x00, 0x00, 0x00, 0xCC, 0xFF, 0xFF, 0x3A, 
0x00, 0x00, 0x00, 0x00, 0x00, 0x00, 0x44, 0xFF, 0xFF, 0xC5, 0x00, 0x00, 
0x00, 0x00, 0x00, 0x00, 0x00, 0xBC, 0xFF, 0xFF, 0x50, 0x00, 0x00, 0x00, 
0x00, 0x00, 0x00, 0x33, 0xFF, 0xFF, 0xDA, 0x02, 0x00, 0x00, 0x00, 0x00, 
0x00, 0x00, 0xAA, 0xFF, 0xFF, 0x67, 0x00, 0x00, 0x00, 0x00, 0x00, 0x00, 
0x24, 0xFD, 0xFF, 0xEA, 0x08, 0x00, 0x00, 0x00, 0x00, 0x00, 0x00, 0x99, 
0xFF, 0xFF, 0x7E, 0x00, 0x00, 0x00, 0x00, 0x00, 0x00, 0x18, 0xF8, 0xFF, 
0xF6, 0x14, 0x00, 0x00, 0x00, 0x00, 0x00, 0x37, 0x44, 0x44, 0x44, 0x44, 
0x44, 0x44, 0x44, 0x44, 0x44, 0x1D, 0xD0, 0xFF, 0xFF, 0xFF, 0xFF, 0xFF, 
0xFF, 0xFF, 0xFF, 0xFF, 0x70, 0xD0, 0xFF, 0xFF, 0xFF, 0xFF, 0xFF, 0xFF, 
0xFF, 0xFF, 0xFF, 0x70, 0x37, 0x44, 0x44, 0x44, 0x44, 0x44, 0x44, 0xA7, 
0xFF, 0xFF, 0x68, 0x00, 0x00, 0x00, 0x00, 0x00, 0x00, 0x07, 0xE7, 0xFF, 
0xF6, 0x15, 0x00, 0x00, 0x00, 0x00, 0x00, 0x00, 0x67, 0xFF, 0xFF, 0x97, 
0x00, 0x00, 0x00, 0x00, 0x00, 0x00, 0x02, 0xDB, 0xFF, 0xFD, 0x25, 0x00, 
0x00, 0x00, 0x00, 0x00, 0x00, 0x56, 0xFF, 0xFF, 0xAE, 0x00, 0x00, 0x00, 
0x00, 0x00, 0x00, 0x00, 0xCC, 0xFF, 0xFF, 0x3A, 0x00, 0x00, 0x00, 0x00, 
0x00, 0x00, 0x44, 0xFF, 0xFF, 0xC5, 0x00, 0x00, 0x00, 0x00, 0x00, 0x00, 
0x00, 0xBC, 0xFF, 0xFF, 0x50, 0x00, 0x00, 0x00, 0x00, 0x00, 0x00, 0x33, 
0xFF, 0xFF, 0xDA, 0x02, 0x00, 0x00, 0x00, 0x00, 0x00, 0x00, 0xAA, 0xFF, 
0xFF, 0x67, 0x00, 0x00, 0x00, 0x00, 0x00, 0x00, 0x24, 0xFD, 0xFF, 0xEA, 
0x08, 0x00, 0x00, 0x00, 0x00, 0x00, 0x00, 0x99, 0xFF, 0xFF, 0x7E, 0x00, 
0x00, 0x00, 0x00, 0x00, 0x00, 0x18, 0xF8, 0xFF, 0xF6, 0x14, 0x00, 0x00, 
0x00, 0x00, 0x00, 0x00, 0x00, 0x00, 0x06, 0x48, 0x73, 0x7F, 0x70, 0x40, 
0x02, 0x00, 0x00, 0x00, 0x00, 0x42, 0xE5, 0xFF, 0xFF, 0xFF, 0xFF, 0xFF, 
0xD9, 0x2F, 0x00, 0x00, 0x1B, 0xF4, 0xFF, 0xFF, 0xEA, 0xD0, 0xF0, 0xFF, 
0xFF, 0xE5, 0x0C, 0x00, 0x74, 0xFF, 0xFF, 0x8C, 0x03, 0x00, 0x08, 0xA7, 
0xFF, 0xFF, 0x57, 0x00, 0x92, 0xFF, 0xFF, 0x1B, 0x00, 0x00, 0x00, 0x34, 
0xFF, 0xFF, 0x75, 0x00, 0x7D, 0xFF, 0xFF, 0x28, 0x00, 0x00, 0x00, 0x42, 
0xFF, 0xFF, 0x60, 0x00, 0x2C, 0xFC, 0xFF, 0xB4, 0x1B, 0x00, 0x25, 0xC9, 
0xFF, 0xF5, 0x15, 0x00, 0x00, 0x5D, 0xF4, 0xFF, 0xFF, 0xFB, 0xFF, 0xFF, 
0xE4, 0x44, 0x00, 0x00, 0x00, 0x4A, 0xE0, 0xFF, 0xFF, 0xFF, 0xFF, 0xFF, 
0xC6, 0x37, 0x00, 0x00, 0x4F, 0xFD, 0xFF, 0xD5, 0x68, 0x4C, 0x6D, 0xDC, 
0xFF, 0xF7, 0x3A, 0x00, 0xD0, 0xFF, 0xF0, 0x14, 0x00, 0x00, 0x00, 0x1E, 
0xF9, 0xFF, 0xBA, 0x02, 0xFA, 0xFF, 0xC0, 0x00, 0x00, 0x00, 0x00, 0x00, 
0xD5, 0xFF, 0xE8, 0x03, 0xFD, 0xFF, 0xDD, 0x02, 0x00, 0x00, 0x00, 0x07, 
0xED, 0xFF, 0xEB, 0x00, 0xCB, 0xFF, 0xFF, 0xAB, 0x41, 0x2A, 0x46, 0xB8, 
0xFF, 0xFF, 0xB6, 0x00, 0x46, 0xFB, 0xFF, 0xFF, 0xFF, 0xFF, 0xFF, 0xFF, 
0xFF, 0xF6, 0x35, 0x00, 0x00, 0x3C, 0xC0, 0xFD, 0xFF, 0xFF, 0xFF, 0xFC, 
0xB7, 0x30, 0x00, 0x00, 0x00, 0x00, 0x00, 0x0C, 0x2E, 0x38, 0x2C, 0x09, 
0x00, 0x00, 0x00, 0x00, 0x00, 0x00, 0x06, 0x48, 0x73, 0x7F, 0x70, 0x40, 
0x02, 0x00, 0x00, 0x00, 0x00, 0x42, 0xE5, 0xFF, 0xFF, 0xFF, 0xFF, 0xFF, 
0xD9, 0x2F, 0x00, 0x00, 0x1B, 0xF4, 0xFF, 0xFF, 0xEA, 0xD0, 0xF0, 0xFF, 
0xFF, 0xE5, 0x0C, 0x00, 0x74, 0xFF, 0xFF, 0x8C, 0x03, 0x00, 0x08, 0xA7, 
0xFF, 0xFF, 0x57, 0x00, 0x92, 0xFF, 0xFF, 0x1B, 0x00, 0x00, 0x00, 0x34, 
0xFF, 0xFF, 0x75, 0x00, 0x7D, 0xFF, 0xFF, 0x28, 0x00, 0x00, 0x00, 0x42, 
0xFF, 0xFF, 0x60, 0x00, 0x2C, 0xFC, 0xFF, 0xB4, 0x1B, 0x00, 0x25, 0xC9, 
0xFF, 0xF5, 0x15, 0x00, 0x00, 0x5D, 0xF4, 0xFF, 0xFF, 0xFB, 0xFF, 0xFF, 
0xE4, 0x44, 0x00, 0x00, 0x00, 0x4A, 0xE0, 0xFF, 0xFF, 0xFF, 0xFF, 0xFF, 
0xC6, 0x37, 0x00, 0x00, 0x4F, 0xFD, 0xFF, 0xD5, 0x68, 0x4C, 0x6D, 0xDC, 
0xFF, 0xF7, 0x3A, 0x00, 0xD0, 0xFF, 0xF0, 0x14, 0x00, 0x00, 0x00, 0x1E, 
0xF9, 0xFF, 0xBA, 0x02, 0xFA, 0xFF, 0xC0, 0x00, 0x00, 0x00, 0x00, 0x00, 
0xD5, 0xFF, 0xE8, 0x03, 0xFD, 0xFF, 0xDD, 0x02, 0x00, 0x00, 0x00, 0x07, 
0xED, 0xFF, 0xEB, 0x00, 0xCB, 0xFF, 0xFF, 0xAB, 0x41, 0x2A, 0x46, 0xB8, 
0xFF, 0xFF, 0xB6, 0x00, 0x46, 0xFB, 0xFF, 0xFF, 0xFF, 0xFF, 0xFF, 0xFF, 
0xFF, 0xF6, 0x35, 0x00, 0x00, 0x3C, 0xC0, 0xFD, 0xFF, 0xFF, 0xFF, 0xFC, 
0xB7, 0x30, 0x00, 0x00, 0x00, 0x00, 0x00, 0x0C, 0x2E, 0x38, 0x2C, 0x09, 
0x00, 0x00, 0x00, 0x00, 0x00, 0x02, 0x3B, 0x6A, 0x76, 0x61, 0x26, 0x00, 
0x00, 0x00, 0x00, 0x2E, 0xD6, 0xFF, 0xFF, 0xFF, 0xFF, 0xFF, 0xAC, 0x0D, 
0x00, 0x18, 0xEA, 0xFF, 0xFF, 0xFF, 0xEF, 0xFF, 0xFF, 0xFF, 0xB7, 0x00, 
0x8B, 0xFF, 0xFF, 0xAF, 0x13, 0x00, 0x27, 0xD8, 0xFF, 0xFF, 0x3F, 0xD4, 
0xFF, 0xF6, 0x11, 0x00, 0x00, 0x00, 0x4A, 0xFF, 0xFF, 0x8E, 0xF1, 0xFF, 
0xD1, 0x00, 0x00, 0x00, 0x00, 0x11, 0xFF, 0xFF, 0xB9, 0xED, 0xFF, 0xDB, 
0x00, 0x00, 0x00, 0x00, 0x13, 0xFF, 0xFF, 0xCA, 0xC5, 0xFF, 0xFE, 0x3C, 
0x00, 0x00, 0x00, 0x6A, 0xFF, 0xFF, 0xC5, 0x68, 0xFF, 0xFF, 0xF6, 0x99, 
0x7D, 0xAA, 0xFD, 0xFF, 0xFF, 0xB6, 0x02, 0xA6, 0xFF, 0xFF, 0xFF, 0xFF, 
0xFF, 0xF3, 0xFF, 0xFF, 0x97, 0x00, 0x00, 0x46, 0x94, 0xB1, 0xA9, 0x6E, 
0x63, 0xFF, 0xFF, 0x64, 0x00, 0x00, 0x00, 0x00, 0x00, 0x00, 0x02, 0xC2, 
0xFF, 0xFC, 0x1A, 0x00, 0x00, 0x00, 0x00, 0x00, 0x0E, 0xA1, 0xFF, 0xFF, 
0xAA, 0x00, 0x00, 0x00, 0x4C, 0x6A, 0x9D, 0xEE, 0xFF, 0xFF, 0xEF, 0x1B, 
0x00, 0x00, 0x00, 0xE4, 0xFF, 0xFF, 0xFF, 0xFF, 0xE5, 0x30, 0x00, 0x00, 
0x00, 0x00, 0xE4, 0xFF, 0xFC, 0xCC, 0x74, 0x0B, 0x00, 0x00, 0x00, 0x00, 
0x00, 0x2E, 0x24, 0x0B, 0x00, 0x00, 0x00, 0x00, 0x00, 0x00, 0x00, 0x00, 
0x02, 0x3B, 0x6A, 0x76, 0x61, 0x26, 0x00, 0x00, 0x00, 0x00, 0x2E, 0xD6, 
0xFF, 0xFF, 0xFF, 0xFF, 0xFF, 0xAC, 0x0D, 0x00, 0x18, 0xEA, 0xFF, 0xFF, 
0xFF, 0xEF, 0xFF, 0xFF, 0xFF, 0xB7, 0x00, 0x8B, 0xFF, 0xFF, 0xAF, 0x13, 
0x00, 0x27, 0xD8, 0xFF, 0xFF, 0x3F, 0xD4, 0xFF, 0xF6, 0x11, 0x00, 0x00, 
0x00, 0x4A, 0xFF, 0xFF, 0x8E, 0xF1, 0xFF, 0xD1, 0x00, 0x00, 0x00, 0x00, 
0x11, 0xFF, 0xFF, 0xB9, 0xED, 0xFF, 0xDB, 0x00, 0x00, 0x00, 0x00, 0x13, 
0xFF, 0xFF, 0xCA, 0xC5, 0xFF, 0xFE, 0x3C, 0x00, 0x00, 0x00, 0x6A, 0xFF, 
0xFF, 0xC5, 0x68, 0xFF, 0xFF, 0xF6, 0x99, 0x7D, 0xAA, 0xFD, 0xFF, 0xFF, 
0xB6, 0x02, 0xA6, 0xFF, 0xFF, 0xFF, 0xFF, 0xFF, 0xF3, 0xFF, 0xFF, 0x97, 
0x00, 0x00, 0x46, 0x94, 0xB1, 0xA9, 0x6E, 0x63, 0xFF, 0xFF, 0x64, 0x00, 
0x00, 0x00, 0x00, 0x00, 0x00, 0x02, 0xC2, 0xFF, 0xFC, 0x1A, 0x00, 0x00, 
0x00, 0x00, 0x00, 0x0E, 0xA1, 0xFF, 0xFF, 0xAA, 0x00, 0x00, 0x00, 0x4C, 
0x6A, 0x9D, 0xEE, 0xFF, 0xFF, 0xEF, 0x1B, 0x00, 0x00, 0x00, 0xE4, 0xFF, 
0xFF, 0xFF, 0xFF, 0xE5, 0x30, 0x00, 0x00, 0x00, 0x00, 0xE4, 0xFF, 0xFC, 
0xCC, 0x74, 0x0B, 0x00, 0x00, 0x00, 0x00, 0x00, 0x2E, 0x24, 0x0B, 0x00, 
0x00, 0x00, 0x00, 0x00, 0x00, 0x00, 0x00, 0x01, 0x00, 0x00, 0x34, 0xEE, 
0xFF, 0xDE, 0x0E, 0x6F, 0xFF, 0xFF, 0xFF, 0x33, 0x67, 0xFF, 0xFF, 0xFF, 
0x2C, 0x10, 0x97, 0xAD, 0x82, 0x02, 0x00, 0x00, 0x00, 0x00, 0x00, 0x00, 
0x00, 0x00, 0x00, 0x00, 0x00, 0x00, 0x00, 0x00, 0x00, 0x00, 0x00, 0x00, 
0x00, 0x00, 0x0D, 0x7A, 0x8C, 0x6B, 0x00, 0x63, 0xFF, 0xFF, 0xFF, 0x29, 
0x70, 0xFF, 0xFF, 0xFF, 0x34, 0x3F, 0xFC, 0xFF, 0xF1, 0x13, 0x00, 0x0D, 
0x1D, 0x08, 0x00, 0x00, 0x00, 0x00, 0x01, 0x00, 0x00, 0x00, 0x34, 0xEE, 
0xFF, 0xDE, 0x0E, 0x00, 0x6F, 0xFF, 0xFF, 0xFF, 0x33, 0x00, 0x67, 0xFF, 
0xFF, 0xFF, 0x2C, 0x00, 0x10, 0x97, 0xAD, 0x82, 0x02, 0x00, 0x00, 0x00, 
0x00, 0x00, 0x00, 0x00, 0x00, 0x00, 0x00, 0x00, 0x00, 0x00, 0x00, 0x00, 
0x00, 0x00, 0x00, 0x00, 0x00, 0x00, 0x00, 0x00, 0x00, 0x00, 0x00, 0x54, 
0x64, 0x61, 0x00, 0x00, 0x00, 0xEC, 0xFF, 0xE2, 0x00, 0x00, 0x19, 0xFF, 
0xFF, 0xAC, 0x00, 0x00, 0x5C, 0xFF, 0xFF, 0x59, 0x00, 0x00, 0xB5, 0xFF, 
0xE8, 0x07, 0x00, 0x1D, 0xFC, 0xFF, 0x77, 0x00, 0x00, 0x92, 0xFC, 0xD5, 
0x06, 0x00, 0x00, 0x00, 0x00, 0x00, 0x00, 0x00, 0x00, 0x00, 0x00, 0x00, 
0x00, 0x3B, 0x9C, 0x00, 0x00, 0x00, 0x00, 0x00, 0x00, 0x00, 0x0E, 0x6B, 
0xD3, 0xFF, 0xF8, 0x00, 0x00, 0x00, 0x00, 0x00, 0x33, 0x9B, 0xF4, 0xFF, 
0xFF, 0xFF, 0xD1, 0x00, 0x00, 0x0A, 0x63, 0xCB, 0xFF, 0xFF, 0xFF, 0xF6, 
0xA1, 0x3C, 0x00, 0x1A, 0x93, 0xF0, 0xFF, 0xFF, 0xFF, 0xCE, 0x6A, 0x0F, 
0x00, 0x00, 0x00, 0x58, 0xFF, 0xFF, 0xF1, 0x98, 0x34, 0x00, 0x00, 0x00, 
0x00, 0x00, 0x00, 0x58, 0xFF, 0xE0, 0x38, 0x00, 0x00, 0x00, 0x00, 0x00, 
0x00, 0x00, 0x00, 0x58, 0xFF, 0xFF, 0xFF, 0xC8, 0x64, 0x0C, 0x00, 0x00, 
0x00, 0x00, 0x00, 0x08, 0x60, 0xC8, 0xFF, 0xFF, 0xFF, 0xF3, 0x9C, 0x37, 
0x00, 0x00, 0x00, 0x00, 0x00, 0x00, 0x30, 0x98, 0xF2, 0xFF, 0xFF, 0xFF, 
0xD3, 0x6F, 0x12, 0x00, 0x00, 0x00, 0x00, 0x00, 0x0C, 0x68, 0xCF, 0xFF, 
0xFF, 0xFF, 0xF1, 0x00, 0x00, 0x00, 0x00, 0x00, 0x00, 0x00, 0x00, 0x38, 
0xA0, 0xF6, 0xF8, 0x00, 0x00, 0x00, 0x00, 0x00, 0x00, 0x00, 0x00, 0x00, 
0x00, 0x11, 0x6A, 0x38, 0xA4, 0xA4, 0xA4, 0xA4, 0xA4, 0xA4, 0xA4, 0xA4, 
0xA4, 0xA4, 0x9E, 0x58, 0xFF, 0xFF, 0xFF, 0xFF, 0xFF, 0xFF, 0xFF, 0xFF, 
0xFF, 0xFF, 0xF8, 0x4A, 0xD8, 0xD8, 0xD8, 0xD8, 0xD8, 0xD8, 0xD8, 0xD8, 
0xD8, 0xD8, 0xD1, 0x00, 0x00, 0x00, 0x00, 0x00, 0x00, 0x00, 0x00, 0x00, 
0x00, 0x00, 0x00, 0x00, 0x00, 0x00, 0x00, 0x00, 0x00, 0x00, 0x00, 0x00, 
0x00, 0x00, 0x00, 0x05, 0x10, 0x10, 0x10, 0x10, 0x10, 0x10, 0x10, 0x10, 
0x10, 0x10, 0x0F, 0x58, 0xFF, 0xFF, 0xFF, 0xFF, 0xFF, 0xFF, 0xFF, 0xFF, 
0xFF, 0xFF, 0xF8, 0x58, 0xFF, 0xFF, 0xFF, 0xFF, 0xFF, 0xFF, 0xFF, 0xFF, 
0xFF, 0xFF, 0xF8, 0x25, 0x6C, 0x6C, 0x6C, 0x6C, 0x6C, 0x6C, 0x6C, 0x6C, 
0x6C, 0x6C, 0x68, 0x42, 0x7C, 0x19, 0x00, 0x00, 0x00, 0x00, 0x00, 0x00, 
0x00, 0x00, 0x00, 0x58, 0xFF, 0xFB, 0xAC, 0x44, 0x01, 0x00, 0x00, 0x00, 
0x00, 0x00, 0x00, 0x3F, 0xF2, 0xFF, 0xFF, 0xFF, 0xDA, 0x74, 0x13, 0x00, 
0x00, 0x00, 0x00, 0x00, 0x0B, 0x62, 0xC7, 0xFF, 0xFF, 0xFF, 0xF8, 0xA4, 
0x3C, 0x00, 0x00, 0x00, 0x00, 0x00, 0x00, 0x2B, 0x90, 0xED, 0xFF, 0xFF, 
0xFF, 0xD3, 0x6A, 0x00, 0x00, 0x00, 0x00, 0x00, 0x00, 0x07, 0x59, 0xBE, 
0xFE, 0xFF, 0xF8, 0x00, 0x00, 0x00, 0x00, 0x00, 0x00, 0x00, 0x00, 0x05, 
0x76, 0xFC, 0xF8, 0x00, 0x00, 0x00, 0x00, 0x00, 0x00, 0x26, 0x8A, 0xE9, 
0xFF, 0xFF, 0xF8, 0x00, 0x00, 0x00, 0x09, 0x5D, 0xC1, 0xFF, 0xFF, 0xFF, 
0xF7, 0xA1, 0x38, 0x00, 0x30, 0x94, 0xEF, 0xFF, 0xFF, 0xFF, 0xD7, 0x71, 
0x11, 0x00, 0x00, 0x51, 0xFF, 0xFF, 0xFF, 0xF9, 0xA9, 0x41, 0x00, 0x00, 
0x00, 0x00, 0x00, 0x58, 0xFF, 0xDE, 0x79, 0x16, 0x00, 0x00, 0x00, 0x00, 
0x00, 0x00, 0x00, 0x30, 0x49, 0x02, 0x00, 0x00, 0x00, 0x00, 0x00, 0x00, 
0x00, 0x00, 0x00, 0x03, 0x38, 0x66, 0x79, 0x7F, 0x71, 0x4A, 0x0B, 0x00, 
0x00, 0x24, 0xFF, 0xFF, 0xFF, 0xFF, 0xFF, 0xFF, 0xEC, 0x41, 0x00, 0x24, 
0xFF, 0xFF, 0xFF, 0xFF, 0xFF, 0xFF, 0xFF, 0xE1, 0x01, 0x0F, 0x51, 0x25, 
0x14, 0x1D, 0x75, 0xFF, 0xFF, 0xFF, 0x22, 0x00, 0x00, 0x00, 0x00, 0x00, 
0x01, 0xFA, 0xFF, 0xFF, 0x32, 0x00, 0x00, 0x00, 0x00, 0x00, 0x10, 0xFF, 
0xFF, 0xFF, 0x1D, 0x00, 0x00, 0x00, 0x00, 0x03, 0xA5, 0xFF, 0xFF, 0xD4, 
0x00, 0x00, 0x00, 0x00, 0x04, 0xAC, 0xFF, 0xFF, 0xEF, 0x33, 0x00, 0x00, 
0x00, 0x00, 0x80, 0xFF, 0xFF, 0xDA, 0x28, 0x00, 0x00, 0x00, 0x00, 0x00, 
0xDC, 0xFF, 0xE2, 0x15, 0x00, 0x00, 0x00, 0x00, 0x00, 0x00, 0xEF, 0xFF, 
0x95, 0x00, 0x00, 0x00, 0x00, 0x00, 0x00, 0x00, 0x16, 0x18, 0x0D, 0x00, 
0x00, 0x00, 0x00, 0x00, 0x00, 0x00, 0x4A, 0x60, 0x2C, 0x00, 0x00, 0x00, 
0x00, 0x00, 0x00, 0x56, 0xFF, 0xFF, 0xF5, 0x09, 0x00, 0x00, 0x00, 0x00, 
0x00, 0x70, 0xFF, 0xFF, 0xFF, 0x18, 0x00, 0x00, 0x00, 0x00, 0x00, 0x3C, 
0xFB, 0xFF, 0xDC, 0x04, 0x00, 0x00, 0x00, 0x00, 0x00, 0x00, 0x0E, 0x1D, 
0x05, 0x00, 0x00, 0x00, 0x00, 0x00, 0x00, 0x00, 0x00, 0x00, 0x00, 0x00, 
0x14, 0x4C, 0x6C, 0x70, 0x59, 0x3C, 0x04, 0x00, 0x00, 0x00, 0x00, 0x00, 
0x00, 0x00, 0x00, 0x00, 0x00, 0x3A, 0xB6, 0xFC, 0xFF, 0xFF, 0xFF, 0xFF, 
0xFF, 0xEC, 0x92, 0x0E, 0x00, 0x00, 0x00, 0x00, 0x00, 0x00, 0x03, 0x90, 
0xFE, 0xFF, 0xFF, 0xE6, 0xC3, 0xB1, 0xC4, 0xF2, 0xFF, 0xFF, 0xE0, 0x2B, 
0x00, 0x00, 0x00, 0x00, 0x01, 0xA8, 0xFF, 0xFF, 0xBB, 0x40, 0x00, 0x00, 
0x00, 0x00, 0x05, 0x5B, 0xEA, 0xFF, 0xD9, 0x0D, 0x00, 0x00, 0x00, 0x75, 
0xFF, 0xFF, 0x7F, 0x01, 0x00, 0x00, 0x0D, 0x04, 0x00, 0x00, 0x00, 0x2B, 
0xF5, 0xFF, 0x75, 0x00, 0x00, 0x17, 0xF6, 0xFF, 0xA1, 0x00, 0x00, 0x4F, 
0xD6, 0xFF, 0xF2, 0x6C, 0xE6, 0xE3, 0x0A, 0x92, 0xFF, 0xD3, 0x00, 0x00, 
0x7F, 0xFF, 0xF4, 0x0E, 0x00, 0x5C, 0xFE, 0xFF, 0xF2, 0xFA, 0xFE, 0xFF, 
0xDD, 0x00, 0x4B, 0xFF, 0xFC, 0x03, 0x00, 0xCE, 0xFF, 0xA1, 0x00, 0x13, 
0xF0, 0xFF, 0x9C, 0x04, 0x17, 0xF2, 0xFF, 0xAD, 0x00, 0x2F, 0xFF, 0xFF, 
0x18, 0x05, 0xFA, 0xFF, 0x5F, 0x00, 0x67, 0xFF, 0xF5, 0x0F, 0x00, 0x00, 
0xCF, 0xFF, 0x7D, 0x00, 0x34, 0xFF, 0xFF, 0x0E, 0x1A, 0xFF, 0xFF, 0x44, 
0x00, 0x9D, 0xFF, 0xB7, 0x00, 0x00, 0x01, 0xEB, 0xFF, 0x4E, 0x00, 0x48, 
0xFF, 0xF1, 0x00, 0x1E, 0xFF, 0xFF, 0x36, 0x00, 0xB1, 0xFF, 0x9F, 0x00, 
0x00, 0x3B, 0xFF, 0xFF, 0x2B, 0x00, 0x84, 0xFF, 0xB3, 0x00, 0x0C, 0xFF, 
0xFF, 0x4A, 0x00, 0x97, 0xFF, 0xD8, 0x14, 0x24, 0xD1, 0xFF, 0xFF, 0x59, 
0x1A, 0xE6, 0xFF, 0x50, 0x00, 0x00, 0xE3, 0xFF, 0x82, 0x00, 0x3D, 0xFF, 
0xFF, 0xFF, 0xFF, 0xFF, 0xDC, 0xFF, 0xFF, 0xFD, 0xFF, 0xB4, 0x01, 0x00, 
0x00, 0x9B, 0xFF, 0xE3, 0x07, 0x00, 0x60, 0xDB, 0xFB, 0xDD, 0x6B, 0x0A, 
0x9E, 0xF3, 0xE7, 0x8F, 0x0B, 0x00, 0x00, 0x00, 0x29, 0xFD, 0xFF, 0xA2, 
0x03, 0x00, 0x00, 0x00, 0x00, 0x00, 0x00, 0x00, 0x00, 0x00, 0x00, 0x00, 
0x00, 0x00, 0x00, 0x00, 0x7E, 0xFF, 0xFF, 0xC6, 0x46, 0x03, 0x00, 0x00, 
0x00, 0x00, 0x00, 0x1C, 0x1D, 0x00, 0x00, 0x00, 0x00, 0x00, 0x00, 0x00, 
0x80, 0xFD, 0xFF, 0xFF, 0xF4, 0xC9, 0xB7, 0xB8, 0xCA, 0xE6, 0xFF, 0x70, 
0x00, 0x00, 0x00, 0x00, 0x00, 0x00, 0x00, 0x00, 0x34, 0xA9, 0xF7, 0xFF, 
0xFF, 0xFF, 0xFF, 0xFF, 0xFF, 0xEF, 0x57, 0x00, 0x00, 0x00, 0x00, 0x00, 
0x00, 0x00, 0x00, 0x00, 0x00, 0x06, 0x36, 0x55, 0x65, 0x60, 0x4C, 0x2A, 
0x01, 0x00, 0x00, 0x00, 0x00, 0x00, 0x00, 0x00, 0x00, 0x00, 0x00, 0x10, 
0x44, 0x44, 0x44, 0x43, 0x01, 0x00, 0x00, 0x00, 0x00, 0x00, 0x00, 0x00, 
0x00, 0x00, 0x00, 0x7A, 0xFF, 0xFF, 0xFF, 0xFF, 0x40, 0x00, 0x00, 0x00, 
0x00, 0x00, 0x00, 0x00, 0x00, 0x00, 0x00, 0xD8, 0xFF, 0xFF, 0xFF, 0xFF, 
0x9F, 0x00, 0x00, 0x00, 0x00, 0x00, 0x00, 0x00, 0x00, 0x00, 0x39, 0xFF, 
0xFF, 0xD2, 0xF2, 0xFF, 0xF3, 0x0B, 0x00, 0x00, 0x00, 0x00, 0x00, 0x00, 
0x00, 0x00, 0x98, 0xFF, 0xFF, 0x62, 0xA3, 0xFF, 0xFF, 0x5D, 0x00, 0x00, 
0x00, 0x00, 0x00, 0x00, 0x00, 0x08, 0xEF, 0xFF, 0xF8, 0x0F, 0x4B, 0xFF, 
0xFF, 0xBC, 0x00, 0x00, 0x00, 0x00, 0x00, 0x00, 0x00, 0x58, 0xFF, 0xFF, 
0xAC, 0x00, 0x05, 0xED, 0xFF, 0xFD, 0x1D, 0x00, 0x00, 0x00, 0x00, 0x00, 
0x00, 0xB7, 0xFF, 0xFF, 0x50, 0x00, 0x00, 0x9B, 0xFF, 0xFF, 0x7B, 0x00, 
0x00, 0x00, 0x00, 0x00, 0x1A, 0xFC, 0xFF, 0xEE, 0x06, 0x00, 0x00, 0x43, 
0xFF, 0xFF, 0xD9, 0x00, 0x00, 0x00, 0x00, 0x00, 0x77, 0xFF, 0xFF, 0xDA, 
0x84, 0x84, 0x84, 0x86, 0xFD, 0xFF, 0xFF, 0x39, 0x00, 0x00, 0x00, 0x00, 
0xD6, 0xFF, 0xFF, 0xFF, 0xFF, 0xFF, 0xFF, 0xFF, 0xFF, 0xFF, 0xFF, 0x98, 
0x00, 0x00, 0x00, 0x36, 0xFF, 0xFF, 0xFF, 0xFF, 0xFF, 0xFF, 0xFF, 0xFF, 
0xFF, 0xFF, 0xFF, 0xEF, 0x08, 0x00, 0x00, 0x96, 0xFF, 0xFF, 0x92, 0x14, 
0x14, 0x14, 0x14, 0x14, 0x14, 0xDB, 0xFF, 0xFF, 0x56, 0x00, 0x07, 0xEE, 
0xFF, 0xFF, 0x31, 0x00, 0x00, 0x00, 0x00, 0x00, 0x00, 0x84, 0xFF, 0xFF, 
0xB5, 0x00, 0x55, 0xFF, 0xFF, 0xD5, 0x00, 0x00, 0x00, 0x00, 0x00, 0x00, 
0x00, 0x2C, 0xFF, 0xFF, 0xFC, 0x18, 0xB4, 0xFF, 0xFF, 0x79, 0x00, 0x00, 
0x00, 0x00, 0x00, 0x00, 0x00, 0x00, 0xD4, 0xFF, 0xFF, 0x74, 0x0F, 0x44, 
0x44, 0x44, 0x44, 0x43, 0x39, 0x28, 0x04, 0x00, 0x00, 0x00, 0x3C, 0xFF, 
0xFF, 0xFF, 0xFF, 0xFF, 0xFF, 0xFF, 0xF5, 0xA4, 0x18, 0x00, 0x3C, 0xFF, 
0xFF, 0xFF, 0xFF, 0xFF, 0xFF, 0xFF, 0xFF, 0xFF, 0xCB, 0x00, 0x3C, 0xFF, 
0xFF, 0xE3, 0x38, 0x3B, 0x4C, 0x92, 0xFF, 0xFF, 0xFF, 0x31, 0x3C, 0xFF, 
0xFF, 0xDC, 0x00, 0x00, 0x00, 0x00, 0xC9, 0xFF, 0xFF, 0x52, 0x3C, 0xFF, 
0xFF, 0xDC, 0x00, 0x00, 0x00, 0x00, 0xBC, 0xFF, 0xFF, 0x47, 0x3C, 0xFF, 
0xFF, 0xDC, 0x00, 0x00, 0x04, 0x4F, 0xF9, 0xFF, 0xF0, 0x0D, 0x3C, 0xFF, 
0xFF, 0xFC, 0xE8, 0xEB, 0xFB, 0xFF, 0xFF, 0xD2, 0x3B, 0x00, 0x3C, 0xFF, 
0xFF, 0xFF, 0xFF, 0xFF, 0xFF, 0xFF, 0xFF, 0xC9, 0x49, 0x00, 0x3C, 0xFF, 
0xFF, 0xE8, 0x5C, 0x5D, 0x6A, 0x9D, 0xFA, 0xFF, 0xFD, 0x40, 0x3C, 0xFF, 
0xFF, 0xDC, 0x00, 0x00, 0x00, 0x00, 0x7C, 0xFF, 0xFF, 0xAB, 0x3C, 0xFF, 
0xFF, 0xDC, 0x00, 0x00, 0x00, 0x00, 0x52, 0xFF, 0xFF, 0xCB, 0x3C, 0xFF, 
0xFF, 0xDC, 0x00, 0x00, 0x00, 0x00, 0x88, 0xFF, 0xFF, 0xBC, 0x3C, 0xFF, 
0xFF, 0xEE, 0x84, 0x85, 0x8F, 0xBB, 0xFE, 0xFF, 0xFF, 0x7E, 0x3C, 0xFF, 
0xFF, 0xFF, 0xFF, 0xFF, 0xFF, 0xFF, 0xFF, 0xFF, 0xDA, 0x11, 0x3C, 0xFF, 
0xFF, 0xFF, 0xFF, 0xFF, 0xFA, 0xEB, 0xC7, 0x7D, 0x0D, 0x00, 0x00, 0x00, 
0x00, 0x00, 0x0A, 0x41, 0x67, 0x76, 0x6E, 0x5A, 0x27, 0x00, 0x00, 0x00, 
0x0B, 0x8E, 0xF3, 0xFF, 0xFF, 0xFF, 0xFF, 0xFF, 0xFF, 0x30, 0x00, 0x0F, 
0xD3, 0xFF, 0xFF, 0xFF, 0xFF, 0xFF, 0xFF, 0xFF, 0xFF, 0x30, 0x00, 0xA0, 
0xFF, 0xFF, 0xFF, 0xB0, 0x53, 0x34, 0x39, 0x50, 0x89, 0x20, 0x18, 0xFA, 
0xFF, 0xFF, 0x93, 0x00, 0x00, 0x00, 0x00, 0x00, 0x00, 0x00, 0x59, 0xFF, 
0xFF, 0xFC, 0x11, 0x00, 0x00, 0x00, 0x00, 0x00, 0x00, 0x00, 0x88, 0xFF, 
0xFF, 0xCE, 0x00, 0x00, 0x00, 0x00, 0x00, 0x00, 0x00, 0x00, 0x9B, 0xFF, 
0xFF, 0xB5, 0x00, 0x00, 0x00, 0x00, 0x00, 0x00, 0x00, 0x00, 0xA5, 0xFF, 
0xFF, 0xAB, 0x00, 0x00, 0x00, 0x00, 0x00, 0x00, 0x00, 0x00, 0x9C, 0xFF, 
0xFF, 0xB8, 0x00, 0x00, 0x00, 0x00, 0x00, 0x00, 0x00, 0x00, 0x84, 0xFF, 
0xFF, 0xD7, 0x00, 0x00, 0x00, 0x00, 0x00, 0x00, 0x00, 0x00, 0x57, 0xFF, 
0xFF, 0xFE, 0x1E, 0x00, 0x00, 0x00, 0x00, 0x00, 0x00, 0x00, 0x14, 0xF9, 
0xFF, 0xFF, 0xB5, 0x09, 0x00, 0x00, 0x00, 0x00, 0x00, 0x03, 0x00, 0x96, 
0xFF, 0xFF, 0xFF, 0xE4, 0x9C, 0x82, 0x8A, 0xA1, 0xDA, 0x5B, 0x00, 0x0B, 
0xC6, 0xFF, 0xFF, 0xFF, 0xFF, 0xFF, 0xFF, 0xFF, 0xFF, 0x5C, 0x00, 0x00, 
0x07, 0x75, 0xCB, 0xFD, 0xFF, 0xFF, 0xFF, 0xFF, 0xD1, 0x39, 0x00, 0x00, 
0x00, 0x00, 0x00, 0x0C, 0x22, 0x32, 0x26, 0x0E, 0x00, 0x00, 0x00, 0x00, 
0x00, 0x00, 0x0A, 0x41, 0x67, 0x76, 0x6E, 0x5A, 0x27, 0x00, 0x00, 0x00, 
0x0B, 0x8E, 0xF3, 0xFF, 0xFF, 0xFF, 0xFF, 0xFF, 0xFF, 0x30, 0x00, 0x0F, 
0xD3, 0xFF, 0xFF, 0xFF, 0xFF, 0xFF, 0xFF, 0xFF, 0xFF, 0x30, 0x00, 0xA0, 
0xFF, 0xFF, 0xFF, 0xB0, 0x53, 0x34, 0x39, 0x50, 0x89, 0x20, 0x18, 0xFA, 
0xFF, 0xFF, 0x93, 0x00, 0x00, 0x00, 0x00, 0x00, 0x00, 0x00, 0x59, 0xFF, 
0xFF, 0xFC, 0x11, 0x00, 0x00, 0x00, 0x00, 0x00, 0x00, 0x00, 0x88, 0xFF, 
0xFF, 0xCE, 0x00, 0x00, 0x00, 0x00, 0x00, 0x00, 0x00, 0x00, 0x9B, 0xFF, 
0xFF, 0xB5, 0x00, 0x00, 0x00, 0x00, 0x00, 0x00, 0x00, 0x00, 0xA5, 0xFF, 
0xFF, 0xAB, 0x00, 0x00, 0x00, 0x00, 0x00, 0x00, 0x00, 0x00, 0x9C, 0xFF, 
0xFF, 0xB8, 0x00, 0x00, 0x00, 0x00, 0x00, 0x00, 0x00, 0x00, 0x84, 0xFF, 
0xFF, 0xD7, 0x00, 0x00, 0x00, 0x00, 0x00, 0x00, 0x00, 0x00, 0x57, 0xFF, 
0xFF, 0xFE, 0x1E, 0x00, 0x00, 0x00, 0x00, 0x00, 0x00, 0x00, 0x14, 0xF9, 
0xFF, 0xFF, 0xB5, 0x09, 0x00, 0x00, 0x00, 0x00, 0x00, 0x03, 0x00, 0x96, 
0xFF, 0xFF, 0xFF, 0xE4, 0x9C, 0x82, 0x8A, 0xA1, 0xDA, 0x5B, 0x00, 0x0B, 
0xC6, 0xFF, 0xFF, 0xFF, 0xFF, 0xFF, 0xFF, 0xFF, 0xFF, 0x5C, 0x00, 0x00, 
0x07, 0x75, 0xCB, 0xFD, 0xFF, 0xFF, 0xFF, 0xFF, 0xD1, 0x39, 0x00, 0x00, 
0x00, 0x00, 0x00, 0x0C, 0x22, 0x32, 0x26, 0x0E, 0x00, 0x00, 0x0F, 0x44, 
0x44, 0x44, 0x44, 0x43, 0x38, 0x26, 0x07, 0x00, 0x00, 0x00, 0x00, 0x00, 
0x3C, 0xFF, 0xFF, 0xFF, 0xFF, 0xFF, 0xFF, 0xFF, 0xF7, 0xBC, 0x50, 0x00, 
0x00, 0x00, 0x3C, 0xFF, 0xFF, 0xFF, 0xFF, 0xFF, 0xFF, 0xFF, 0xFF, 0xFF, 
0xFF, 0x84, 0x00, 0x00, 0x3C, 0xFF, 0xFF, 0xE8, 0x58, 0x59, 0x69, 0x95, 
0xEE, 0xFF, 0xFF, 0xFF, 0x41, 0x00, 0x3C, 0xFF, 0xFF, 0xDC, 0x00, 0x00, 
0x00, 0x00, 0x1B, 0xE4, 0xFF, 0xFF, 0xB3, 0x00, 0x3C, 0xFF, 0xFF, 0xDC, 
0x00, 0x00, 0x00, 0x00, 0x00, 0x65, 0xFF, 0xFF, 0xF5, 0x04, 0x3C, 0xFF, 
0xFF, 0xDC, 0x00, 0x00, 0x00, 0x00, 0x00, 0x1C, 0xFF, 0xFF, 0xFF, 0x22, 
0x3C, 0xFF, 0xFF, 0xDC, 0x00, 0x00, 0x00, 0x00, 0x00, 0x02, 0xFD, 0xFF, 
0xFF, 0x36, 0x3C, 0xFF, 0xFF, 0xDC, 0x00, 0x00, 0x00, 0x00, 0x00, 0x00, 
0xF5, 0xFF, 0xFF, 0x3B, 0x3C, 0xFF, 0xFF, 0xDC, 0x00, 0x00, 0x00, 0x00, 
0x00, 0x05, 0xFF, 0xFF, 0xFF, 0x2D, 0x3C, 0xFF, 0xFF, 0xDC, 0x00, 0x00, 
0x00, 0x00, 0x00, 0x2E, 0xFF, 0xFF, 0xFF, 0x14, 0x3C, 0xFF, 0xFF, 0xDC, 
0x00, 0x00, 0x00, 0x00, 0x00, 0x8A, 0xFF, 0xFF, 0xDE, 0x00, 0x3C, 0xFF, 
0xFF, 0xDC, 0x00, 0x00, 0x00, 0x01, 0x60, 0xFB, 0xFF, 0xFF, 0x84, 0x00, 
0x3C, 0xFF, 0xFF, 0xF3, 0xA8, 0xA8, 0xB8, 0xE6, 0xFF, 0xFF, 0xFF, 0xE3, 
0x14, 0x00, 0x3C, 0xFF, 0xFF, 0xFF, 0xFF, 0xFF, 0xFF, 0xFF, 0xFF, 0xFF, 
0xD7, 0x2B, 0x00, 0x00, 0x3C, 0xFF, 0xFF, 0xFF, 0xFF, 0xFF, 0xF6, 0xE1, 
0xB0, 0x5E, 0x07, 0x00, 0x00, 0x00, 0x0F, 0x44, 0x44, 0x44, 0x44, 0x43, 
0x38, 0x26, 0x07, 0x00, 0x00, 0x00, 0x00, 0x00, 0x3C, 0xFF, 0xFF, 0xFF, 
0xFF, 0xFF, 0xFF, 0xFF, 0xF7, 0xBC, 0x50, 0x00, 0x00, 0x00, 0x3C, 0xFF, 
0xFF, 0xFF, 0xFF, 0xFF, 0xFF, 0xFF, 0xFF, 0xFF, 0xFF, 0x84, 0x00, 0x00, 
0x3C, 0xFF, 0xFF, 0xE8, 0x58, 0x59, 0x69, 0x95, 0xEE, 0xFF, 0xFF, 0xFF, 
0x41, 0x00, 0x3C, 0xFF, 0xFF, 0xDC, 0x00, 0x00, 0x00, 0x00, 0x1B, 0xE4, 
0xFF, 0xFF, 0xB3, 0x00, 0x3C, 0xFF, 0xFF, 0xDC, 0x00, 0x00, 0x00, 0x00, 
0x00, 0x65, 0xFF, 0xFF, 0xF5, 0x04, 0x3C, 0xFF, 0xFF, 0xDC, 0x00, 0x00, 
0x00, 0x00, 0x00, 0x1C, 0xFF, 0xFF, 0xFF, 0x22, 0x3C, 0xFF, 0xFF, 0xDC, 
0x00, 0x00, 0x00, 0x00, 0x00, 0x02, 0xFD, 0xFF, 0xFF, 0x36, 0x3C, 0xFF, 
0xFF, 0xDC, 0x00, 0x00, 0x00, 0x00, 0x00, 0x00, 0xF5, 0xFF, 0xFF, 0x3B, 
0x3C, 0xFF, 0xFF, 0xDC, 0x00, 0x00, 0x00, 0x00, 0x00, 0x05, 0xFF, 0xFF, 
0xFF, 0x2D, 0x3C, 0xFF, 0xFF, 0xDC, 0x00, 0x00, 0x00, 0x00, 0x00, 0x2E, 
0xFF, 0xFF, 0xFF, 0x14, 0x3C, 0xFF, 0xFF, 0xDC, 0x00, 0x00, 0x00, 0x00, 
0x00, 0x8A, 0xFF, 0xFF, 0xDE, 0x00, 0x3C, 0xFF, 0xFF, 0xDC, 0x00, 0x00, 
0x00, 0x01, 0x60, 0xFB, 0xFF, 0xFF, 0x84, 0x00, 0x3C, 0xFF, 0xFF, 0xF3, 
0xA8, 0xA8, 0xB8, 0xE6, 0xFF, 0xFF, 0xFF, 0xE3, 0x14, 0x00, 0x3C, 0xFF, 
0xFF, 0xFF, 0xFF, 0xFF, 0xFF, 0xFF, 0xFF, 0xFF, 0xD7, 0x2B, 0x00, 0x00, 
0x3C, 0xFF, 0xFF, 0xFF, 0xFF, 0xFF, 0xF6, 0xE1, 0xB0, 0x5E, 0x07, 0x00, 
0x00, 0x00, 0x0F, 0x44, 0x44, 0x44, 0x44, 0x44, 0x44, 0x44, 0x44, 0x3F, 
0x00, 0x3C, 0xFF, 0xFF, 0xFF, 0xFF, 0xFF, 0xFF, 0xFF, 0xFF, 0xF0, 0x00, 
0x3C, 0xFF, 0xFF, 0xFF, 0xFF, 0xFF, 0xFF, 0xFF, 0xFF, 0xF0, 0x00, 0x3C, 
0xFF, 0xFF, 0xEB, 0x6C, 0x6C, 0x6C, 0x6C, 0x6C, 0x65, 0x00, 0x3C, 0xFF, 
0xFF, 0xDC, 0x00, 0x00, 0x00, 0x00, 0x00, 0x00, 0x00, 0x3C, 0xFF, 0xFF, 
0xDC, 0x00, 0x00, 0x00, 0x00, 0x00, 0x00, 0x00, 0x3C, 0xFF, 0xFF, 0xE0, 
0x20, 0x20, 0x20, 0x20, 0x20, 0x10, 0x00, 0x3C, 0xFF, 0xFF, 0xFF, 0xFF, 
0xFF, 0xFF, 0xFF, 0xFF, 0x80, 0x00, 0x3C, 0xFF, 0xFF, 0xFF, 0xFF, 0xFF, 
0xFF, 0xFF, 0xFF, 0x80, 0x00, 0x3C, 0xFF, 0xFF, 0xEB, 0x70, 0x70, 0x70, 
0x70, 0x70, 0x38, 0x00, 0x3C, 0xFF, 0xFF, 0xDC, 0x00, 0x00, 0x00, 0x00, 
0x00, 0x00, 0x00, 0x3C, 0xFF, 0xFF, 0xDC, 0x00, 0x00, 0x00, 0x00, 0x00, 
0x00, 0x00, 0x3C, 0xFF, 0xFF, 0xDC, 0x00, 0x00, 0x00, 0x00, 0x00, 0x00, 
0x00, 0x3C, 0xFF, 0xFF, 0xF5, 0xB4, 0xB4, 0xB4, 0xB4, 0xB4, 0xB4, 0x32, 
0x3C, 0xFF, 0xFF, 0xFF, 0xFF, 0xFF, 0xFF, 0xFF, 0xFF, 0xFF, 0x48, 0x3C, 
0xFF, 0xFF, 0xFF, 0xFF, 0xFF, 0xFF, 0xFF, 0xFF, 0xFF, 0x48, 0x0F, 0x44, 
0x44, 0x44, 0x44, 0x44, 0x44, 0x44, 0x44, 0x3F, 0x3C, 0xFF, 0xFF, 0xFF, 
0xFF, 0xFF, 0xFF, 0xFF, 0xFF, 0xF0, 0x3C, 0xFF, 0xFF, 0xFF, 0xFF, 0xFF, 
0xFF, 0xFF, 0xFF, 0xF0, 0x3C, 0xFF, 0xFF, 0xEB, 0x6C, 0x6C, 0x6C, 0x6C, 
0x6C, 0x65, 0x3C, 0xFF, 0xFF, 0xDC, 0x00, 0x00, 0x00, 0x00, 0x00, 0x00, 
0x3C, 0xFF, 0xFF, 0xDC, 0x00, 0x00, 0x00, 0x00, 0x00, 0x00, 0x3C, 0xFF, 
0xFF, 0xDC, 0x00, 0x00, 0x00, 0x00, 0x00, 0x00, 0x3C, 0xFF, 0xFF, 0xF8, 
0xC8, 0xC8, 0xC8, 0xC8, 0xC8, 0x64, 0x3C, 0xFF, 0xFF, 0xFF, 0xFF, 0xFF, 
0xFF, 0xFF, 0xFF, 0x80, 0x3C, 0xFF, 0xFF, 0xFC, 0xE8, 0xE8, 0xE8, 0xE8, 
0xE8, 0x74, 0x3C, 0xFF, 0xFF, 0xDC, 0x00, 0x00, 0x00, 0x00, 0x00, 0x00, 
0x3C, 0xFF, 0xFF, 0xDC, 0x00, 0x00, 0x00, 0x00, 0x00, 0x00, 0x3C, 0xFF, 
0xFF, 0xDC, 0x00, 0x00, 0x00, 0x00, 0x00, 0x00, 0x3C, 0xFF, 0xFF, 0xDC, 
0x00, 0x00, 0x00, 0x00, 0x00, 0x00, 0x3C, 0xFF, 0xFF, 0xDC, 0x00, 0x00, 
0x00, 0x00, 0x00, 0x00, 0x3C, 0xFF, 0xFF, 0xDC, 0x00, 0x00, 0x00, 0x00, 
0x00, 0x00, 0x00, 0x00, 0x00, 0x00, 0x06, 0x38, 0x63, 0x74, 0x71, 0x5F, 
0x45, 0x14, 0x00, 0x00, 0x00, 0x07, 0x84, 0xED, 0xFF, 0xFF, 0xFF, 0xFF, 
0xFF, 0xFF, 0xFE, 0x00, 0x00, 0x0C, 0xCB, 0xFF, 0xFF, 0xFF, 0xFF, 0xFF, 
0xFF, 0xFF, 0xFF, 0xFF, 0x00, 0x00, 0x9B, 0xFF, 0xFF, 0xFF, 0xC1, 0x5F, 
0x3A, 0x33, 0x46, 0x68, 0xAB, 0x00, 0x16, 0xF9, 0xFF, 0xFF, 0xA6, 0x01, 
0x00, 0x00, 0x00, 0x00, 0x00, 0x00, 0x00, 0x58, 0xFF, 0xFF, 0xFF, 0x1C, 
0x00, 0x00, 0x00, 0x00, 0x00, 0x00, 0x00, 0x00, 0x88, 0xFF, 0xFF, 0xD8, 
0x00, 0x00, 0x00, 0x00, 0x00, 0x00, 0x00, 0x00, 0x00, 0x9B, 0xFF, 0xFF, 
0xBE, 0x00, 0x00, 0x00, 0xA1, 0xB8, 0xB8, 0xB8, 0xB8, 0x7E, 0xA5, 0xFF, 
0xFF, 0xB3, 0x00, 0x00, 0x00, 0xE0, 0xFF, 0xFF, 0xFF, 0xFF, 0xB0, 0x9D, 
0xFF, 0xFF, 0xC0, 0x00, 0x00, 0x00, 0xC7, 0xE4, 0xEA, 0xFF, 0xFF, 0xB0, 
0x85, 0xFF, 0xFF, 0xDB, 0x00, 0x00, 0x00, 0x00, 0x00, 0x38, 0xFF, 0xFF, 
0xB0, 0x59, 0xFF, 0xFF, 0xFF, 0x1B, 0x00, 0x00, 0x00, 0x00, 0x38, 0xFF, 
0xFF, 0xB0, 0x16, 0xFA, 0xFF, 0xFF, 0xA9, 0x04, 0x00, 0x00, 0x00, 0x38, 
0xFF, 0xFF, 0xB0, 0x00, 0x9A, 0xFF, 0xFF, 0xFF, 0xD4, 0x87, 0x6C, 0x69, 
0x99, 0xFF, 0xFF, 0xB0, 0x00, 0x0D, 0xC9, 0xFF, 0xFF, 0xFF, 0xFF, 0xFF, 
0xFF, 0xFF, 0xFF, 0xFF, 0xB0, 0x00, 0x00, 0x08, 0x74, 0xC8, 0xFC, 0xFF, 
0xFF, 0xFF, 0xFF, 0xFC, 0xD8, 0x72, 0x00, 0x00, 0x00, 0x00, 0x00, 0x0A, 
0x20, 0x32, 0x2B, 0x19, 0x05, 0x00, 0x00, 0x0F, 0x44, 0x44, 0x3A, 0x00, 
0x00, 0x00, 0x00, 0x00, 0x00, 0x39, 0x44, 0x44, 0x0F, 0x3C, 0xFF, 0xFF, 
0xDC, 0x00, 0x00, 0x00, 0x00, 0x00, 0x00, 0xD8, 0xFF, 0xFF, 0x3C, 0x3C, 
0xFF, 0xFF, 0xDC, 0x00, 0x00, 0x00, 0x00, 0x00, 0x00, 0xD8, 0xFF, 0xFF, 
0x3C, 0x3C, 0xFF, 0xFF, 0xDC, 0x00, 0x00, 0x00, 0x00, 0x00, 0x00, 0xD8, 
0xFF, 0xFF, 0x3C, 0x3C, 0xFF, 0xFF, 0xDC, 0x00, 0x00, 0x00, 0x00, 0x00, 
0x00, 0xD8, 0xFF, 0xFF, 0x3C, 0x3C, 0xFF, 0xFF, 0xDC, 0x00, 0x00, 0x00, 
0x00, 0x00, 0x00, 0xD8, 0xFF, 0xFF, 0x3C, 0x3C, 0xFF, 0xFF, 0xEC, 0x74, 
0x74, 0x74, 0x74, 0x74, 0x74, 0xEA, 0xFF, 0xFF, 0x3C, 0x3C, 0xFF, 0xFF, 
0xFF, 0xFF, 0xFF, 0xFF, 0xFF, 0xFF, 0xFF, 0xFF, 0xFF, 0xFF, 0x3C, 0x3C, 
0xFF, 0xFF, 0xFF, 0xFF, 0xFF, 0xFF, 0xFF, 0xFF, 0xFF, 0xFF, 0xFF, 0xFF, 
0x3C, 0x3C, 0xFF, 0xFF, 0xE1, 0x24, 0x24, 0x24, 0x24, 0x24, 0x24, 0xDD, 
0xFF, 0xFF, 0x3C, 0x3C, 0xFF, 0xFF, 0xDC, 0x00, 0x00, 0x00, 0x00, 0x00, 
0x00, 0xD8, 0xFF, 0xFF, 0x3C, 0x3C, 0xFF, 0xFF, 0xDC, 0x00, 0x00, 0x00, 
0x00, 0x00, 0x00, 0xD8, 0xFF, 0xFF, 0x3C, 0x3C, 0xFF, 0xFF, 0xDC, 0x00, 
0x00, 0x00, 0x00, 0x00, 0x00, 0xD8, 0xFF, 0xFF, 0x3C, 0x3C, 0xFF, 0xFF, 
0xDC, 0x00, 0x00, 0x00, 0x00, 0x00, 0x00, 0xD8, 0xFF, 0xFF, 0x3C, 0x3C, 
0xFF, 0xFF, 0xDC, 0x00, 0x00, 0x00, 0x00, 0x00, 0x00, 0xD8, 0xFF, 0xFF, 
0x3C, 0x3C, 0xFF, 0xFF, 0xDC, 0x00, 0x00, 0x00, 0x00, 0x00, 0x00, 0xD8, 
0xFF, 0xFF, 0x3C, 0x0F, 0x44, 0x44, 0x3A, 0x3C, 0xFF, 0xFF, 0xDC, 0x3C, 
0xFF, 0xFF, 0xDC, 0x3C, 0xFF, 0xFF, 0xDC, 0x3C, 0xFF, 0xFF, 0xDC, 0x3C, 
0xFF, 0xFF, 0xDC, 0x3C, 0xFF, 0xFF, 0xDC, 0x3C, 0xFF, 0xFF, 0xDC, 0x3C, 
0xFF, 0xFF, 0xDC, 0x3C, 0xFF, 0xFF, 0xDC, 0x3C, 0xFF, 0xFF, 0xDC, 0x3C, 
0xFF, 0xFF, 0xDC, 0x3C, 0xFF, 0xFF, 0xDC, 0x3C, 0xFF, 0xFF, 0xDC, 0x3C, 
0xFF, 0xFF, 0xDC, 0x3C, 0xFF, 0xFF, 0xDC, 0x00, 0x00, 0x00, 0x0E, 0x44, 
0x44, 0x3A, 0x00, 0x00, 0x00, 0x38, 0xFF, 0xFF, 0xDC, 0x00, 0x00, 0x00, 
0x38, 0xFF, 0xFF, 0xDC, 0x00, 0x00, 0x00, 0x38, 0xFF, 0xFF, 0xDC, 0x00, 
0x00, 0x00, 0x38, 0xFF, 0xFF, 0xDC, 0x00, 0x00, 0x00, 0x38, 0xFF, 0xFF, 
0xDC, 0x00, 0x00, 0x00, 0x38, 0xFF, 0xFF, 0xDC, 0x00, 0x00, 0x00, 0x38, 
0xFF, 0xFF, 0xDC, 0x00, 0x00, 0x00, 0x38, 0xFF, 0xFF, 0xDC, 0x00, 0x00, 
0x00, 0x38, 0xFF, 0xFF, 0xDC, 0x00, 0x00, 0x00, 0x38, 0xFF, 0xFF, 0xDC, 
0x00, 0x00, 0x00, 0x38, 0xFF, 0xFF, 0xDC, 0x00, 0x00, 0x00, 0x38, 0xFF, 
0xFF, 0xDC, 0x00, 0x00, 0x00, 0x38, 0xFF, 0xFF, 0xDC, 0x00, 0x00, 0x00, 
0x38, 0xFF, 0xFF, 0xDC, 0x00, 0x00, 0x00, 0x4A, 0xFF, 0xFF, 0xD3, 0x00, 
0x00, 0x00, 0x8C, 0xFF, 0xFF, 0xB4, 0x66, 0x66, 0x95, 0xFD, 0xFF, 0xFF, 
0x66, 0xE4, 0xFF, 0xFF, 0xFF, 0xFF, 0xC6, 0x06, 0xE3, 0xFF, 0xFF, 0xE6, 
0x8A, 0x0A, 0x00, 0x04, 0x15, 0x10, 0x00, 0x00, 0x00, 0x00, 0x0F, 0x44, 
0x44, 0x3A, 0x00, 0x00, 0x00, 0x00, 0x00, 0x36, 0x44, 0x44, 0x39, 0x00, 
0x3C, 0xFF, 0xFF, 0xDC, 0x00, 0x00, 0x00, 0x00, 0x4C, 0xFE, 0xFF, 0xFF, 
0x56, 0x00, 0x3C, 0xFF, 0xFF, 0xDC, 0x00, 0x00, 0x00, 0x21, 0xEE, 0xFF, 
0xFF, 0x87, 0x00, 0x00, 0x3C, 0xFF, 0xFF, 0xDC, 0x00, 0x00, 0x07, 0xCD, 
0xFF, 0xFF, 0xB6, 0x02, 0x00, 0x00, 0x3C, 0xFF, 0xFF, 0xDC, 0x00, 0x00, 
0x99, 0xFF, 0xFF, 0xDA, 0x10, 0x00, 0x00, 0x00, 0x3C, 0xFF, 0xFF, 0xDC, 
0x00, 0x5E, 0xFF, 0xFF, 0xF2, 0x2A, 0x00, 0x00, 0x00, 0x00, 0x3C, 0xFF, 
0xFF, 0xE7, 0x5D, 0xF5, 0xFF, 0xFE, 0x4F, 0x00, 0x00, 0x00, 0x00, 0x00, 
0x3C, 0xFF, 0xFF, 0xFF, 0xFF, 0xFF, 0xFF, 0x87, 0x00, 0x00, 0x00, 0x00, 
0x00, 0x00, 0x3C, 0xFF, 0xFF, 0xFF, 0xFF, 0xFF, 0xFF, 0xBC, 0x01, 0x00, 
0x00, 0x00, 0x00, 0x00, 0x3C, 0xFF, 0xFF, 0xE3, 0x46, 0xF3, 0xFF, 0xFF, 
0x76, 0x00, 0x00, 0x00, 0x00, 0x00, 0x3C, 0xFF, 0xFF, 0xDC, 0x00, 0x66, 
0xFF, 0xFF, 0xFA, 0x34, 0x00, 0x00, 0x00, 0x00, 0x3C, 0xFF, 0xFF, 0xDC, 
0x00, 0x00, 0xB5, 0xFF, 0xFF, 0xDA, 0x0C, 0x00, 0x00, 0x00, 0x3C, 0xFF, 
0xFF, 0xDC, 0x00, 0x00, 0x18, 0xEC, 0xFF, 0xFF, 0x9F, 0x00, 0x00, 0x00, 
0x3C, 0xFF, 0xFF, 0xDC, 0x00, 0x00, 0x00, 0x55, 0xFF, 0xFF, 0xFF, 0x57, 
0x00, 0x00, 0x3C, 0xFF, 0xFF, 0xDC, 0x00, 0x00, 0x00, 0x00, 0xA5, 0xFF, 
0xFF, 0xEF, 0x1F, 0x00, 0x3C, 0xFF, 0xFF, 0xDC, 0x00, 0x00, 0x00, 0x00, 
0x10, 0xE3, 0xFF, 0xFF, 0xC4, 0x03, 0x0F, 0x44, 0x44, 0x3A, 0x00, 0x00, 
0x00, 0x00, 0x00, 0x00, 0x00, 0x3C, 0xFF, 0xFF, 0xDC, 0x00, 0x00, 0x00, 
0x00, 0x00, 0x00, 0x00, 0x3C, 0xFF, 0xFF, 0xDC, 0x00, 0x00, 0x00, 0x00, 
0x00, 0x00, 0x00, 0x3C, 0xFF, 0xFF, 0xDC, 0x00, 0x00, 0x00, 0x00, 0x00, 
0x00, 0x00, 0x3C, 0xFF, 0xFF, 0xDC, 0x00, 0x00, 0x00, 0x00, 0x00, 0x00, 
0x00, 0x3C, 0xFF, 0xFF, 0xDC, 0x00, 0x00, 0x00, 0x00, 0x00, 0x00, 0x00, 
0x3C, 0xFF, 0xFF, 0xDC, 0x00, 0x00, 0x00, 0x00, 0x00, 0x00, 0x00, 0x3C, 
0xFF, 0xFF, 0xDC, 0x00, 0x00, 0x00, 0x00, 0x00, 0x00, 0x00, 0x3C, 0xFF, 
0xFF, 0xDC, 0x00, 0x00, 0x00, 0x00, 0x00, 0x00, 0x00, 0x3C, 0xFF, 0xFF, 
0xDC, 0x00, 0x00, 0x00, 0x00, 0x00, 0x00, 0x00, 0x3C, 0xFF, 0xFF, 0xDC, 
0x00, 0x00, 0x00, 0x00, 0x00, 0x00, 0x00, 0x3C, 0xFF, 0xFF, 0xDC, 0x00, 
0x00, 0x00, 0x00, 0x00, 0x00, 0x00, 0x3C, 0xFF, 0xFF, 0xDC, 0x00, 0x00, 
0x00, 0x00, 0x00, 0x00, 0x00, 0x3C, 0xFF, 0xFF, 0xF5, 0xB4, 0xB4, 0xB4, 
0xB4, 0xB4, 0xB4, 0x02, 0x3C, 0xFF, 0xFF, 0xFF, 0xFF, 0xFF, 0xFF, 0xFF, 
0xFF, 0xFF, 0x04, 0x3C, 0xFF, 0xFF, 0xFF, 0xFF, 0xFF, 0xFF, 0xFF, 0xFF, 
0xFF, 0x04, 0x0F, 0x44, 0x44, 0x44, 0x44, 0x37, 0x00, 0x00, 0x00, 0x00, 
0x00, 0x20, 0x44, 0x44, 0x44, 0x44, 0x1E, 0x3C, 0xFF, 0xFF, 0xFF, 0xFF, 
0xF8, 0x0C, 0x00, 0x00, 0x00, 0x00, 0xB0, 0xFF, 0xFF, 0xFF, 0xFF, 0x74, 
0x3C, 0xFF, 0xFF, 0xFF, 0xFF, 0xFF, 0x55, 0x00, 0x00, 0x00, 0x0C, 0xF7, 
0xFF, 0xFF, 0xFF, 0xFF, 0x74, 0x3C, 0xFF, 0xFF, 0xF5, 0xFF, 0xFF, 0xA6, 
0x00, 0x00, 0x00, 0x57, 0xFF, 0xFF, 0xF4, 0xFF, 0xFF, 0x74, 0x3C, 0xFF, 
0xFF, 0xC8, 0xD7, 0xFF, 0xF0, 0x05, 0x00, 0x00, 0xAB, 0xFF, 0xF4, 0xA6, 
0xFF, 0xFF, 0x74, 0x3C, 0xFF, 0xFF, 0xC8, 0x82, 0xFF, 0xFF, 0x46, 0x00, 
0x09, 0xF4, 0xFF, 0xA8, 0x9C, 0xFF, 0xFF, 0x74, 0x3C, 0xFF, 0xFF, 0xC8, 
0x2C, 0xFF, 0xFF, 0x97, 0x00, 0x52, 0xFF, 0xFF, 0x52, 0x9C, 0xFF, 0xFF, 
0x74, 0x3C, 0xFF, 0xFF, 0xC8, 0x00, 0xD5, 0xFF, 0xE5, 0x01, 0xA5, 0xFF, 
0xF3, 0x08, 0x9C, 0xFF, 0xFF, 0x74, 0x3C, 0xFF, 0xFF, 0xC8, 0x00, 0x80, 
0xFF, 0xFF, 0x3E, 0xF1, 0xFF, 0xA5, 0x00, 0x9C, 0xFF, 0xFF, 0x74, 0x3C, 
0xFF, 0xFF, 0xC8, 0x00, 0x2A, 0xFF, 0xFF, 0xD3, 0xFF, 0xFF, 0x4F, 0x00, 
0x9C, 0xFF, 0xFF, 0x74, 0x3C, 0xFF, 0xFF, 0xC8, 0x00, 0x00, 0xD5, 0xFF, 
0xFF, 0xFF, 0xF1, 0x07, 0x00, 0x9C, 0xFF, 0xFF, 0x74, 0x3C, 0xFF, 0xFF, 
0xC8, 0x00, 0x00, 0x7F, 0xFF, 0xFF, 0xFF, 0xA2, 0x00, 0x00, 0x9C, 0xFF, 
0xFF, 0x74, 0x3C, 0xFF, 0xFF, 0xC8, 0x00, 0x00, 0x28, 0xFF, 0xFF, 0xFF, 
0x4C, 0x00, 0x00, 0x9C, 0xFF, 0xFF, 0x74, 0x3C, 0xFF, 0xFF, 0xC8, 0x00, 
0x00, 0x00, 0x03, 0x04, 0x04, 0x00, 0x00, 0x00, 0x9C, 0xFF, 0xFF, 0x74, 
0x3C, 0xFF, 0xFF, 0xC8, 0x00, 0x00, 0x00, 0x00, 0x00, 0x00, 0x00, 0x00, 
0x00, 0x9C, 0xFF, 0xFF, 0x74, 0x3C, 0xFF, 0xFF, 0xC8, 0x00, 0x00, 0x00, 
0x00, 0x00, 0x00, 0x00, 0x00, 0x00, 0x9C, 0xFF, 0xFF, 0x74, 0x0F, 0x44, 
0x44, 0x44, 0x44, 0x25, 0x00, 0x00, 0x00, 0x00, 0x0C, 0x44, 0x44, 0x39, 
0x3C, 0xFF, 0xFF, 0xFF, 0xFF, 0xD5, 0x01, 0x00, 0x00, 0x00, 0x30, 0xFF, 
0xFF, 0xD8, 0x3C, 0xFF, 0xFF, 0xFF, 0xFF, 0xFF, 0x4D, 0x00, 0x00, 0x00, 
0x30, 0xFF, 0xFF, 0xD8, 0x3C, 0xFF, 0xFF, 0xFF, 0xFF, 0xFF, 0xC3, 0x00, 
0x00, 0x00, 0x30, 0xFF, 0xFF, 0xD8, 0x3C, 0xFF, 0xFF, 0xD2, 0xD4, 0xFF, 
0xFF, 0x3A, 0x00, 0x00, 0x30, 0xFF, 0xFF, 0xD8, 0x3C, 0xFF, 0xFF, 0xD0, 
0x5C, 0xFF, 0xFF, 0xB1, 0x00, 0x00, 0x30, 0xFF, 0xFF, 0xD8, 0x3C, 0xFF, 
0xFF, 0xD0, 0x03, 0xDE, 0xFF, 0xFE, 0x29, 0x00, 0x30, 0xFF, 0xFF, 0xD8, 
0x3C, 0xFF, 0xFF, 0xD0, 0x00, 0x69, 0xFF, 0xFF, 0x9E, 0x00, 0x30, 0xFF, 
0xFF, 0xD8, 0x3C, 0xFF, 0xFF, 0xD0, 0x00, 0x07, 0xE7, 0xFF, 0xF9, 0x1B, 
0x30, 0xFF, 0xFF, 0xD8, 0x3C, 0xFF, 0xFF, 0xD0, 0x00, 0x00, 0x76, 0xFF, 
0xFF, 0x8C, 0x30, 0xFF, 0xFF, 0xD8, 0x3C, 0xFF, 0xFF, 0xD0, 0x00, 0x00, 
0x0D, 0xEF, 0xFF, 0xF2, 0x40, 0xFF, 0xFF, 0xD8, 0x3C, 0xFF, 0xFF, 0xD0, 
0x00, 0x00, 0x00, 0x83, 0xFF, 0xFF, 0xAB, 0xFF, 0xFF, 0xD8, 0x3C, 0xFF, 
0xFF, 0xD0, 0x00, 0x00, 0x00, 0x14, 0xF5, 0xFF, 0xFF, 0xFF, 0xFF, 0xD8, 
0x3C, 0xFF, 0xFF, 0xD0, 0x00, 0x00, 0x00, 0x00, 0x90, 0xFF, 0xFF, 0xFF, 
0xFF, 0xD8, 0x3C, 0xFF, 0xFF, 0xD0, 0x00, 0x00, 0x00, 0x00, 0x1C, 0xF9, 
0xFF, 0xFF, 0xFF, 0xD8, 0x3C, 0xFF, 0xFF, 0xD0, 0x00, 0x00, 0x00, 0x00, 
0x00, 0x9D, 0xFF, 0xFF, 0xFF, 0xD8, 0x00, 0x00, 0x00, 0x00, 0x22, 0x57, 
0x6C, 0x74, 0x60, 0x3E, 0x04, 0x00, 0x00, 0x00, 0x00, 0x00, 0x00, 0x3B, 
0xCE, 0xFF, 0xFF, 0xFF, 0xFF, 0xFF, 0xFF, 0xEF, 0x80, 0x02, 0x00, 0x00, 
0x00, 0x36, 0xF8, 0xFF, 0xFF, 0xFF, 0xFF, 0xFF, 0xFF, 0xFF, 0xFF, 0xFF, 
0x98, 0x00, 0x00, 0x00, 0xCD, 0xFF, 0xFF, 0xE6, 0x5D, 0x23, 0x18, 0x3B, 
0xB1, 0xFF, 0xFF, 0xFF, 0x35, 0x00, 0x2F, 0xFF, 0xFF, 0xFF, 0x37, 0x00, 
0x00, 0x00, 0x00, 0x03, 0xCF, 0xFF, 0xFF, 0x96, 0x00, 0x6C, 0xFF, 0xFF, 
0xD7, 0x00, 0x00, 0x00, 0x00, 0x00, 0x00, 0x73, 0xFF, 0xFF, 0xD3, 0x00, 
0x8F, 0xFF, 0xFF, 0xAC, 0x00, 0x00, 0x00, 0x00, 0x00, 0x00, 0x49, 0xFF, 
0xFF, 0xF6, 0x00, 0xA1, 0xFF, 0xFF, 0x9C, 0x00, 0x00, 0x00, 0x00, 0x00, 
0x00, 0x39, 0xFF, 0xFF, 0xFF, 0x07, 0xA5, 0xFF, 0xFF, 0x96, 0x00, 0x00, 
0x00, 0x00, 0x00, 0x00, 0x32, 0xFF, 0xFF, 0xFF, 0x0D, 0x9E, 0xFF, 0xFF, 
0x9F, 0x00, 0x00, 0x00, 0x00, 0x00, 0x00, 0x3C, 0xFF, 0xFF, 0xFF, 0x05, 
0x88, 0xFF, 0xFF, 0xB5, 0x00, 0x00, 0x00, 0x00, 0x00, 0x00, 0x52, 0xFF, 
0xFF, 0xEE, 0x00, 0x5E, 0xFF, 0xFF, 0xE5, 0x02, 0x00, 0x00, 0x00, 0x00, 
0x00, 0x84, 0xFF, 0xFF, 0xC5, 0x00, 0x1C, 0xFD, 0xFF, 0xFF, 0x63, 0x00, 
0x00, 0x00, 0x00, 0x17, 0xE6, 0xFF, 0xFF, 0x80, 0x00, 0x00, 0xA0, 0xFF, 
0xFF, 0xFC, 0xA9, 0x71, 0x68, 0x88, 0xE4, 0xFF, 0xFF, 0xEF, 0x19, 0x00, 
0x00, 0x11, 0xD6, 0xFF, 0xFF, 0xFF, 0xFF, 0xFF, 0xFF, 0xFF, 0xFF, 0xFA, 
0x57, 0x00, 0x00, 0x00, 0x00, 0x0A, 0x88, 0xDE, 0xFF, 0xFF, 0xFF, 0xFF, 
0xF5, 0xB1, 0x33, 0x00, 0x00, 0x00, 0x00, 0x00, 0x00, 0x00, 0x00, 0x14, 
0x29, 0x31, 0x1D, 0x05, 0x00, 0x00, 0x00, 0x00, 0x00, 0x0F, 0x44, 0x44, 
0x44, 0x44, 0x43, 0x38, 0x27, 0x04, 0x00, 0x00, 0x00, 0x3C, 0xFF, 0xFF, 
0xFF, 0xFF, 0xFF, 0xFF, 0xFF, 0xF2, 0xA2, 0x1A, 0x00, 0x3C, 0xFF, 0xFF, 
0xFF, 0xFF, 0xFF, 0xFF, 0xFF, 0xFF, 0xFF, 0xD8, 0x0C, 0x3C, 0xFF, 0xFF, 
0xE3, 0x38, 0x3A, 0x4E, 0xA0, 0xFF, 0xFF, 0xFF, 0x62, 0x3C, 0xFF, 0xFF, 
0xDC, 0x00, 0x00, 0x00, 0x00, 0xBC, 0xFF, 0xFF, 0x9E, 0x3C, 0xFF, 0xFF, 
0xDC, 0x00, 0x00, 0x00, 0x00, 0x7F, 0xFF, 0xFF, 0xB3, 0x3C, 0xFF, 0xFF, 
0xDC, 0x00, 0x00, 0x00, 0x00, 0x7C, 0xFF, 0xFF, 0xAD, 0x3C, 0xFF, 0xFF, 
0xDC, 0x00, 0x00, 0x00, 0x00, 0xBD, 0xFF, 0xFF, 0x92, 0x3C, 0xFF, 0xFF, 
0xE7, 0x54, 0x56, 0x68, 0xB4, 0xFF, 0xFF, 0xFF, 0x48, 0x3C, 0xFF, 0xFF, 
0xFF, 0xFF, 0xFF, 0xFF, 0xFF, 0xFF, 0xFF, 0xB5, 0x01, 0x3C, 0xFF, 0xFF, 
0xFF, 0xFF, 0xFF, 0xFF, 0xFF, 0xD5, 0x78, 0x06, 0x00, 0x3C, 0xFF, 0xFF, 
0xE1, 0x28, 0x27, 0x1C, 0x0A, 0x00, 0x00, 0x00, 0x00, 0x3C, 0xFF, 0xFF, 
0xDC, 0x00, 0x00, 0x00, 0x00, 0x00, 0x00, 0x00, 0x00, 0x3C, 0xFF, 0xFF, 
0xDC, 0x00, 0x00, 0x00, 0x00, 0x00, 0x00, 0x00, 0x00, 0x3C, 0xFF, 0xFF, 
0xDC, 0x00, 0x00, 0x00, 0x00, 0x00, 0x00, 0x00, 0x00, 0x3C, 0xFF, 0xFF, 
0xDC, 0x00, 0x00, 0x00, 0x00, 0x00, 0x00, 0x00, 0x00, 0x00, 0x00, 0x00, 
0x00, 0x22, 0x57, 0x6C, 0x74, 0x60, 0x3E, 0x04, 0x00, 0x00, 0x00, 0x00, 
0x00, 0x00, 0x3B, 0xCE, 0xFF, 0xFF, 0xFF, 0xFF, 0xFF, 0xFF, 0xEF, 0x80, 
0x02, 0x00, 0x00, 0x00, 0x36, 0xF8, 0xFF, 0xFF, 0xFF, 0xFF, 0xFF, 0xFF, 
0xFF, 0xFF, 0xFF, 0x98, 0x00, 0x00, 0x00, 0xCD, 0xFF, 0xFF, 0xE6, 0x5D, 
0x23, 0x18, 0x3B, 0xB1, 0xFF, 0xFF, 0xFF, 0x35, 0x00, 0x2F, 0xFF, 0xFF, 
0xFF, 0x37, 0x00, 0x00, 0x00, 0x00, 0x03, 0xCF, 0xFF, 0xFF, 0x96, 0x00, 
0x6C, 0xFF, 0xFF, 0xD7, 0x00, 0x00, 0x00, 0x00, 0x00, 0x00, 0x73, 0xFF, 
0xFF, 0xD3, 0x00, 0x8F, 0xFF, 0xFF, 0xAC, 0x00, 0x00, 0x00, 0x00, 0x00, 
0x00, 0x49, 0xFF, 0xFF, 0xF6, 0x00, 0xA1, 0xFF, 0xFF, 0x9C, 0x00, 0x00, 
0x00, 0x00, 0x00, 0x00, 0x39, 0xFF, 0xFF, 0xFF, 0x07, 0xA5, 0xFF, 0xFF, 
0x96, 0x00, 0x00, 0x00, 0x00, 0x00, 0x00, 0x32, 0xFF, 0xFF, 0xFF, 0x0D, 
0x9E, 0xFF, 0xFF, 0x9F, 0x00, 0x00, 0x00, 0x00, 0x00, 0x00, 0x3C, 0xFF, 
0xFF, 0xFF, 0x04, 0x87, 0xFF, 0xFF, 0xB5, 0x00, 0x00, 0x00, 0x00, 0x00, 
0x00, 0x52, 0xFF, 0xFF, 0xED, 0x00, 0x5E, 0xFF, 0xFF, 0xE5, 0x02, 0x00, 
0x00, 0x00, 0x00, 0x00, 0x84, 0xFF, 0xFF, 0xC5, 0x00, 0x1C, 0xFD, 0xFF, 
0xFF, 0x63, 0x00, 0x00, 0x00, 0x00, 0x17, 0xE6, 0xFF, 0xFF, 0x81, 0x00, 
0x00, 0xAB, 0xFF, 0xFF, 0xFC, 0xA9, 0x71, 0x68, 0x88, 0xE4, 0xFF, 0xFF, 
0xF5, 0x1C, 0x00, 0x00, 0x18, 0xDE, 0xFF, 0xFF, 0xFF, 0xFF, 0xFF, 0xFF, 
0xFF, 0xFF, 0xFD, 0x5C, 0x00, 0x00, 0x00, 0x00, 0x13, 0x8C, 0xDE, 0xFF, 
0xFF, 0xFF, 0xFF, 0xFF, 0xBE, 0x3B, 0x00, 0x00, 0x00, 0x00, 0x00, 0x00, 
0x00, 0x00, 0x13, 0x2A, 0xB0, 0xFF, 0xFF, 0x9A, 0x00, 0x00, 0x00, 0x00, 
0x00, 0x00, 0x00, 0x00, 0x00, 0x00, 0x00, 0x18, 0xEE, 0xFF, 0xFF, 0x65, 
0x00, 0x00, 0x00, 0x00, 0x00, 0x00, 0x00, 0x00, 0x00, 0x00, 0x00, 0x5F, 
0xFF, 0xFF, 0xF9, 0x37, 0x00, 0x00, 0x00, 0x00, 0x00, 0x00, 0x00, 0x00, 
0x00, 0x00, 0x00, 0x2E, 0x30, 0x30, 0x1F, 0x00, 0x00, 0x0F, 0x44, 0x44, 
0x44, 0x44, 0x43, 0x37, 0x23, 0x01, 0x00, 0x00, 0x00, 0x00, 0x3C, 0xFF, 
0xFF, 0xFF, 0xFF, 0xFF, 0xFF, 0xFF, 0xED, 0x90, 0x10, 0x00, 0x00, 0x3C, 
0xFF, 0xFF, 0xFF, 0xFF, 0xFF, 0xFF, 0xFF, 0xFF, 0xFF, 0xC3, 0x02, 0x00, 
0x3C, 0xFF, 0xFF, 0xE3, 0x38, 0x3B, 0x4C, 0x92, 0xFE, 0xFF, 0xFF, 0x48, 
0x00, 0x3C, 0xFF, 0xFF, 0xDC, 0x00, 0x00, 0x00, 0x00, 0xAC, 0xFF, 0xFF, 
0x82, 0x00, 0x3C, 0xFF, 0xFF, 0xDC, 0x00, 0x00, 0x00, 0x00, 0x86, 0xFF, 
0xFF, 0x95, 0x00, 0x3C, 0xFF, 0xFF, 0xDC, 0x00, 0x00, 0x00, 0x00, 0xA3, 
0xFF, 0xFF, 0x80, 0x00, 0x3C, 0xFF, 0xFF, 0xDC, 0x04, 0x06, 0x18, 0x61, 
0xF8, 0xFF, 0xFF, 0x4A, 0x00, 0x3C, 0xFF, 0xFF, 0xFF, 0xFF, 0xFF, 0xFF, 
0xFF, 0xFF, 0xFF, 0xC9, 0x02, 0x00, 0x3C, 0xFF, 0xFF, 0xFF, 0xFF, 0xFF, 
0xFF, 0xFF, 0xFA, 0x9E, 0x11, 0x00, 0x00, 0x3C, 0xFF, 0xFF, 0xE7, 0x54, 
0x69, 0xFD, 0xFF, 0xEE, 0x1D, 0x00, 0x00, 0x00, 0x3C, 0xFF, 0xFF, 0xDC, 
0x00, 0x00, 0x90, 0xFF, 0xFF, 0xC2, 0x03, 0x00, 0x00, 0x3C, 0xFF, 0xFF, 
0xDC, 0x00, 0x00, 0x0A, 0xDD, 0xFF, 0xFF, 0x7E, 0x00, 0x00, 0x3C, 0xFF, 
0xFF, 0xDC, 0x00, 0x00, 0x00, 0x41, 0xFE, 0xFF, 0xFC, 0x3B, 0x00, 0x3C, 
0xFF, 0xFF, 0xDC, 0x00, 0x00, 0x00, 0x00, 0x98, 0xFF, 0xFF, 0xE1, 0x10, 
0x3C, 0xFF, 0xFF, 0xDC, 0x00, 0x00, 0x00, 0x00, 0x0D, 0xE2, 0xFF, 0xFF, 
0xAA, 0x00, 0x00, 0x04, 0x41, 0x6E, 0x7F, 0x77, 0x64, 0x43, 0x0A, 0x00, 
0x00, 0x4A, 0xE5, 0xFF, 0xFF, 0xFF, 0xFF, 0xFF, 0xFF, 0xAB, 0x00, 0x27, 
0xFA, 0xFF, 0xFF, 0xFF, 0xFF, 0xFF, 0xFF, 0xFF, 0xAC, 0x00, 0x89, 0xFF, 
0xFF, 0xD4, 0x45, 0x20, 0x26, 0x3B, 0x5D, 0x5E, 0x00, 0xAF, 0xFF, 0xFF, 
0x60, 0x00, 0x00, 0x00, 0x00, 0x00, 0x00, 0x00, 0xAD, 0xFF, 0xFF, 0x78, 
0x00, 0x00, 0x00, 0x00, 0x00, 0x00, 0x00, 0x85, 0xFF, 0xFF, 0xF9, 0x9A, 
0x49, 0x0A, 0x00, 0x00, 0x00, 0x00, 0x1F, 0xEE, 0xFF, 0xFF, 0xFF, 0xFF, 
0xF7, 0xB4, 0x44, 0x00, 0x00, 0x00, 0x22, 0xA6, 0xF7, 0xFF, 0xFF, 0xFF, 
0xFF, 0xFF, 0x82, 0x00, 0x00, 0x00, 0x00, 0x0A, 0x4B, 0x94, 0xEC, 0xFF, 
0xFF, 0xFE, 0x23, 0x00, 0x00, 0x00, 0x00, 0x00, 0x00, 0x11, 0xDF, 0xFF, 
0xFF, 0x5F, 0x00, 0x00, 0x00, 0x00, 0x00, 0x00, 0x00, 0xA7, 0xFF, 0xFF, 
0x72, 0x02, 0x00, 0x00, 0x00, 0x00, 0x00, 0x03, 0xD5, 0xFF, 0xFF, 0x64, 
0xC2, 0xC0, 0x99, 0x85, 0x75, 0x84, 0xCA, 0xFF, 0xFF, 0xFF, 0x27, 0xCC, 
0xFF, 0xFF, 0xFF, 0xFF, 0xFF, 0xFF, 0xFF, 0xFF, 0x99, 0x00, 0x9C, 0xF2, 
0xFF, 0xFF, 0xFF, 0xFF, 0xFF, 0xDA, 0x71, 0x03, 0x00, 0x00, 0x00, 0x15, 
0x26, 0x33, 0x2E, 0x13, 0x00, 0x00, 0x00, 0x00, 0x29, 0x44, 0x44, 0x44, 
0x44, 0x44, 0x44, 0x44, 0x44, 0x44, 0x44, 0x2B, 0x9C, 0xFF, 0xFF, 0xFF, 
0xFF, 0xFF, 0xFF, 0xFF, 0xFF, 0xFF, 0xFF, 0xA4, 0x9C, 0xFF, 0xFF, 0xFF, 
0xFF, 0xFF, 0xFF, 0xFF, 0xFF, 0xFF, 0xFF, 0xA4, 0x44, 0x70, 0x70, 0x70, 
0xBC, 0xFF, 0xFF, 0xC1, 0x70, 0x70, 0x70, 0x47, 0x00, 0x00, 0x00, 0x00, 
0x88, 0xFF, 0xFF, 0x90, 0x00, 0x00, 0x00, 0x00, 0x00, 0x00, 0x00, 0x00, 
0x88, 0xFF, 0xFF, 0x90, 0x00, 0x00, 0x00, 0x00, 0x00, 0x00, 0x00, 0x00, 
0x88, 0xFF, 0xFF, 0x90, 0x00, 0x00, 0x00, 0x00, 0x00, 0x00, 0x00, 0x00, 
0x88, 0xFF, 0xFF, 0x90, 0x00, 0x00, 0x00, 0x00, 0x00, 0x00, 0x00, 0x00, 
0x88, 0xFF, 0xFF, 0x90, 0x00, 0x00, 0x00, 0x00, 0x00, 0x00, 0x00, 0x00, 
0x88, 0xFF, 0xFF, 0x90, 0x00, 0x00, 0x00, 0x00, 0x00, 0x00, 0x00, 0x00, 
0x88, 0xFF, 0xFF, 0x90, 0x00, 0x00, 0x00, 0x00, 0x00, 0x00, 0x00, 0x00, 
0x88, 0xFF, 0xFF, 0x90, 0x00, 0x00, 0x00, 0x00, 0x00, 0x00, 0x00, 0x00, 
0x88, 0xFF, 0xFF, 0x90, 0x00, 0x00, 0x00, 0x00, 0x00, 0x00, 0x00, 0x00, 
0x88, 0xFF, 0xFF, 0x90, 0x00, 0x00, 0x00, 0x00, 0x00, 0x00, 0x00, 0x00, 
0x88, 0xFF, 0xFF, 0x90, 0x00, 0x00, 0x00, 0x00, 0x00, 0x00, 0x00, 0x00, 
0x88, 0xFF, 0xFF, 0x90, 0x00, 0x00, 0x00, 0x00, 0x15, 0x44, 0x44, 0x36, 
0x00, 0x00, 0x00, 0x00, 0x00, 0x00, 0x38, 0x44, 0x44, 0x11, 0x50, 0xFF, 
0xFF, 0xCC, 0x00, 0x00, 0x00, 0x00, 0x00, 0x00, 0xD4, 0xFF, 0xFF, 0x40, 
0x50, 0xFF, 0xFF, 0xCC, 0x00, 0x00, 0x00, 0x00, 0x00, 0x00, 0xD4, 0xFF, 
0xFF, 0x40, 0x50, 0xFF, 0xFF, 0xCC, 0x00, 0x00, 0x00, 0x00, 0x00, 0x00, 
0xD4, 0xFF, 0xFF, 0x40, 0x50, 0xFF, 0xFF, 0xCC, 0x00, 0x00, 0x00, 0x00, 
0x00, 0x00, 0xD4, 0xFF, 0xFF, 0x40, 0x50, 0xFF, 0xFF, 0xCC, 0x00, 0x00, 
0x00, 0x00, 0x00, 0x00, 0xD4, 0xFF, 0xFF, 0x40, 0x50, 0xFF, 0xFF, 0xCC, 
0x00, 0x00, 0x00, 0x00, 0x00, 0x00, 0xD4, 0xFF, 0xFF, 0x40, 0x50, 0xFF, 
0xFF, 0xCC, 0x00, 0x00, 0x00, 0x00, 0x00, 0x00, 0xD4, 0xFF, 0xFF, 0x40, 
0x50, 0xFF, 0xFF, 0xCC, 0x00, 0x00, 0x00, 0x00, 0x00, 0x00, 0xD4, 0xFF, 
0xFF, 0x40, 0x50, 0xFF, 0xFF, 0xCC, 0x00, 0x00, 0x00, 0x00, 0x00, 0x00, 
0xD4, 0xFF, 0xFF, 0x40, 0x50, 0xFF, 0xFF, 0xCE, 0x00, 0x00, 0x00, 0x00, 
0x00, 0x00, 0xD5, 0xFF, 0xFF, 0x3F, 0x47, 0xFF, 0xFF, 0xE8, 0x00, 0x00, 
0x00, 0x00, 0x00, 0x00, 0xEA, 0xFF, 0xFF, 0x35, 0x28, 0xFF, 0xFF, 0xFF, 
0x45, 0x00, 0x00, 0x00, 0x00, 0x4B, 0xFF, 0xFF, 0xFE, 0x14, 0x00, 0xDB, 
0xFF, 0xFF, 0xF4, 0x9D, 0x76, 0x79, 0xA4, 0xF9, 0xFF, 0xFF, 0xBF, 0x00, 
0x00, 0x47, 0xFA, 0xFF, 0xFF, 0xFF, 0xFF, 0xFF, 0xFF, 0xFF, 0xFF, 0xED, 
0x2B, 0x00, 0x00, 0x00, 0x32, 0xAF, 0xF6, 0xFF, 0xFF, 0xFF, 0xFF, 0xED, 
0x9A, 0x1C, 0x00, 0x00, 0x00, 0x00, 0x00, 0x00, 0x03, 0x22, 0x32, 0x31, 
0x1C, 0x00, 0x00, 0x00, 0x00, 0x00, 0x2B, 0x44, 0x44, 0x32, 0x00, 0x00, 
0x00, 0x00, 0x00, 0x00, 0x00, 0x22, 0x44, 0x44, 0x2E, 0x6D, 0xFF, 0xFF, 
0xED, 0x04, 0x00, 0x00, 0x00, 0x00, 0x00, 0x00, 0xB8, 0xFF, 0xFF, 0x77, 
0x18, 0xFD, 0xFF, 0xFF, 0x42, 0x00, 0x00, 0x00, 0x00, 0x00, 0x10, 0xFA, 
0xFF, 0xFE, 0x1E, 0x00, 0xBE, 0xFF, 0xFF, 0x94, 0x00, 0x00, 0x00, 0x00, 
0x00, 0x5E, 0xFF, 0xFF, 0xC3, 0x00, 0x00, 0x66, 0xFF, 0xFF, 0xE4, 0x01, 
0x00, 0x00, 0x00, 0x00, 0xB1, 0xFF, 0xFF, 0x6A, 0x00, 0x00, 0x13, 0xFA, 
0xFF, 0xFF, 0x36, 0x00, 0x00, 0x00, 0x0D, 0xF7, 0xFF, 0xFB, 0x15, 0x00, 
0x00, 0x00, 0xB6, 0xFF, 0xFF, 0x87, 0x00, 0x00, 0x00, 0x58, 0xFF, 0xFF, 
0xB7, 0x00, 0x00, 0x00, 0x00, 0x5F, 0xFF, 0xFF, 0xD8, 0x00, 0x00, 0x00, 
0xAB, 0xFF, 0xFF, 0x5D, 0x00, 0x00, 0x00, 0x00, 0x0E, 0xF8, 0xFF, 0xFF, 
0x2A, 0x00, 0x09, 0xF4, 0xFF, 0xF6, 0x0D, 0x00, 0x00, 0x00, 0x00, 0x00, 
0xAF, 0xFF, 0xFF, 0x7B, 0x00, 0x52, 0xFF, 0xFF, 0xAA, 0x00, 0x00, 0x00, 
0x00, 0x00, 0x00, 0x57, 0xFF, 0xFF, 0xCC, 0x00, 0xA5, 0xFF, 0xFF, 0x50, 
0x00, 0x00, 0x00, 0x00, 0x00, 0x00, 0x0A, 0xF4, 0xFF, 0xFF, 0x25, 0xF1, 
0xFF, 0xEF, 0x07, 0x00, 0x00, 0x00, 0x00, 0x00, 0x00, 0x00, 0xA8, 0xFF, 
0xFF, 0xBD, 0xFF, 0xFF, 0x9D, 0x00, 0x00, 0x00, 0x00, 0x00, 0x00, 0x00, 
0x00, 0x50, 0xFF, 0xFF, 0xFF, 0xFF, 0xFF, 0x43, 0x00, 0x00, 0x00, 0x00, 
0x00, 0x00, 0x00, 0x00, 0x07, 0xF0, 0xFF, 0xFF, 0xFF, 0xE7, 0x03, 0x00, 
0x00, 0x00, 0x00, 0x00, 0x00, 0x00, 0x00, 0x00, 0xA0, 0xFF, 0xFF, 0xFF, 
0x90, 0x00, 0x00, 0x00, 0x00, 0x00, 0x24, 0x44, 0x44, 0x2F, 0x00, 0x00, 
0x00, 0x00, 0x00, 0x00, 0x00, 0x00, 0x00, 0x00, 0x00, 0x00, 0x00, 0x42, 
0x44, 0x44, 0x0D, 0x66, 0xFF, 0xFF, 0xD2, 0x00, 0x00, 0x00, 0x00, 0x00, 
0x00, 0x00, 0x00, 0x00, 0x00, 0x00, 0x00, 0x1C, 0xFF, 0xFF, 0xFE, 0x10, 
0x2D, 0xFF, 0xFF, 0xFC, 0x09, 0x00, 0x00, 0x00, 0x5A, 0xBC, 0xBC, 0xBC, 
0x33, 0x00, 0x00, 0x00, 0x50, 0xFF, 0xFF, 0xD3, 0x00, 0x02, 0xF2, 0xFF, 
0xFF, 0x38, 0x00, 0x00, 0x00, 0xB3, 0xFF, 0xFF, 0xFF, 0x7A, 0x00, 0x00, 
0x00, 0x84, 0xFF, 0xFF, 0x98, 0x00, 0x00, 0xBD, 0xFF, 0xFF, 0x6B, 0x00, 
0x00, 0x02, 0xEF, 0xFF, 0xFF, 0xFF, 0xB6, 0x00, 0x00, 0x00, 0xB7, 0xFF, 
0xFF, 0x5D, 0x00, 0x00, 0x85, 0xFF, 0xFF, 0x9E, 0x00, 0x00, 0x32, 0xFF, 
0xFF, 0xFF, 0xFF, 0xF0, 0x02, 0x00, 0x00, 0xEA, 0xFF, 0xFF, 0x22, 0x00, 
0x00, 0x4D, 0xFF, 0xFF, 0xD1, 0x00, 0x00, 0x72, 0xFF, 0xFE, 0xA1, 0xFF, 
0xFF, 0x2F, 0x00, 0x1F, 0xFF, 0xFF, 0xE7, 0x00, 0x00, 0x00, 0x15, 0xFF, 
0xFF, 0xFB, 0x09, 0x00, 0xB1, 0xFF, 0xD3, 0x4B, 0xFF, 0xFF, 0x6C, 0x00, 
0x53, 0xFF, 0xFF, 0xAC, 0x00, 0x00, 0x00, 0x00, 0xDD, 0xFF, 0xFF, 0x38, 
0x02, 0xEE, 0xFF, 0x92, 0x0E, 0xFC, 0xFF, 0xA8, 0x00, 0x86, 0xFF, 0xFF, 
0x71, 0x00, 0x00, 0x00, 0x00, 0xA5, 0xFF, 0xFF, 0x6B, 0x30, 0xFF, 0xFF, 
0x50, 0x00, 0xCB, 0xFF, 0xE4, 0x00, 0xBA, 0xFF, 0xFF, 0x36, 0x00, 0x00, 
0x00, 0x00, 0x6D, 0xFF, 0xFF, 0x9E, 0x70, 0xFF, 0xFD, 0x11, 0x00, 0x8B, 
0xFF, 0xFF, 0x21, 0xED, 0xFF, 0xF6, 0x05, 0x00, 0x00, 0x00, 0x00, 0x35, 
0xFF, 0xFF, 0xD1, 0xB0, 0xFF, 0xCE, 0x00, 0x00, 0x4B, 0xFF, 0xFF, 0x7F, 
0xFF, 0xFF, 0xC0, 0x00, 0x00, 0x00, 0x00, 0x00, 0x05, 0xF7, 0xFF, 0xFB, 
0xF3, 0xFF, 0x8C, 0x00, 0x00, 0x0E, 0xFC, 0xFF, 0xEE, 0xFF, 0xFF, 0x85, 
0x00, 0x00, 0x00, 0x00, 0x00, 0x00, 0xC5, 0xFF, 0xFF, 0xFF, 0xFF, 0x4B, 
0x00, 0x00, 0x00, 0xCC, 0xFF, 0xFF, 0xFF, 0xFF, 0x4A, 0x00, 0x00, 0x00, 
0x00, 0x00, 0x00, 0x8D, 0xFF, 0xFF, 0xFF, 0xFC, 0x0D, 0x00, 0x00, 0x00, 
0x8C, 0xFF, 0xFF, 0xFF, 0xFE, 0x11, 0x00, 0x00, 0x00, 0x00, 0x00, 0x00, 
0x54, 0xFF, 0xFF, 0xFF, 0xC8, 0x00, 0x00, 0x00, 0x00, 0x4C, 0xFF, 0xFF, 
0xFF, 0xD5, 0x00, 0x00, 0x00, 0x00, 0x0E, 0x44, 0x44, 0x44, 0x1A, 0x00, 
0x00, 0x00, 0x00, 0x00, 0x15, 0x44, 0x44, 0x44, 0x0E, 0x04, 0xD3, 0xFF, 
0xFF, 0xBB, 0x00, 0x00, 0x00, 0x00, 0x00, 0xAD, 0xFF, 0xFF, 0xCE, 0x03, 
0x00, 0x3E, 0xFF, 0xFF, 0xFF, 0x48, 0x00, 0x00, 0x00, 0x3F, 0xFF, 0xFF, 
0xFD, 0x35, 0x00, 0x00, 0x00, 0xA5, 0xFF, 0xFF, 0xD2, 0x02, 0x00, 0x02, 
0xCF, 0xFF, 0xFF, 0x94, 0x00, 0x00, 0x00, 0x00, 0x19, 0xF2, 0xFF, 0xFF, 
0x63, 0x00, 0x65, 0xFF, 0xFF, 0xE6, 0x0F, 0x00, 0x00, 0x00, 0x00, 0x00, 
0x73, 0xFF, 0xFF, 0xE5, 0x19, 0xE9, 0xFF, 0xFF, 0x56, 0x00, 0x00, 0x00, 
0x00, 0x00, 0x00, 0x04, 0xD4, 0xFF, 0xFF, 0xE2, 0xFF, 0xFF, 0xB7, 0x00, 
0x00, 0x00, 0x00, 0x00, 0x00, 0x00, 0x00, 0x40, 0xFF, 0xFF, 0xFF, 0xFF, 
0xF6, 0x22, 0x00, 0x00, 0x00, 0x00, 0x00, 0x00, 0x00, 0x00, 0x11, 0xF1, 
0xFF, 0xFF, 0xFF, 0xE8, 0x0D, 0x00, 0x00, 0x00, 0x00, 0x00, 0x00, 0x00, 
0x00, 0x99, 0xFF, 0xFF, 0xFF, 0xFF, 0xFF, 0x8D, 0x00, 0x00, 0x00, 0x00, 
0x00, 0x00, 0x00, 0x39, 0xFE, 0xFF, 0xFC, 0x74, 0xFF, 0xFF, 0xFB, 0x2B, 
0x00, 0x00, 0x00, 0x00, 0x00, 0x04, 0xD1, 0xFF, 0xFF, 0x94, 0x00, 0xB6, 
0xFF, 0xFF, 0xBF, 0x00, 0x00, 0x00, 0x00, 0x00, 0x75, 0xFF, 0xFF, 0xEC, 
0x11, 0x00, 0x2B, 0xFC, 0xFF, 0xFF, 0x5A, 0x00, 0x00, 0x00, 0x1E, 0xF4, 
0xFF, 0xFF, 0x67, 0x00, 0x00, 0x00, 0x9A, 0xFF, 0xFF, 0xE6, 0x0D, 0x00, 
0x00, 0xB2, 0xFF, 0xFF, 0xCE, 0x02, 0x00, 0x00, 0x00, 0x18, 0xF4, 0xFF, 
0xFF, 0x8D, 0x00, 0x51, 0xFF, 0xFF, 0xFF, 0x3B, 0x00, 0x00, 0x00, 0x00, 
0x00, 0x7F, 0xFF, 0xFF, 0xFB, 0x2B, 0x38, 0x44, 0x44, 0x34, 0x00, 0x00, 
0x00, 0x00, 0x00, 0x00, 0x15, 0x44, 0x44, 0x44, 0x0B, 0x72, 0xFF, 0xFF, 
0xFA, 0x24, 0x00, 0x00, 0x00, 0x00, 0x00, 0xAA, 0xFF, 0xFF, 0xC6, 0x01, 
0x04, 0xD3, 0xFF, 0xFF, 0xAB, 0x00, 0x00, 0x00, 0x00, 0x39, 0xFF, 0xFF, 
0xFC, 0x2F, 0x00, 0x00, 0x3E, 0xFF, 0xFF, 0xFF, 0x37, 0x00, 0x00, 0x00, 
0xC7, 0xFF, 0xFF, 0x8F, 0x00, 0x00, 0x00, 0x00, 0xA3, 0xFF, 0xFF, 0xC3, 
0x00, 0x00, 0x58, 0xFF, 0xFF, 0xE5, 0x0D, 0x00, 0x00, 0x00, 0x00, 0x18, 
0xF0, 0xFF, 0xFF, 0x4F, 0x07, 0xDF, 0xFF, 0xFF, 0x57, 0x00, 0x00, 0x00, 
0x00, 0x00, 0x00, 0x6F, 0xFF, 0xFF, 0xD7, 0x7B, 0xFF, 0xFF, 0xBB, 0x00, 
0x00, 0x00, 0x00, 0x00, 0x00, 0x00, 0x03, 0xD0, 0xFF, 0xFF, 0xFF, 0xFF, 
0xF8, 0x26, 0x00, 0x00, 0x00, 0x00, 0x00, 0x00, 0x00, 0x00, 0x3B, 0xFE, 
0xFF, 0xFF, 0xFF, 0x82, 0x00, 0x00, 0x00, 0x00, 0x00, 0x00, 0x00, 0x00, 
0x00, 0x00, 0xA1, 0xFF, 0xFF, 0xE0, 0x08, 0x00, 0x00, 0x00, 0x00, 0x00, 
0x00, 0x00, 0x00, 0x00, 0x00, 0x68, 0xFF, 0xFF, 0xB8, 0x00, 0x00, 0x00, 
0x00, 0x00, 0x00, 0x00, 0x00, 0x00, 0x00, 0x00, 0x68, 0xFF, 0xFF, 0xB8, 
0x00, 0x00, 0x00, 0x00, 0x00, 0x00, 0x00, 0x00, 0x00, 0x00, 0x00, 0x68, 
0xFF, 0xFF, 0xB8, 0x00, 0x00, 0x00, 0x00, 0x00, 0x00, 0x00, 0x00, 0x00, 
0x00, 0x00, 0x68, 0xFF, 0xFF, 0xB8, 0x00, 0x00, 0x00, 0x00, 0x00, 0x00, 
0x00, 0x00, 0x00, 0x00, 0x00, 0x68, 0xFF, 0xFF, 0xB8, 0x00, 0x00, 0x00, 
0x00, 0x00, 0x00, 0x00, 0x00, 0x00, 0x00, 0x00, 0x68, 0xFF, 0xFF, 0xB8, 
0x00, 0x00, 0x00, 0x00, 0x00, 0x00, 0x1A, 0x44, 0x44, 0x44, 0x44, 0x44, 
0x44, 0x44, 0x44, 0x44, 0x44, 0x30, 0x00, 0x64, 0xFF, 0xFF, 0xFF, 0xFF, 
0xFF, 0xFF, 0xFF, 0xFF, 0xFF, 0xFF, 0xB8, 0x00, 0x64, 0xFF, 0xFF, 0xFF, 
0xFF, 0xFF, 0xFF, 0xFF, 0xFF, 0xFF, 0xFF, 0xB8, 0x00, 0x2A, 0x6C, 0x6C, 
0x6C, 0x6C, 0x6C, 0x6C, 0x8B, 0xFF, 0xFF, 0xFF, 0x97, 0x00, 0x00, 0x00, 
0x00, 0x00, 0x00, 0x00, 0x08, 0xCB, 0xFF, 0xFF, 0xD1, 0x0B, 0x00, 0x00, 
0x00, 0x00, 0x00, 0x00, 0x00, 0xA1, 0xFF, 0xFF, 0xED, 0x21, 0x00, 0x00, 
0x00, 0x00, 0x00, 0x00, 0x00, 0x70, 0xFF, 0xFF, 0xFC, 0x44, 0x00, 0x00, 
0x00, 0x00, 0x00, 0x00, 0x00, 0x41, 0xFB, 0xFF, 0xFF, 0x72, 0x00, 0x00, 
0x00, 0x00, 0x00, 0x00, 0x00, 0x1F, 0xEB, 0xFF, 0xFF, 0xA3, 0x00, 0x00, 
0x00, 0x00, 0x00, 0x00, 0x00, 0x0A, 0xCF, 0xFF, 0xFF, 0xCC, 0x09, 0x00, 
0x00, 0x00, 0x00, 0x00, 0x00, 0x00, 0xA6, 0xFF, 0xFF, 0xE9, 0x1D, 0x00, 
0x00, 0x00, 0x00, 0x00, 0x00, 0x00, 0x75, 0xFF, 0xFF, 0xFA, 0x3E, 0x00, 
0x00, 0x00, 0x00, 0x00, 0x00, 0x00, 0x45, 0xFC, 0xFF, 0xFF, 0x6B, 0x00, 
0x00, 0x00, 0x00, 0x00, 0x00, 0x00, 0x00, 0xCC, 0xFF, 0xFF, 0xFA, 0xB4, 
0xB4, 0xB4, 0xB4, 0xB4, 0xB4, 0xB4, 0xB4, 0x32, 0xD0, 0xFF, 0xFF, 0xFF, 
0xFF, 0xFF, 0xFF, 0xFF, 0xFF, 0xFF, 0xFF, 0xFF, 0x48, 0xD0, 0xFF, 0xFF, 
0xFF, 0xFF, 0xFF, 0xFF, 0xFF, 0xFF, 0xFF, 0xFF, 0xFF, 0x48, 0x53, 0xB8, 
0xB8, 0xB8, 0xB8, 0x6D, 0x74, 0xFF, 0xFF, 0xFF, 0xFF, 0x98, 0x74, 0xFF, 
0xFF, 0xD7, 0xAC, 0x66, 0x74, 0xFF, 0xFF, 0x84, 0x00, 0x00, 0x74, 0xFF, 
0xFF, 0x84, 0x00, 0x00, 0x74, 0xFF, 0xFF, 0x84, 0x00, 0x00, 0x74, 0xFF, 
0xFF, 0x84, 0x00, 0x00, 0x74, 0xFF, 0xFF, 0x84, 0x00, 0x00, 0x74, 0xFF, 
0xFF, 0x84, 0x00, 0x00, 0x74, 0xFF, 0xFF, 0x84, 0x00, 0x00, 0x74, 0xFF, 
0xFF, 0x84, 0x00, 0x00, 0x74, 0xFF, 0xFF, 0x84, 0x00, 0x00, 0x74, 0xFF, 
0xFF, 0x84, 0x00, 0x00, 0x74, 0xFF, 0xFF, 0x84, 0x00, 0x00, 0x74, 0xFF, 
0xFF, 0x84, 0x00, 0x00, 0x74, 0xFF, 0xFF, 0x84, 0x00, 0x00, 0x74, 0xFF, 
0xFF, 0x84, 0x00, 0x00, 0x74, 0xFF, 0xFF, 0x84, 0x00, 0x00, 0x74, 0xFF, 
0xFF, 0x84, 0x00, 0x00, 0x74, 0xFF, 0xFF, 0xFF, 0xFF, 0x98, 0x74, 0xFF, 
0xFF, 0xFF, 0xFF, 0x98, 0x2F, 0x68, 0x68, 0x68, 0x68, 0x3D, 0x59, 0xB8, 
0x92, 0x00, 0x00, 0x00, 0x00, 0x00, 0x00, 0x00, 0x00, 0x20, 0xFD, 0xFF, 
0x2A, 0x00, 0x00, 0x00, 0x00, 0x00, 0x00, 0x00, 0x00, 0xAF, 0xFF, 0x98, 
0x00, 0x00, 0x00, 0x00, 0x00, 0x00, 0x00, 0x00, 0x40, 0xFF, 0xF5, 0x11, 
0x00, 0x00, 0x00, 0x00, 0x00, 0x00, 0x00, 0x00, 0xD1, 0xFF, 0x76, 0x00, 
0x00, 0x00, 0x00, 0x00, 0x00, 0x00, 0x00, 0x63, 0xFF, 0xE1, 0x03, 0x00, 
0x00, 0x00, 0x00, 0x00, 0x00, 0x00, 0x08, 0xEC, 0xFF, 0x53, 0x00, 0x00, 
0x00, 0x00, 0x00, 0x00, 0x00, 0x00, 0x86, 0xFF, 0xC1, 0x00, 0x00, 0x00, 
0x00, 0x00, 0x00, 0x00, 0x00, 0x1C, 0xFB, 0xFF, 0x30, 0x00, 0x00, 0x00, 
0x00, 0x00, 0x00, 0x00, 0x00, 0xA9, 0xFF, 0x9E, 0x00, 0x00, 0x00, 0x00, 
0x00, 0x00, 0x00, 0x00, 0x3B, 0xFF, 0xF8, 0x15, 0x00, 0x00, 0x00, 0x00, 
0x00, 0x00, 0x00, 0x00, 0xCC, 0xFF, 0x7B, 0x00, 0x00, 0x00, 0x00, 0x00, 
0x00, 0x00, 0x00, 0x5E, 0xFF, 0xE5, 0x05, 0x00, 0x00, 0x00, 0x00, 0x00, 
0x00, 0x00, 0x06, 0xE8, 0xFF, 0x58, 0x00, 0x00, 0x00, 0x00, 0x00, 0x00, 
0x00, 0x00, 0x81, 0xFF, 0xC7, 0x00, 0x00, 0x00, 0x00, 0x00, 0x00, 0x00, 
0x00, 0x18, 0xF9, 0xFF, 0x35, 0x00, 0x00, 0x00, 0x00, 0x00, 0x00, 0x00, 
0x00, 0xA4, 0xFF, 0xA4, 0x00, 0x00, 0x00, 0x00, 0x00, 0x00, 0x00, 0x00, 
0x35, 0xFF, 0xF9, 0x18, 0x00, 0x00, 0x00, 0x00, 0x00, 0x00, 0x00, 0x00, 
0xC6, 0xFF, 0x81, 0x00, 0x00, 0x00, 0x00, 0x00, 0x00, 0x00, 0x00, 0x16, 
0x2C, 0x21, 0x56, 0xB8, 0xB8, 0xB8, 0xB8, 0x6D, 0x78, 0xFF, 0xFF, 0xFF, 
0xFF, 0x98, 0x50, 0xAC, 0xCB, 0xFF, 0xFF, 0x98, 0x00, 0x00, 0x60, 0xFF, 
0xFF, 0x98, 0x00, 0x00, 0x60, 0xFF, 0xFF, 0x98, 0x00, 0x00, 0x60, 0xFF, 
0xFF, 0x98, 0x00, 0x00, 0x60, 0xFF, 0xFF, 0x98, 0x00, 0x00, 0x60, 0xFF, 
0xFF, 0x98, 0x00, 0x00, 0x60, 0xFF, 0xFF, 0x98, 0x00, 0x00, 0x60, 0xFF, 
0xFF, 0x98, 0x00, 0x00, 0x60, 0xFF, 0xFF, 0x98, 0x00, 0x00, 0x60, 0xFF, 
0xFF, 0x98, 0x00, 0x00, 0x60, 0xFF, 0xFF, 0x98, 0x00, 0x00, 0x60, 0xFF, 
0xFF, 0x98, 0x00, 0x00, 0x60, 0xFF, 0xFF, 0x98, 0x00, 0x00, 0x60, 0xFF, 
0xFF, 0x98, 0x00, 0x00, 0x60, 0xFF, 0xFF, 0x98, 0x00, 0x00, 0x60, 0xFF, 
0xFF, 0x98, 0x00, 0x00, 0x60, 0xFF, 0xFF, 0x98, 0x78, 0xFF, 0xFF, 0xFF, 
0xFF, 0x98, 0x78, 0xFF, 0xFF, 0xFF, 0xFF, 0x98, 0x30, 0x68, 0x68, 0x68, 
0x68, 0x3D, 0x00, 0x00, 0x00, 0x18, 0x44, 0x44, 0x42, 0x00, 0x00, 0x00, 
0x00, 0x00, 0x00, 0x00, 0xA0, 0xFF, 0xFF, 0xFF, 0x3F, 0x00, 0x00, 0x00, 
0x00, 0x00, 0x10, 0xF6, 0xFF, 0xEA, 0xFF, 0xA7, 0x00, 0x00, 0x00, 0x00, 
0x00, 0x6F, 0xFF, 0xEA, 0x55, 0xFF, 0xF9, 0x16, 0x00, 0x00, 0x00, 0x00, 
0xD6, 0xFF, 0x8C, 0x04, 0xE7, 0xFF, 0x78, 0x00, 0x00, 0x00, 0x3F, 0xFF, 
0xFF, 0x29, 0x00, 0x88, 0xFF, 0xDE, 0x01, 0x00, 0x00, 0xA7, 0xFF, 0xC5, 
0x00, 0x00, 0x24, 0xFF, 0xFF, 0x48, 0x00, 0x14, 0xF9, 0xFF, 0x62, 0x00, 
0x00, 0x00, 0xC0, 0xFF, 0xB1, 0x00, 0x76, 0xFF, 0xF3, 0x0C, 0x00, 0x00, 
0x00, 0x5D, 0xFF, 0xFC, 0x1C, 0x0A, 0x10, 0x0C, 0x00, 0x00, 0x00, 0x00, 
0x02, 0x10, 0x10, 0x05, 0x6C, 0x6C, 0x6C, 0x6C, 0x6C, 0x6C, 0x6C, 0x6C, 
0x6C, 0x6C, 0x6C, 0xFF, 0xFF, 0xFF, 0xFF, 0xFF, 0xFF, 0xFF, 0xFF, 0xFF, 
0xFF, 0xFF, 0x94, 0x94, 0x94, 0x94, 0x94, 0x94, 0x94, 0x94, 0x94, 0x94, 
0x94, 0x33, 0x84, 0x84, 0x64, 0x00, 0x00, 0x02, 0x9A, 0xFF, 0xFE, 0x40, 
0x00, 0x00, 0x01, 0x93, 0xFF, 0xDB, 0x09, 0x00, 0x00, 0x00, 0x6F, 0x90, 
0x39, 0x00, 0x00, 0x00, 0x00, 0x00, 0x05, 0x14, 0x0C, 0x00, 0x00, 0x00, 
0x00, 0x00, 0x00, 0x00, 0x3E, 0xF4, 0xFF, 0xFF, 0xFF, 0xEF, 0xB2, 0x38, 
0x00, 0x00, 0x00, 0x00, 0x44, 0xFF, 0xFF, 0xFF, 0xFF, 0xFF, 0xFF, 0xF9, 
0x37, 0x00, 0x00, 0x00, 0x29, 0x8E, 0x77, 0x68, 0x83, 0xE6, 0xFF, 0xFF, 
0xAA, 0x00, 0x00, 0x00, 0x00, 0x00, 0x00, 0x00, 0x00, 0x44, 0xFF, 0xFF, 
0xD1, 0x00, 0x00, 0x00, 0x00, 0x10, 0x23, 0x28, 0x28, 0x41, 0xFF, 0xFF, 
0xD8, 0x00, 0x01, 0x74, 0xDD, 0xFF, 0xFF, 0xFF, 0xFF, 0xFF, 0xFF, 0xFF, 
0xD8, 0x00, 0x7F, 0xFF, 0xFF, 0xFF, 0xF3, 0xE4, 0xE4, 0xE7, 0xFF, 0xFF, 
0xD8, 0x00, 0xE5, 0xFF, 0xFF, 0x46, 0x00, 0x00, 0x00, 0x1C, 0xFF, 0xFF, 
0xD8, 0x03, 0xFF, 0xFF, 0xEE, 0x00, 0x00, 0x00, 0x00, 0x41, 0xFF, 0xFF, 
0xD8, 0x00, 0xF0, 0xFF, 0xFF, 0x60, 0x17, 0x25, 0x6F, 0xEE, 0xFF, 0xFF, 
0xD8, 0x00, 0x9C, 0xFF, 0xFF, 0xFF, 0xFF, 0xFF, 0xFF, 0xE4, 0xFF, 0xFF, 
0xD8, 0x00, 0x0D, 0x99, 0xFB, 0xFF, 0xFF, 0xFB, 0xB1, 0x1F, 0xE6, 0xFF, 
0xD8, 0x00, 0x00, 0x00, 0x08, 0x27, 0x2D, 0x0E, 0x00, 0x00, 0x00, 0x00, 
0x00, 0x3C, 0xB8, 0xB8, 0x75, 0x00, 0x00, 0x00, 0x00, 0x00, 0x00, 0x00, 
0x00, 0x00, 0x54, 0xFF, 0xFF, 0xA4, 0x00, 0x00, 0x00, 0x00, 0x00, 0x00, 
0x00, 0x00, 0x00, 0x54, 0xFF, 0xFF, 0xA4, 0x00, 0x00, 0x00, 0x00, 0x00, 
0x00, 0x00, 0x00, 0x00, 0x54, 0xFF, 0xFF, 0xA4, 0x00, 0x00, 0x00, 0x00, 
0x00, 0x00, 0x00, 0x00, 0x00, 0x54, 0xFF, 0xFF, 0xA4, 0x00, 0x00, 0x06, 
0x0F, 0x00, 0x00, 0x00, 0x00, 0x00, 0x54, 0xFF, 0xFF, 0xA4, 0x4F, 0xD0, 
0xFF, 0xFF, 0xF4, 0xA9, 0x23, 0x00, 0x00, 0x54, 0xFF, 0xFF, 0xD8, 0xFD, 
0xFF, 0xFF, 0xFF, 0xFF, 0xFF, 0xE5, 0x16, 0x00, 0x54, 0xFF, 0xFF, 0xFF, 
0xB5, 0x41, 0x2B, 0x5E, 0xED, 0xFF, 0xFF, 0x84, 0x00, 0x54, 0xFF, 0xFF, 
0xE3, 0x06, 0x00, 0x00, 0x00, 0x62, 0xFF, 0xFF, 0xC9, 0x00, 0x54, 0xFF, 
0xFF, 0x9B, 0x00, 0x00, 0x00, 0x00, 0x1F, 0xFF, 0xFF, 0xF1, 0x00, 0x54, 
0xFF, 0xFF, 0x7E, 0x00, 0x00, 0x00, 0x00, 0x0A, 0xFF, 0xFF, 0xFE, 0x01, 
0x54, 0xFF, 0xFF, 0x82, 0x00, 0x00, 0x00, 0x00, 0x0C, 0xFF, 0xFF, 0xFF, 
0x03, 0x54, 0xFF, 0xFF, 0x9C, 0x00, 0x00, 0x00, 0x00, 0x23, 0xFF, 0xFF, 
0xF1, 0x00, 0x54, 0xFF, 0xFF, 0xE6, 0x04, 0x00, 0x00, 0x00, 0x63, 0xFF, 
0xFF, 0xC7, 0x00, 0x54, 0xFF, 0xFF, 0xFF, 0xB0, 0x33, 0x13, 0x40, 0xE0, 
0xFF, 0xFF, 0x7C, 0x00, 0x54, 0xFF, 0xFF, 0xCE, 0xFF, 0xFF, 0xFF, 0xFF, 
0xFF, 0xFF, 0xEA, 0x13, 0x00, 0x54, 0xFF, 0xFF, 0x6C, 0x72, 0xEF, 0xFF, 
0xFF, 0xFF, 0xC9, 0x2F, 0x00, 0x00, 0x00, 0x00, 0x00, 0x00, 0x00, 0x06, 
0x27, 0x31, 0x17, 0x00, 0x00, 0x00, 0x00, 0x00, 0x00, 0x00, 0x00, 0x00, 
0x10, 0x0D, 0x01, 0x00, 0x00, 0x00, 0x01, 0x67, 0xC7, 0xFB, 0xFF, 0xFF, 
0xF8, 0xBC, 0x00, 0x00, 0xA4, 0xFF, 0xFF, 0xFF, 0xFF, 0xFF, 0xFF, 0xEC, 
0x00, 0x4A, 0xFF, 0xFF, 0xFF, 0xAC, 0x67, 0x5F, 0x76, 0x9F, 0x00, 0xA0, 
0xFF, 0xFF, 0x9A, 0x00, 0x00, 0x00, 0x00, 0x00, 0x00, 0xD1, 0xFF, 0xFF, 
0x3E, 0x00, 0x00, 0x00, 0x00, 0x00, 0x00, 0xE5, 0xFF, 0xFF, 0x20, 0x00, 
0x00, 0x00, 0x00, 0x00, 0x00, 0xE7, 0xFF, 0xFF, 0x1E, 0x00, 0x00, 0x00, 
0x00, 0x00, 0x00, 0xD3, 0xFF, 0xFF, 0x37, 0x00, 0x00, 0x00, 0x00, 0x00, 
0x00, 0xAA, 0xFF, 0xFF, 0x87, 0x00, 0x00, 0x00, 0x00, 0x00, 0x00, 0x58, 
0xFF, 0xFF, 0xFC, 0x92, 0x4F, 0x45, 0x59, 0x90, 0x02, 0x01, 0xBC, 0xFF, 
0xFF, 0xFF, 0xFF, 0xFF, 0xFF, 0xFF, 0x04, 0x00, 0x08, 0x87, 0xE6, 0xFF, 
0xFF, 0xFF, 0xFF, 0xE9, 0x03, 0x00, 0x00, 0x00, 0x01, 0x1C, 0x30, 0x2C, 
0x17, 0x00, 0x00, 0x00, 0x00, 0x00, 0x00, 0x00, 0x00, 0x00, 0x00, 0x64, 
0xB8, 0xB8, 0x4A, 0x00, 0x00, 0x00, 0x00, 0x00, 0x00, 0x00, 0x00, 0x8C, 
0xFF, 0xFF, 0x68, 0x00, 0x00, 0x00, 0x00, 0x00, 0x00, 0x00, 0x00, 0x8C, 
0xFF, 0xFF, 0x68, 0x00, 0x00, 0x00, 0x00, 0x00, 0x00, 0x00, 0x00, 0x8C, 
0xFF, 0xFF, 0x68, 0x00, 0x00, 0x00, 0x00, 0x0F, 0x09, 0x00, 0x00, 0x8C, 
0xFF, 0xFF, 0x68, 0x00, 0x14, 0x9D, 0xF0, 0xFF, 0xFF, 0xDE, 0x67, 0x8C, 
0xFF, 0xFF, 0x68, 0x04, 0xCD, 0xFF, 0xFF, 0xFF, 0xFF, 0xFF, 0xFF, 0xD6, 
0xFF, 0xFF, 0x68, 0x59, 0xFF, 0xFF, 0xF6, 0x6A, 0x2E, 0x49, 0xBD, 0xFF, 
0xFF, 0xFF, 0x68, 0xA9, 0xFF, 0xFF, 0x7B, 0x00, 0x00, 0x00, 0x05, 0xE5, 
0xFF, 0xFF, 0x68, 0xD6, 0xFF, 0xFF, 0x35, 0x00, 0x00, 0x00, 0x00, 0x93, 
0xFF, 0xFF, 0x68, 0xEA, 0xFF, 0xFF, 0x21, 0x00, 0x00, 0x00, 0x00, 0x76, 
0xFF, 0xFF, 0x68, 0xE9, 0xFF, 0xFF, 0x20, 0x00, 0x00, 0x00, 0x00, 0x6C, 
0xFF, 0xFF, 0x68, 0xDB, 0xFF, 0xFF, 0x32, 0x00, 0x00, 0x00, 0x00, 0x85, 
0xFF, 0xFF, 0x68, 0xB8, 0xFF, 0xFF, 0x6D, 0x00, 0x00, 0x00, 0x00, 0xCB, 
0xFF, 0xFF, 0x68, 0x78, 0xFF, 0xFF, 0xED, 0x4E, 0x14, 0x22, 0x8F, 0xFF, 
0xFF, 0xFF, 0x68, 0x11, 0xE8, 0xFF, 0xFF, 0xFF, 0xFF, 0xFF, 0xFF, 0xD0, 
0xFF, 0xFF, 0x68, 0x00, 0x29, 0xBF, 0xFF, 0xFF, 0xFF, 0xF1, 0x7D, 0x53, 
0xFF, 0xFF, 0x68, 0x00, 0x00, 0x00, 0x12, 0x2E, 0x29, 0x07, 0x00, 0x00, 
0x00, 0x00, 0x00, 0x00, 0x00, 0x00, 0x00, 0x01, 0x10, 0x0C, 0x00, 0x00, 
0x00, 0x00, 0x00, 0x01, 0x69, 0xC8, 0xFB, 0xFF, 0xFF, 0xEB, 0x9F, 0x1A, 
0x00, 0x00, 0xA6, 0xFF, 0xFF, 0xFF, 0xFF, 0xFF, 0xFF, 0xFF, 0xDD, 0x0B, 
0x4B, 0xFF, 0xFF, 0xEA, 0x63, 0x30, 0x3E, 0xB6, 0xFF, 0xFF, 0x70, 0xA0, 
0xFF, 0xFF, 0x5D, 0x00, 0x00, 0x00, 0x14, 0xFD, 0xFF, 0xB5, 0xD1, 0xFF, 
0xFF, 0x1D, 0x05, 0x18, 0x2B, 0x3F, 0xF0, 0xFF, 0xD3, 0xE5, 0xFF, 0xFF, 
0xF2, 0xFF, 0xFF, 0xFF, 0xFF, 0xFF, 0xFF, 0xD7, 0xE7, 0xFF, 0xFF, 0xFF, 
0xFF, 0xFE, 0xF1, 0xE1, 0xD1, 0xC1, 0x8B, 0xD3, 0xFF, 0xFF, 0x39, 0x11, 
0x02, 0x00, 0x00, 0x00, 0x00, 0x00, 0xAA, 0xFF, 0xFF, 0x65, 0x00, 0x00, 
0x00, 0x00, 0x00, 0x00, 0x00, 0x59, 0xFF, 0xFF, 0xF3, 0x7B, 0x3B, 0x2B, 
0x46, 0x69, 0xAE, 0x37, 0x02, 0xBE, 0xFF, 0xFF, 0xFF, 0xFF, 0xFF, 0xFF, 
0xFF, 0xFF, 0x3C, 0x00, 0x09, 0x8B, 0xE8, 0xFF, 0xFF, 0xFF, 0xFF, 0xF3, 
0xB2, 0x1B, 0x00, 0x00, 0x00, 0x01, 0x1D, 0x31, 0x28, 0x11, 0x00, 0x00, 
0x00, 0x00, 0x00, 0x00, 0x12, 0x7F, 0xB8, 0xCA, 0xBF, 0x10, 0x00, 0x00, 
0x10, 0xDE, 0xFF, 0xFF, 0xFF, 0xFF, 0x18, 0x00, 0x00, 0x75, 0xFF, 0xFF, 
0xDB, 0x70, 0x68, 0x0A, 0x00, 0x00, 0xB4, 0xFF, 0xFF, 0x4D, 0x00, 0x00, 
0x00, 0x00, 0x00, 0xCA, 0xFF, 0xFF, 0x2A, 0x00, 0x00, 0x00, 0x96, 0xE0, 
0xFA, 0xFF, 0xFF, 0xE4, 0xE0, 0x7A, 0x00, 0xAC, 0xFF, 0xFF, 0xFF, 0xFF, 
0xFF, 0xFF, 0x8C, 0x00, 0x4D, 0x74, 0xE7, 0xFF, 0xFF, 0x87, 0x74, 0x3F, 
0x00, 0x00, 0x00, 0xD4, 0xFF, 0xFF, 0x24, 0x00, 0x00, 0x00, 0x00, 0x00, 
0xD4, 0xFF, 0xFF, 0x24, 0x00, 0x00, 0x00, 0x00, 0x00, 0xD4, 0xFF, 0xFF, 
0x24, 0x00, 0x00, 0x00, 0x00, 0x00, 0xD4, 0xFF, 0xFF, 0x24, 0x00, 0x00, 
0x00, 0x00, 0x00, 0xD4, 0xFF, 0xFF, 0x24, 0x00, 0x00, 0x00, 0x00, 0x00, 
0xD4, 0xFF, 0xFF, 0x24, 0x00, 0x00, 0x00, 0x00, 0x00, 0xD4, 0xFF, 0xFF, 
0x24, 0x00, 0x00, 0x00, 0x00, 0x00, 0xD4, 0xFF, 0xFF, 0x24, 0x00, 0x00, 
0x00, 0x00, 0x00, 0xD4, 0xFF, 0xFF, 0x24, 0x00, 0x00, 0x00, 0x00, 0x00, 
0x00, 0x00, 0x0F, 0x0A, 0x00, 0x00, 0x00, 0x00, 0x00, 0x00, 0x00, 0x11, 
0x97, 0xEE, 0xFF, 0xFF, 0xE4, 0x73, 0x69, 0xE0, 0xE0, 0x65, 0x02, 0xC7, 
0xFF, 0xFF, 0xFF, 0xFF, 0xFF, 0xFF, 0xD3, 0xFF, 0xFF, 0x74, 0x57, 0xFF, 
0xFF, 0xF2, 0x62, 0x2A, 0x3C, 0xA1, 0xFF, 0xFF, 0xFF, 0x74, 0xA9, 0xFF, 
0xFF, 0x80, 0x00, 0x00, 0x00, 0x00, 0xBF, 0xFF, 0xFF, 0x74, 0xD7, 0xFF, 
0xFF, 0x3C, 0x00, 0x00, 0x00, 0x00, 0x76, 0xFF, 0xFF, 0x74, 0xEA, 0xFF, 
0xFF, 0x24, 0x00, 0x00, 0x00, 0x00, 0x5E, 0xFF, 0xFF, 0x74, 0xEA, 0xFF, 
0xFF, 0x26, 0x00, 0x00, 0x00, 0x00, 0x5F, 0xFF, 0xFF, 0x74, 0xD8, 0xFF, 
0xFF, 0x3E, 0x00, 0x00, 0x00, 0x00, 0x78, 0xFF, 0xFF, 0x74, 0xAC, 0xFF, 
0xFF, 0x86, 0x00, 0x00, 0x00, 0x00, 0xC4, 0xFF, 0xFF, 0x74, 0x5E, 0xFF, 
0xFF, 0xF5, 0x71, 0x39, 0x4B, 0xAC, 0xFF, 0xFF, 0xFF, 0x74, 0x04, 0xCC, 
0xFF, 0xFF, 0xFF, 0xFF, 0xFF, 0xFF, 0xCB, 0xFF, 0xFF, 0x74, 0x00, 0x10, 
0x8B, 0xDB, 0xF8, 0xF3, 0xCC, 0x5D, 0x82, 0xFF, 0xFF, 0x6B, 0x00, 0x00, 
0x00, 0x00, 0x00, 0x00, 0x00, 0x00, 0xBE, 0xFF, 0xFF, 0x4C, 0x00, 0x10, 
0x20, 0x00, 0x00, 0x00, 0x19, 0x8B, 0xFF, 0xFF, 0xF1, 0x0D, 0x00, 0x44, 
0xFF, 0xFA, 0xEC, 0xF1, 0xFF, 0xFF, 0xFF, 0xFF, 0x6A, 0x00, 0x00, 0x44, 
0xFF, 0xFF, 0xFF, 0xFF, 0xFF, 0xFF, 0xDC, 0x5B, 0x00, 0x00, 0x00, 0x08, 
0x37, 0x54, 0x62, 0x62, 0x52, 0x28, 0x01, 0x00, 0x00, 0x00, 0x3C, 0xB8, 
0xB8, 0x75, 0x00, 0x00, 0x00, 0x00, 0x00, 0x00, 0x00, 0x00, 0x54, 0xFF, 
0xFF, 0xA4, 0x00, 0x00, 0x00, 0x00, 0x00, 0x00, 0x00, 0x00, 0x54, 0xFF, 
0xFF, 0xA4, 0x00, 0x00, 0x00, 0x00, 0x00, 0x00, 0x00, 0x00, 0x54, 0xFF, 
0xFF, 0xA4, 0x00, 0x00, 0x00, 0x00, 0x00, 0x00, 0x00, 0x00, 0x54, 0xFF, 
0xFF, 0xA4, 0x00, 0x00, 0x05, 0x12, 0x04, 0x00, 0x00, 0x00, 0x54, 0xFF, 
0xFF, 0xA4, 0x49, 0xC8, 0xFE, 0xFF, 0xF8, 0xB4, 0x1D, 0x00, 0x54, 0xFF, 
0xFF, 0xDC, 0xFD, 0xFF, 0xFF, 0xFF, 0xFF, 0xFF, 0xCB, 0x00, 0x54, 0xFF, 
0xFF, 0xFF, 0xD5, 0x74, 0x61, 0x9F, 0xFF, 0xFF, 0xFF, 0x29, 0x54, 0xFF, 
0xFF, 0xE8, 0x0E, 0x00, 0x00, 0x00, 0xD4, 0xFF, 0xFF, 0x49, 0x54, 0xFF, 
0xFF, 0xA5, 0x00, 0x00, 0x00, 0x00, 0xAD, 0xFF, 0xFF, 0x50, 0x54, 0xFF, 
0xFF, 0xA4, 0x00, 0x00, 0x00, 0x00, 0xA8, 0xFF, 0xFF, 0x50, 0x54, 0xFF, 
0xFF, 0xA4, 0x00, 0x00, 0x00, 0x00, 0xA8, 0xFF, 0xFF, 0x50, 0x54, 0xFF, 
0xFF, 0xA4, 0x00, 0x00, 0x00, 0x00, 0xA8, 0xFF, 0xFF, 0x50, 0x54, 0xFF, 
0xFF, 0xA4, 0x00, 0x00, 0x00, 0x00, 0xA8, 0xFF, 0xFF, 0x50, 0x54, 0xFF, 
0xFF, 0xA4, 0x00, 0x00, 0x00, 0x00, 0xA8, 0xFF, 0xFF, 0x50, 0x54, 0xFF, 
0xFF, 0xA4, 0x00, 0x00, 0x00, 0x00, 0xA8, 0xFF, 0xFF, 0x50, 0x54, 0xFF, 
0xFF, 0xA4, 0x00, 0x00, 0x00, 0x00, 0xA8, 0xFF, 0xFF, 0x50, 0x2F, 0xB8, 
0xBE, 0x54, 0x86, 0xFF, 0xFF, 0xC2, 0x77, 0xFF, 0xFF, 0xAF, 0x06, 0x54, 
0x5A, 0x14, 0x00, 0x00, 0x00, 0x00, 0x54, 0xE0, 0xE0, 0x81, 0x60, 0xFF, 
0xFF, 0x94, 0x60, 0xFF, 0xFF, 0x94, 0x60, 0xFF, 0xFF, 0x94, 0x60, 0xFF, 
0xFF, 0x94, 0x60, 0xFF, 0xFF, 0x94, 0x60, 0xFF, 0xFF, 0x94, 0x60, 0xFF, 
0xFF, 0x94, 0x60, 0xFF, 0xFF, 0x94, 0x60, 0xFF, 0xFF, 0x94, 0x60, 0xFF, 
0xFF, 0x94, 0x60, 0xFF, 0xFF, 0x94, 0x00, 0x00, 0x00, 0x2F, 0xB8, 0xBE, 
0x54, 0x00, 0x00, 0x00, 0x86, 0xFF, 0xFF, 0xC2, 0x00, 0x00, 0x00, 0x77, 
0xFF, 0xFF, 0xAF, 0x00, 0x00, 0x00, 0x06, 0x54, 0x5A, 0x14, 0x00, 0x00, 
0x00, 0x00, 0x00, 0x00, 0x00, 0x00, 0x00, 0x00, 0x54, 0xE0, 0xE0, 0x81, 
0x00, 0x00, 0x00, 0x60, 0xFF, 0xFF, 0x94, 0x00, 0x00, 0x00, 0x60, 0xFF, 
0xFF, 0x94, 0x00, 0x00, 0x00, 0x60, 0xFF, 0xFF, 0x94, 0x00, 0x00, 0x00, 
0x60, 0xFF, 0xFF, 0x94, 0x00, 0x00, 0x00, 0x60, 0xFF, 0xFF, 0x94, 0x00, 
0x00, 0x00, 0x60, 0xFF, 0xFF, 0x94, 0x00, 0x00, 0x00, 0x60, 0xFF, 0xFF, 
0x94, 0x00, 0x00, 0x00, 0x60, 0xFF, 0xFF, 0x94, 0x00, 0x00, 0x00, 0x60, 
0xFF, 0xFF, 0x94, 0x00, 0x00, 0x00, 0x60, 0xFF, 0xFF, 0x94, 0x00, 0x00, 
0x00, 0x60, 0xFF, 0xFF, 0x93, 0x00, 0x00, 0x00, 0x6A, 0xFF, 0xFF, 0x88, 
0x00, 0x00, 0x01, 0xAD, 0xFF, 0xFF, 0x6D, 0x37, 0xE0, 0xEA, 0xFF, 0xFF, 
0xFD, 0x24, 0x3C, 0xFF, 0xFF, 0xFF, 0xFA, 0x70, 0x00, 0x12, 0x5B, 0x62, 
0x4E, 0x17, 0x00, 0x00, 0x3C, 0xB8, 0xB8, 0x75, 0x00, 0x00, 0x00, 0x00, 
0x00, 0x00, 0x00, 0x00, 0x54, 0xFF, 0xFF, 0xA4, 0x00, 0x00, 0x00, 0x00, 
0x00, 0x00, 0x00, 0x00, 0x54, 0xFF, 0xFF, 0xA4, 0x00, 0x00, 0x00, 0x00, 
0x00, 0x00, 0x00, 0x00, 0x54, 0xFF, 0xFF, 0xA4, 0x00, 0x00, 0x00, 0x00, 
0x00, 0x00, 0x00, 0x00, 0x54, 0xFF, 0xFF, 0xA4, 0x00, 0x00, 0x00, 0x00, 
0x00, 0x00, 0x00, 0x00, 0x54, 0xFF, 0xFF, 0xA4, 0x00, 0x00, 0x00, 0x9F, 
0xE0, 0xE0, 0x9F, 0x00, 0x54, 0xFF, 0xFF, 0xA4, 0x00, 0x00, 0x67, 0xFF, 
0xFF, 0xE3, 0x16, 0x00, 0x54, 0xFF, 0xFF, 0xA4, 0x00, 0x2B, 0xF6, 0xFF, 
0xF8, 0x36, 0x00, 0x00, 0x54, 0xFF, 0xFF, 0xA4, 0x09, 0xD4, 0xFF, 0xFF, 
0x65, 0x00, 0x00, 0x00, 0x54, 0xFF, 0xFF, 0xC9, 0xAD, 0xFF, 0xFF, 0x9A, 
0x00, 0x00, 0x00, 0x00, 0x54, 0xFF, 0xFF, 0xFF, 0xFF, 0xFF, 0xE2, 0x07, 
0x00, 0x00, 0x00, 0x00, 0x54, 0xFF, 0xFF, 0xF3, 0xF7, 0xFF, 0xFF, 0x50, 
0x00, 0x00, 0x00, 0x00, 0x54, 0xFF, 0xFF, 0xA4, 0x62, 0xFF, 0xFF, 0xEC, 
0x1A, 0x00, 0x00, 0x00, 0x54, 0xFF, 0xFF, 0xA4, 0x00, 0xB7, 0xFF, 0xFF, 
0xBB, 0x01, 0x00, 0x00, 0x54, 0xFF, 0xFF, 0xA4, 0x00, 0x1B, 0xF0, 0xFF, 
0xFF, 0x73, 0x00, 0x00, 0x54, 0xFF, 0xFF, 0xA4, 0x00, 0x00, 0x61, 0xFF, 
0xFF, 0xF9, 0x30, 0x00, 0x54, 0xFF, 0xFF, 0xA4, 0x00, 0x00, 0x00, 0xB5, 
0xFF, 0xFF, 0xD6, 0x09, 0x3F, 0xB8, 0xB8, 0x73, 0x00, 0x00, 0x58, 0xFF, 
0xFF, 0xA0, 0x00, 0x00, 0x58, 0xFF, 0xFF, 0xA0, 0x00, 0x00, 0x58, 0xFF, 
0xFF, 0xA0, 0x00, 0x00, 0x58, 0xFF, 0xFF, 0xA0, 0x00, 0x00, 0x58, 0xFF, 
0xFF, 0xA0, 0x00, 0x00, 0x58, 0xFF, 0xFF, 0xA0, 0x00, 0x00, 0x58, 0xFF, 
0xFF, 0xA0, 0x00, 0x00, 0x58, 0xFF, 0xFF, 0xA0, 0x00, 0x00, 0x58, 0xFF, 
0xFF, 0xA0, 0x00, 0x00, 0x58, 0xFF, 0xFF, 0xA0, 0x00, 0x00, 0x58, 0xFF, 
0xFF, 0xA0, 0x00, 0x00, 0x58, 0xFF, 0xFF, 0xA0, 0x00, 0x00, 0x58, 0xFF, 
0xFF, 0xA3, 0x00, 0x00, 0x4B, 0xFF, 0xFF, 0xDC, 0x42, 0x17, 0x1E, 0xFB, 
0xFF, 0xFF, 0xFF, 0x50, 0x00, 0x6F, 0xF0, 0xFF, 0xFF, 0x50, 0x00, 0x00, 
0x02, 0x19, 0x14, 0x01, 0x00, 0x00, 0x00, 0x00, 0x00, 0x00, 0x0D, 0x0B, 
0x00, 0x00, 0x00, 0x00, 0x00, 0x0A, 0x10, 0x00, 0x00, 0x00, 0x00, 0x49, 
0xE0, 0xE0, 0x8F, 0x65, 0xE1, 0xFF, 0xFF, 0xDF, 0x64, 0x03, 0x7A, 0xE2, 
0xFF, 0xFF, 0xE9, 0x7C, 0x02, 0x00, 0x54, 0xFF, 0xFF, 0xE6, 0xFF, 0xFF, 
0xFF, 0xFF, 0xFF, 0xFF, 0xBA, 0xFF, 0xFF, 0xFF, 0xFF, 0xFF, 0xFF, 0x73, 
0x00, 0x54, 0xFF, 0xFF, 0xFF, 0xBD, 0x66, 0x6D, 0xE2, 0xFF, 0xFF, 0xFF, 
0xD7, 0x70, 0x65, 0xC3, 0xFF, 0xFF, 0xDB, 0x00, 0x54, 0xFF, 0xFF, 0xDB, 
0x04, 0x00, 0x00, 0x55, 0xFF, 0xFF, 0xF8, 0x17, 0x00, 0x00, 0x15, 0xFE, 
0xFF, 0xFE, 0x03, 0x54, 0xFF, 0xFF, 0xA4, 0x00, 0x00, 0x00, 0x2D, 0xFF, 
0xFF, 0xCC, 0x00, 0x00, 0x00, 0x00, 0xEA, 0xFF, 0xFF, 0x0B, 0x54, 0xFF, 
0xFF, 0xA4, 0x00, 0x00, 0x00, 0x28, 0xFF, 0xFF, 0xCC, 0x00, 0x00, 0x00, 
0x00, 0xE4, 0xFF, 0xFF, 0x0C, 0x54, 0xFF, 0xFF, 0xA4, 0x00, 0x00, 0x00, 
0x28, 0xFF, 0xFF, 0xCC, 0x00, 0x00, 0x00, 0x00, 0xE4, 0xFF, 0xFF, 0x0C, 
0x54, 0xFF, 0xFF, 0xA4, 0x00, 0x00, 0x00, 0x28, 0xFF, 0xFF, 0xCC, 0x00, 
0x00, 0x00, 0x00, 0xE4, 0xFF, 0xFF, 0x0C, 0x54, 0xFF, 0xFF, 0xA4, 0x00, 
0x00, 0x00, 0x28, 0xFF, 0xFF, 0xCC, 0x00, 0x00, 0x00, 0x00, 0xE4, 0xFF, 
0xFF, 0x0C, 0x54, 0xFF, 0xFF, 0xA4, 0x00, 0x00, 0x00, 0x28, 0xFF, 0xFF, 
0xCC, 0x00, 0x00, 0x00, 0x00, 0xE4, 0xFF, 0xFF, 0x0C, 0x54, 0xFF, 0xFF, 
0xA4, 0x00, 0x00, 0x00, 0x28, 0xFF, 0xFF, 0xCC, 0x00, 0x00, 0x00, 0x00, 
0xE4, 0xFF, 0xFF, 0x0C, 0x54, 0xFF, 0xFF, 0xA4, 0x00, 0x00, 0x00, 0x28, 
0xFF, 0xFF, 0xCC, 0x00, 0x00, 0x00, 0x00, 0xE4, 0xFF, 0xFF, 0x0C, 0x00, 
0x00, 0x00, 0x00, 0x00, 0x00, 0x05, 0x13, 0x04, 0x00, 0x00, 0x00, 0x49, 
0xE0, 0xE0, 0x8F, 0x4C, 0xCA, 0xFE, 0xFF, 0xF8, 0xB4, 0x1D, 0x00, 0x54, 
0xFF, 0xFF, 0xDD, 0xFD, 0xFF, 0xFF, 0xFF, 0xFF, 0xFF, 0xCB, 0x00, 0x54, 
0xFF, 0xFF, 0xFF, 0xD6, 0x74, 0x60, 0x9B, 0xFF, 0xFF, 0xFF, 0x29, 0x54, 
0xFF, 0xFF, 0xE7, 0x0E, 0x00, 0x00, 0x00, 0xD1, 0xFF, 0xFF, 0x49, 0x54, 
0xFF, 0xFF, 0xA4, 0x00, 0x00, 0x00, 0x00, 0xAD, 0xFF, 0xFF, 0x50, 0x54, 
0xFF, 0xFF, 0xA4, 0x00, 0x00, 0x00, 0x00, 0xA8, 0xFF, 0xFF, 0x50, 0x54, 
0xFF, 0xFF, 0xA4, 0x00, 0x00, 0x00, 0x00, 0xA8, 0xFF, 0xFF, 0x50, 0x54, 
0xFF, 0xFF, 0xA4, 0x00, 0x00, 0x00, 0x00, 0xA8, 0xFF, 0xFF, 0x50, 0x54, 
0xFF, 0xFF, 0xA4, 0x00, 0x00, 0x00, 0x00, 0xA8, 0xFF, 0xFF, 0x50, 0x54, 
0xFF, 0xFF, 0xA4, 0x00, 0x00, 0x00, 0x00, 0xA8, 0xFF, 0xFF, 0x50, 0x54, 
0xFF, 0xFF, 0xA4, 0x00, 0x00, 0x00, 0x00, 0xA8, 0xFF, 0xFF, 0x50, 0x54, 
0xFF, 0xFF, 0xA4, 0x00, 0x00, 0x00, 0x00, 0xA8, 0xFF, 0xFF, 0x50, 0x00, 
0x00, 0x00, 0x00, 0x01, 0x10, 0x09, 0x00, 0x00, 0x00, 0x00, 0x00, 0x00, 
0x02, 0x6B, 0xCA, 0xFB, 0xFF, 0xFF, 0xEF, 0xAB, 0x31, 0x00, 0x00, 0x00, 
0xA7, 0xFF, 0xFF, 0xFF, 0xFF, 0xFF, 0xFF, 0xFF, 0xFA, 0x47, 0x00, 0x4B, 
0xFF, 0xFF, 0xF1, 0x63, 0x2C, 0x39, 0xA2, 0xFF, 0xFF, 0xE3, 0x03, 0xA0, 
0xFF, 0xFF, 0x70, 0x00, 0x00, 0x00, 0x01, 0xD7, 0xFF, 0xFF, 0x3E, 0xD1, 
0xFF, 0xFF, 0x31, 0x00, 0x00, 0x00, 0x00, 0x95, 0xFF, 0xFF, 0x6F, 0xE5, 
0xFF, 0xFF, 0x1D, 0x00, 0x00, 0x00, 0x00, 0x7F, 0xFF, 0xFF, 0x84, 0xE7, 
0xFF, 0xFF, 0x1D, 0x00, 0x00, 0x00, 0x00, 0x7D, 0xFF, 0xFF, 0x86, 0xD3, 
0xFF, 0xFF, 0x2E, 0x00, 0x00, 0x00, 0x00, 0x8F, 0xFF, 0xFF, 0x72, 0xAA, 
0xFF, 0xFF, 0x67, 0x00, 0x00, 0x00, 0x00, 0xC7, 0xFF, 0xFF, 0x47, 0x59, 
0xFF, 0xFF, 0xE6, 0x47, 0x13, 0x1E, 0x7E, 0xFF, 0xFF, 0xEE, 0x06, 0x02, 
0xBE, 0xFF, 0xFF, 0xFF, 0xFF, 0xFF, 0xFF, 0xFF, 0xFF, 0x5B, 0x00, 0x00, 
0x09, 0x8B, 0xE8, 0xFF, 0xFF, 0xFF, 0xFE, 0xCB, 0x4B, 0x00, 0x00, 0x00, 
0x00, 0x00, 0x01, 0x1D, 0x31, 0x2A, 0x10, 0x00, 0x00, 0x00, 0x00, 0x00, 
0x00, 0x00, 0x00, 0x00, 0x00, 0x06, 0x0F, 0x00, 0x00, 0x00, 0x00, 0x00, 
0x49, 0xE0, 0xE0, 0x8F, 0x4F, 0xD0, 0xFF, 0xFF, 0xF4, 0xA9, 0x23, 0x00, 
0x00, 0x54, 0xFF, 0xFF, 0xD8, 0xFD, 0xFF, 0xFF, 0xFF, 0xFF, 0xFF, 0xE5, 
0x16, 0x00, 0x54, 0xFF, 0xFF, 0xFF, 0xB5, 0x41, 0x2B, 0x5E, 0xED, 0xFF, 
0xFF, 0x84, 0x00, 0x54, 0xFF, 0xFF, 0xE3, 0x06, 0x00, 0x00, 0x00, 0x62, 
0xFF, 0xFF, 0xC9, 0x00, 0x54, 0xFF, 0xFF, 0x9B, 0x00, 0x00, 0x00, 0x00, 
0x1F, 0xFF, 0xFF, 0xF1, 0x00, 0x54, 0xFF, 0xFF, 0x7E, 0x00, 0x00, 0x00, 
0x00, 0x0A, 0xFF, 0xFF, 0xFE, 0x01, 0x54, 0xFF, 0xFF, 0x82, 0x00, 0x00, 
0x00, 0x00, 0x0C, 0xFF, 0xFF, 0xFF, 0x03, 0x54, 0xFF, 0xFF, 0x9C, 0x00, 
0x00, 0x00, 0x00, 0x23, 0xFF, 0xFF, 0xF1, 0x00, 0x54, 0xFF, 0xFF, 0xE6, 
0x04, 0x00, 0x00, 0x00, 0x63, 0xFF, 0xFF, 0xC7, 0x00, 0x54, 0xFF, 0xFF, 
0xFF, 0xB0, 0x33, 0x13, 0x40, 0xE0, 0xFF, 0xFF, 0x7C, 0x00, 0x54, 0xFF, 
0xFF, 0xE2, 0xFF, 0xFF, 0xFF, 0xFF, 0xFF, 0xFF, 0xEA, 0x13, 0x00, 0x54, 
0xFF, 0xFF, 0xA4, 0x74, 0xF1, 0xFF, 0xFF, 0xFF, 0xC9, 0x2F, 0x00, 0x00, 
0x54, 0xFF, 0xFF, 0xA4, 0x00, 0x07, 0x28, 0x31, 0x17, 0x00, 0x00, 0x00, 
0x00, 0x54, 0xFF, 0xFF, 0xA4, 0x00, 0x00, 0x00, 0x00, 0x00, 0x00, 0x00, 
0x00, 0x00, 0x54, 0xFF, 0xFF, 0xA4, 0x00, 0x00, 0x00, 0x00, 0x00, 0x00, 
0x00, 0x00, 0x00, 0x54, 0xFF, 0xFF, 0xA4, 0x00, 0x00, 0x00, 0x00, 0x00, 
0x00, 0x00, 0x00, 0x00, 0x22, 0x68, 0x68, 0x42, 0x00, 0x00, 0x00, 0x00, 
0x00, 0x00, 0x00, 0x00, 0x00, 0x00, 0x00, 0x00, 0x00, 0x0F, 0x09, 0x00, 
0x00, 0x00, 0x00, 0x00, 0x00, 0x00, 0x14, 0x9D, 0xF0, 0xFF, 0xFF, 0xDE, 
0x67, 0x7A, 0xE0, 0xE0, 0x62, 0x04, 0xCD, 0xFF, 0xFF, 0xFF, 0xFF, 0xFF, 
0xFF, 0xD6, 0xFF, 0xFF, 0x70, 0x59, 0xFF, 0xFF, 0xF6, 0x6A, 0x2E, 0x49, 
0xBD, 0xFF, 0xFF, 0xFF, 0x70, 0xA9, 0xFF, 0xFF, 0x7B, 0x00, 0x00, 0x00, 
0x05, 0xE5, 0xFF, 0xFF, 0x70, 0xD6, 0xFF, 0xFF, 0x35, 0x00, 0x00, 0x00, 
0x00, 0x93, 0xFF, 0xFF, 0x70, 0xEA, 0xFF, 0xFF, 0x21, 0x00, 0x00, 0x00, 
0x00, 0x76, 0xFF, 0xFF, 0x70, 0xE9, 0xFF, 0xFF, 0x20, 0x00, 0x00, 0x00, 
0x00, 0x6C, 0xFF, 0xFF, 0x70, 0xDB, 0xFF, 0xFF, 0x32, 0x00, 0x00, 0x00, 
0x00, 0x85, 0xFF, 0xFF, 0x70, 0xB8, 0xFF, 0xFF, 0x6D, 0x00, 0x00, 0x00, 
0x00, 0xCB, 0xFF, 0xFF, 0x70, 0x78, 0xFF, 0xFF, 0xED, 0x4E, 0x14, 0x22, 
0x8F, 0xFF, 0xFF, 0xFF, 0x70, 0x11, 0xE8, 0xFF, 0xFF, 0xFF, 0xFF, 0xFF, 
0xFF, 0xD7, 0xFF, 0xFF, 0x70, 0x00, 0x29, 0xBF, 0xFF, 0xFF, 0xFF, 0xF2, 
0x7B, 0x8C, 0xFF, 0xFF, 0x70, 0x00, 0x00, 0x00, 0x12, 0x2E, 0x29, 0x08, 
0x00, 0x8C, 0xFF, 0xFF, 0x70, 0x00, 0x00, 0x00, 0x00, 0x00, 0x00, 0x00, 
0x00, 0x8C, 0xFF, 0xFF, 0x70, 0x00, 0x00, 0x00, 0x00, 0x00, 0x00, 0x00, 
0x00, 0x8C, 0xFF, 0xFF, 0x70, 0x00, 0x00, 0x00, 0x00, 0x00, 0x00, 0x00, 
0x00, 0x8C, 0xFF, 0xFF, 0x70, 0x00, 0x00, 0x00, 0x00, 0x00, 0x00, 0x00, 
0x00, 0x38, 0x68, 0x68, 0x2D, 0x00, 0x00, 0x00, 0x00, 0x00, 0x00, 0x07, 
0x08, 0x49, 0xE0, 0xE0, 0x8F, 0x2F, 0xC7, 0xFE, 0x5B, 0x54, 0xFF, 0xFF, 
0xB0, 0xE9, 0xFF, 0xFF, 0x53, 0x54, 0xFF, 0xFF, 0xFB, 0xFF, 0xD3, 0x9D, 
0x2A, 0x54, 0xFF, 0xFF, 0xFF, 0x79, 0x00, 0x00, 0x00, 0x54, 0xFF, 0xFF, 
0xD9, 0x00, 0x00, 0x00, 0x00, 0x54, 0xFF, 0xFF, 0xA4, 0x00, 0x00, 0x00, 
0x00, 0x54, 0xFF, 0xFF, 0xA4, 0x00, 0x00, 0x00, 0x00, 0x54, 0xFF, 0xFF, 
0xA4, 0x00, 0x00, 0x00, 0x00, 0x54, 0xFF, 0xFF, 0xA4, 0x00, 0x00, 0x00, 
0x00, 0x54, 0xFF, 0xFF, 0xA4, 0x00, 0x00, 0x00, 0x00, 0x54, 0xFF, 0xFF, 
0xA4, 0x00, 0x00, 0x00, 0x00, 0x54, 0xFF, 0xFF, 0xA4, 0x00, 0x00, 0x00, 
0x00, 0x00, 0x00, 0x00, 0x02, 0x11, 0x0F, 0x01, 0x00, 0x00, 0x00, 0x41, 
0xC0, 0xF8, 0xFF, 0xFF, 0xFD, 0xDC, 0x18, 0x37, 0xFB, 0xFF, 0xFF, 0xFF, 
0xFF, 0xFF, 0xFF, 0x14, 0x9B, 0xFF, 0xFF, 0x83, 0x2E, 0x2E, 0x47, 0x73, 
0x04, 0xB3, 0xFF, 0xFF, 0x1B, 0x00, 0x00, 0x00, 0x00, 0x00, 0x97, 0xFF, 
0xFF, 0xCC, 0x65, 0x1E, 0x00, 0x00, 0x00, 0x29, 0xEC, 0xFF, 0xFF, 0xFF, 
0xFF, 0xCB, 0x47, 0x00, 0x00, 0x15, 0x78, 0xC5, 0xFB, 0xFF, 0xFF, 0xFD, 
0x34, 0x00, 0x00, 0x00, 0x00, 0x11, 0x9D, 0xFF, 0xFF, 0x85, 0x00, 0x00, 
0x00, 0x00, 0x00, 0x39, 0xFF, 0xFF, 0x96, 0x8B, 0x6C, 0x46, 0x32, 0x3E, 
0xAE, 0xFF, 0xFF, 0x79, 0xDC, 0xFF, 0xFF, 0xFF, 0xFF, 0xFF, 0xFF, 0xF3, 
0x1E, 0xB7, 0xF8, 0xFF, 0xFF, 0xFF, 0xF7, 0xB6, 0x30, 0x00, 0x00, 0x02, 
0x11, 0x1C, 0x18, 0x03, 0x00, 0x00, 0x00, 0x00, 0x13, 0xB4, 0xB4, 0x9A, 
0x00, 0x00, 0x00, 0x00, 0x1C, 0xFF, 0xFF, 0xDC, 0x00, 0x00, 0x00, 0x00, 
0x1C, 0xFF, 0xFF, 0xDC, 0x00, 0x00, 0x00, 0xA1, 0xE3, 0xFF, 0xFF, 0xFB, 
0xE0, 0xE0, 0x57, 0xB8, 0xFF, 0xFF, 0xFF, 0xFF, 0xFF, 0xFF, 0x64, 0x56, 
0x86, 0xFF, 0xFF, 0xEC, 0x78, 0x78, 0x2E, 0x00, 0x1C, 0xFF, 0xFF, 0xDC, 
0x00, 0x00, 0x00, 0x00, 0x1C, 0xFF, 0xFF, 0xDC, 0x00, 0x00, 0x00, 0x00, 
0x1C, 0xFF, 0xFF, 0xDC, 0x00, 0x00, 0x00, 0x00, 0x1C, 0xFF, 0xFF, 0xDC, 
0x00, 0x00, 0x00, 0x00, 0x1C, 0xFF, 0xFF, 0xDC, 0x00, 0x00, 0x00, 0x00, 
0x17, 0xFF, 0xFF, 0xE2, 0x00, 0x00, 0x00, 0x00, 0x05, 0xFC, 0xFF, 0xFE, 
0x64, 0x39, 0x13, 0x00, 0x00, 0xBF, 0xFF, 0xFF, 0xFF, 0xFF, 0x48, 0x00, 
0x00, 0x25, 0xC3, 0xFD, 0xFF, 0xFF, 0x48, 0x00, 0x00, 0x00, 0x00, 0x09, 
0x1A, 0x13, 0x01, 0x5E, 0xE0, 0xE0, 0x7A, 0x00, 0x00, 0x00, 0x00, 0xB2, 
0xE0, 0xE0, 0x1F, 0x6C, 0xFF, 0xFF, 0x8C, 0x00, 0x00, 0x00, 0x00, 0xCC, 
0xFF, 0xFF, 0x24, 0x6C, 0xFF, 0xFF, 0x8C, 0x00, 0x00, 0x00, 0x00, 0xCC, 
0xFF, 0xFF, 0x24, 0x6C, 0xFF, 0xFF, 0x8C, 0x00, 0x00, 0x00, 0x00, 0xCC, 
0xFF, 0xFF, 0x24, 0x6C, 0xFF, 0xFF, 0x8C, 0x00, 0x00, 0x00, 0x00, 0xCC, 
0xFF, 0xFF, 0x24, 0x6C, 0xFF, 0xFF, 0x8C, 0x00, 0x00, 0x00, 0x00, 0xCC, 
0xFF, 0xFF, 0x24, 0x6C, 0xFF, 0xFF, 0x8C, 0x00, 0x00, 0x00, 0x00, 0xCC, 
0xFF, 0xFF, 0x24, 0x6C, 0xFF, 0xFF, 0x8F, 0x00, 0x00, 0x00, 0x00, 0xCC, 
0xFF, 0xFF, 0x24, 0x63, 0xFF, 0xFF, 0xAF, 0x00, 0x00, 0x00, 0x15, 0xF4, 
0xFF, 0xFF, 0x24, 0x42, 0xFF, 0xFF, 0xFA, 0x72, 0x3F, 0x5A, 0xD1, 0xFF, 
0xFF, 0xFF, 0x24, 0x08, 0xE2, 0xFF, 0xFF, 0xFF, 0xFF, 0xFF, 0xFD, 0xE8, 
0xFF, 0xFF, 0x24, 0x00, 0x3E, 0xDD, 0xFF, 0xFF, 0xFF, 0xE4, 0x58, 0x9A, 
0xFF, 0xFF, 0x24, 0x00, 0x00, 0x00, 0x21, 0x33, 0x23, 0x01, 0x00, 0x00, 
0x00, 0x00, 0x00, 0xA0, 0xE0, 0xE0, 0x70, 0x00, 0x00, 0x00, 0x00, 0x01, 
0xCA, 0xE0, 0xE0, 0x36, 0x60, 0xFF, 0xFF, 0xCD, 0x00, 0x00, 0x00, 0x00, 
0x38, 0xFF, 0xFF, 0xE4, 0x02, 0x0D, 0xF6, 0xFF, 0xFF, 0x20, 0x00, 0x00, 
0x00, 0x8C, 0xFF, 0xFF, 0x88, 0x00, 0x00, 0xA6, 0xFF, 0xFF, 0x72, 0x00, 
0x00, 0x00, 0xDF, 0xFF, 0xFF, 0x2A, 0x00, 0x00, 0x49, 0xFF, 0xFF, 0xC5, 
0x00, 0x00, 0x34, 0xFF, 0xFF, 0xCC, 0x00, 0x00, 0x00, 0x03, 0xE8, 0xFF, 
0xFE, 0x19, 0x00, 0x88, 0xFF, 0xFF, 0x6E, 0x00, 0x00, 0x00, 0x00, 0x8F, 
0xFF, 0xFF, 0x6A, 0x00, 0xDB, 0xFF, 0xFB, 0x15, 0x00, 0x00, 0x00, 0x00, 
0x32, 0xFF, 0xFF, 0xBC, 0x30, 0xFF, 0xFF, 0xB2, 0x00, 0x00, 0x00, 0x00, 
0x00, 0x00, 0xD5, 0xFF, 0xFB, 0x99, 0xFF, 0xFF, 0x54, 0x00, 0x00, 0x00, 
0x00, 0x00, 0x00, 0x78, 0xFF, 0xFF, 0xFF, 0xFF, 0xEF, 0x07, 0x00, 0x00, 
0x00, 0x00, 0x00, 0x00, 0x1D, 0xFE, 0xFF, 0xFF, 0xFF, 0x98, 0x00, 0x00, 
0x00, 0x00, 0x00, 0x00, 0x00, 0x00, 0xBE, 0xFF, 0xFF, 0xFF, 0x3A, 0x00, 
0x00, 0x00, 0x00, 0x6E, 0xE0, 0xE0, 0x89, 0x00, 0x00, 0x00, 0x35, 0xE0, 
0xE0, 0xE0, 0x49, 0x00, 0x00, 0x00, 0x6A, 0xE0, 0xE0, 0x7B, 0x3D, 0xFF, 
0xFF, 0xD3, 0x00, 0x00, 0x00, 0x7A, 0xFF, 0xFF, 0xFF, 0x92, 0x00, 0x00, 
0x00, 0xB0, 0xFF, 0xFF, 0x4B, 0x04, 0xF2, 0xFF, 0xFD, 0x0E, 0x00, 0x00, 
0xBB, 0xFF, 0xFF, 0xFF, 0xD4, 0x00, 0x00, 0x00, 0xE9, 0xFF, 0xF9, 0x0B, 
0x00, 0xB2, 0xFF, 0xFF, 0x46, 0x00, 0x06, 0xF6, 0xFF, 0xE6, 0xFF, 0xFF, 
0x16, 0x00, 0x25, 0xFF, 0xFF, 0xBF, 0x00, 0x00, 0x6D, 0xFF, 0xFF, 0x80, 
0x00, 0x3E, 0xFF, 0xFF, 0x65, 0xFF, 0xFF, 0x57, 0x00, 0x5F, 0xFF, 0xFF, 
0x79, 0x00, 0x00, 0x27, 0xFF, 0xFF, 0xB9, 0x00, 0x80, 0xFF, 0xF2, 0x05, 
0xEB, 0xFF, 0x99, 0x00, 0x99, 0xFF, 0xFF, 0x33, 0x00, 0x00, 0x00, 0xE1, 
0xFF, 0xF0, 0x02, 0xC1, 0xFF, 0xB4, 0x00, 0xAC, 0xFF, 0xDB, 0x00, 0xD3, 
0xFF, 0xEB, 0x01, 0x00, 0x00, 0x00, 0x9C, 0xFF, 0xFF, 0x35, 0xF8, 0xFF, 
0x73, 0x00, 0x6B, 0xFF, 0xFF, 0x2C, 0xFD, 0xFF, 0xA7, 0x00, 0x00, 0x00, 
0x00, 0x57, 0xFF, 0xFF, 0xAB, 0xFF, 0xFF, 0x31, 0x00, 0x2B, 0xFF, 0xFF, 
0xA7, 0xFF, 0xFF, 0x61, 0x00, 0x00, 0x00, 0x00, 0x13, 0xFD, 0xFF, 0xFF, 
0xFF, 0xED, 0x02, 0x00, 0x00, 0xE9, 0xFF, 0xFF, 0xFF, 0xFF, 0x1B, 0x00, 
0x00, 0x00, 0x00, 0x00, 0xCC, 0xFF, 0xFF, 0xFF, 0xAE, 0x00, 0x00, 0x00, 
0xA9, 0xFF, 0xFF, 0xFF, 0xD5, 0x00, 0x00, 0x00, 0x00, 0x00, 0x00, 0x87, 
0xFF, 0xFF, 0xFF, 0x6C, 0x00, 0x00, 0x00, 0x68, 0xFF, 0xFF, 0xFF, 0x8F, 
0x00, 0x00, 0x00, 0x36, 0xDF, 0xE0, 0xDE, 0x2A, 0x00, 0x00, 0x00, 0x54, 
0xE0, 0xE0, 0xD0, 0x11, 0x00, 0x9E, 0xFF, 0xFF, 0xBF, 0x00, 0x00, 0x0C, 
0xE4, 0xFF, 0xFF, 0x61, 0x00, 0x00, 0x0F, 0xE3, 0xFF, 0xFF, 0x5A, 0x00, 
0x8B, 0xFF, 0xFF, 0xB7, 0x00, 0x00, 0x00, 0x00, 0x49, 0xFF, 0xFF, 0xE6, 
0x38, 0xFA, 0xFF, 0xF0, 0x1C, 0x00, 0x00, 0x00, 0x00, 0x00, 0x9F, 0xFF, 
0xFF, 0xF8, 0xFF, 0xFF, 0x63, 0x00, 0x00, 0x00, 0x00, 0x00, 0x00, 0x0F, 
0xE5, 0xFF, 0xFF, 0xFF, 0xBA, 0x00, 0x00, 0x00, 0x00, 0x00, 0x00, 0x00, 
0x1E, 0xF1, 0xFF, 0xFF, 0xFF, 0xD2, 0x06, 0x00, 0x00, 0x00, 0x00, 0x00, 
0x01, 0xBC, 0xFF, 0xFF, 0xED, 0xFF, 0xFF, 0x83, 0x00, 0x00, 0x00, 0x00, 
0x00, 0x6A, 0xFF, 0xFF, 0xD3, 0x26, 0xF7, 0xFF, 0xFB, 0x32, 0x00, 0x00, 
0x00, 0x22, 0xF4, 0xFF, 0xFE, 0x3B, 0x00, 0x7E, 0xFF, 0xFF, 0xD2, 0x06, 
0x00, 0x02, 0xC2, 0xFF, 0xFF, 0x9A, 0x00, 0x00, 0x07, 0xDC, 0xFF, 0xFF, 
0x83, 0x00, 0x71, 0xFF, 0xFF, 0xE9, 0x11, 0x00, 0x00, 0x00, 0x49, 0xFF, 
0xFF, 0xFB, 0x32, 0x9D, 0xE0, 0xE0, 0x78, 0x00, 0x00, 0x00, 0x00, 0x00, 
0xC3, 0xE0, 0xE0, 0x36, 0x55, 0xFF, 0xFF, 0xDB, 0x00, 0x00, 0x00, 0x00, 
0x2D, 0xFF, 0xFF, 0xE3, 0x02, 0x05, 0xEA, 0xFF, 0xFF, 0x33, 0x00, 0x00, 
0x00, 0x7F, 0xFF, 0xFF, 0x86, 0x00, 0x00, 0x8B, 0xFF, 0xFF, 0x8A, 0x00, 
0x00, 0x00, 0xD1, 0xFF, 0xFF, 0x28, 0x00, 0x00, 0x26, 0xFF, 0xFF, 0xE0, 
0x01, 0x00, 0x22, 0xFF, 0xFF, 0xC9, 0x00, 0x00, 0x00, 0x00, 0xC0, 0xFF, 
0xFF, 0x39, 0x00, 0x74, 0xFF, 0xFF, 0x6B, 0x00, 0x00, 0x00, 0x00, 0x5B, 
0xFF, 0xFF, 0x90, 0x00, 0xC6, 0xFF, 0xF9, 0x13, 0x00, 0x00, 0x00, 0x00, 
0x08, 0xEE, 0xFF, 0xE5, 0x1B, 0xFE, 0xFF, 0xAD, 0x00, 0x00, 0x00, 0x00, 
0x00, 0x00, 0x91, 0xFF, 0xFF, 0xAB, 0xFF, 0xFF, 0x4F, 0x00, 0x00, 0x00, 
0x00, 0x00, 0x00, 0x2C, 0xFF, 0xFF, 0xFF, 0xFF, 0xEB, 0x05, 0x00, 0x00, 
0x00, 0x00, 0x00, 0x00, 0x00, 0xC6, 0xFF, 0xFF, 0xFF, 0x91, 0x00, 0x00, 
0x00, 0x00, 0x00, 0x00, 0x00, 0x00, 0x62, 0xFF, 0xFF, 0xFF, 0x2E, 0x00, 
0x00, 0x00, 0x00, 0x00, 0x00, 0x00, 0x00, 0x82, 0xFF, 0xFF, 0xC3, 0x00, 
0x00, 0x00, 0x00, 0x00, 0x00, 0x11, 0x3C, 0x86, 0xFC, 0xFF, 0xFF, 0x40, 
0x00, 0x00, 0x00, 0x00, 0x00, 0x00, 0x64, 0xFF, 0xFF, 0xFF, 0xFF, 0x96, 
0x00, 0x00, 0x00, 0x00, 0x00, 0x00, 0x00, 0x64, 0xFF, 0xFF, 0xF5, 0x7F, 
0x02, 0x00, 0x00, 0x00, 0x00, 0x00, 0x00, 0x00, 0x27, 0x59, 0x3E, 0x07, 
0x00, 0x00, 0x00, 0x00, 0x00, 0x00, 0x00, 0x00, 0x70, 0xE0, 0xE0, 0xE0, 
0xE0, 0xE0, 0xE0, 0xE0, 0xE0, 0x7E, 0x80, 0xFF, 0xFF, 0xFF, 0xFF, 0xFF, 
0xFF, 0xFF, 0xFF, 0x90, 0x40, 0x80, 0x80, 0x80, 0x80, 0x9D, 0xFF, 0xFF, 
0xFF, 0x70, 0x00, 0x00, 0x00, 0x00, 0x0A, 0xCD, 0xFF, 0xFF, 0xAC, 0x01, 
0x00, 0x00, 0x00, 0x01, 0xAE, 0xFF, 0xFF, 0xCA, 0x09, 0x00, 0x00, 0x00, 
0x00, 0x89, 0xFF, 0xFF, 0xE1, 0x18, 0x00, 0x00, 0x00, 0x00, 0x60, 0xFF, 
0xFF, 0xF1, 0x2D, 0x00, 0x00, 0x00, 0x00, 0x3E, 0xF9, 0xFF, 0xFC, 0x47, 
0x00, 0x00, 0x00, 0x00, 0x23, 0xEC, 0xFF, 0xFF, 0x69, 0x00, 0x00, 0x00, 
0x00, 0x00, 0xCF, 0xFF, 0xFF, 0xDD, 0x70, 0x70, 0x70, 0x70, 0x70, 0x70, 
0xEC, 0xFF, 0xFF, 0xFF, 0xFF, 0xFF, 0xFF, 0xFF, 0xFF, 0xFF, 0xEC, 0xFF, 
0xFF, 0xFF, 0xFF, 0xFF, 0xFF, 0xFF, 0xFF, 0xFF, 0x00, 0x00, 0x00, 0x01, 
0x51, 0x96, 0xA8, 0x00, 0x00, 0x04, 0xB6, 0xFF, 0xFF, 0xF4, 0x00, 0x00, 
0x5A, 0xFF, 0xFF, 0xE7, 0x83, 0x00, 0x00, 0x9A, 0xFF, 0xFF, 0x5D, 0x00, 
0x00, 0x00, 0xAB, 0xFF, 0xFF, 0x48, 0x00, 0x00, 0x00, 0xAC, 0xFF, 0xFF, 
0x48, 0x00, 0x00, 0x00, 0xAC, 0xFF, 0xFF, 0x48, 0x00, 0x00, 0x00, 0xAC, 
0xFF, 0xFF, 0x48, 0x00, 0x00, 0x00, 0xB5, 0xFF, 0xFF, 0x3E, 0x00, 0x0F, 
0x63, 0xF3, 0xFF, 0xF3, 0x11, 0x00, 0x34, 0xFF, 0xFF, 0xD2, 0x3E, 0x00, 
0x00, 0x31, 0xFD, 0xFF, 0xFB, 0x84, 0x00, 0x00, 0x00, 0x0F, 0xDE, 0xFF, 
0xFE, 0x21, 0x00, 0x00, 0x00, 0xAF, 0xFF, 0xFF, 0x44, 0x00, 0x00, 0x00, 
0xAC, 0xFF, 0xFF, 0x48, 0x00, 0x00, 0x00, 0xAC, 0xFF, 0xFF, 0x48, 0x00, 
0x00, 0x00, 0xAC, 0xFF, 0xFF, 0x48, 0x00, 0x00, 0x00, 0xA8, 0xFF, 0xFF, 
0x4A, 0x00, 0x00, 0x00, 0x8C, 0xFF, 0xFF, 0x80, 0x00, 0x00, 0x00, 0x38, 
0xFF, 0xFF, 0xFE, 0xD3, 0x00, 0x00, 0x00, 0x69, 0xF4, 0xFF, 0xF4, 0x00, 
0x00, 0x00, 0x00, 0x0D, 0x47, 0x5D, 0xA6, 0xB8, 0x7B, 0xE8, 0xFF, 0xAC, 
0xE8, 0xFF, 0xAC, 0xE8, 0xFF, 0xAC, 0xE8, 0xFF, 0xAC, 0xE8, 0xFF, 0xAC, 
0xE8, 0xFF, 0xAC, 0xE8, 0xFF, 0xAC, 0xE8, 0xFF, 0xAC, 0xE8, 0xFF, 0xAC, 
0xE8, 0xFF, 0xAC, 0xE8, 0xFF, 0xAC, 0xE8, 0xFF, 0xAC, 0xE8, 0xFF, 0xAC, 
0xE8, 0xFF, 0xAC, 0xE8, 0xFF, 0xAC, 0xE8, 0xFF, 0xAC, 0xE8, 0xFF, 0xAC, 
0xE8, 0xFF, 0xAC, 0xE8, 0xFF, 0xAC, 0xE8, 0xFF, 0xAC, 0x5E, 0x68, 0x45, 
0x54, 0xA7, 0x79, 0x1C, 0x00, 0x00, 0x00, 0x78, 0xFF, 0xFF, 0xF4, 0x42, 
0x00, 0x00, 0x3D, 0xB3, 0xFF, 0xFF, 0xD8, 0x00, 0x00, 0x00, 0x01, 0xE2, 
0xFF, 0xFF, 0x18, 0x00, 0x00, 0x00, 0xCC, 0xFF, 0xFF, 0x2A, 0x00, 0x00, 
0x00, 0xCC, 0xFF, 0xFF, 0x2C, 0x00, 0x00, 0x00, 0xCC, 0xFF, 0xFF, 0x2C, 
0x00, 0x00, 0x00, 0xCC, 0xFF, 0xFF, 0x2C, 0x00, 0x00, 0x00, 0xC2, 0xFF, 
0xFF, 0x35, 0x00, 0x00, 0x00, 0x89, 0xFF, 0xFF, 0xAD, 0x36, 0x00, 0x00, 
0x09, 0x8F, 0xFC, 0xFF, 0xB4, 0x00, 0x00, 0x27, 0xDC, 0xFF, 0xFF, 0xB2, 
0x00, 0x00, 0xA4, 0xFF, 0xFF, 0x71, 0x01, 0x00, 0x00, 0xC8, 0xFF, 0xFF, 
0x2F, 0x00, 0x00, 0x00, 0xCC, 0xFF, 0xFF, 0x2C, 0x00, 0x00, 0x00, 0xCC, 
0xFF, 0xFF, 0x2C, 0x00, 0x00, 0x00, 0xCC, 0xFF, 0xFF, 0x2C, 0x00, 0x00, 
0x00, 0xCE, 0xFF, 0xFF, 0x27, 0x00, 0x00, 0x14, 0xF0, 0xFF, 0xFD, 0x0E, 
0x00, 0x64, 0xF0, 0xFF, 0xFF, 0xB3, 0x00, 0x00, 0x78, 0xFF, 0xFF, 0xBF, 
0x16, 0x00, 0x00, 0x2F, 0x58, 0x28, 0x00, 0x00, 0x00, 0x00, 0x00, 0x00, 
0x55, 0xA3, 0xA1, 0x5E, 0x05, 0x00, 0x00, 0x27, 0x80, 0x69, 0x00, 0x73, 
0xFF, 0xFF, 0xFF, 0xFF, 0xD5, 0x36, 0x00, 0x7D, 0xFF, 0xD9, 0x0E, 0xF2, 
0xFF, 0xC9, 0xB8, 0xFE, 0xFF, 0xFE, 0xDB, 0xFB, 0xFF, 0x89, 0x42, 0xFF, 
0xFC, 0x11, 0x00, 0x3D, 0xD8, 0xFF, 0xFF, 0xFF, 0xDA, 0x10, 0x10, 0x3C, 
0x4A, 0x00, 0x00, 0x00, 0x03, 0x4B, 0x75, 0x5F, 0x0B, 0x00, 0x00, 0x54, 
0x64, 0x64, 0x64, 0x64, 0x64, 0x64, 0x64, 0x64, 0x64, 0x64, 0x64, 0x64, 
0x64, 0x64, 0x64, 0x64, 0x30, 0x00, 0x00, 0xD8, 0xFF, 0xFF, 0xFF, 0xFF, 
0xFF, 0xFF, 0xFF, 0xFF, 0xFF, 0xFF, 0xFF, 0xFF, 0xFF, 0xFF, 0xFF, 0xFF, 
0x7C, 0x00, 0x00, 0xD8, 0xFF, 0xFF, 0xFF, 0xFF, 0xFF, 0xFF, 0xFF, 0xFF, 
0xFF, 0xFF, 0xFF, 0xFF, 0xFF, 0xFF, 0xFF, 0xFF, 0x7C, 0x00, 0x00, 0x1B, 
0x20, 0x20, 0x20, 0x20, 0x20, 0x20, 0x36, 0xF4, 0xFF, 0xD3, 0x20, 0x20, 
0x20, 0x20, 0x20, 0x20, 0x0F, 0x00, 0x00, 0x00, 0x00, 0x00, 0x00, 0x00, 
0x00, 0x00, 0xAF, 0xFF, 0xFF, 0x41, 0x00, 0x00, 0x00, 0x00, 0x00, 0x00, 
0x00, 0x00, 0x00, 0x00, 0x00, 0x00, 0x00, 0x00, 0x00, 0x60, 0xFF, 0xFF, 
0xFF, 0x04, 0x00, 0x00, 0x00, 0x00, 0x00, 0x00, 0x00, 0x00, 0x00, 0x00, 
0x00, 0x00, 0x00, 0x00, 0x3A, 0xF7, 0xFF, 0xFF, 0xFF, 0x04, 0x1A, 0x05, 
0x00, 0x00, 0x00, 0x00, 0x00, 0x00, 0x00, 0x00, 0x00, 0x00, 0x00, 0x23, 
0xEB, 0xFF, 0xFF, 0xFF, 0xFF, 0x0E, 0xD2, 0xC0, 0x12, 0x00, 0x00, 0x00, 
0x00, 0x00, 0x00, 0x00, 0x00, 0x00, 0x20, 0xDD, 0xFF, 0xFF, 0xEC, 0xFF, 
0xFF, 0x70, 0xFF, 0xFF, 0xDB, 0x27, 0x00, 0x00, 0x00, 0x00, 0x00, 0x00, 
0x00, 0x28, 0xE3, 0xFF, 0xFF, 0x7B, 0xB0, 0xFF, 0xFF, 0x05, 0x8F, 0xFF, 
0xFF, 0xEE, 0x3F, 0x00, 0x00, 0x00, 0x00, 0x00, 0x37, 0xEA, 0xFF, 0xFF, 
0x8C, 0x00, 0xB0, 0xFF, 0xFF, 0x04, 0x00, 0x75, 0xFF, 0xFF, 0xF9, 0x58, 
0x00, 0x00, 0x00, 0x69, 0xF9, 0xFF, 0xFF, 0x8D, 0x00, 0x00, 0xB0, 0xFF, 
0xFF, 0x04, 0x00, 0x00, 0x61, 0xFC, 0xFF, 0xFE, 0x6F, 0x00, 0x96, 0xFF, 
0xFF, 0xFF, 0x7E, 0x00, 0x00, 0x00, 0xB0, 0xFF, 0xFF, 0x04, 0x00, 0x00, 
0x00, 0x56, 0xFA, 0xFF, 0xFC, 0x1E, 0x5C, 0xFF, 0xFB, 0x66, 0x00, 0x00, 
0x00, 0x00, 0xB0, 0xFF, 0xFF, 0x04, 0x00, 0x00, 0x00, 0x00, 0x52, 0xFB, 
0x8A, 0x00, 0x00, 0x92, 0x44, 0x00, 0x00, 0x00, 0x00, 0x00, 0xB0, 0xFF, 
0xFF, 0x04, 0x00, 0x00, 0x00, 0x00, 0x00, 0x48, 0x09, 0x00, 0x00, 0x00, 
0x00, 0x00, 0x00, 0x00, 0x00, 0x00, 0xB0, 0xFF, 0xFF, 0x04, 0x00, 0x00, 
0x00, 0x00, 0x00, 0x00, 0x00, 0x00, 0x00, 0x00, 0x00, 0x00, 0x00, 0x00, 
0x00, 0x00, 0xB0, 0xFF, 0xFF, 0x04, 0x00, 0x00, 0x00, 0x00, 0x00, 0x00, 
0x00, 0x00, 0x00, 0x00, 0x00, 0x00, 0x00, 0x00, 0x00, 0x00, 0xB0, 0xFF, 
0xFF, 0x04, 0x00, 0x00, 0x00, 0x00, 0x00, 0x00, 0x00, 0x00, 0x00, 0x00, 
0x00, 0x00, 0x00, 0x00, 0x00, 0x00, 0xB0, 0xFF, 0xFF, 0x04, 0x00, 0x00, 
0x00, 0x00, 0x00, 0x00, 0x00, 0x00, 0x00, 0x00, 0x00, 0x00, 0x00, 0x00, 
0x00, 0x00, 0x1E, 0x2C, 0x2C, 0x00, 0x00, 0x00, 0x00, 0x00, 0x00, 0x00, 
0x00, 0x00, 0x00, 0x00, 0x00, 0x00, 0x00, 0x00, 0x00, 0x4D, 0xBD, 0xB2, 
0x0D, 0x00, 0x00, 0x00, 0x00, 0x00, 0x00, 0x00, 0x00, 0x00, 0x00, 0x00, 
0x00, 0x00, 0x00, 0x64, 0xFF, 0xFF, 0x14, 0x00, 0x00, 0x00, 0x00, 0x00, 
0x00, 0x00, 0x00, 0x00, 0x00, 0x00, 0x00, 0x00, 0x00, 0x64, 0xFF, 0xFF, 
0x14, 0x00, 0x00, 0x00, 0x00, 0x00, 0x00, 0x00, 0x00, 0x00, 0x00, 0x00, 
0x00, 0x00, 0x00, 0x64, 0xFF, 0xFF, 0x14, 0x00, 0x00, 0x00, 0x00, 0x00, 
0x00, 0x00, 0xAD, 0xEC, 0xEC, 0xEC, 0xEC, 0xEC, 0xEC, 0xF3, 0xFF, 0xFF, 
0xED, 0xEC, 0xEC, 0xEC, 0xEC, 0xEC, 0xEC, 0x3E, 0xBC, 0xFF, 0xFF, 0xFF, 
0xFF, 0xFF, 0xFF, 0xFF, 0xFF, 0xFF, 0xFF, 0xFF, 0xFF, 0xFF, 0xFF, 0xFF, 
0xFF, 0x44, 0xBC, 0xFF, 0xE6, 0x84, 0x84, 0x84, 0x84, 0xB4, 0xFF, 0xFF, 
0x8D, 0x84, 0x84, 0x84, 0x9F, 0xFF, 0xFF, 0x44, 0xBC, 0xFF, 0xCC, 0x00, 
0x00, 0x00, 0x00, 0x64, 0xFF, 0xFF, 0x14, 0x00, 0x00, 0x00, 0x38, 0xFF, 
0xFF, 0x44, 0xBC, 0xFF, 0xCC, 0x00, 0x00, 0x00, 0x00, 0x64, 0xFF, 0xFF, 
0x14, 0x00, 0x00, 0x00, 0x38, 0xFF, 0xFF, 0x44, 0xBC, 0xFF, 0xCC, 0x00, 
0x00, 0x00, 0x00, 0x64, 0xFF, 0xFF, 0x14, 0x00, 0x00, 0x00, 0x38, 0xFF, 
0xFF, 0x44, 0xBC, 0xFF, 0xCC, 0x00, 0x00, 0x00, 0x00, 0x64, 0xFF, 0xFF, 
0x14, 0x00, 0x00, 0x00, 0x38, 0xFF, 0xFF, 0x44, 0xBC, 0xFF, 0xDB, 0x4C, 
0x4C, 0x4C, 0x4C, 0x92, 0xFF, 0xFF, 0x5A, 0x4C, 0x4C, 0x4C, 0x73, 0xFF, 
0xFF, 0x44, 0xBC, 0xFF, 0xFF, 0xFF, 0xFF, 0xFF, 0xFF, 0xFF, 0xFF, 0xFF, 
0xFF, 0xFF, 0xFF, 0xFF, 0xFF, 0xFF, 0xFF, 0x44, 0xBC, 0xFF, 0xFF, 0xFF, 
0xFF, 0xFF, 0xFF, 0xFF, 0xFF, 0xFF, 0xFF, 0xFF, 0xFF, 0xFF, 0xFF, 0xFF, 
0xFF, 0x44, 0x0B, 0x10, 0x10, 0x10, 0x10, 0x10, 0x10, 0x6D, 0xFF, 0xFF, 
0x22, 0x10, 0x10, 0x10, 0x10, 0x10, 0x10, 0x04, 0x00, 0x00, 0x00, 0x00, 
0x00, 0x00, 0x00, 0x64, 0xFF, 0xFF, 0x14, 0x00, 0x00, 0x00, 0x00, 0x00, 
0x00, 0x00, 0x00, 0x00, 0x00, 0x00, 0x00, 0x00, 0x00, 0x64, 0xFF, 0xFF, 
0x14, 0x00, 0x00, 0x00, 0x00, 0x00, 0x00, 0x00, 0x00, 0x00, 0x00, 0x00, 
0x00, 0x00, 0x00, 0x64, 0xFF, 0xFF, 0x14, 0x00, 0x00, 0x00, 0x00, 0x00, 
0x00, 0x00, 0x00, 0x00, 0x00, 0x00, 0x00, 0x00, 0x00, 0x64, 0xFF, 0xFF, 
0x14, 0x00, 0x00, 0x00, 0x00, 0x00, 0x00, 0x00, 0x00, 0x00, 0x00, 0x00, 
0x00, 0x00, 0x00, 0x64, 0xFF, 0xFF, 0x14, 0x00, 0x00, 0x00, 0x00, 0x00, 
0x00, 0x00, 0x00, 0x00, 0x00, 0x00, 0x00, 0x00, 0x00, 0x14, 0x34, 0x34, 
0x04, 0x00, 0x00, 0x00, 0x00, 0x00, 0x00, 0x00, 0x00, 0x00, 0x00, 0x00, 
0x00, 0xA7, 0x7F, 0x25, 0x00, 0x00, 0x00, 0x5A, 0xD5, 0xB3, 0x03, 0x00, 
0x00, 0x00, 0x00, 0x00, 0x00, 0x00, 0x00, 0x00, 0x00, 0x36, 0xFF, 0xFF, 
0x4F, 0x00, 0x00, 0x00, 0x88, 0xFF, 0xDE, 0x00, 0x00, 0x00, 0x00, 0x00, 
0x00, 0x00, 0x00, 0x00, 0x00, 0x00, 0x98, 0xFF, 0xF2, 0x0B, 0x0C, 0x0C, 
0x0C, 0xB9, 0xFF, 0xB8, 0x0C, 0x0C, 0x0C, 0x0C, 0x0C, 0x08, 0x00, 0x00, 
0x00, 0x00, 0x16, 0xF6, 0xFF, 0x99, 0x48, 0xFF, 0xFF, 0xFF, 0xFF, 0xFF, 
0xFF, 0xFF, 0xFF, 0xFF, 0xFF, 0xFF, 0xB0, 0x00, 0x00, 0x00, 0x00, 0x87, 
0xFF, 0xFF, 0x30, 0x48, 0xFF, 0xFF, 0xFF, 0xFF, 0xFF, 0xFF, 0xFF, 0xFF, 
0xFF, 0xFF, 0xFF, 0xB0, 0x00, 0x00, 0x00, 0x15, 0xF1, 0xFF, 0xED, 0x00, 
0x0C, 0x2C, 0x2C, 0x7D, 0xFF, 0xFE, 0x36, 0x2C, 0x2C, 0x2C, 0x2C, 0x2C, 
0x1E, 0x00, 0x00, 0x00, 0x96, 0xFF, 0xFF, 0xEC, 0x00, 0x00, 0x00, 0x00, 
0x9E, 0xFF, 0xD0, 0x00, 0x00, 0x00, 0x00, 0x00, 0x00, 0x00, 0x00, 0x00, 
0x2A, 0xFB, 0xFF, 0xFF, 0xEC, 0x5E, 0xE8, 0xE8, 0xE8, 0xFA, 0xFF, 0xF8, 
0xE8, 0xE8, 0xE8, 0xE8, 0xE8, 0xE8, 0xE8, 0x98, 0x02, 0xC6, 0xFF, 0xFF, 
0xFF, 0xEC, 0x68, 0xFF, 0xFF, 0xFF, 0xFF, 0xFF, 0xFF, 0xFF, 0xFF, 0xFF, 
0xFF, 0xFF, 0xFF, 0xFF, 0xA8, 0x6E, 0xFF, 0xFF, 0xD0, 0xFF, 0xEC, 0x1D, 
0x48, 0x48, 0xAE, 0xFF, 0xF8, 0x4A, 0x48, 0x48, 0x48, 0x48, 0x48, 0x48, 
0x48, 0x2F, 0x3F, 0xFD, 0xC8, 0x5C, 0xFF, 0xEC, 0x00, 0x00, 0x00, 0xD7, 
0xFF, 0xB3, 0x00, 0x00, 0x00, 0x00, 0x00, 0x00, 0x00, 0x00, 0x00, 0x00, 
0x75, 0x20, 0x58, 0xFF, 0xEC, 0x00, 0x00, 0x16, 0xFF, 0xFF, 0xFF, 0xFF, 
0xFF, 0xFF, 0xFF, 0xFF, 0xFF, 0xFF, 0x08, 0x00, 0x00, 0x00, 0x00, 0x58, 
0xFF, 0xEC, 0x00, 0x00, 0x18, 0xFF, 0xFF, 0xFF, 0xFF, 0xFF, 0xFF, 0xFF, 
0xFF, 0xFF, 0xFF, 0x08, 0x00, 0x00, 0x00, 0x00, 0x58, 0xFF, 0xEC, 0x00, 
0x00, 0x04, 0x30, 0x30, 0x30, 0x30, 0x30, 0x30, 0x51, 0xFB, 0xFF, 0xBB, 
0x01, 0x00, 0x00, 0x00, 0x00, 0x58, 0xFF, 0xEC, 0x00, 0x00, 0x39, 0xDB, 
0x77, 0x14, 0x00, 0x00, 0x04, 0xC8, 0xFF, 0xE7, 0x15, 0x00, 0x00, 0x00, 
0x00, 0x00, 0x58, 0xFF, 0xEC, 0x00, 0x00, 0xA7, 0xFF, 0xFF, 0xF6, 0x98, 
0x25, 0x82, 0xFF, 0xFE, 0x47, 0x00, 0x00, 0x00, 0x00, 0x00, 0x00, 0x58, 
0xFF, 0xEC, 0x00, 0x00, 0x40, 0xAC, 0xFB, 0xFF, 0xFF, 0xFD, 0xFC, 0xFF, 
0x91, 0x00, 0x00, 0x00, 0x00, 0x00, 0x00, 0x00, 0x58, 0xFF, 0xEC, 0x00, 
0x00, 0x00, 0x00, 0x1B, 0x8B, 0xF1, 0xFF, 0xFF, 0xFF, 0xB2, 0x2A, 0x00, 
0x00, 0x00, 0x00, 0x00, 0x00, 0x58, 0xFF, 0xEC, 0x00, 0x00, 0x00, 0x00, 
0x00, 0x00, 0x0E, 0x79, 0xEC, 0xFF, 0xFF, 0xFC, 0x69, 0x00, 0x00, 0x00, 
0x00, 0x00, 0x58, 0xFF, 0xEC, 0x00, 0x00, 0x00, 0x00, 0x00, 0x00, 0x00, 
0x00, 0x0C, 0x77, 0xEE, 0xFF, 0x55, 0x00, 0x00, 0x00, 0x00, 0x00, 0x0D, 
0x28, 0x24, 0x00, 0x00, 0x00, 0x00, 0x00, 0x00, 0x00, 0x00, 0x00, 0x00, 
0x11, 0x8B, 0x0F, 0x00, 0x00, 0x00, 0x00, 0x00, 0x00, 0x57, 0x85, 0x3E, 
0x00, 0x00, 0x00, 0x00, 0x00, 0x8A, 0x9D, 0x43, 0x00, 0x00, 0x00, 0x00, 
0x00, 0x00, 0x00, 0x00, 0x00, 0x00, 0xC1, 0xFF, 0xB7, 0x00, 0x00, 0x00, 
0x00, 0x00, 0xD4, 0xFF, 0x74, 0x00, 0x00, 0x00, 0x00, 0x00, 0x00, 0x00, 
0x00, 0x00, 0x15, 0xFC, 0xFF, 0x8F, 0x60, 0x60, 0x60, 0x60, 0x60, 0xE4, 
0xFF, 0xA8, 0x60, 0x60, 0x60, 0x60, 0x60, 0x0C, 0x00, 0x00, 0x00, 0x72, 
0xFF, 0xFE, 0x7A, 0xFF, 0xFF, 0xFF, 0xFF, 0xFF, 0xFF, 0xFF, 0xFF, 0xFF, 
0xFF, 0xFF, 0xFF, 0xFF, 0x20, 0x00, 0x00, 0x01, 0xD9, 0xFF, 0xBF, 0x49, 
0xCC, 0xCC, 0xCC, 0xCC, 0xCC, 0xF7, 0xFF, 0xE3, 0xCC, 0xCC, 0xCC, 0xCC, 
0xCC, 0x19, 0x00, 0x00, 0x45, 0xFF, 0xFF, 0x78, 0x00, 0x00, 0x00, 0x00, 
0x00, 0x00, 0xD4, 0xFF, 0x74, 0x00, 0x00, 0x00, 0x00, 0x00, 0x00, 0x00, 
0x00, 0xC2, 0xFF, 0xFF, 0x74, 0x00, 0x92, 0x9C, 0x9C, 0x9C, 0x9C, 0xEE, 
0xFF, 0xC9, 0x9C, 0x9C, 0x9C, 0x9C, 0x57, 0x00, 0x00, 0x43, 0xFF, 0xFF, 
0xFF, 0x74, 0x00, 0xF0, 0xFF, 0xFF, 0xFF, 0xFF, 0xFF, 0xFF, 0xFF, 0xFF, 
0xFF, 0xFF, 0xFF, 0x90, 0x00, 0x03, 0xCF, 0xFF, 0xFF, 0xFF, 0x74, 0x00, 
0xF0, 0xFF, 0x8F, 0x64, 0x64, 0xE5, 0xFF, 0xAA, 0x64, 0x64, 0xD1, 0xFF, 
0x90, 0x00, 0x71, 0xFF, 0xFF, 0xFE, 0xFF, 0x74, 0x00, 0xF0, 0xFF, 0x48, 
0x00, 0x00, 0xD4, 0xFF, 0x74, 0x00, 0x00, 0xB4, 0xFF, 0x90, 0x00, 0x54, 
0xFC, 0xBB, 0xDC, 0xFF, 0x74, 0x00, 0xF0, 0xFF, 0x98, 0x70, 0x70, 0xE7, 
0xFF, 0xB1, 0x70, 0x70, 0xD5, 0xFF, 0x90, 0x00, 0x00, 0x5C, 0x21, 0xDC, 
0xFF, 0x74, 0x00, 0xF0, 0xFF, 0xFF, 0xFF, 0xFF, 0xFF, 0xFF, 0xFF, 0xFF, 
0xFF, 0xFF, 0xFF, 0x90, 0x00, 0x00, 0x00, 0x00, 0xDC, 0xFF, 0x74, 0x00, 
0x9D, 0xB6, 0xAE, 0xA8, 0xA8, 0xF2, 0xFF, 0xCE, 0xA8, 0xA8, 0xA8, 0xA8, 
0x5E, 0x00, 0x00, 0x00, 0x00, 0xDC, 0xFF, 0x74, 0x00, 0x25, 0xD6, 0xA4, 
0x01, 0x00, 0xF0, 0xFF, 0x5C, 0x00, 0x00, 0x00, 0x00, 0x00, 0x00, 0x00, 
0x00, 0x00, 0xDC, 0xFF, 0x74, 0x00, 0x50, 0xFE, 0xFF, 0xA6, 0x34, 0xFF, 
0xFF, 0x3E, 0x00, 0x00, 0x00, 0x00, 0x00, 0x00, 0x00, 0x00, 0x00, 0xDC, 
0xFF, 0x74, 0x00, 0x00, 0x73, 0xFF, 0xFF, 0xF7, 0xFF, 0xF1, 0x07, 0x00, 
0x00, 0x00, 0x00, 0x00, 0x00, 0x00, 0x00, 0x00, 0xDC, 0xFF, 0x74, 0x00, 
0x00, 0x00, 0x75, 0xFF, 0xFF, 0xFF, 0xE8, 0x68, 0x18, 0x00, 0x00, 0x00, 
0x00, 0x00, 0x00, 0x00, 0x00, 0xDC, 0xFF, 0x74, 0x03, 0x41, 0x9B, 0xF5, 
0xFF, 0xFF, 0xFF, 0xFF, 0xFF, 0xFF, 0xD6, 0xA1, 0x75, 0x52, 0x33, 0x00, 
0x00, 0x00, 0xDC, 0xFF, 0xB9, 0xF0, 0xFF, 0xFF, 0xFF, 0xFF, 0xA2, 0x4D, 
0xB2, 0xFB, 0xFF, 0xFF, 0xFF, 0xFF, 0xFF, 0xCD, 0x00, 0x00, 0x00, 0xDC, 
0xFF, 0x7C, 0xE7, 0xFF, 0xF8, 0xA6, 0x33, 0x00, 0x00, 0x00, 0x10, 0x5A, 
0x9C, 0xD6, 0xFD, 0xFF, 0x8D, 0x00, 0x00, 0x00, 0x37, 0x40, 0x1D, 0x51, 
0x5D, 0x10, 0x00, 0x00, 0x00, 0x00, 0x00, 0x00, 0x00, 0x00, 0x00, 0x09, 
0x31, 0x1D, 0x00, 0x00, 0x00, 0x00, 0x40, 0x92, 0x46, 0x02, 0x00, 0x00, 
0x00, 0x15, 0x55, 0x7C, 0x1E, 0x00, 0x00, 0x00, 0x00, 0x00, 0x00, 0x00, 
0x00, 0x00, 0x00, 0x9E, 0xFF, 0xE9, 0x02, 0x00, 0x00, 0x00, 0x25, 0xFF, 
0xFF, 0x7D, 0x00, 0x00, 0x00, 0x00, 0x00, 0x00, 0x00, 0x00, 0x00, 0x06, 
0xEC, 0xFF, 0xC3, 0x84, 0x84, 0x84, 0x84, 0x84, 0xF2, 0xFF, 0xE0, 0x84, 
0x84, 0x84, 0x84, 0x84, 0x56, 0x00, 0x00, 0x00, 0x5F, 0xFF, 0xFF, 0x93, 
0xFF, 0xFF, 0xFF, 0xFF, 0xFF, 0xFF, 0xFF, 0xFF, 0xFF, 0xFF, 0xFF, 0xFF, 
0xFF, 0xA8, 0x00, 0x00, 0x00, 0xCF, 0xFF, 0xE1, 0x38, 0xB0, 0xB0, 0xB0, 
0xB0, 0xB0, 0xB0, 0xB0, 0xB0, 0xB0, 0xB0, 0xB0, 0xB0, 0xB0, 0x73, 0x00, 
0x00, 0x49, 0xFF, 0xFF, 0xA8, 0x00, 0x01, 0x08, 0x08, 0x08, 0x08, 0x08, 
0x08, 0x08, 0x08, 0x08, 0x08, 0x06, 0x00, 0x00, 0x00, 0x01, 0xCE, 0xFF, 
0xFF, 0xA8, 0x00, 0x2C, 0xFF, 0xFF, 0xFF, 0xFF, 0xFF, 0xFF, 0xFF, 0xFF, 
0xFF, 0xFF, 0xC8, 0x00, 0x00, 0x00, 0x59, 0xFF, 0xFF, 0xFF, 0xA8, 0x00, 
0x29, 0xF4, 0xF4, 0xF4, 0xF4, 0xF4, 0xF4, 0xF4, 0xF4, 0xF4, 0xF4, 0xBE, 
0x00, 0x00, 0x0F, 0xE6, 0xFF, 0xFF, 0xFF, 0xA8, 0x00, 0x00, 0x00, 0x00, 
0x00, 0x00, 0x00, 0x00, 0x00, 0x00, 0x00, 0x00, 0x00, 0x00, 0x00, 0x88, 
0xFF, 0xFF, 0xEE, 0xFF, 0xA8, 0x00, 0x22, 0xC8, 0xC8, 0xC8, 0xC8, 0xC8, 
0xC8, 0xC8, 0xC8, 0xC8, 0xC8, 0x9C, 0x00, 0x00, 0x24, 0xEA, 0xB5, 0xA8, 
0xFF, 0xA8, 0x00, 0x2C, 0xFF, 0xFF, 0xFF, 0xFF, 0xFF, 0xFF, 0xFF, 0xFF, 
0xFF, 0xFF, 0xC8, 0x00, 0x00, 0x00, 0x36, 0x1B, 0xA8, 0xFF, 0xA8, 0x00, 
0x0B, 0x44, 0x44, 0x44, 0x44, 0x44, 0x44, 0x44, 0x44, 0x44, 0x44, 0x35, 
0x00, 0x00, 0x00, 0x00, 0x00, 0xA8, 0xFF, 0xA8, 0x00, 0x32, 0x7C, 0x7C, 
0x7C, 0x7C, 0x7C, 0x7C, 0x7C, 0x7C, 0x7C, 0x7C, 0x7C, 0x09, 0x00, 0x00, 
0x00, 0x00, 0xA8, 0xFF, 0xA8, 0x00, 0x68, 0xFF, 0xFF, 0xFF, 0xFF, 0xFF, 
0xFF, 0xFF, 0xFF, 0xFF, 0xFF, 0xFF, 0x14, 0x00, 0x00, 0x00, 0x00, 0xA8, 
0xFF, 0xA8, 0x00, 0x68, 0xFF, 0xFE, 0x9C, 0x9C, 0x9C, 0x9C, 0x9C, 0x9C, 
0xBC, 0xFF, 0xFF, 0x14, 0x00, 0x00, 0x00, 0x00, 0xA8, 0xFF, 0xA8, 0x00, 
0x68, 0xFF, 0xFC, 0x00, 0x00, 0x00, 0x00, 0x00, 0x00, 0x54, 0xFF, 0xFF, 
0x14, 0x00, 0x00, 0x00, 0x00, 0xA8, 0xFF, 0xA8, 0x00, 0x68, 0xFF, 0xFC, 
0x00, 0x00, 0x00, 0x00, 0x00, 0x00, 0x54, 0xFF, 0xFF, 0x14, 0x00, 0x00, 
0x00, 0x00, 0xA8, 0xFF, 0xA8, 0x00, 0x68, 0xFF, 0xFF, 0xF8, 0xF8, 0xF8, 
0xF8, 0xF8, 0xF8, 0xFA, 0xFF, 0xFF, 0x14, 0x00, 0x00, 0x00, 0x00, 0xA8, 
0xFF, 0xA8, 0x00, 0x68, 0xFF, 0xFF, 0xFF, 0xFF, 0xFF, 0xFF, 0xFF, 0xFF, 
0xFF, 0xFF, 0xFF, 0x14, 0x00, 0x00, 0x00, 0x00, 0xA8, 0xFF, 0xA8, 0x00, 
0x68, 0xFF, 0xFC, 0x14, 0x14, 0x14, 0x14, 0x14, 0x14, 0x61, 0xFF, 0xFF, 
0x14, 0x00, 0x00, 0x00, 0x00, 0x17, 0x24, 0x17, 0x00, 0x09, 0x18, 0x17, 
0x00, 0x00, 0x00, 0x00, 0x00, 0x00, 0x09, 0x1C, 0x1C, 0x02, 0x00, 0x00, 
0x00, 0x00, 0x00, 0x00, 0x00, 0x00, 0x38, 0x21, 0x00, 0x00, 0x00, 0x00, 
0x00, 0x00, 0x00, 0x00, 0x00, 0x00, 0x00, 0x00, 0x00, 0x00, 0x00, 0x00, 
0x00, 0x00, 0x10, 0xE4, 0xF4, 0x69, 0x00, 0x00, 0x00, 0x00, 0x00, 0x00, 
0x00, 0x00, 0x00, 0x00, 0x00, 0x00, 0x00, 0x00, 0x00, 0x00, 0x00, 0x3E, 
0xF2, 0xFF, 0xFF, 0x99, 0x01, 0x00, 0x00, 0x00, 0x00, 0x00, 0x00, 0x00, 
0x00, 0x00, 0x00, 0x00, 0x00, 0x00, 0x00, 0x00, 0x00, 0x22, 0xD2, 0xFF, 
0xFF, 0x7F, 0x00, 0x00, 0x00, 0x00, 0x00, 0x00, 0x00, 0x00, 0x00, 0x00, 
0x00, 0x00, 0x00, 0x00, 0x00, 0x00, 0x00, 0x0F, 0xD4, 0xFF, 0xFB, 0x1B, 
0x00, 0x00, 0x00, 0x00, 0x00, 0x00, 0x00, 0x00, 0x00, 0x00, 0x00, 0x00, 
0x00, 0x00, 0x00, 0x00, 0x00, 0x80, 0xFF, 0xFF, 0x70, 0x00, 0x00, 0x00, 
0x00, 0x00, 0x00, 0x00, 0x00, 0x00, 0x00, 0x00, 0x00, 0x00, 0x00, 0x00, 
0x00, 0x00, 0xB7, 0xFF, 0xFF, 0xB9, 0x00, 0x00, 0x00, 0x00, 0x00, 0x00, 
0x00, 0x00, 0x00, 0x00, 0x00, 0x00, 0x00, 0x00, 0x00, 0x00, 0x0B, 0xF6, 
0xFF, 0xFF, 0xF8, 0x0A, 0x00, 0x00, 0x00, 0x00, 0x00, 0x00, 0x00, 0x00, 
0x00, 0x00, 0x00, 0x00, 0x00, 0x00, 0x00, 0x59, 0xFF, 0xFF, 0xFF, 0xFF, 
0x59, 0x00, 0x00, 0x00, 0x00, 0x00, 0x00, 0x00, 0x00, 0x00, 0x00, 0x00, 
0x00, 0x00, 0x00, 0x00, 0xC8, 0xFF, 0xCB, 0xD4, 0xFF, 0xBE, 0x00, 0x00, 
0x00, 0x00, 0x00, 0x00, 0x00, 0x00, 0x00, 0x00, 0x00, 0x00, 0x00, 0x00, 
0x47, 0xFF, 0xFF, 0x68, 0x79, 0xFF, 0xFE, 0x30, 0x00, 0x00, 0x00, 0x00, 
0x00, 0x00, 0x00, 0x00, 0x00, 0x00, 0x00, 0x00, 0x04, 0xD5, 0xFF, 0xEA, 
0x09, 0x1B, 0xFA, 0xFF, 0xBF, 0x00, 0x00, 0x00, 0x00, 0x00, 0x00, 0x00, 
0x00, 0x00, 0x00, 0x00, 0x00, 0x88, 0xFF, 0xFF, 0x6B, 0x00, 0x00, 0x9C, 
0xFF, 0xFF, 0x60, 0x00, 0x00, 0x00, 0x00, 0x00, 0x00, 0x00, 0x00, 0x00, 
0x00, 0x4B, 0xFD, 0xFF, 0xCE, 0x04, 0x00, 0x00, 0x20, 0xF5, 0xFF, 0xF5, 
0x2D, 0x00, 0x00, 0x00, 0x00, 0x00, 0x00, 0x00, 0x00, 0x35, 0xF4, 0xFF, 
0xF8, 0x2E, 0x00, 0x00, 0x00, 0x00, 0x75, 0xFF, 0xFF, 0xE0, 0x1C, 0x00, 
0x00, 0x00, 0x00, 0x00, 0x00, 0x39, 0xEE, 0xFF, 0xFF, 0x66, 0x00, 0x00, 
0x00, 0x00, 0x00, 0x03, 0xBA, 0xFF, 0xFF, 0xDC, 0x1F, 0x00, 0x00, 0x00, 
0x00, 0x4C, 0xF4, 0xFF, 0xFF, 0x91, 0x00, 0x00, 0x00, 0x00, 0x00, 0x00, 
0x00, 0x12, 0xD9, 0xFF, 0xFF, 0xE4, 0x2C, 0x00, 0x01, 0x7D, 0xFE, 0xFF, 
0xFF, 0xA3, 0x01, 0x00, 0x00, 0x00, 0x00, 0x00, 0x00, 0x00, 0x00, 0x1C, 
0xDE, 0xFF, 0xFF, 0xF0, 0x45, 0x03, 0xB6, 0xFF, 0xFF, 0xA0, 0x02, 0x00, 
0x00, 0x00, 0x00, 0x00, 0x00, 0x00, 0x00, 0x00, 0x00, 0x1E, 0xDA, 0xFF, 
0xFD, 0x4C, 0x00, 0x0D, 0xD1, 0x89, 0x01, 0x00, 0x00, 0x00, 0x00, 0x00, 
0x00, 0x00, 0x00, 0x00, 0x00, 0x00, 0x00, 0x16, 0xCF, 0x72, 0x00, 0x00, 
0x00, 0x0A, 0x00, 0x00, 0x00, 0x00, 0x00, 0x00, 0x00, 0x00, 0x00, 0x00, 
0x00, 0x00, 0x00, 0x00, 0x00, 0x0A, 0x00, 0x00, 0x00, 0x00, 0x00, 0x00, 
0x00, 0x00, 0x00, 0x48, 0xC3, 0xB9, 0x02, 0x00, 0x00, 0x00, 0x00, 0x00, 
0x00, 0x00, 0x00, 0x00, 0x00, 0x00, 0x00, 0x00, 0x00, 0x5C, 0xFF, 0xFF, 
0x04, 0x00, 0x00, 0x00, 0x00, 0x00, 0x00, 0x00, 0x00, 0xCF, 0xC9, 0x54, 
0x00, 0x00, 0x00, 0x5C, 0xFF, 0xFF, 0x04, 0x00, 0x00, 0x00, 0xAB, 0xCA, 
0x73, 0x00, 0x00, 0xFC, 0xFF, 0x70, 0x00, 0x00, 0x00, 0x5C, 0xFF, 0xFF, 
0x04, 0x00, 0x00, 0x00, 0xD0, 0xFF, 0x98, 0x00, 0x00, 0xFC, 0xFF, 0x70, 
0x00, 0x00, 0x00, 0x5C, 0xFF, 0xFF, 0x04, 0x00, 0x00, 0x00, 0xD0, 0xFF, 
0x98, 0x00, 0x00, 0xFC, 0xFF, 0x70, 0x00, 0x00, 0x00, 0x5C, 0xFF, 0xFF, 
0x04, 0x00, 0x00, 0x00, 0xD0, 0xFF, 0x98, 0x00, 0x00, 0xFC, 0xFF, 0x70, 
0x00, 0x00, 0x00, 0x5C, 0xFF, 0xFF, 0x04, 0x00, 0x00, 0x00, 0xD0, 0xFF, 
0x98, 0x00, 0x00, 0xFC, 0xFF, 0xA3, 0x5C, 0x5C, 0x5C, 0x96, 0xFF, 0xFF, 
0x5E, 0x5C, 0x5C, 0x5C, 0xE1, 0xFF, 0x98, 0x00, 0x00, 0xFC, 0xFF, 0xFF, 
0xFF, 0xFF, 0xFF, 0xFF, 0xFF, 0xFF, 0xFF, 0xFF, 0xFF, 0xFF, 0xFF, 0xFF, 
0x98, 0x00, 0x00, 0xF8, 0xFC, 0xFC, 0xFC, 0xFC, 0xFC, 0xFD, 0xFF, 0xFF, 
0xFC, 0xFC, 0xFC, 0xFC, 0xFC, 0xFC, 0x95, 0x00, 0x00, 0x00, 0x00, 0x00, 
0x00, 0x00, 0x00, 0x5C, 0xFF, 0xFF, 0x04, 0x00, 0x00, 0x00, 0x00, 0x00, 
0x00, 0x00, 0x57, 0x84, 0x64, 0x00, 0x00, 0x00, 0x00, 0x5C, 0xFF, 0xFF, 
0x04, 0x00, 0x00, 0x00, 0x1C, 0x92, 0x8A, 0x23, 0xA0, 0xFF, 0xD0, 0x00, 
0x00, 0x00, 0x00, 0x5C, 0xFF, 0xFF, 0x04, 0x00, 0x00, 0x00, 0x30, 0xFF, 
0xFF, 0x44, 0xA0, 0xFF, 0xD0, 0x00, 0x00, 0x00, 0x00, 0x5C, 0xFF, 0xFF, 
0x04, 0x00, 0x00, 0x00, 0x30, 0xFF, 0xFF, 0x44, 0xA0, 0xFF, 0xD0, 0x00, 
0x00, 0x00, 0x00, 0x5C, 0xFF, 0xFF, 0x04, 0x00, 0x00, 0x00, 0x30, 0xFF, 
0xFF, 0x44, 0xA0, 0xFF, 0xD0, 0x00, 0x00, 0x00, 0x00, 0x5C, 0xFF, 0xFF, 
0x04, 0x00, 0x00, 0x00, 0x30, 0xFF, 0xFF, 0x44, 0xA0, 0xFF, 0xD0, 0x00, 
0x00, 0x00, 0x00, 0x5C, 0xFF, 0xFF, 0x04, 0x00, 0x00, 0x00, 0x30, 0xFF, 
0xFF, 0x44, 0xA0, 0xFF, 0xF6, 0xCC, 0xCC, 0xCC, 0xCC, 0xDE, 0xFF, 0xFF, 
0xCC, 0xCC, 0xCC, 0xCC, 0xD5, 0xFF, 0xFF, 0x44, 0xA0, 0xFF, 0xFF, 0xFF, 
0xFF, 0xFF, 0xFF, 0xFF, 0xFF, 0xFF, 0xFF, 0xFF, 0xFF, 0xFF, 0xFF, 0xFF, 
0xFF, 0x44, 0x48, 0x74, 0x74, 0x74, 0x74, 0x74, 0x74, 0x74, 0x74, 0x74, 
0x74, 0x74, 0x74, 0x74, 0x8E, 0xFF, 0xFF, 0x44, 0x00, 0x00, 0x00, 0x00, 
0x00, 0x00, 0x00, 0x00, 0x00, 0x00, 0x00, 0x00, 0x00, 0x00, 0x05, 0x1C, 
0x1C, 0x07, 0x00, 0x00, 0x00, 0x00, 0x00, 0x00, 0x00, 0x00, 0x00, 0x00, 
0x00, 0x00, 0x00, 0x00, 0x00, 0x00, 0x08, 0x66, 0x5E, 0x16, 0x00, 0x00, 
0xD9, 0xF0, 0xF0, 0xF0, 0xF0, 0xF0, 0xF0, 0xF0, 0xF0, 0x1A, 0x00, 0x00, 
0x00, 0x00, 0x14, 0xFF, 0xFF, 0x40, 0x00, 0x00, 0xE8, 0xFF, 0xFF, 0xFF, 
0xFF, 0xFF, 0xFF, 0xFF, 0xFF, 0x1C, 0x24, 0xA1, 0x98, 0x10, 0x14, 0xFF, 
0xFF, 0x40, 0x00, 0x00, 0xE8, 0xFF, 0x82, 0x2C, 0x2C, 0x2C, 0x61, 0xFF, 
0xFF, 0x1C, 0x38, 0xFF, 0xFF, 0x1C, 0x14, 0xFF, 0xFF, 0x40, 0x00, 0x00, 
0xE8, 0xFF, 0x68, 0x00, 0x00, 0x00, 0x40, 0xFF, 0xFF, 0x1C, 0x38, 0xFF, 
0xFF, 0x1C, 0x14, 0xFF, 0xFF, 0x40, 0x00, 0x00, 0xE8, 0xFF, 0x68, 0x00, 
0x00, 0x00, 0x40, 0xFF, 0xFF, 0x1C, 0x38, 0xFF, 0xFF, 0x1C, 0x14, 0xFF, 
0xFF, 0x40, 0x00, 0x00, 0xE8, 0xFF, 0xEA, 0xDC, 0xDC, 0xDC, 0xE5, 0xFF, 
0xFF, 0x1C, 0x38, 0xFF, 0xFF, 0x1C, 0x14, 0xFF, 0xFF, 0x40, 0x00, 0x00, 
0xE8, 0xFF, 0xFF, 0xFF, 0xFF, 0xFF, 0xFF, 0xFF, 0xFF, 0x1C, 0x38, 0xFF, 
0xFF, 0x1C, 0x14, 0xFF, 0xFF, 0x40, 0x00, 0x00, 0x5A, 0x64, 0xDA, 0xFF, 
0xB5, 0x64, 0x64, 0x64, 0x64, 0x0A, 0x38, 0xFF, 0xFF, 0x1C, 0x14, 0xFF, 
0xFF, 0x40, 0x00, 0x00, 0x00, 0x00, 0xCA, 0xFF, 0x7F, 0x00, 0x00, 0x00, 
0x00, 0x00, 0x38, 0xFF, 0xFF, 0x1C, 0x14, 0xFF, 0xFF, 0x40, 0x00, 0x70, 
0x9C, 0x9C, 0xEE, 0xFF, 0xCB, 0x9C, 0x9C, 0x9C, 0x9C, 0x2E, 0x38, 0xFF, 
0xFF, 0x1C, 0x14, 0xFF, 0xFF, 0x40, 0x00, 0xB8, 0xFF, 0xFF, 0xFF, 0xFF, 
0xFF, 0xFF, 0xFF, 0xFF, 0xFF, 0x44, 0x38, 0xFF, 0xFF, 0x1C, 0x14, 0xFF, 
0xFF, 0x40, 0x00, 0x67, 0x90, 0x9C, 0xFF, 0xFF, 0xAF, 0x90, 0x96, 0xFF, 
0xFF, 0x3A, 0x38, 0xFF, 0xFF, 0x1C, 0x14, 0xFF, 0xFF, 0x40, 0x00, 0x00, 
0x00, 0x45, 0xFF, 0xFF, 0x2B, 0x00, 0x17, 0xFF, 0xFF, 0x30, 0x38, 0xFF, 
0xFF, 0x1C, 0x14, 0xFF, 0xFF, 0x40, 0x00, 0x00, 0x00, 0x85, 0xFF, 0xF4, 
0x06, 0x00, 0x21, 0xFF, 0xFF, 0x25, 0x36, 0xF8, 0xF8, 0x1B, 0x14, 0xFF, 
0xFF, 0x40, 0x00, 0x00, 0x04, 0xE4, 0xFF, 0xB0, 0x00, 0x00, 0x29, 0xFF, 
0xFF, 0x1A, 0x00, 0x00, 0x00, 0x00, 0x14, 0xFF, 0xFF, 0x40, 0x00, 0x00, 
0x77, 0xFF, 0xFF, 0x46, 0x00, 0x00, 0x43, 0xFF, 0xFF, 0x0E, 0x00, 0x00, 
0x00, 0x00, 0x17, 0xFF, 0xFF, 0x40, 0x00, 0x3B, 0xF9, 0xFF, 0xB7, 0x00, 
0x54, 0x86, 0xE1, 0xFF, 0xF1, 0x00, 0x00, 0x00, 0x21, 0x38, 0x88, 0xFF, 
0xFF, 0x3A, 0x2B, 0xF0, 0xFF, 0xEA, 0x1A, 0x00, 0x99, 0xFF, 0xFF, 0xFF, 
0x93, 0x00, 0x00, 0x00, 0xC0, 0xFF, 0xFF, 0xFF, 0xFD, 0x16, 0x09, 0xA8, 
0xF9, 0x3E, 0x00, 0x00, 0x42, 0xC6, 0xA2, 0x5C, 0x03, 0x00, 0x00, 0x00, 
0x71, 0xFF, 0xFF, 0xEA, 0x66, 0x00, 0x00, 0x00, 0x2E, 0x00, 0x00, 0x00, 
0x00, 0x00, 0x00, 0x00, 0x00, 0x00, 0x00, 0x00, 0x12, 0x3D, 0x1E, 0x01, 
0x00, 0x00, 0x00, 0x00, 0x00, 0x00, 0x00, 0x00, 0x00, 0x00, 0x00, 0x00, 
0x00, 0x00, 0x00, 0x00, 0x00, 0x00, 0x48, 0x5D, 0x35, 0x62, 0xB4, 0xB4, 
0xB4, 0xB4, 0xB4, 0xB4, 0xB4, 0xB4, 0xB4, 0xB4, 0x24, 0x00, 0x00, 0x00, 
0x00, 0xB4, 0xFF, 0xA4, 0x8C, 0xFF, 0xFF, 0xFF, 0xFF, 0xFF, 0xFF, 0xFF, 
0xFF, 0xFF, 0xFF, 0x34, 0x9A, 0x9E, 0x31, 0x00, 0xB4, 0xFF, 0xA4, 0x53, 
0x98, 0x98, 0xC2, 0xFF, 0xFF, 0xAC, 0x98, 0x98, 0x98, 0x98, 0x1E, 0xE8, 
0xFF, 0x54, 0x00, 0xB4, 0xFF, 0xA4, 0x00, 0x00, 0x08, 0xD8, 0xFF, 0xBC, 
0x00, 0x1E, 0x8B, 0x02, 0x00, 0x00, 0xE8, 0xFF, 0x54, 0x00, 0xB4, 0xFF, 
0xA4, 0x00, 0x00, 0x8D, 0xFF, 0xF4, 0x21, 0x09, 0xE8, 0xFF, 0x77, 0x00, 
0x00, 0xE8, 0xFF, 0x54, 0x00, 0xB4, 0xFF, 0xA4, 0x00, 0x48, 0xFE, 0xFF, 
0x62, 0x00, 0x00, 0x70, 0xFF, 0xFA, 0x32, 0x00, 0xE8, 0xFF, 0x54, 0x00, 
0xB4, 0xFF, 0xA4, 0x40, 0xF4, 0xFF, 0xF2, 0xAB, 0xBA, 0xC9, 0xD9, 0xFF, 
0xFF, 0xCD, 0x03, 0xE8, 0xFF, 0x54, 0x00, 0xB4, 0xFF, 0xA4, 0x48, 0xFF, 
0xFF, 0xFF, 0xFF, 0xFF, 0xFF, 0xFF, 0xFF, 0xFF, 0xFF, 0x67, 0xE8, 0xFF, 
0x54, 0x00, 0xB4, 0xFF, 0xA4, 0x0B, 0xBA, 0xA7, 0x95, 0xA7, 0xFF, 0xFF, 
0x6D, 0x44, 0x98, 0xBF, 0x10, 0xE8, 0xFF, 0x54, 0x00, 0xB4, 0xFF, 0xA4, 
0x00, 0x00, 0x00, 0x00, 0x44, 0xFF, 0xFF, 0x24, 0x00, 0x0C, 0x06, 0x00, 
0xE8, 0xFF, 0x54, 0x00, 0xB4, 0xFF, 0xA4, 0x0C, 0x38, 0x38, 0x38, 0x6D, 
0xFF, 0xFF, 0x54, 0x38, 0x38, 0x33, 0x00, 0xE8, 0xFF, 0x54, 0x00, 0xB4, 
0xFF, 0xA4, 0x38, 0xFF, 0xFF, 0xFF, 0xFF, 0xFF, 0xFF, 0xFF, 0xFF, 0xFF, 
0xEC, 0x00, 0xE8, 0xFF, 0x54, 0x00, 0xB4, 0xFF, 0xA4, 0x36, 0xF8, 0xF8, 
0xF8, 0xFA, 0xFF, 0xFF, 0xF9, 0xF8, 0xF8, 0xE4, 0x00, 0xE8, 0xFF, 0x54, 
0x00, 0xB4, 0xFF, 0xA4, 0x00, 0x00, 0x00, 0x00, 0x44, 0xFF, 0xFF, 0x24, 
0x00, 0x00, 0x00, 0x00, 0xE8, 0xFF, 0x54, 0x00, 0xB4, 0xFF, 0xA4, 0x00, 
0x00, 0x00, 0x00, 0x44, 0xFF, 0xFF, 0x24, 0x00, 0x00, 0x00, 0x00, 0x53, 
0x5C, 0x1E, 0x00, 0xB4, 0xFF, 0xA4, 0x00, 0x00, 0x11, 0x29, 0x72, 0xFF, 
0xFF, 0x9A, 0x9E, 0xB6, 0xCD, 0x6A, 0x00, 0x00, 0x00, 0x00, 0xB6, 0xFF, 
0xA4, 0xDB, 0xFA, 0xFF, 0xFF, 0xFF, 0xFF, 0xFF, 0xFF, 0xFF, 0xFF, 0xFF, 
0x7F, 0x00, 0x0C, 0x22, 0x4A, 0xEB, 0xFF, 0xA0, 0xE0, 0xFF, 0xFF, 0xFF, 
0xFD, 0xE8, 0xD1, 0xB8, 0xA1, 0x8A, 0x73, 0x32, 0x00, 0x85, 0xFF, 0xFF, 
0xFF, 0xFF, 0x7F, 0x51, 0x4B, 0x32, 0x19, 0x03, 0x00, 0x00, 0x00, 0x00, 
0x00, 0x00, 0x00, 0x00, 0x30, 0xFF, 0xFF, 0xFF, 0xC2, 0x15, 0x00, 0x00, 
0x00, 0x00, 0x00, 0x00, 0x00, 0x00, 0x00, 0x00, 0x00, 0x00, 0x00, 0x00, 
0x48, 0x34, 0x12, 0x00, 0x00, 0x00, 0x00, 0x00, 0x00, 0x00, 0x00, 0x00, 
0x11, 0xB5, 0xA9, 0x37, 0x00, 0x00, 0x00, 0x00, 0x00, 0x00, 0x00, 0x00, 
0x00, 0x00, 0x00, 0x00, 0x00, 0x00, 0x00, 0x20, 0xFF, 0xFF, 0x55, 0x00, 
0x00, 0x00, 0x00, 0x00, 0x00, 0x00, 0x00, 0x00, 0x00, 0x00, 0x00, 0x00, 
0x00, 0x00, 0x28, 0xFF, 0xFF, 0x4E, 0x00, 0x00, 0x00, 0x00, 0x00, 0x00, 
0x00, 0x00, 0x00, 0x00, 0x00, 0x00, 0x00, 0x00, 0x00, 0x30, 0xFF, 0xFF, 
0x47, 0x00, 0x00, 0x00, 0x00, 0x00, 0x00, 0x00, 0x00, 0x00, 0x12, 0xC0, 
0xC0, 0xC0, 0xC0, 0xC0, 0xCD, 0xFF, 0xFF, 0xD0, 0xC0, 0xC0, 0xC0, 0xC0, 
0xC0, 0xC0, 0xC0, 0xB1, 0x00, 0x18, 0xFF, 0xFF, 0xFF, 0xFF, 0xFF, 0xFF, 
0xFF, 0xFF, 0xFF, 0xFF, 0xFF, 0xFF, 0xFF, 0xFF, 0xFF, 0xFF, 0xE4, 0x00, 
0x12, 0xC8, 0xC8, 0xC8, 0xC8, 0xC8, 0xDB, 0xFF, 0xFF, 0xCF, 0xC8, 0xC8, 
0xC8, 0xC8, 0xC8, 0xEC, 0xFF, 0xDB, 0x00, 0x00, 0x00, 0x00, 0x00, 0x00, 
0x00, 0x68, 0xFF, 0xFF, 0x15, 0x00, 0x00, 0x00, 0x00, 0x00, 0xAD, 0xFF, 
0xD1, 0x00, 0x00, 0x00, 0x00, 0x00, 0x00, 0x00, 0x82, 0xFF, 0xFC, 0x03, 
0x00, 0x00, 0x00, 0x00, 0x00, 0xB6, 0xFF, 0xC7, 0x00, 0x00, 0x00, 0x00, 
0x00, 0x00, 0x00, 0xA5, 0xFF, 0xE1, 0x00, 0x00, 0x00, 0x00, 0x00, 0x00, 
0xBF, 0xFF, 0xBD, 0x00, 0x00, 0x00, 0x00, 0x00, 0x00, 0x00, 0xD7, 0xFF, 
0xB9, 0x00, 0x00, 0x00, 0x00, 0x00, 0x00, 0xCA, 0xFF, 0xB2, 0x00, 0x00, 
0x00, 0x00, 0x00, 0x00, 0x1A, 0xFF, 0xFF, 0x86, 0x00, 0x00, 0x00, 0x00, 
0x00, 0x00, 0xD5, 0xFF, 0xA7, 0x00, 0x00, 0x00, 0x00, 0x00, 0x00, 0x80, 
0xFF, 0xFF, 0x42, 0x00, 0x00, 0x00, 0x00, 0x00, 0x00, 0xE0, 0xFF, 0x9C, 
0x00, 0x00, 0x00, 0x00, 0x00, 0x0E, 0xEB, 0xFF, 0xDD, 0x02, 0x00, 0x00, 
0x00, 0x00, 0x00, 0x00, 0xEA, 0xFF, 0x92, 0x00, 0x00, 0x00, 0x00, 0x00, 
0xAB, 0xFF, 0xFF, 0x71, 0x00, 0x00, 0x00, 0x00, 0x00, 0x00, 0x00, 0xF6, 
0xFF, 0x87, 0x00, 0x00, 0x00, 0x00, 0x82, 0xFF, 0xFF, 0xD1, 0x06, 0x00, 
0x00, 0x00, 0x00, 0x00, 0x00, 0x05, 0xFF, 0xFF, 0x7B, 0x00, 0x00, 0x04, 
0x94, 0xFF, 0xFF, 0xF6, 0x2D, 0x00, 0x00, 0x00, 0x00, 0x00, 0x00, 0x00, 
0x34, 0xFF, 0xFF, 0x6F, 0x00, 0x18, 0xBF, 0xFF, 0xFF, 0xF9, 0x4A, 0x00, 
0x00, 0x00, 0x00, 0x27, 0x6B, 0x7D, 0x9D, 0xEA, 0xFF, 0xFF, 0x50, 0x0F, 
0xE6, 0xFF, 0xFF, 0xF3, 0x46, 0x00, 0x00, 0x00, 0x00, 0x00, 0x31, 0xFF, 
0xFF, 0xFF, 0xFF, 0xFF, 0xE9, 0x0C, 0x00, 0x6A, 0xFF, 0xDF, 0x2E, 0x00, 
0x00, 0x00, 0x00, 0x00, 0x00, 0x00, 0xDE, 0xFF, 0xF8, 0xDB, 0xA1, 0x27, 
0x00, 0x00, 0x00, 0x64, 0x12, 0x00, 0x00, 0x00, 0x00, 0x00, 0x00, 0x00, 
0x00, 0x17, 0x11, 0x01, 0x00, 0x00, 0x00, 0x00, 0x00, 0x00, 0x00, 0x00, 
0x00, 0x00, 0x00, 0x0B, 0x00, 0x00, 0x00, 0x00, 0x00, 0x00, 0x00, 0x00, 
0x00, 0x00, 0x00, 0x00, 0x00, 0x00, 0x00, 0x00, 0x00, 0x00, 0x00, 0x16, 
0xE4, 0xB9, 0x33, 0x00, 0x00, 0x00, 0x00, 0x00, 0x00, 0x00, 0x00, 0x00, 
0x00, 0x00, 0x00, 0x00, 0x00, 0x00, 0x00, 0x07, 0xC0, 0xFF, 0xFA, 0x3B, 
0x14, 0x14, 0x14, 0x14, 0x14, 0x14, 0x14, 0x14, 0x05, 0x00, 0x00, 0x00, 
0x00, 0x00, 0x00, 0x03, 0xAE, 0xFF, 0xFF, 0xFF, 0xFF, 0xFF, 0xFF, 0xFF, 
0xFF, 0xFF, 0xFF, 0xFF, 0xFF, 0x48, 0x00, 0x00, 0x00, 0x00, 0x00, 0x06, 
0xAB, 0xFF, 0xFF, 0xED, 0xE4, 0xE4, 0xE4, 0xE4, 0xE4, 0xE4, 0xED, 0xFF, 
0xFF, 0xFF, 0x45, 0x00, 0x00, 0x00, 0x00, 0x0F, 0xB8, 0xFF, 0xFF, 0xFF, 
0xD8, 0x22, 0x00, 0x00, 0x00, 0x00, 0x3A, 0xE0, 0xFF, 0xFE, 0x81, 0x01, 
0x00, 0x00, 0x00, 0x23, 0xD9, 0xFF, 0xFE, 0x90, 0xE7, 0xFF, 0xEB, 0x58, 
0x00, 0x13, 0x90, 0xFB, 0xFF, 0xF0, 0x4F, 0x00, 0x00, 0x00, 0x00, 0x00, 
0x10, 0xDD, 0xEF, 0x4F, 0x00, 0x1D, 0xC5, 0xFF, 0xFF, 0xC6, 0xF0, 0xFF, 
0xFF, 0xAB, 0x19, 0x00, 0x00, 0x00, 0x00, 0x00, 0x00, 0x00, 0x2C, 0x20, 
0x00, 0x00, 0x05, 0x4E, 0xED, 0xFF, 0xFF, 0xFF, 0xFF, 0xB6, 0x21, 0x00, 
0x00, 0x00, 0x00, 0x00, 0x00, 0x00, 0x00, 0x00, 0x1B, 0x5D, 0xA6, 0xEF, 
0xFF, 0xFF, 0xFF, 0xCB, 0xF2, 0xFF, 0xFF, 0xFF, 0xDA, 0x99, 0x61, 0x2C, 
0x04, 0x00, 0x19, 0xA3, 0xDC, 0xFF, 0xFF, 0xFF, 0xFF, 0xE4, 0x8D, 0x2B, 
0x00, 0x0C, 0x67, 0xC0, 0xFD, 0xFF, 0xFF, 0xFF, 0xFF, 0xF9, 0xAD, 0x04, 
0xE8, 0xFF, 0xFF, 0xD7, 0x8A, 0x3C, 0x2D, 0xEE, 0xE0, 0x3E, 0x00, 0x00, 
0x00, 0x16, 0x5D, 0x9F, 0xDE, 0xFF, 0xFF, 0x94, 0x00, 0x5D, 0x6A, 0x29, 
0x0C, 0x0C, 0x0C, 0x51, 0xFF, 0xFF, 0x34, 0x0C, 0x0C, 0x0C, 0x0C, 0x0C, 
0x0C, 0x0C, 0x17, 0x4C, 0x2B, 0x00, 0x00, 0xC0, 0xFF, 0xFF, 0xFF, 0xFF, 
0xFF, 0xFF, 0xFF, 0xFF, 0xFF, 0xFF, 0xFF, 0xFF, 0xFF, 0xFF, 0xFF, 0x13, 
0x00, 0x00, 0x00, 0x00, 0xBA, 0xF8, 0xF8, 0xF8, 0xF8, 0xFE, 0xFF, 0xFD, 
0xF8, 0xF8, 0xF8, 0xF8, 0xF8, 0xFB, 0xFF, 0xFB, 0x01, 0x00, 0x00, 0x00, 
0x00, 0x00, 0x00, 0x00, 0x00, 0x1D, 0xF6, 0xFF, 0x86, 0x00, 0x00, 0x00, 
0x00, 0x00, 0x7D, 0xFF, 0xE5, 0x00, 0x00, 0x00, 0x00, 0x00, 0x00, 0x00, 
0x00, 0x07, 0xB8, 0xFF, 0xF9, 0x22, 0x00, 0x00, 0x00, 0x00, 0x00, 0x9D, 
0xFF, 0xCD, 0x00, 0x00, 0x00, 0x00, 0x00, 0x00, 0x00, 0x1A, 0xBC, 0xFF, 
0xFF, 0x7C, 0x00, 0x00, 0x00, 0x00, 0x00, 0x00, 0xC2, 0xFF, 0xB5, 0x00, 
0x00, 0x00, 0x00, 0x00, 0x17, 0x86, 0xF4, 0xFF, 0xFF, 0x95, 0x00, 0x00, 
0x00, 0x05, 0x13, 0x26, 0x62, 0xFA, 0xFF, 0x96, 0x00, 0x00, 0x00, 0x00, 
0x7B, 0xF9, 0xFF, 0xFF, 0xEF, 0x63, 0x00, 0x00, 0x00, 0x00, 0xB5, 0xFF, 
0xFF, 0xFF, 0xFF, 0xFF, 0x4A, 0x00, 0x00, 0x00, 0x00, 0x2B, 0xF9, 0xF7, 
0x92, 0x14, 0x00, 0x00, 0x00, 0x00, 0x00, 0x5E, 0xFF, 0xFF, 0xF2, 0xC5, 
0x5D, 0x00, 0x00, 0x00, 0x00, 0x00, 0x00, 0x47, 0x17, 0x00, 0x00, 0x00, 
0x00, 0x00, 0x00, 0x00, 0x07, 0x21, 0x0E, 0x00, 0x00, 0x00, 0x00, 0x00, 
0x00, 0x00, 0x00, 0x00, 0x00, 0x00, 0x00, 0x00, 0x00, 0x00, 0x00, 0x00, 
0x00, 0x50, 0xB1, 0x8C, 0x00, 0x00, 0x00, 0x00, 0x00, 0x00, 0x39, 0x48, 
0x48, 0x48, 0x48, 0x48, 0x48, 0x48, 0x02, 0x00, 0x75, 0xFF, 0xD3, 0x00, 
0x00, 0x00, 0x00, 0x00, 0x00, 0xCC, 0xFF, 0xFF, 0xFF, 0xFF, 0xFF, 0xFF, 
0xFF, 0x08, 0x00, 0x7C, 0xFF, 0xCE, 0x00, 0x00, 0x00, 0x00, 0x00, 0x00, 
0xC8, 0xFC, 0xFC, 0xFC, 0xFC, 0xFC, 0xFC, 0xFC, 0x07, 0x00, 0x83, 0xFF, 
0xCA, 0x00, 0x00, 0x00, 0x00, 0x00, 0x00, 0x00, 0x00, 0x00, 0x00, 0x00, 
0x00, 0x00, 0x00, 0x9E, 0xDC, 0xEF, 0xFF, 0xF8, 0xDC, 0xDC, 0xDC, 0xDC, 
0xCB, 0x00, 0x00, 0x00, 0x00, 0x00, 0x00, 0x00, 0x00, 0x00, 0xB8, 0xFF, 
0xFF, 0xFF, 0xFF, 0xFF, 0xFF, 0xFF, 0xFF, 0xE5, 0x00, 0x00, 0x00, 0x00, 
0x00, 0x00, 0x00, 0x00, 0x00, 0x53, 0x74, 0xC8, 0xFF, 0xD6, 0x74, 0x74, 
0xAD, 0xFF, 0xDD, 0xBD, 0xD8, 0xD8, 0xD8, 0xD8, 0xD8, 0xD8, 0xD8, 0xD8, 
0xA5, 0x00, 0xA3, 0xFF, 0xA9, 0x00, 0x00, 0x6D, 0xFF, 0xD3, 0xE0, 0xFF, 
0xFF, 0xFF, 0xFF, 0xFF, 0xFF, 0xFF, 0xFF, 0xC4, 0x00, 0xAE, 0xFF, 0x9D, 
0x00, 0x00, 0x75, 0xFF, 0xCA, 0x73, 0x84, 0x89, 0xFF, 0xFF, 0xBF, 0x84, 
0x84, 0x84, 0x65, 0x00, 0xBB, 0xFF, 0x8F, 0x00, 0x00, 0x7D, 0xFF, 0xC1, 
0x00, 0x00, 0x4C, 0xFF, 0xFF, 0x3D, 0x00, 0x1B, 0x00, 0x00, 0x00, 0xCB, 
0xFF, 0x80, 0x00, 0x00, 0x84, 0xFF, 0xB8, 0x00, 0x00, 0xA6, 0xFF, 0xE7, 
0x27, 0xC6, 0xFC, 0x1D, 0x00, 0x00, 0xDF, 0xFF, 0x6F, 0x00, 0x00, 0x8C, 
0xFF, 0xB0, 0x00, 0x0C, 0xF4, 0xFF, 0x95, 0x08, 0xEE, 0xFF, 0x81, 0x00, 
0x02, 0xF9, 0xFF, 0x5A, 0x00, 0x00, 0x94, 0xFF, 0xA7, 0x00, 0x64, 0xFF, 
0xFF, 0x3D, 0x00, 0x92, 0xFF, 0xE4, 0x03, 0x27, 0xFF, 0xFF, 0x3B, 0x00, 
0x00, 0x9D, 0xFF, 0x9F, 0x02, 0xD4, 0xFF, 0xD8, 0x00, 0x09, 0x62, 0xFF, 
0xFF, 0x48, 0x66, 0xFF, 0xFE, 0x0E, 0x00, 0x00, 0xA7, 0xFF, 0x95, 0x88, 
0xFF, 0xFF, 0xDC, 0xD6, 0xFC, 0xFF, 0xFF, 0xFF, 0xA7, 0xBD, 0xFF, 0xCF, 
0x00, 0x00, 0x00, 0xB2, 0xFF, 0x8A, 0x7E, 0xFF, 0xFF, 0xFF, 0xFF, 0xFF, 
0xFF, 0xFF, 0xFF, 0xF9, 0xFF, 0xFF, 0x7A, 0x00, 0x00, 0x04, 0xD7, 0xFF, 
0x80, 0x22, 0xFD, 0xDE, 0xB1, 0x81, 0x54, 0x29, 0x1B, 0xD3, 0xF3, 0xFF, 
0xF4, 0x15, 0x6E, 0xA2, 0xD7, 0xFF, 0xFF, 0x6C, 0x00, 0x09, 0x00, 0x00, 
0x00, 0x00, 0x00, 0x00, 0x8C, 0xFF, 0xFF, 0x86, 0x00, 0x8C, 0xFF, 0xFF, 
0xFF, 0xF9, 0x27, 0x00, 0x00, 0x00, 0x00, 0x00, 0x00, 0x00, 0x00, 0x7C, 
0xFA, 0xD7, 0x09, 0x00, 0x2F, 0xC4, 0xA6, 0x7E, 0x2C, 0x00, 0x00, 0x00, 
0x00, 0x00, 0x00, 0x00, 0x00, 0x00, 0x00, 0x31, 0x30, 0x00, 0x00, 0x00, 
0x00, 0x00, 0x00, 0x00, 0x00, 0x3F, 0xA8, 0xA8, 0xA8, 0xA8, 0xA8, 0xA8, 
0xA8, 0xA8, 0xA8, 0xA8, 0xA8, 0xA8, 0xA8, 0xA8, 0xA8, 0xA8, 0x98, 0x00, 
0x60, 0xFF, 0xFF, 0xFF, 0xFF, 0xFF, 0xFF, 0xFF, 0xFF, 0xFF, 0xFF, 0xFF, 
0xFF, 0xFF, 0xFF, 0xFF, 0xFF, 0xE8, 0x00, 0x60, 0xFF, 0xFF, 0xC1, 0xB8, 
0xBC, 0xB8, 0xB8, 0xB8, 0xB8, 0xB8, 0xB8, 0xB8, 0xC3, 0xC5, 0xB8, 0xB8, 
0xA6, 0x00, 0x60, 0xFF, 0xFF, 0x20, 0x0E, 0xCC, 0x65, 0x00, 0x00, 0x00, 
0x00, 0x00, 0x00, 0xA5, 0xD7, 0x2A, 0x00, 0x00, 0x00, 0x60, 0xFF, 0xFF, 
0x20, 0xB2, 0xFF, 0xFF, 0x78, 0x00, 0x00, 0x00, 0x00, 0x69, 0xFF, 0xFF, 
0xBE, 0x00, 0x00, 0x00, 0x60, 0xFF, 0xFF, 0x20, 0x37, 0xF0, 0xFF, 0xFF, 
0x86, 0x00, 0x00, 0x3F, 0xF9, 0xFF, 0xEC, 0x1E, 0x00, 0x00, 0x00, 0x60, 
0xFF, 0xFF, 0x20, 0x00, 0x35, 0xEF, 0xFF, 0xFF, 0x91, 0x28, 0xEE, 0xFF, 
0xFC, 0x47, 0x00, 0x00, 0x00, 0x00, 0x60, 0xFF, 0xFF, 0x20, 0x00, 0x00, 
0x35, 0xF0, 0xFF, 0xFF, 0xF5, 0xFF, 0xFF, 0x6C, 0x00, 0x00, 0x00, 0x00, 
0x00, 0x60, 0xFF, 0xFF, 0x20, 0x00, 0x00, 0x00, 0x37, 0xF1, 0xFF, 0xFF, 
0xFF, 0x8E, 0x00, 0x00, 0x00, 0x00, 0x00, 0x00, 0x60, 0xFF, 0xFF, 0x20, 
0x00, 0x00, 0x00, 0x18, 0xD7, 0xFF, 0xFF, 0xFF, 0xA5, 0x03, 0x00, 0x00, 
0x00, 0x00, 0x00, 0x60, 0xFF, 0xFF, 0x20, 0x00, 0x00, 0x1F, 0xDB, 0xFF, 
0xFF, 0xFF, 0xFF, 0xFF, 0xA6, 0x03, 0x00, 0x00, 0x00, 0x00, 0x60, 0xFF, 
0xFF, 0x20, 0x00, 0x2C, 0xE3, 0xFF, 0xFF, 0xB2, 0x48, 0xF7, 0xFF, 0xFF, 
0xA4, 0x02, 0x00, 0x00, 0x00, 0x60, 0xFF, 0xFF, 0x20, 0x51, 0xF3, 0xFF, 
0xFF, 0xA9, 0x05, 0x00, 0x4A, 0xFA, 0xFF, 0xFF, 0x9D, 0x01, 0x00, 0x00, 
0x60, 0xFF, 0xFF, 0x93, 0xFE, 0xFF, 0xFF, 0x9D, 0x03, 0x00, 0x00, 0x00, 
0x56, 0xFD, 0xFF, 0xFF, 0x6D, 0x00, 0x00, 0x60, 0xFF, 0xFF, 0x6C, 0xFF, 
0xFD, 0x75, 0x00, 0x00, 0x00, 0x00, 0x00, 0x00, 0x66, 0xFF, 0xE6, 0x16, 
0x00, 0x00, 0x60, 0xFF, 0xFF, 0x20, 0x86, 0x4B, 0x00, 0x00, 0x00, 0x00, 
0x00, 0x00, 0x00, 0x00, 0x78, 0x41, 0x00, 0x00, 0x00, 0x60, 0xFF, 0xFF, 
0xC8, 0xC0, 0xC0, 0xC0, 0xC0, 0xC0, 0xC0, 0xC0, 0xC0, 0xC0, 0xC0, 0xC0, 
0xC0, 0xC0, 0xC0, 0x3C, 0x60, 0xFF, 0xFF, 0xFF, 0xFF, 0xFF, 0xFF, 0xFF, 
0xFF, 0xFF, 0xFF, 0xFF, 0xFF, 0xFF, 0xFF, 0xFF, 0xFF, 0xFF, 0x50, 0x36, 
0x90, 0x90, 0x90, 0x90, 0x90, 0x90, 0x90, 0x90, 0x90, 0x90, 0x90, 0x90, 
0x90, 0x90, 0x90, 0x90, 0x90, 0x2D, 0x0E, 0xE4, 0xE4, 0xE4, 0xE4, 0xE4, 
0xE4, 0xE4, 0xE4, 0x5C, 0x2B, 0x8C, 0x8C, 0x8C, 0x8C, 0x8C, 0x8C, 0x8C, 
0x43, 0x10, 0xFF, 0xFF, 0xFF, 0xFF, 0xFF, 0xFF, 0xFF, 0xFF, 0x68, 0x50, 
0xFF, 0xFF, 0xFF, 0xFF, 0xFF, 0xFF, 0xFF, 0x7C, 0x10, 0xFF, 0xFF, 0x4D, 
0x38, 0x38, 0x38, 0xD7, 0xFF, 0x68, 0x50, 0xFF, 0xFF, 0xF8, 0xF8, 0xF8, 
0xFE, 0xFF, 0x7C, 0x10, 0xFF, 0xFF, 0x1C, 0x00, 0x00, 0x00, 0xCC, 0xFF, 
0x68, 0x50, 0xFF, 0xF4, 0x00, 0x00, 0x00, 0xC8, 0xFF, 0x7C, 0x10, 0xFF, 
0xFF, 0xB1, 0xA8, 0xA8, 0xA8, 0xEE, 0xFF, 0x68, 0x50, 0xFF, 0xF4, 0x00, 
0x00, 0x00, 0xC8, 0xFF, 0x7C, 0x10, 0xFF, 0xFF, 0xFF, 0xFF, 0xFF, 0xFF, 
0xFF, 0xFF, 0x68, 0x50, 0xFF, 0xF4, 0x00, 0x00, 0x00, 0xC8, 0xFF, 0x7C, 
0x10, 0xFF, 0xFF, 0x75, 0x64, 0x64, 0x64, 0xE0, 0xFF, 0x68, 0x50, 0xFF, 
0xF4, 0x00, 0x00, 0x00, 0xC8, 0xFF, 0x7C, 0x10, 0xFF, 0xFF, 0x1C, 0x00, 
0x00, 0x00, 0xCC, 0xFF, 0x68, 0x50, 0xFF, 0xF4, 0x00, 0x00, 0x00, 0xC8, 
0xFF, 0x7C, 0x10, 0xFF, 0xFF, 0x8A, 0x7C, 0x7C, 0x7C, 0xE5, 0xFF, 0x68, 
0x50, 0xFF, 0xF4, 0x00, 0x00, 0x00, 0xC8, 0xFF, 0x7C, 0x10, 0xFF, 0xFF, 
0xFF, 0xFF, 0xFF, 0xFF, 0xFF, 0xFF, 0x68, 0x50, 0xFF, 0xF4, 0x00, 0x00, 
0x00, 0xC8, 0xFF, 0x7C, 0x10, 0xFF, 0xFF, 0xAA, 0xA0, 0xA0, 0xA2, 0xA8, 
0xA0, 0x41, 0x50, 0xFF, 0xF4, 0x00, 0x00, 0x00, 0xC8, 0xFF, 0x7C, 0x10, 
0xFF, 0xFF, 0x1C, 0x00, 0x32, 0xCB, 0xA0, 0x00, 0x00, 0x50, 0xFF, 0xF4, 
0x00, 0x00, 0x00, 0xC8, 0xFF, 0x7C, 0x10, 0xFF, 0xFF, 0x1C, 0x00, 0x43, 
0xFF, 0xFF, 0x4E, 0x00, 0x50, 0xFF, 0xF4, 0x00, 0x00, 0x00, 0xC8, 0xFF, 
0x7C, 0x10, 0xFF, 0xFF, 0x1C, 0x00, 0x05, 0xC2, 0xFF, 0xE6, 0x0F, 0x50, 
0xFF, 0xF4, 0x00, 0x2C, 0x61, 0xF1, 0xFF, 0x79, 0x10, 0xFF, 0xFF, 0x31, 
0x7C, 0xE5, 0xFF, 0xFF, 0xFF, 0x98, 0x50, 0xFF, 0xF4, 0x00, 0xAD, 0xFF, 
0xFF, 0xFF, 0x63, 0x2F, 0xFF, 0xFF, 0xFC, 0xFF, 0xFF, 0xFF, 0xD3, 0xFF, 
0xFD, 0x84, 0xFF, 0xF4, 0x00, 0x63, 0xFF, 0xFF, 0xD7, 0x14, 0xA9, 0xFF, 
0xFF, 0xFF, 0xF5, 0x9A, 0x2E, 0x00, 0xC5, 0xD0, 0x6D, 0xFF, 0xF4, 0x00, 
0x10, 0x48, 0x27, 0x01, 0x00, 0x39, 0xFE, 0xE4, 0x73, 0x10, 0x00, 0x00, 
0x00, 0x29, 0x0C, 0x50, 0xFF, 0xF4, 0x00, 0x00, 0x00, 0x00, 0x00, 0x00, 
0x00, 0x41, 0x06, 0x00, 0x00, 0x00, 0x00, 0x00, 0x00, 0x00, 0x50, 0xFF, 
0xF4, 0x00, 0x00, 0x00, 0x00, 0x00, 0x00, 0x00, 0x00, 0x00, 0x00, 0x00, 
0x00, 0x00, 0x00, 0x00, 0x00, 0x05, 0x10, 0x0F, 0x00, 0x00, 0x00, 0x00, 
0x00, 0x00, 0x00, 0x00, 0x00, 0x4E, 0x90, 0x90, 0x90, 0x90, 0x90, 0x90, 
0x90, 0x90, 0x90, 0x90, 0x90, 0x90, 0x90, 0x90, 0x90, 0x90, 0x2F, 0x00, 
0x00, 0x00, 0x8C, 0xFF, 0xFF, 0xFF, 0xFF, 0xFF, 0xFF, 0xFF, 0xFF, 0xFF, 
0xFF, 0xFF, 0xFF, 0xFF, 0xFF, 0xFF, 0xFF, 0x54, 0x00, 0x00, 0x00, 0x8C, 
0xFF, 0xFF, 0xF8, 0xF8, 0xF8, 0xF8, 0xF8, 0xF8, 0xF8, 0xF8, 0xF8, 0xF8, 
0xF8, 0xF8, 0xF8, 0xF8, 0x51, 0x00, 0x00, 0x00, 0x8C, 0xFF, 0xFF, 0x00, 
0x00, 0x00, 0x00, 0x00, 0x00, 0x00, 0x00, 0x00, 0x00, 0x00, 0x00, 0x00, 
0x00, 0x00, 0x00, 0x00, 0x00, 0x8C, 0xFF, 0xFF, 0x00, 0x00, 0x00, 0x00, 
0x00, 0x00, 0x00, 0x00, 0x00, 0x00, 0x00, 0x00, 0x00, 0x00, 0x00, 0x00, 
0x00, 0x00, 0x8C, 0xFF, 0xFF, 0x00, 0x00, 0x00, 0x00, 0x00, 0x00, 0x00, 
0x00, 0x00, 0x00, 0x00, 0x00, 0x00, 0x00, 0x00, 0x00, 0x00, 0x00, 0x8C, 
0xFF, 0xFF, 0x00, 0x00, 0x00, 0x00, 0x00, 0x00, 0x00, 0x00, 0x00, 0x00, 
0x00, 0x00, 0x00, 0x00, 0x00, 0x00, 0x00, 0x00, 0x8F, 0xFF, 0xFC, 0x00, 
0x00, 0x00, 0x00, 0x00, 0x00, 0x00, 0x00, 0x00, 0x00, 0x00, 0x00, 0x00, 
0x00, 0x00, 0x00, 0x00, 0x00, 0x95, 0xFF, 0xF7, 0x00, 0x00, 0x00, 0x00, 
0x00, 0x00, 0x00, 0x00, 0x00, 0x00, 0x00, 0x00, 0x00, 0x00, 0x00, 0x00, 
0x00, 0x00, 0x9F, 0xFF, 0xED, 0x00, 0x00, 0x00, 0x00, 0x00, 0x00, 0x00, 
0x00, 0x00, 0x00, 0x00, 0x00, 0x00, 0x00, 0x00, 0x00, 0x00, 0x00, 0xB1, 
0xFF, 0xDC, 0x00, 0x00, 0x00, 0x00, 0x00, 0x00, 0x00, 0x00, 0x00, 0x00, 
0x00, 0x00, 0x00, 0x00, 0x00, 0x00, 0x00, 0x00, 0xCD, 0xFF, 0xC4, 0x00, 
0x00, 0x00, 0x00, 0x00, 0x00, 0x00, 0x00, 0x00, 0x00, 0x00, 0x00, 0x00, 
0x00, 0x00, 0x00, 0x00, 0x03, 0xF7, 0xFF, 0xA0, 0x00, 0x00, 0x00, 0x00, 
0x00, 0x00, 0x00, 0x00, 0x00, 0x00, 0x00, 0x00, 0x00, 0x00, 0x00, 0x00, 
0x00, 0x34, 0xFF, 0xFF, 0x70, 0x00, 0x00, 0x00, 0x00, 0x00, 0x00, 0x00, 
0x00, 0x00, 0x00, 0x00, 0x00, 0x00, 0x00, 0x00, 0x00, 0x00, 0x85, 0xFF, 
0xFF, 0x35, 0x00, 0x00, 0x00, 0x00, 0x00, 0x00, 0x00, 0x00, 0x00, 0x00, 
0x00, 0x00, 0x00, 0x00, 0x00, 0x00, 0x08, 0xE8, 0xFF, 0xE6, 0x01, 0x00, 
0x00, 0x00, 0x00, 0x00, 0x00, 0x00, 0x00, 0x00, 0x00, 0x00, 0x00, 0x00, 
0x00, 0x00, 0x00, 0x6C, 0xFF, 0xFF, 0x84, 0x00, 0x00, 0x00, 0x00, 0x00, 
0x00, 0x00, 0x00, 0x00, 0x00, 0x00, 0x00, 0x00, 0x00, 0x00, 0x00, 0x0C, 
0xE9, 0xFF, 0xF8, 0x19, 0x00, 0x00, 0x00, 0x00, 0x00, 0x00, 0x00, 0x00, 
0x00, 0x00, 0x00, 0x00, 0x00, 0x00, 0x00, 0x00, 0x28, 0xCC, 0xFF, 0x8E, 
0x00, 0x00, 0x00, 0x00, 0x00, 0x00, 0x00, 0x00, 0x00, 0x00, 0x00, 0x00, 
0x00, 0x00, 0x00, 0x00, 0x00, 0x00, 0x00, 0x46, 0x14, 0x00, 0x00, 0x00, 
0x00, 0x00, 0x00, 0x00, 0x00, 0x00, 0x00, 0x00, 0x00, 0x00, 0x00, 0x00, 
0x00, 0x00, 0x00, 0x00, 0x66, 0xA8, 0xA8, 0xA8, 0xA8, 0xA8, 0xA8, 0xA8, 
0xA8, 0xA8, 0xA8, 0xA8, 0xA8, 0xA8, 0xA8, 0x05, 0x00, 0x00, 0x00, 0x00, 
0x00, 0x9C, 0xFF, 0xFF, 0xFF, 0xFF, 0xFF, 0xFF, 0xFF, 0xFF, 0xFF, 0xFF, 
0xFF, 0xFF, 0xFF, 0xFF, 0x08, 0x00, 0x00, 0x00, 0x00, 0x00, 0x63, 0xA4, 
0xA4, 0xCE, 0xFF, 0xF5, 0xA4, 0xA4, 0xA4, 0xA4, 0xA4, 0xAD, 0xFF, 0xFF, 
0xF9, 0x05, 0x00, 0x00, 0x00, 0x00, 0x00, 0x00, 0x00, 0x00, 0x81, 0xFF, 
0xE6, 0x00, 0x00, 0x00, 0x00, 0x00, 0x9C, 0xFF, 0xFF, 0x67, 0x00, 0x00, 
0x00, 0x00, 0x00, 0x00, 0x00, 0x00, 0x00, 0x8D, 0xFF, 0xFF, 0x34, 0x00, 
0x00, 0x00, 0x5B, 0xFF, 0xFF, 0x9E, 0x00, 0x00, 0x00, 0x00, 0x00, 0x00, 
0x00, 0x00, 0x00, 0x00, 0x98, 0xFF, 0xFF, 0x90, 0x00, 0x00, 0x25, 0xF3, 
0xFF, 0xE9, 0x44, 0x3C, 0x3C, 0x28, 0x00, 0x00, 0x00, 0x00, 0x00, 0x00, 
0x00, 0xAB, 0xFF, 0xFF, 0xEC, 0x0C, 0x00, 0x68, 0xFF, 0xFF, 0xFF, 0xFF, 
0xFF, 0xFF, 0xAC, 0x00, 0x00, 0x00, 0x00, 0x00, 0x00, 0x00, 0xC4, 0xFF, 
0xFF, 0xFF, 0x79, 0x00, 0x68, 0xFF, 0xFF, 0xFF, 0xFF, 0xFF, 0xFF, 0xAC, 
0x00, 0x00, 0x00, 0x00, 0x00, 0x00, 0x00, 0xE4, 0xFF, 0xF1, 0xFF, 0xEC, 
0x14, 0x04, 0x0C, 0x0C, 0x0C, 0x44, 0xFF, 0xFF, 0x72, 0x00, 0x00, 0x00, 
0x00, 0x00, 0x00, 0x1A, 0xFF, 0xFF, 0x57, 0xF2, 0xFF, 0xAC, 0x00, 0x00, 
0x00, 0x03, 0xCE, 0xFF, 0xE8, 0x0A, 0x00, 0x00, 0x00, 0x00, 0x00, 0x00, 
0x57, 0xFF, 0xFB, 0x09, 0x75, 0xFF, 0xFF, 0x64, 0x00, 0x00, 0x7C, 0xFF, 
0xFF, 0x60, 0x00, 0x00, 0x00, 0x00, 0x00, 0x00, 0x00, 0xAE, 0xFF, 0xC7, 
0x00, 0x05, 0xCA, 0xFF, 0xFB, 0x4E, 0x57, 0xFE, 0xFF, 0xBC, 0x01, 0x00, 
0x00, 0x00, 0x00, 0x00, 0x00, 0x1A, 0xF8, 0xFF, 0x6C, 0x00, 0x00, 0x18, 
0xE1, 0xFF, 0xF7, 0xF8, 0xFF, 0xE7, 0x1A, 0x00, 0x00, 0x00, 0x00, 0x00, 
0x00, 0x00, 0x91, 0xFF, 0xFA, 0x13, 0x00, 0x00, 0x00, 0x2E, 0xFA, 0xFF, 
0xFF, 0xFC, 0x36, 0x00, 0x00, 0x00, 0x00, 0x00, 0x00, 0x00, 0x2A, 0xF9, 
0xFF, 0x9A, 0x00, 0x00, 0x00, 0x24, 0xBC, 0xFF, 0xFF, 0xFF, 0xFF, 0xC6, 
0x2E, 0x00, 0x00, 0x00, 0x00, 0x00, 0x03, 0xC7, 0xFF, 0xF5, 0x1A, 0x00, 
0x18, 0x90, 0xF9, 0xFF, 0xFF, 0xD3, 0xCF, 0xFF, 0xFF, 0xFB, 0x8D, 0x17, 
0x00, 0x00, 0x00, 0x86, 0xFF, 0xFF, 0x81, 0x2C, 0x98, 0xF7, 0xFF, 0xFF, 
0xFC, 0x8F, 0x08, 0x08, 0x96, 0xFE, 0xFF, 0xFF, 0xF7, 0x97, 0x23, 0x2B, 
0xFE, 0xFF, 0xCE, 0x5B, 0xFF, 0xFF, 0xFF, 0xFF, 0xC0, 0x30, 0x00, 0x00, 
0x00, 0x00, 0x42, 0xD9, 0xFF, 0xFF, 0xFF, 0x8B, 0x00, 0x53, 0xE6, 0x29, 
0x07, 0xE1, 0xFF, 0xC5, 0x47, 0x00, 0x00, 0x00, 0x00, 0x00, 0x00, 0x00, 
0x05, 0x73, 0xEC, 0xEC, 0x10, 0x00, 0x00, 0x07, 0x00, 0x00, 0x43, 0x39, 
0x00, 0x00, 0x00, 0x00, 0x00, 0x00, 0x00, 0x00, 0x00, 0x00, 0x00, 0x0D, 
0x38, 0x00, 0x3F, 0xF0, 0xF0, 0xF0, 0xF0, 0xF0, 0xF0, 0xF0, 0xF0, 0xF0, 
0x70, 0x00, 0x00, 0x00, 0x00, 0x00, 0x00, 0x00, 0x00, 0x00, 0x44, 0xFF, 
0xFF, 0xFF, 0xFF, 0xFF, 0xFF, 0xFF, 0xFF, 0xFF, 0xF9, 0xF4, 0xF4, 0xF4, 
0xF4, 0xF4, 0xF4, 0xF4, 0x76, 0x00, 0x14, 0x65, 0xFF, 0xFF, 0x4C, 0x4C, 
0x4C, 0xFA, 0xFF, 0x70, 0xFF, 0xFF, 0xFF, 0xFF, 0xFF, 0xFF, 0xFF, 0xFF, 
0x7C, 0x00, 0x00, 0x24, 0xFF, 0xFF, 0x00, 0x00, 0x00, 0xF8, 0xFF, 0x2C, 
0x85, 0xFF, 0xF7, 0x68, 0x68, 0x68, 0xDF, 0xFF, 0x73, 0x00, 0x00, 0x24, 
0xFF, 0xFF, 0x48, 0x48, 0x48, 0xFA, 0xFF, 0x28, 0x13, 0xFF, 0xFF, 0x0F, 
0x00, 0x00, 0xEC, 0xFF, 0x4A, 0x00, 0x00, 0x24, 0xFF, 0xFF, 0xFF, 0xFF, 
0xFF, 0xFF, 0xFF, 0x28, 0x00, 0xED, 0xFF, 0x36, 0x00, 0x1A, 0xFF, 0xFF, 
0x1C, 0x00, 0x00, 0x24, 0xFF, 0xFF, 0xDC, 0xDC, 0xDC, 0xFE, 0xFF, 0x28, 
0x00, 0xC3, 0xFF, 0x66, 0x00, 0x52, 0xFF, 0xEA, 0x00, 0x00, 0x00, 0x24, 
0xFF, 0xFF, 0x00, 0x00, 0x00, 0xF8, 0xFF, 0x28, 0x00, 0x8E, 0xFF, 0x9E, 
0x00, 0x90, 0xFF, 0xAE, 0x00, 0x00, 0x00, 0x24, 0xFF, 0xFF, 0x00, 0x00, 
0x00, 0xF8, 0xFF, 0x28, 0x00, 0x56, 0xFF, 0xE3, 0x01, 0xE2, 0xFF, 0x6F, 
0x00, 0x00, 0x00, 0x24, 0xFF, 0xFF, 0xD0, 0xD0, 0xD0, 0xFE, 0xFF, 0x28, 
0x00, 0x10, 0xFA, 0xFF, 0x71, 0xFF, 0xFF, 0x20, 0x00, 0x00, 0x00, 0x24, 
0xFF, 0xFF, 0xFF, 0xFF, 0xFF, 0xFF, 0xFF, 0x28, 0x00, 0x00, 0xB9, 0xFF, 
0xF8, 0xFF, 0xC9, 0x00, 0x00, 0x00, 0x00, 0x24, 0xFF, 0xFF, 0x54, 0x54, 
0x54, 0xFA, 0xFF, 0x28, 0x00, 0x00, 0x52, 0xFF, 0xFF, 0xFF, 0x5E, 0x00, 
0x00, 0x00, 0x00, 0x24, 0xFF, 0xFF, 0x00, 0x00, 0x00, 0xF8, 0xFF, 0x2C, 
0x18, 0x00, 0x02, 0xE7, 0xFF, 0xF2, 0x06, 0x00, 0x00, 0x00, 0x00, 0x24, 
0xFF, 0xFF, 0x1A, 0x46, 0x73, 0xFC, 0xFF, 0xFD, 0xB0, 0x00, 0x53, 0xFF, 
0xFF, 0xFF, 0x6D, 0x00, 0x00, 0x00, 0x67, 0xA3, 0xFF, 0xFF, 0xFF, 0xFF, 
0xFF, 0xFF, 0xFF, 0xFF, 0xBA, 0x30, 0xF3, 0xFF, 0xF6, 0xFF, 0xFB, 0x4C, 
0x00, 0x00, 0xE6, 0xFF, 0xFF, 0xFF, 0xFF, 0xF5, 0xC9, 0xFD, 0xFF, 0x5C, 
0x3F, 0xE9, 0xFF, 0xDD, 0x22, 0xDA, 0xFF, 0xF8, 0x4B, 0x00, 0xC5, 0xB8, 
0x87, 0x57, 0x26, 0x02, 0x00, 0xF8, 0xFF, 0x5E, 0xEA, 0xFF, 0xF4, 0x2E, 
0x00, 0x23, 0xE8, 0xFF, 0xFB, 0x64, 0x00, 0x00, 0x00, 0x00, 0x00, 0x00, 
0x00, 0xF8, 0xFF, 0x99, 0xFF, 0xF4, 0x3F, 0x00, 0x00, 0x00, 0x2B, 0xE9, 
0xFF, 0x6D, 0x00, 0x00, 0x00, 0x00, 0x00, 0x00, 0x00, 0xF8, 0xFF, 0x28, 
0x90, 0x3F, 0x00, 0x00, 0x00, 0x00, 0x00, 0x26, 0x96, 0x00, 0x00, 0x00, 
0x00, 0x00, 0x00, 0x00, 0x00, 0x2A, 0x2C, 0x06, 0x00, 0x00, 0x00, 0x00, 
0x00, 0x00, 0x00, 0x00, 0x00, 0x00, 0x00, 0x78, 0xA0, 0xA0, 0xA0, 0xA0, 
0xA0, 0xA0, 0xA0, 0xA0, 0xA0, 0xA0, 0xA0, 0xA0, 0xA0, 0xA0, 0xA0, 0xA0, 
0x37, 0x00, 0x00, 0xC0, 0xFF, 0xFF, 0xFF, 0xFF, 0xFF, 0xFF, 0xFF, 0xFF, 
0xFF, 0xFF, 0xFF, 0xFF, 0xFF, 0xFF, 0xFF, 0xFF, 0x58, 0x00, 0x00, 0x72, 
0x98, 0x98, 0x98, 0x98, 0x98, 0x98, 0xDA, 0xFF, 0xFF, 0xE7, 0x98, 0x98, 
0x98, 0x98, 0x98, 0x98, 0x34, 0x00, 0x00, 0x00, 0x00, 0x00, 0x00, 0x00, 
0x00, 0x7B, 0xFE, 0xFF, 0xFF, 0x33, 0x15, 0x00, 0x00, 0x00, 0x00, 0x00, 
0x00, 0x00, 0x00, 0x00, 0x00, 0x00, 0x00, 0x1A, 0xB3, 0xFF, 0xFF, 0xFF, 
0xFF, 0x37, 0xF9, 0xA9, 0x2C, 0x00, 0x00, 0x00, 0x00, 0x00, 0x00, 0x00, 
0x00, 0x05, 0x6A, 0xEF, 0xFF, 0xFF, 0xE7, 0xFF, 0xFF, 0xA5, 0xFF, 0xFF, 
0xFD, 0xA7, 0x24, 0x00, 0x00, 0x00, 0x00, 0x06, 0x5E, 0xDD, 0xFF, 0xFF, 
0xFB, 0x7F, 0x4F, 0xFF, 0xFF, 0x15, 0x68, 0xE6, 0xFF, 0xFF, 0xFA, 0x94, 
0x13, 0x00, 0x81, 0xE9, 0xFF, 0xFF, 0xFF, 0xC9, 0x2F, 0x00, 0x4C, 0xFF, 
0xFF, 0x10, 0x00, 0x0B, 0x80, 0xF5, 0xFF, 0xFF, 0xED, 0x2F, 0xA3, 0xFF, 
0xFF, 0xE2, 0x5E, 0x01, 0x00, 0x00, 0x4C, 0xFF, 0xFF, 0x10, 0x00, 0x00, 
0x00, 0x1C, 0xA4, 0xFF, 0xF3, 0x0C, 0x2C, 0xE0, 0x6C, 0x08, 0x00, 0x00, 
0x00, 0x00, 0x33, 0xAC, 0xAC, 0x0A, 0x00, 0x00, 0x00, 0x00, 0x00, 0x3F, 
0x77, 0x00, 0x00, 0x02, 0x4F, 0xE8, 0xE8, 0xE8, 0xE8, 0xE8, 0xE8, 0xE8, 
0xE8, 0xE8, 0xE8, 0xE8, 0xE8, 0xE8, 0xE8, 0x00, 0x00, 0x00, 0x00, 0x00, 
0x58, 0xFF, 0xFF, 0xFF, 0xFF, 0xFF, 0xFF, 0xFF, 0xFF, 0xFF, 0xFF, 0xFF, 
0xFF, 0xFF, 0xFF, 0x00, 0x00, 0x00, 0x00, 0x00, 0x58, 0xFF, 0xFF, 0x65, 
0x60, 0x60, 0x60, 0x60, 0x60, 0x60, 0x60, 0x60, 0xA8, 0xFF, 0xFF, 0x00, 
0x00, 0x00, 0x00, 0x00, 0x58, 0xFF, 0xFF, 0x08, 0x00, 0x00, 0x00, 0x00, 
0x00, 0x00, 0x00, 0x00, 0x74, 0xFF, 0xFF, 0x00, 0x00, 0x00, 0x00, 0x00, 
0x58, 0xFF, 0xFF, 0x08, 0x00, 0x00, 0x00, 0x00, 0x00, 0x00, 0x00, 0x00, 
0x74, 0xFF, 0xFF, 0x00, 0x00, 0x00, 0x00, 0x00, 0x58, 0xFF, 0xFF, 0x3A, 
0x34, 0x34, 0x34, 0x34, 0x34, 0x34, 0x34, 0x34, 0x90, 0xFF, 0xFF, 0x00, 
0x00, 0x00, 0x00, 0x00, 0x58, 0xFF, 0xFF, 0xFF, 0xFF, 0xFF, 0xFF, 0xFF, 
0xFF, 0xFF, 0xFF, 0xFF, 0xFF, 0xFF, 0xFF, 0x00, 0x00, 0x00, 0x00, 0x00, 
0x58, 0xFF, 0xFF, 0xEC, 0xEC, 0xEC, 0xEC, 0xEC, 0xEC, 0xEC, 0xEC, 0xEC, 
0xF5, 0xFF, 0xFF, 0x00, 0x00, 0x00, 0x00, 0x00, 0x4D, 0xE0, 0xE0, 0x07, 
0x00, 0x00, 0x00, 0x00, 0x00, 0x00, 0x00, 0x00, 0x65, 0xE0, 0xE0, 0x00, 
0x00, 0x00, 0x00, 0x00, 0x00, 0x00, 0x00, 0x00, 0x00, 0x00, 0x00, 0x08, 
0xAE, 0xD5, 0x73, 0x00, 0x00, 0x00, 0x00, 0x00, 0x00, 0x00, 0x00, 0x00, 
0x00, 0x00, 0x00, 0x00, 0x00, 0x00, 0x00, 0x00, 0xC7, 0xFF, 0xD1, 0x00, 
0x00, 0x00, 0x00, 0x00, 0x00, 0x00, 0x00, 0x00, 0x00, 0x85, 0xD0, 0xD0, 
0xD0, 0xD0, 0xD0, 0xD0, 0xEB, 0xFF, 0xFF, 0xD0, 0xD0, 0xD0, 0xD0, 0xD0, 
0xD0, 0x64, 0x00, 0x00, 0x00, 0xA4, 0xFF, 0xFF, 0xFF, 0xFF, 0xFF, 0xFF, 
0xFF, 0xFF, 0xFF, 0xFF, 0xFF, 0xFF, 0xFF, 0xFF, 0xFF, 0x7C, 0x00, 0x00, 
0x00, 0xA4, 0xFF, 0xE9, 0x60, 0x60, 0x60, 0x60, 0x60, 0x60, 0x60, 0x60, 
0x60, 0x60, 0x60, 0xF8, 0xFF, 0x7C, 0x00, 0x00, 0x00, 0xA4, 0xFF, 0xDC, 
0x00, 0x00, 0x00, 0x00, 0x00, 0x00, 0x00, 0x00, 0x00, 0x00, 0x00, 0xF4, 
0xFF, 0x7C, 0x00, 0x00, 0x00, 0xA4, 0xFF, 0xDF, 0x18, 0x18, 0x18, 0x18, 
0x18, 0x18, 0x18, 0x18, 0x18, 0x18, 0x18, 0xF5, 0xFF, 0x7C, 0x00, 0x00, 
0x00, 0xA4, 0xFF, 0xFF, 0xFF, 0xFF, 0xFF, 0xFF, 0xFF, 0xFF, 0xFF, 0xFF, 
0xFF, 0xFF, 0xFF, 0xFF, 0xFF, 0x7C, 0x00, 0x00, 0x00, 0xAC, 0xFF, 0xFF, 
0xFF, 0xFF, 0xFF, 0xFF, 0xFF, 0xFF, 0xFF, 0xFF, 0xFF, 0xFF, 0xFF, 0xFF, 
0xFF, 0x7C, 0x00, 0x00, 0x00, 0xB4, 0xFF, 0xD4, 0x34, 0x34, 0x34, 0x34, 
0x34, 0x34, 0x34, 0x34, 0x34, 0x34, 0x34, 0x34, 0x34, 0x19, 0x00, 0x00, 
0x00, 0xCB, 0xFF, 0xB3, 0x00, 0x00, 0x00, 0x00, 0x00, 0x00, 0x00, 0x00, 
0x00, 0x00, 0x00, 0x00, 0x00, 0x00, 0x00, 0x00, 0x00, 0xE9, 0xFF, 0x9D, 
0xB0, 0xB0, 0xB0, 0xB0, 0xB0, 0xB0, 0xB0, 0xB0, 0xB0, 0xB0, 0xB0, 0xB0, 
0xB0, 0x23, 0x00, 0x00, 0x1D, 0xFF, 0xFF, 0x73, 0xFF, 0xFF, 0xFF, 0xFF, 
0xFF, 0xFF, 0xFF, 0xFF, 0xFF, 0xFF, 0xFF, 0xFF, 0xFF, 0x34, 0x00, 0x00, 
0x60, 0xFF, 0xFF, 0x32, 0xFF, 0xFF, 0xAC, 0x74, 0x74, 0x74, 0x74, 0x74, 
0x74, 0x74, 0x94, 0xFF, 0xFF, 0x34, 0x00, 0x00, 0xBE, 0xFF, 0xE7, 0x05, 
0xFF, 0xFF, 0x68, 0x00, 0x00, 0x00, 0x00, 0x00, 0x00, 0x00, 0x3C, 0xFF, 
0xFF, 0x34, 0x00, 0x33, 0xFF, 0xFF, 0x80, 0x04, 0xFF, 0xFF, 0x68, 0x00, 
0x00, 0x00, 0x00, 0x00, 0x00, 0x00, 0x3C, 0xFF, 0xFF, 0x34, 0x00, 0xBC, 
0xFF, 0xF9, 0x18, 0x04, 0xFF, 0xFF, 0x68, 0x00, 0x00, 0x00, 0x00, 0x00, 
0x00, 0x00, 0x3C, 0xFF, 0xFF, 0x34, 0x5D, 0xFF, 0xFF, 0x90, 0x00, 0x04, 
0xFF, 0xFF, 0xF4, 0xEC, 0xEC, 0xEC, 0xEC, 0xEC, 0xEC, 0xEC, 0xF0, 0xFF, 
0xFF, 0x34, 0x57, 0xF4, 0xEE, 0x12, 0x00, 0x04, 0xFF, 0xFF, 0xFF, 0xFF, 
0xFF, 0xFF, 0xFF, 0xFF, 0xFF, 0xFF, 0xFF, 0xFF, 0xFF, 0x34, 0x00, 0x28, 
0x55, 0x00, 0x00, 0x04, 0xFF, 0xFF, 0x82, 0x2C, 0x2C, 0x2C, 0x2C, 0x2C, 
0x2C, 0x2C, 0x5D, 0xFF, 0xFF, 0x34, 0x00, 0x00, 0x00, 0x00, 0x00, 0x01, 
0x40, 0x40, 0x1A, 0x00, 0x00, 0x00, 0x00, 0x00, 0x00, 0x00, 0x0F, 0x40, 
0x40, 0x0D, 0x00, 0x00, 0x7A, 0xD4, 0xD4, 0xD4, 0xD4, 0xD4, 0xD4, 0xD4, 
0x09, 0x8C, 0xDC, 0xDC, 0xDC, 0xDC, 0xDC, 0xDC, 0xDC, 0x0A, 0x00, 0x00, 
0x00, 0x94, 0xFF, 0xFF, 0xFF, 0xFF, 0xFF, 0xFF, 0xFF, 0x0C, 0xA4, 0xFF, 
0xFF, 0xFF, 0xFF, 0xFF, 0xFF, 0xFF, 0x0C, 0x00, 0x00, 0x00, 0x94, 0xFF, 
0x8B, 0x10, 0x10, 0x13, 0xFF, 0xFF, 0x0C, 0xA4, 0xFF, 0x75, 0x10, 0x10, 
0x13, 0xFF, 0xFF, 0x0C, 0x00, 0x00, 0x00, 0x94, 0xFF, 0x84, 0x00, 0x00, 
0x04, 0xFF, 0xFF, 0x0C, 0xA4, 0xFF, 0x6C, 0x00, 0x00, 0x04, 0xFF, 0xFF, 
0x0C, 0x00, 0x00, 0x00, 0x94, 0xFF, 0xEC, 0xD8, 0xD8, 0xD8, 0xFF, 0xFF, 
0x0C, 0xA4, 0xFF, 0xEF, 0xE4, 0xE4, 0xE4, 0xFF, 0xFF, 0x0C, 0x00, 0x00, 
0x00, 0x94, 0xFF, 0xFF, 0xFF, 0xFF, 0xFF, 0xFF, 0xFF, 0x0C, 0xA4, 0xFF, 
0xFF, 0xFF, 0xFF, 0xFF, 0xFF, 0xFF, 0x0C, 0x00, 0x00, 0x00, 0x09, 0x10, 
0x10, 0x10, 0x10, 0x10, 0x10, 0xA6, 0xD8, 0xA4, 0x10, 0x43, 0xFB, 0xC9, 
0x1C, 0x10, 0x10, 0x00, 0x00, 0x00, 0x1E, 0x74, 0x74, 0x74, 0x74, 0x74, 
0x74, 0x74, 0xF2, 0xFF, 0xCC, 0x74, 0x78, 0xEB, 0xFF, 0x9D, 0x74, 0x74, 
0x5A, 0x00, 0x00, 0x44, 0xFF, 0xFF, 0xFF, 0xFF, 0xFF, 0xFF, 0xFF, 0xFF, 
0xFF, 0xFF, 0xFF, 0xFF, 0xFF, 0xFF, 0xFF, 0xFF, 0xFF, 0xC8, 0x00, 0x00, 
0x26, 0x90, 0x90, 0x90, 0x90, 0xCA, 0xFF, 0xFF, 0xFD, 0x9C, 0xDE, 0xFF, 
0xFF, 0xD2, 0x90, 0x90, 0x90, 0x90, 0x70, 0x00, 0x00, 0x00, 0x0C, 0x40, 
0x7F, 0xD0, 0xFF, 0xFF, 0xEF, 0x53, 0x00, 0x16, 0xBA, 0xFF, 0xFF, 0xCC, 
0x77, 0x39, 0x0A, 0x00, 0x00, 0x10, 0xDF, 0xFE, 0xFF, 0xFF, 0xFF, 0xEC, 
0x88, 0x16, 0x00, 0x00, 0x00, 0x01, 0x59, 0xD8, 0xFF, 0xFF, 0xFF, 0xFE, 
0xE9, 0x86, 0x00, 0xD4, 0xFF, 0xFF, 0xFF, 0xF7, 0xBA, 0xB4, 0xB4, 0xB1, 
0x00, 0x65, 0xB4, 0xB4, 0xB5, 0xEE, 0xFF, 0xFF, 0xFF, 0xFF, 0x5F, 0x00, 
0x3C, 0x8A, 0xFF, 0xFF, 0xFF, 0xFF, 0xFF, 0xFF, 0xFC, 0x00, 0x90, 0xFF, 
0xFF, 0xFF, 0xFF, 0xFF, 0xFF, 0xEF, 0x42, 0x0F, 0x00, 0x00, 0x68, 0xFF, 
0xBB, 0x18, 0x18, 0x3F, 0xFF, 0xFC, 0x00, 0x90, 0xFF, 0x9A, 0x20, 0x20, 
0x51, 0xFF, 0xEC, 0x00, 0x00, 0x00, 0x00, 0x68, 0xFF, 0xB4, 0x00, 0x00, 
0x2C, 0xFF, 0xFC, 0x00, 0x90, 0xFF, 0x8C, 0x00, 0x00, 0x38, 0xFF, 0xEC, 
0x00, 0x00, 0x00, 0x00, 0x68, 0xFF, 0xE2, 0x9C, 0x9C, 0xAD, 0xFF, 0xFC, 
0x00, 0x90, 0xFF, 0xD2, 0x9C, 0x9C, 0xB1, 0xFF, 0xEC, 0x00, 0x00, 0x00, 
0x00, 0x68, 0xFF, 0xFF, 0xFF, 0xFF, 0xFF, 0xFF, 0xFC, 0x00, 0x90, 0xFF, 
0xFF, 0xFF, 0xFF, 0xFF, 0xFF, 0xEC, 0x00, 0x00, 0x00, 0x00, 0x63, 0xF4, 
0xB9, 0x30, 0x30, 0x51, 0xF4, 0xF0, 0x00, 0x89, 0xF4, 0x9B, 0x30, 0x30, 
0x5A, 0xF4, 0xE0, 0x00, 0x00, 0x00, 0x00, 0x00, 0x00, 0x00, 0x00, 0x00, 
0x00, 0x06, 0x00, 0x00, 0x00, 0x00, 0x00, 0x00, 0x00, 0x00, 0x00, 0x00, 
0x00, 0x00, 0x00, 0x00, 0x00, 0x00, 0x00, 0x00, 0x00, 0x0E, 0xF3, 0xCA, 
0x4A, 0x00, 0x00, 0x00, 0x00, 0x00, 0x00, 0x00, 0x00, 0x00, 0x00, 0x00, 
0x00, 0x00, 0x00, 0x00, 0x00, 0x00, 0x5F, 0xFF, 0xFF, 0x36, 0x00, 0x00, 
0x00, 0x00, 0x00, 0x00, 0x00, 0x00, 0x00, 0x00, 0x00, 0x3C, 0x5C, 0x5C, 
0x5C, 0x5C, 0x5C, 0xC7, 0xFF, 0xF4, 0x5C, 0x5C, 0x5C, 0x5C, 0x5C, 0x5C, 
0x5C, 0x5C, 0x5C, 0x53, 0x00, 0x00, 0xA8, 0xFF, 0xFF, 0xFF, 0xFF, 0xFF, 
0xFF, 0xFF, 0xFF, 0xFF, 0xFF, 0xFF, 0xFF, 0xFF, 0xFF, 0xFF, 0xFF, 0xFF, 
0xE8, 0x00, 0x00, 0x9D, 0xF0, 0xF0, 0xF0, 0xF0, 0xFD, 0xFF, 0xFD, 0xF0, 
0xF0, 0xF0, 0xF0, 0xF0, 0xF0, 0xF0, 0xF0, 0xF0, 0xF0, 0xD9, 0x00, 0x00, 
0x00, 0x00, 0x00, 0x00, 0x2F, 0xFC, 0xFF, 0x99, 0x00, 0x00, 0x00, 0x00, 
0x00, 0x00, 0x00, 0x00, 0x00, 0x00, 0x00, 0x00, 0x00, 0x00, 0x00, 0x00, 
0x00, 0xC0, 0xFF, 0xF8, 0x1C, 0x00, 0x00, 0x00, 0x9C, 0xDB, 0x8A, 0x00, 
0x00, 0x00, 0x00, 0x00, 0x00, 0x00, 0x00, 0x00, 0x00, 0x6B, 0xFF, 0xFF, 
0x87, 0x00, 0x00, 0x00, 0x00, 0xB0, 0xFF, 0xA8, 0x00, 0x00, 0x00, 0x00, 
0x00, 0x00, 0x00, 0x00, 0x00, 0x2C, 0xF7, 0xFF, 0xDA, 0x08, 0x00, 0x00, 
0x00, 0x00, 0xB0, 0xFF, 0xA8, 0x00, 0x00, 0x00, 0x00, 0x00, 0x00, 0x00, 
0x00, 0x18, 0xE0, 0xFF, 0xFF, 0x4F, 0x14, 0x78, 0x78, 0x78, 0x78, 0xD5, 
0xFF, 0xD1, 0x78, 0x78, 0x78, 0x78, 0x12, 0x00, 0x00, 0x12, 0xCD, 0xFF, 
0xFF, 0xFF, 0x38, 0x2C, 0xFF, 0xFF, 0xFF, 0xFF, 0xFF, 0xFF, 0xFF, 0xFF, 
0xFF, 0xFF, 0xFF, 0x28, 0x00, 0x12, 0xD4, 0xFF, 0xFF, 0xFF, 0xFF, 0x38, 
0x23, 0xCC, 0xCC, 0xCC, 0xCC, 0xEF, 0xFF, 0xEE, 0xCC, 0xCC, 0xCC, 0xCC, 
0x1F, 0x00, 0x08, 0xEC, 0xFF, 0xC7, 0xFF, 0xFF, 0x38, 0x00, 0x00, 0x00, 
0x00, 0x00, 0xB0, 0xFF, 0xA8, 0x00, 0x00, 0x00, 0x00, 0x00, 0x00, 0x00, 
0x8A, 0xB1, 0x22, 0xFF, 0xFF, 0x38, 0x00, 0x00, 0x00, 0x00, 0x00, 0xB0, 
0xFF, 0xA8, 0x00, 0x00, 0x00, 0x00, 0x00, 0x00, 0x00, 0x14, 0x05, 0x1C, 
0xFF, 0xFF, 0x38, 0x00, 0x00, 0x00, 0x00, 0x00, 0xB0, 0xFF, 0xA8, 0x00, 
0x00, 0x00, 0x00, 0x00, 0x00, 0x00, 0x00, 0x00, 0x1C, 0xFF, 0xFF, 0x38, 
0x00, 0x00, 0x00, 0x00, 0x00, 0xB0, 0xFF, 0xA8, 0x00, 0x00, 0x00, 0x00, 
0x00, 0x00, 0x00, 0x00, 0x00, 0x1C, 0xFF, 0xFF, 0x38, 0x08, 0x08, 0x08, 
0x08, 0x08, 0xB2, 0xFF, 0xAA, 0x08, 0x08, 0x08, 0x08, 0x08, 0x00, 0x00, 
0x00, 0x00, 0x1C, 0xFF, 0xFF, 0x48, 0xFF, 0xFF, 0xFF, 0xFF, 0xFF, 0xFF, 
0xFF, 0xFF, 0xFF, 0xFF, 0xFF, 0xFF, 0xFF, 0x18, 0x00, 0x00, 0x00, 0x1C, 
0xFF, 0xFF, 0x48, 0xFF, 0xFF, 0xFF, 0xFF, 0xFF, 0xFF, 0xFF, 0xFF, 0xFF, 
0xFF, 0xFF, 0xFF, 0xFF, 0x18, 0x00, 0x00, 0x00, 0x1C, 0xFF, 0xFF, 0x3B, 
0x34, 0x34, 0x34, 0x34, 0x34, 0x34, 0x34, 0x34, 0x34, 0x34, 0x34, 0x34, 
0x34, 0x04, 0x00, 0x00, 0x00, 0x03, 0x24, 0x24, 0x07, 0x00, 0x00, 0x00, 
0x00, 0x00, 0x00, 0x00, 0x00, 0x00, 0x00, 0x00, 0x00, 0x00, 0x00, 0x00, 
0x00, 0x00, 0x24, 0x3F, 0x28, 0x00, 0x00, 0x00, 0x00, 0x00, 0x00, 0x59, 
0xA0, 0x65, 0x00, 0x00, 0x00, 0x00, 0x00, 0x00, 0x00, 0x00, 0x00, 0x80, 
0xFF, 0xC4, 0x00, 0x00, 0x00, 0x00, 0x00, 0x00, 0x88, 0xFF, 0xAC, 0x00, 
0x00, 0x00, 0x00, 0x00, 0x00, 0x00, 0x00, 0x00, 0x80, 0xFF, 0xC4, 0x00, 
0x00, 0x55, 0x92, 0x57, 0x00, 0x88, 0xFF, 0xAC, 0x00, 0x00, 0x00, 0x00, 
0x00, 0x00, 0x00, 0x00, 0x00, 0x80, 0xFF, 0xC4, 0x00, 0x00, 0x8C, 0xFF, 
0xA4, 0x00, 0x88, 0xFF, 0xAC, 0x00, 0x00, 0x00, 0x32, 0x19, 0x00, 0x00, 
0x00, 0x00, 0x80, 0xFF, 0xC4, 0x00, 0x00, 0x8C, 0xFF, 0xA4, 0x00, 0x88, 
0xFF, 0xAC, 0x2F, 0x85, 0xDC, 0xFF, 0x38, 0x00, 0x00, 0x00, 0x00, 0x80, 
0xFF, 0xC4, 0x00, 0x00, 0x8C, 0xFF, 0xA4, 0x00, 0x94, 0xFF, 0xFC, 0xFF, 
0xFF, 0xFF, 0xFF, 0x30, 0x00, 0x00, 0xA2, 0xF8, 0xFC, 0xFF, 0xFE, 0xF8, 
0x78, 0x8C, 0xFF, 0xDE, 0xDC, 0xFF, 0xFF, 0xFF, 0xFF, 0xE2, 0xFF, 0xFF, 
0x28, 0x00, 0x00, 0xA8, 0xFF, 0xFF, 0xFF, 0xFF, 0xFF, 0xCB, 0xE4, 0xFF, 
0xFF, 0xFF, 0xFF, 0xFF, 0xD1, 0x38, 0x12, 0xFF, 0xFF, 0x20, 0x00, 0x00, 
0x3C, 0x5C, 0xAE, 0xFF, 0xD9, 0x5C, 0xE8, 0xFF, 0xFF, 0xF0, 0x97, 0xB0, 
0xFF, 0xAC, 0x00, 0x1D, 0xFF, 0xFF, 0x18, 0x00, 0x00, 0x00, 0x00, 0x80, 
0xFF, 0xC4, 0x00, 0xB3, 0xDF, 0xFF, 0xA4, 0x00, 0x88, 0xFF, 0xAC, 0x00, 
0x28, 0xFF, 0xFF, 0x10, 0x00, 0x00, 0x00, 0x00, 0x80, 0xFF, 0xC4, 0x00, 
0x00, 0x8C, 0xFF, 0xA4, 0x00, 0x88, 0xFF, 0xAC, 0x00, 0x33, 0xFF, 0xFF, 
0x08, 0x00, 0x00, 0x00, 0x00, 0x80, 0xFF, 0xC4, 0x00, 0x00, 0x8C, 0xFF, 
0xA4, 0x00, 0x88, 0xFF, 0xAC, 0x02, 0x6E, 0xFF, 0xFF, 0x01, 0x00, 0x00, 
0x00, 0x00, 0x80, 0xFF, 0xC4, 0x00, 0x00, 0x8C, 0xFF, 0xA4, 0x00, 0x88, 
0xFF, 0xB2, 0xEE, 0xFF, 0xFF, 0xEE, 0x00, 0x00, 0x00, 0x00, 0x00, 0x80, 
0xFF, 0xC4, 0x00, 0x00, 0x8C, 0xFF, 0xA4, 0x00, 0x88, 0xFF, 0xAC, 0xAB, 
0xFF, 0xFF, 0xA1, 0x00, 0x00, 0x00, 0x00, 0x00, 0x80, 0xFF, 0xD5, 0x89, 
0xB0, 0x8C, 0xFF, 0xA4, 0x00, 0x88, 0xFF, 0xAC, 0x31, 0x64, 0x3D, 0x2C, 
0x05, 0x00, 0x00, 0x00, 0x14, 0xAA, 0xFF, 0xFF, 0xFF, 0xD5, 0x8C, 0xFF, 
0xA4, 0x00, 0x7B, 0xE8, 0x9B, 0x00, 0x00, 0x00, 0xBC, 0xEE, 0x69, 0x13, 
0xB5, 0xFB, 0xFF, 0xFF, 0xFF, 0xC7, 0x5A, 0x8B, 0xFF, 0xAE, 0x00, 0x00, 
0x00, 0x00, 0x00, 0x00, 0x00, 0xD4, 0xFF, 0x8B, 0x03, 0xF1, 0xFF, 0xE9, 
0x8D, 0x2B, 0x00, 0x00, 0x7E, 0xFF, 0xFA, 0x96, 0x77, 0x6A, 0x67, 0x71, 
0x81, 0xAA, 0xFF, 0xFF, 0x6A, 0x00, 0x74, 0x4E, 0x04, 0x00, 0x00, 0x00, 
0x00, 0x35, 0xFD, 0xFF, 0xFF, 0xFF, 0xFF, 0xFF, 0xFF, 0xFF, 0xFF, 0xFF, 
0xF9, 0x23, 0x00, 0x00, 0x00, 0x00, 0x00, 0x00, 0x00, 0x00, 0x00, 0x39, 
0x8D, 0xAD, 0xBE, 0xC7, 0xC9, 0xC1, 0xB7, 0xA8, 0x8A, 0x33, 0x00, 0x00, 
0x00, 0x02, 0x7E, 0x73, 0x17, 0x00, 0x00, 0x00, 0x00, 0x00, 0x00, 0x00, 
0xA5, 0xAC, 0x34, 0x5B, 0xAF, 0x07, 0x00, 0x00, 0x00, 0x00, 0x04, 0xFF, 
0xFF, 0x38, 0x00, 0x00, 0x00, 0x00, 0x00, 0x00, 0x00, 0xD8, 0xFF, 0x68, 
0xEE, 0xFF, 0xAD, 0x01, 0x00, 0x00, 0x00, 0x04, 0xFF, 0xFF, 0x38, 0x00, 
0x00, 0x00, 0x00, 0x00, 0x00, 0x00, 0xC4, 0xFF, 0x63, 0x3E, 0xF9, 0xE5, 
0x17, 0x00, 0x00, 0x00, 0x04, 0xFF, 0xFF, 0x38, 0x00, 0x53, 0x8C, 0x8C, 
0x8C, 0x8C, 0x8C, 0xDE, 0xFF, 0xBD, 0x8C, 0xD1, 0xB3, 0x8C, 0x0D, 0x00, 
0x00, 0x04, 0xFF, 0xFF, 0x38, 0x00, 0x98, 0xFF, 0xFF, 0xFF, 0xFF, 0xFF, 
0xFF, 0xFF, 0xFF, 0xFF, 0xFF, 0xFF, 0xFF, 0x18, 0x00, 0x5B, 0x7A, 0xFF, 
0xFF, 0x95, 0x5A, 0x98, 0xFF, 0xE2, 0xB4, 0xB4, 0xB4, 0xDB, 0xFF, 0xE2, 
0xB4, 0xB4, 0xB4, 0xB4, 0x10, 0x00, 0xC4, 0xFF, 0xFF, 0xFF, 0xFF, 0xC0, 
0x98, 0xFF, 0x9C, 0x00, 0x00, 0x00, 0x75, 0xFF, 0xA9, 0x00, 0x00, 0x00, 
0x00, 0x00, 0x00, 0x9F, 0xD0, 0xFF, 0xFF, 0xDA, 0x9C, 0x98, 0xFF, 0x9C, 
0x00, 0x00, 0x00, 0x5D, 0xFF, 0xC0, 0x00, 0x65, 0xC3, 0x54, 0x00, 0x00, 
0x00, 0x04, 0xFF, 0xFF, 0x38, 0x00, 0x98, 0xFF, 0xE8, 0xC4, 0xC4, 0xC4, 
0x5A, 0xFF, 0xD8, 0x00, 0xB6, 0xFF, 0x67, 0x00, 0x00, 0x00, 0x04, 0xFF, 
0xFF, 0x38, 0x00, 0x9A, 0xFF, 0xFF, 0xFF, 0xFF, 0xFF, 0x37, 0xFF, 0xF6, 
0x10, 0xF7, 0xFD, 0x1A, 0x00, 0x00, 0x00, 0x04, 0xFF, 0xFF, 0x38, 0x00, 
0x9F, 0xFF, 0xC1, 0x64, 0xF7, 0xFF, 0x10, 0xF8, 0xFF, 0x85, 0xFF, 0xBE, 
0x00, 0x00, 0x00, 0x00, 0x04, 0xFF, 0xFF, 0x38, 0x00, 0xA8, 0xFF, 0x91, 
0x00, 0xF6, 0xFF, 0x03, 0xD1, 0xFF, 0xF4, 0xFF, 0x61, 0x00, 0x00, 0x00, 
0x00, 0x04, 0xFF, 0xFF, 0x38, 0x00, 0xBA, 0xFF, 0x82, 0x02, 0xFF, 0xF9, 
0x00, 0xA3, 0xFF, 0xFF, 0xED, 0x09, 0x00, 0x00, 0x00, 0x00, 0x04, 0xFF, 
0xFF, 0x82, 0x63, 0xD8, 0xFF, 0x6A, 0x0D, 0xFF, 0xF0, 0x00, 0x6C, 0xFF, 
0xFF, 0x84, 0x00, 0x00, 0x00, 0x00, 0x1C, 0x61, 0xFF, 0xFF, 0xFF, 0xB5, 
0xFA, 0xFF, 0x45, 0x2C, 0xFF, 0xE8, 0x00, 0x7F, 0xFF, 0xFF, 0x16, 0x00, 
0x1D, 0x00, 0x35, 0xFF, 0xFF, 0xFF, 0xFF, 0xFE, 0xDE, 0xFF, 0xFB, 0xB9, 
0xE7, 0xFF, 0xD6, 0x3B, 0xFB, 0xFF, 0xFF, 0x45, 0x01, 0xF5, 0xB2, 0x16, 
0xFF, 0xFE, 0xC8, 0x73, 0x1E, 0xAE, 0xFF, 0xB5, 0xB0, 0xFF, 0xFF, 0xAA, 
0xE2, 0xFF, 0xFB, 0xFF, 0xA0, 0x23, 0xFF, 0xCF, 0x00, 0x6C, 0x1D, 0x00, 
0x00, 0x2A, 0xFD, 0xFF, 0x59, 0x3C, 0x81, 0x64, 0xD9, 0xFF, 0xE7, 0x4A, 
0xFF, 0xFA, 0xA7, 0xFF, 0xA5, 0x00, 0x00, 0x00, 0x00, 0x01, 0xC1, 0xFF, 
0xE0, 0x06, 0x00, 0x00, 0xB5, 0xFF, 0xF6, 0x3A, 0x00, 0xAF, 0xFF, 0xFF, 
0xFF, 0x5F, 0x00, 0x00, 0x00, 0x00, 0x16, 0xC3, 0xFF, 0x5A, 0x00, 0x00, 
0x00, 0x26, 0xE0, 0x48, 0x00, 0x00, 0x16, 0xCD, 0xFF, 0xB9, 0x06, 0x00, 
0x00, 0x00, 0x00, 0x00, 0x00, 0x3A, 0x00, 0x00, 0x00, 0x00, 0x00, 0x07, 
0x00, 0x00, 0x00, 0x00, 0x00, 0x0F, 0x00, 0x00, 0x00, 0x00, 0x00, 0x00, 
0x00, 0x00, 0x00, 0x09, 0x00, 0x00, 0x00, 0x00, 0x00, 0x00, 0x00, 0x00, 
0x00, 0x00, 0x00, 0x00, 0x00, 0x00, 0x00, 0x00, 0x00, 0x00, 0x00, 0x4E, 
0xFA, 0xC7, 0x51, 0x00, 0x00, 0x00, 0x00, 0x00, 0x00, 0x00, 0x00, 0x00, 
0x00, 0x00, 0x00, 0x00, 0x00, 0x00, 0x00, 0x24, 0xED, 0xFF, 0xFE, 0x67, 
0x4C, 0x4C, 0x4C, 0x4C, 0x4C, 0x4C, 0x4C, 0x4C, 0x16, 0x00, 0x00, 0x00, 
0x00, 0x00, 0x00, 0x15, 0xDC, 0xFF, 0xFF, 0xFF, 0xFF, 0xFF, 0xFF, 0xFF, 
0xFF, 0xFF, 0xFF, 0xFF, 0xFF, 0x4C, 0x00, 0x00, 0x00, 0x00, 0x00, 0x16, 
0xD2, 0xFF, 0xFF, 0xF4, 0xE0, 0xE0, 0xE0, 0xE0, 0xE0, 0xE0, 0xE4, 0xFF, 
0xFF, 0xFF, 0x4C, 0x00, 0x00, 0x00, 0x00, 0x21, 0xD7, 0xFF, 0xFF, 0xFF, 
0xF7, 0x5D, 0x00, 0x00, 0x00, 0x00, 0x39, 0xD2, 0xFF, 0xFF, 0xBA, 0x13, 
0x00, 0x00, 0x00, 0x44, 0xED, 0xFF, 0xFE, 0x96, 0xEA, 0xFF, 0xFF, 0xA1, 
0x16, 0x30, 0xAB, 0xFE, 0xFF, 0xFB, 0x7C, 0x02, 0x00, 0x00, 0x00, 0x00, 
0x42, 0xFB, 0xF5, 0x55, 0x00, 0x23, 0xCF, 0xFF, 0xFF, 0xF5, 0xFF, 0xFF, 
0xFF, 0xBE, 0x2B, 0x00, 0x00, 0x00, 0x00, 0x00, 0x00, 0x00, 0x61, 0x30, 
0x00, 0x0A, 0x4E, 0xA1, 0xFF, 0xFF, 0xFF, 0xFF, 0xFF, 0xE4, 0x5E, 0x17, 
0x00, 0x00, 0x00, 0x00, 0x00, 0x00, 0x16, 0x4C, 0x82, 0xBB, 0xF8, 0xFF, 
0xFF, 0xFF, 0xFA, 0xC1, 0xF4, 0xFF, 0xFF, 0xFF, 0xFF, 0xD8, 0xA1, 0x6E, 
0x42, 0x17, 0x12, 0xFC, 0xFF, 0xFF, 0xFF, 0xFF, 0xFA, 0xC1, 0x6B, 0x14, 
0x00, 0x0F, 0x63, 0xB7, 0xF8, 0xFF, 0xFF, 0xFF, 0xFF, 0xFF, 0x96, 0x00, 
0xC2, 0xF7, 0xF5, 0xF2, 0xB3, 0x74, 0x68, 0x68, 0x68, 0x68, 0x68, 0x68, 
0x68, 0x72, 0xAF, 0xEB, 0xFF, 0xF4, 0xFF, 0x4C, 0x00, 0x14, 0x04, 0xB8, 
0xFF, 0xFF, 0xFF, 0xFF, 0xFF, 0xFF, 0xFF, 0xFF, 0xFF, 0xFF, 0xFF, 0xFF, 
0xFF, 0xFF, 0x38, 0x1A, 0x06, 0x00, 0x00, 0x00, 0xB8, 0xFF, 0xCF, 0x84, 
0x84, 0x84, 0xAA, 0xFF, 0xFE, 0x84, 0x84, 0x84, 0x95, 0xFF, 0xFF, 0x38, 
0x00, 0x00, 0x00, 0x00, 0x00, 0xB8, 0xFF, 0x9C, 0x00, 0x00, 0x00, 0x50, 
0xFF, 0xFC, 0x00, 0x00, 0x00, 0x24, 0xFF, 0xFF, 0x38, 0x00, 0x00, 0x00, 
0x00, 0x00, 0xB8, 0xFF, 0xFB, 0xF4, 0xF4, 0xF4, 0xF7, 0xFF, 0xFF, 0xF4, 
0xF4, 0xF4, 0xF5, 0xFF, 0xFF, 0x38, 0x00, 0x00, 0x00, 0x00, 0x00, 0xB8, 
0xFF, 0xF5, 0xE4, 0xE4, 0xE4, 0xEC, 0xFF, 0xFF, 0xE4, 0xE4, 0xE4, 0xE7, 
0xFF, 0xFF, 0x38, 0x00, 0x00, 0x00, 0x00, 0x00, 0xB8, 0xFF, 0x9C, 0x00, 
0x00, 0x00, 0x50, 0xFF, 0xFC, 0x00, 0x00, 0x00, 0x24, 0xFF, 0xFF, 0x38, 
0x00, 0x00, 0x00, 0x00, 0x00, 0xB8, 0xFF, 0xDC, 0xA4, 0xA4, 0xA4, 0xC0, 
0xFF, 0xFE, 0xA4, 0xA4, 0xA4, 0xB0, 0xFF, 0xFF, 0x38, 0x00, 0x00, 0x00, 
0x00, 0x00, 0xB8, 0xFF, 0xFF, 0xFF, 0xFF, 0xFF, 0xFF, 0xFF, 0xFF, 0xFF, 
0xFF, 0xFF, 0xFF, 0xFF, 0xFF, 0x38, 0x00, 0x00, 0x00, 0x00, 0x00, 0xB8, 
0xFF, 0xB8, 0x48, 0x48, 0x48, 0x48, 0x48, 0x48, 0x48, 0x48, 0x48, 0x61, 
0xFF, 0xFF, 0x38, 0x00, 0x00, 0x00, 0x00, 0x00, 0x39, 0x50, 0x30, 0x00, 
0x00, 0x00, 0x00, 0x00, 0x00, 0x00, 0x00, 0x00, 0x0B, 0x50, 0x50, 0x11, 
0x00, 0x00, 0x00, 0x00, 0x00, 0x00, 0x04, 0xC6, 0x88, 0x1A, 0x00, 0x00, 
0x00, 0x00, 0x00, 0x00, 0x00, 0x00, 0x00, 0x00, 0x00, 0x00, 0x00, 0x00, 
0x00, 0x00, 0x00, 0x74, 0xFF, 0xFF, 0x8D, 0x44, 0x44, 0x44, 0x44, 0x44, 
0x44, 0x44, 0x44, 0x44, 0x44, 0x44, 0x39, 0x00, 0x00, 0x00, 0x00, 0x32, 
0xF9, 0xFF, 0xFF, 0xFF, 0xFF, 0xFF, 0xFF, 0xFF, 0xFF, 0xFF, 0xFF, 0xFF, 
0xFF, 0xFF, 0xFF, 0xD8, 0x00, 0x00, 0x00, 0x16, 0xDE, 0xFF, 0xF4, 0xC0, 
0xC0, 0xC0, 0xC0, 0xC0, 0xC0, 0xC0, 0xC0, 0xC0, 0xC0, 0xC0, 0xC0, 0xC0, 
0xA2, 0x00, 0x00, 0x0C, 0xC9, 0xFF, 0xFF, 0x8A, 0x34, 0x34, 0x34, 0x34, 
0x34, 0x34, 0x34, 0x34, 0x34, 0x34, 0x34, 0x34, 0x05, 0x00, 0x00, 0x0E, 
0xC4, 0xFF, 0xFF, 0xFF, 0xFF, 0xFF, 0xFF, 0xFF, 0xFF, 0xFF, 0xFF, 0xFF, 
0xFF, 0xFF, 0xFF, 0xFF, 0xFF, 0x1C, 0x00, 0x00, 0x1D, 0xEB, 0xFF, 0xDA, 
0xFF, 0xFF, 0x89, 0x84, 0x84, 0x84, 0x84, 0x84, 0x84, 0x84, 0x84, 0xAA, 
0xFF, 0xFF, 0x1C, 0x00, 0x00, 0x00, 0x43, 0xA2, 0x56, 0xFF, 0xFF, 0x6F, 
0x68, 0x68, 0x68, 0x68, 0x68, 0x68, 0x68, 0x68, 0x97, 0xFF, 0xFF, 0x1C, 
0x00, 0x00, 0x00, 0x00, 0x00, 0x54, 0xFF, 0xFF, 0xFF, 0xFF, 0xFF, 0xFF, 
0xFF, 0xFF, 0xFF, 0xFF, 0xFF, 0xFF, 0xFF, 0xFF, 0x1C, 0x00, 0x00, 0x00, 
0x00, 0x00, 0x54, 0xFF, 0xFF, 0x2E, 0x24, 0x24, 0x24, 0x24, 0x24, 0x24, 
0x24, 0x24, 0x68, 0xFF, 0xFF, 0x1C, 0x00, 0x00, 0x00, 0x00, 0x00, 0x54, 
0xFF, 0xFF, 0xD6, 0xD4, 0xD4, 0xD4, 0xD4, 0xD4, 0xD4, 0xD4, 0xD4, 0xE1, 
0xFF, 0xFF, 0x1C, 0x00, 0x00, 0x00, 0x00, 0x00, 0x46, 0xD8, 0xD8, 0xFC, 
0xF2, 0xD8, 0xD8, 0xD8, 0xD8, 0xD8, 0xD8, 0xD8, 0xD8, 0xD8, 0xD8, 0x17, 
0x00, 0x00, 0x00, 0x00, 0x00, 0x00, 0x00, 0x79, 0xFF, 0xFE, 0x7D, 0x24, 
0x24, 0x24, 0x24, 0x24, 0x24, 0x24, 0x24, 0x24, 0x15, 0x00, 0x00, 0x00, 
0x00, 0x00, 0x02, 0x8C, 0xFF, 0xFF, 0xFF, 0xFF, 0xFF, 0xFF, 0xFF, 0xFF, 
0xFF, 0xFF, 0xFF, 0xFF, 0xFF, 0x9C, 0x00, 0x00, 0x00, 0x00, 0x1E, 0xC0, 
0xFF, 0xFF, 0xFF, 0xF1, 0x9D, 0x98, 0x98, 0x98, 0x98, 0x98, 0xB8, 0xFF, 
0xFF, 0xFF, 0x91, 0x00, 0x00, 0x00, 0x73, 0xF4, 0xFF, 0xFE, 0xA2, 0xEA, 
0xFF, 0xDC, 0x5F, 0x07, 0x00, 0x31, 0x9D, 0xFA, 0xFF, 0xFA, 0x7F, 0x05, 
0x00, 0x00, 0x00, 0x84, 0xFF, 0xE3, 0x44, 0x00, 0x10, 0x93, 0xFC, 0xFF, 
0xEB, 0xCF, 0xFF, 0xFF, 0xFF, 0xAD, 0x28, 0x00, 0x00, 0x00, 0x00, 0x00, 
0x0A, 0x7E, 0x0B, 0x02, 0x27, 0x62, 0x9D, 0xEA, 0xFF, 0xFF, 0xFF, 0xFF, 
0xFF, 0xE0, 0x8B, 0x5B, 0x32, 0x16, 0x01, 0x00, 0x00, 0x33, 0xA9, 0xD1, 
0xF7, 0xFF, 0xFF, 0xFF, 0xFF, 0xF8, 0xB8, 0x80, 0xC2, 0xFD, 0xFF, 0xFF, 
0xFF, 0xFF, 0xFF, 0xF9, 0x19, 0x00, 0x21, 0xFF, 0xFF, 0xFF, 0xF2, 0xBD, 
0x84, 0x45, 0x0A, 0x00, 0x00, 0x00, 0x13, 0x56, 0x97, 0xD0, 0xFC, 0xFF, 
0xE8, 0x00, 0x00, 0x00, 0x74, 0x57, 0x28, 0x02, 0x00, 0x00, 0x00, 0x00, 
0x00, 0x00, 0x00, 0x00, 0x00, 0x00, 0x00, 0x0A, 0x35, 0x46, 0x00, 0x00, 
0x05, 0x7C, 0x7C, 0x7C, 0x7C, 0x7C, 0x7C, 0x7C, 0x7C, 0x7C, 0x7C, 0x7C, 
0x7C, 0x7C, 0x7C, 0x7C, 0x3E, 0x00, 0x00, 0x00, 0x0C, 0xFF, 0xFF, 0xFF, 
0xFF, 0xFF, 0xFF, 0xFF, 0xFF, 0xFF, 0xFF, 0xFF, 0xFF, 0xFF, 0xFF, 0xFF, 
0x80, 0x00, 0x00, 0x00, 0x0A, 0xDC, 0xDC, 0xDC, 0xDC, 0xDC, 0xDC, 0xF1, 
0xFF, 0xFE, 0xDC, 0xDC, 0xDC, 0xDC, 0xDC, 0xDC, 0x6E, 0x00, 0x00, 0x00, 
0x00, 0x00, 0x00, 0x00, 0x00, 0x00, 0x00, 0x9C, 0xFF, 0xF8, 0x00, 0x00, 
0x00, 0x00, 0x00, 0x00, 0x00, 0x00, 0x00, 0x00, 0x00, 0x00, 0x00, 0x00, 
0x00, 0x00, 0x00, 0x9C, 0xFF, 0xF8, 0x00, 0x00, 0x00, 0x00, 0x00, 0x00, 
0x00, 0x00, 0x00, 0x00, 0x00, 0x00, 0x00, 0x00, 0x00, 0x00, 0x00, 0x9C, 
0xFF, 0xF8, 0x00, 0x00, 0x00, 0x00, 0x00, 0x00, 0x00, 0x00, 0x00, 0x0D, 
0x3C, 0x3C, 0x3C, 0x3C, 0x3C, 0x3C, 0x3C, 0xB3, 0xFF, 0xF9, 0x3C, 0x3C, 
0x3C, 0x3C, 0x3C, 0x3C, 0x3C, 0x28, 0x00, 0x38, 0xFF, 0xFF, 0xFF, 0xFF, 
0xFF, 0xFF, 0xFF, 0xFF, 0xFF, 0xFF, 0xFF, 0xFF, 0xFF, 0xFF, 0xFF, 0xFF, 
0xFF, 0xAC, 0x00, 0x38, 0xFF, 0xFF, 0xFF, 0xFF, 0xFF, 0xFF, 0xFF, 0xFF, 
0xFF, 0xFF, 0xFF, 0xFF, 0xFF, 0xFF, 0xFF, 0xFF, 0xFF, 0xAC, 0x00, 0x04, 
0x14, 0x14, 0x14, 0x14, 0x14, 0x14, 0x17, 0xEF, 0xFF, 0xFF, 0x72, 0x14, 
0x14, 0x14, 0x14, 0x14, 0x14, 0x0D, 0x00, 0x00, 0x00, 0x00, 0x00, 0x00, 
0x00, 0x00, 0x52, 0xFF, 0xFF, 0xFF, 0xD5, 0x04, 0x00, 0x00, 0x00, 0x00, 
0x00, 0x00, 0x00, 0x00, 0x00, 0x00, 0x00, 0x00, 0x00, 0x09, 0xD7, 0xFF, 
0xFB, 0xFF, 0xFF, 0x75, 0x00, 0x00, 0x00, 0x00, 0x00, 0x00, 0x00, 0x00, 
0x00, 0x00, 0x00, 0x00, 0x01, 0xA2, 0xFF, 0xFF, 0x67, 0xBF, 0xFF, 0xFA, 
0x42, 0x00, 0x00, 0x00, 0x00, 0x00, 0x00, 0x00, 0x00, 0x00, 0x00, 0x05, 
0x9F, 0xFF, 0xFF, 0xBD, 0x01, 0x29, 0xF9, 0xFF, 0xF5, 0x4C, 0x00, 0x00, 
0x00, 0x00, 0x00, 0x00, 0x00, 0x00, 0x21, 0xC6, 0xFF, 0xFF, 0xD1, 0x12, 
0x00, 0x00, 0x59, 0xFD, 0xFF, 0xFE, 0x8A, 0x08, 0x00, 0x00, 0x00, 0x00, 
0x05, 0x75, 0xF3, 0xFF, 0xFF, 0xD4, 0x16, 0x00, 0x00, 0x00, 0x00, 0x64, 
0xFD, 0xFF, 0xFF, 0xDD, 0x59, 0x02, 0x00, 0x55, 0xDE, 0xFF, 0xFF, 0xFF, 
0xA7, 0x0C, 0x00, 0x00, 0x00, 0x00, 0x00, 0x00, 0x49, 0xEB, 0xFF, 0xFF, 
0xFF, 0xDA, 0x31, 0x68, 0xFF, 0xFF, 0xF0, 0x69, 0x00, 0x00, 0x00, 0x00, 
0x00, 0x00, 0x00, 0x00, 0x00, 0x17, 0xAC, 0xFF, 0xFF, 0xEA, 0x0C, 0x02, 
0xC9, 0x9F, 0x16, 0x00, 0x00, 0x00, 0x00, 0x00, 0x00, 0x00, 0x00, 0x00, 
0x00, 0x00, 0x00, 0x47, 0xD2, 0x6F, 0x00, 0x00, 0x07, 0x00, 0x00, 0x00, 
0x00, 0x00, 0x00, 0x00, 0x00, 0x00, 0x00, 0x00, 0x00, 0x00, 0x00, 0x00, 
0x02, 0x04, 0x00, 0x00, 0x00, 0x00, 0x00, 0x09, 0x00, 0x00, 0x00, 0x24, 
0xAB, 0xA0, 0x33, 0x00, 0x00, 0x00, 0x00, 0x00, 0x00, 0x00, 0x00, 0x00, 
0x00, 0x00, 0x32, 0xF8, 0xBD, 0x27, 0x00, 0x37, 0xFF, 0xFF, 0x53, 0x00, 
0x00, 0x00, 0x00, 0x00, 0x00, 0x00, 0x00, 0x00, 0x00, 0x00, 0x80, 0xFF, 
0xFA, 0x10, 0x00, 0x39, 0xFF, 0xFF, 0x50, 0x00, 0x00, 0x00, 0x00, 0x00, 
0x00, 0x00, 0x00, 0x00, 0x00, 0x01, 0xDC, 0xFF, 0xD3, 0x48, 0x48, 0x72, 
0xFF, 0xFF, 0x7F, 0x48, 0x48, 0x48, 0x48, 0x48, 0x38, 0x00, 0x00, 0x00, 
0x00, 0x41, 0xFF, 0xFF, 0xFF, 0xFF, 0xFF, 0xFF, 0xFF, 0xFF, 0xFF, 0xFF, 
0xFF, 0xFF, 0xFF, 0xFF, 0xC8, 0x00, 0x00, 0x00, 0x00, 0xB4, 0xFF, 0xFF, 
0xFF, 0xFF, 0xFF, 0xFF, 0xFF, 0xFF, 0xFF, 0xFF, 0xFF, 0xFF, 0xFF, 0xFF, 
0xC8, 0x00, 0x00, 0x00, 0x31, 0xFE, 0xFF, 0x91, 0x24, 0x24, 0x24, 0x5B, 
0xFF, 0xFF, 0x60, 0x24, 0x24, 0x24, 0x24, 0x24, 0x1C, 0x00, 0x00, 0x00, 
0xC0, 0xFF, 0xF6, 0x17, 0x00, 0x00, 0x00, 0x42, 0xFF, 0xFF, 0x44, 0x00, 
0x00, 0x00, 0x00, 0x00, 0x00, 0x00, 0x00, 0x00, 0x3F, 0xCD, 0x84, 0x00, 
0x00, 0x00, 0x00, 0x47, 0xFF, 0xFF, 0x41, 0x00, 0x00, 0x00, 0x00, 0x00, 
0x00, 0x00, 0x00, 0x2A, 0xA0, 0xA1, 0xA6, 0xA0, 0xA0, 0xA0, 0xA0, 0xBC, 
0xFF, 0xFF, 0xB8, 0xA0, 0xA0, 0xA0, 0xA0, 0xA0, 0xA0, 0x7F, 0x00, 0x44, 
0xFF, 0xFF, 0xFF, 0xFF, 0xFF, 0xFF, 0xFF, 0xFF, 0xFF, 0xFF, 0xFF, 0xFF, 
0xFF, 0xFF, 0xFF, 0xFF, 0xFF, 0xCC, 0x00, 0x35, 0xC8, 0xC8, 0xC8, 0xC8, 
0xC8, 0xC8, 0xC8, 0xF4, 0xFF, 0xFF, 0xEB, 0xC8, 0xC8, 0xC8, 0xC8, 0xC8, 
0xC8, 0x9F, 0x00, 0x00, 0x00, 0x00, 0x00, 0x00, 0x00, 0x00, 0x1D, 0xF9, 
0xFF, 0xFF, 0xEC, 0x13, 0x00, 0x00, 0x00, 0x00, 0x00, 0x00, 0x00, 0x00, 
0x00, 0x00, 0x00, 0x00, 0x00, 0x03, 0xBA, 0xFF, 0xFF, 0xFF, 0xFF, 0x9D, 
0x00, 0x00, 0x00, 0x00, 0x00, 0x00, 0x00, 0x00, 0x00, 0x00, 0x00, 0x00, 
0x03, 0x9F, 0xFF, 0xFF, 0xA2, 0xA6, 0xFF, 0xFF, 0x81, 0x00, 0x00, 0x00, 
0x00, 0x00, 0x00, 0x00, 0x00, 0x00, 0x00, 0x17, 0xB9, 0xFF, 0xFF, 0xDB, 
0x0D, 0x10, 0xE1, 0xFF, 0xFF, 0x8F, 0x05, 0x00, 0x00, 0x00, 0x00, 0x00, 
0x00, 0x02, 0x62, 0xEB, 0xFF, 0xFF, 0xDD, 0x1F, 0x00, 0x00, 0x2B, 0xE7, 
0xFF, 0xFF, 0xD2, 0x42, 0x00, 0x00, 0x00, 0x03, 0x57, 0xD4, 0xFF, 0xFF, 
0xFF, 0xD1, 0x1A, 0x00, 0x00, 0x00, 0x00, 0x26, 0xE0, 0xFF, 0xFF, 0xFF, 
0xC1, 0x50, 0x04, 0x9E, 0xFF, 0xFF, 0xFF, 0xFD, 0x8C, 0x07, 0x00, 0x00, 
0x00, 0x00, 0x00, 0x00, 0x0F, 0xA0, 0xFF, 0xFF, 0xFF, 0xFF, 0x53, 0x26, 
0xF9, 0xFF, 0xC0, 0x3A, 0x00, 0x00, 0x00, 0x00, 0x00, 0x00, 0x00, 0x00, 
0x00, 0x00, 0x47, 0xCC, 0xFF, 0xC7, 0x00, 0x00, 0x64, 0x41, 0x00, 0x00, 
0x00, 0x00, 0x00, 0x00, 0x00, 0x00, 0x00, 0x00, 0x00, 0x00, 0x00, 0x00, 
0x4D, 0x33, 0x00, 0x00, 0x00, 0x00, 0x6D, 0xA2, 0x5E, 0x00, 0x00, 0x00, 
0x00, 0x00, 0x00, 0x50, 0xD1, 0x6B, 0x06, 0x00, 0x00, 0x00, 0x00, 0x00, 
0x00, 0x00, 0x00, 0xB4, 0xFF, 0x92, 0x00, 0x00, 0x00, 0x00, 0x00, 0x00, 
0xC6, 0xFF, 0xD7, 0x01, 0x00, 0x00, 0x00, 0x00, 0x00, 0x00, 0x00, 0x00, 
0xCA, 0xFF, 0x7C, 0x00, 0x00, 0x00, 0x00, 0x00, 0x48, 0xFF, 0xFF, 0x5F, 
0x00, 0x45, 0x23, 0x00, 0x00, 0x00, 0x00, 0x06, 0x08, 0xE1, 0xFF, 0x69, 
0x08, 0x08, 0x06, 0x00, 0x01, 0xCB, 0xFF, 0xD5, 0x03, 0x85, 0xFF, 0xBA, 
0x00, 0x00, 0x00, 0x00, 0xD0, 0xFF, 0xFF, 0xFF, 0xFF, 0xFF, 0xFF, 0xD4, 
0x00, 0x5A, 0xFF, 0xFF, 0x4B, 0x00, 0x2F, 0xFB, 0xFF, 0x55, 0x00, 0x00, 
0x00, 0xD0, 0xFF, 0xFF, 0xFF, 0xFF, 0xFF, 0xFF, 0xD4, 0x0C, 0xE3, 0xFF, 
0xB0, 0x00, 0x00, 0x00, 0x8F, 0xFF, 0xE2, 0x0A, 0x00, 0x00, 0x34, 0x73, 
0xFF, 0xFD, 0x43, 0x96, 0xFF, 0xD9, 0xAB, 0xFF, 0xFD, 0x6F, 0x65, 0x72, 
0x7F, 0x9C, 0xFF, 0xFF, 0x84, 0x00, 0x00, 0x00, 0x69, 0xFF, 0xDB, 0x00, 
0x8C, 0xFF, 0xF2, 0xFF, 0xFF, 0xFF, 0xFF, 0xFF, 0xFF, 0xFF, 0xFF, 0xFF, 
0xFF, 0xF7, 0x21, 0x00, 0x00, 0x93, 0xFF, 0xB1, 0x00, 0xA9, 0xFF, 0xA2, 
0xFD, 0xFF, 0xFF, 0xFE, 0xF3, 0xE4, 0xD5, 0xC7, 0xBA, 0xE7, 0xFF, 0x76, 
0x00, 0x00, 0xBD, 0xFF, 0x82, 0x00, 0xD0, 0xFF, 0x70, 0x2B, 0x1E, 0x0F, 
0x02, 0x00, 0x00, 0x00, 0x00, 0x00, 0x5B, 0x79, 0x00, 0x00, 0x01, 0xEE, 
0xFF, 0x4B, 0x04, 0xF6, 0xFF, 0x41, 0x0C, 0x20, 0x20, 0x20, 0x20, 0x20, 
0x20, 0x20, 0x20, 0x20, 0x09, 0x00, 0x00, 0x27, 0xFF, 0xFF, 0x15, 0x35, 
0xFF, 0xFD, 0x10, 0x64, 0xFF, 0xFF, 0xFF, 0xFF, 0xFF, 0xFF, 0xFF, 0xFF, 
0xFF, 0x4C, 0x00, 0x00, 0x5E, 0xFF, 0xFE, 0x75, 0x84, 0xFF, 0xC8, 0x00, 
0x64, 0xFF, 0xFF, 0xFF, 0xFF, 0xFF, 0xFF, 0xFF, 0xFF, 0xFF, 0x4C, 0x00, 
0x00, 0x1F, 0xD4, 0xFF, 0xFF, 0xFB, 0xFF, 0x77, 0x00, 0x64, 0xFF, 0xF4, 
0x0C, 0x0C, 0x0C, 0x0C, 0x1F, 0xFF, 0xFF, 0x4C, 0x00, 0x00, 0x00, 0x0E, 
0xBD, 0xFF, 0xFF, 0xFF, 0x24, 0x00, 0x64, 0xFF, 0xF4, 0x00, 0x00, 0x00, 
0x00, 0x14, 0xFF, 0xFF, 0x4C, 0x00, 0x00, 0x00, 0x00, 0x25, 0xFD, 0xFF, 
0xFF, 0xC9, 0x13, 0x64, 0xFF, 0xF4, 0x00, 0x00, 0x00, 0x00, 0x14, 0xFF, 
0xFF, 0x4C, 0x00, 0x00, 0x00, 0x08, 0xC8, 0xFF, 0xF9, 0xFF, 0xFF, 0xD6, 
0x7E, 0xFF, 0xF4, 0x00, 0x00, 0x00, 0x00, 0x14, 0xFF, 0xFF, 0x4C, 0x00, 
0x00, 0x03, 0xAD, 0xFF, 0xFD, 0x46, 0x8B, 0xFF, 0xF0, 0x7B, 0xFF, 0xFE, 
0xD8, 0xD8, 0xD8, 0xD8, 0xDB, 0xFF, 0xFF, 0x4C, 0x00, 0x02, 0xA4, 0xFF, 
0xFF, 0x75, 0x00, 0x00, 0x84, 0x6D, 0x64, 0xFF, 0xFF, 0xFF, 0xFF, 0xFF, 
0xFF, 0xFF, 0xFF, 0xFF, 0x4C, 0x00, 0x01, 0x98, 0xFF, 0x93, 0x00, 0x00, 
0x00, 0x00, 0x01, 0x64, 0xFF, 0xF7, 0x48, 0x48, 0x48, 0x48, 0x56, 0xFF, 
0xFF, 0x4C, 0x00, 0x00, 0x01, 0x5E, 0x01, 0x00, 0x00, 0x00, 0x00, 0x00, 
0x0F, 0x28, 0x26, 0x00, 0x00, 0x00, 0x00, 0x04, 0x34, 0x34, 0x0F, 0x00, 
0x00, 0x00, 0x00, 0x00, 0x00, 0x00, 0x00, 0x00, 0x00, 0x00, 0x00, 0x00, 
0x01, 0x00, 0x00, 0x00, 0x00, 0x00, 0x00, 0x00, 0x00, 0x00, 0x00, 0x00, 
0x00, 0x00, 0x66, 0x64, 0x23, 0x00, 0x00, 0x00, 0x00, 0xA3, 0xBB, 0x43, 
0x00, 0x00, 0x00, 0x00, 0x00, 0x00, 0x00, 0x00, 0x00, 0x00, 0x00, 0xEC, 
0xFF, 0x60, 0x00, 0x00, 0x00, 0x6C, 0xFF, 0xFF, 0x6B, 0x00, 0x00, 0x00, 
0x00, 0x00, 0x00, 0x00, 0x00, 0x01, 0x03, 0x00, 0xEC, 0xFF, 0x60, 0x00, 
0x00, 0x5B, 0xFD, 0xFF, 0xFC, 0xC0, 0xC0, 0xC0, 0xC0, 0xC0, 0xC0, 0x15, 
0x00, 0x6F, 0xDD, 0x59, 0x00, 0xEC, 0xFF, 0x60, 0x00, 0x6F, 0xFD, 0xFF, 
0xFF, 0xFF, 0xFF, 0xFF, 0xFF, 0xFF, 0xFF, 0xFF, 0x1C, 0x00, 0x9F, 0xFF, 
0xB6, 0x00, 0xEC, 0xFF, 0x6B, 0x9D, 0xFF, 0xFF, 0xEF, 0x34, 0x24, 0x24, 
0x24, 0x3A, 0xDD, 0xFF, 0xEB, 0x0E, 0x00, 0x47, 0xFF, 0xFB, 0x13, 0xEC, 
0xFF, 0xCA, 0xFF, 0xFF, 0xFF, 0xFF, 0xDF, 0x30, 0x00, 0x2C, 0xE0, 0xFF, 
0xF0, 0x32, 0x00, 0x00, 0x04, 0xEA, 0xFF, 0x63, 0xEC, 0xFF, 0x62, 0xB2, 
0x56, 0x58, 0xF3, 0xFF, 0x76, 0x77, 0xF6, 0xFF, 0xE7, 0x39, 0x00, 0x00, 
0x00, 0x00, 0x9F, 0xFF, 0xB5, 0xEC, 0xFF, 0x60, 0x00, 0x00, 0x00, 0x3B, 
0xEE, 0xE4, 0xFF, 0xFF, 0xBC, 0x17, 0x00, 0x00, 0x00, 0x00, 0x00, 0x53, 
0xFF, 0xF8, 0xF3, 0xFF, 0x60, 0x04, 0x44, 0x9D, 0xF4, 0xFF, 0xFF, 0xE8, 
0x66, 0x6B, 0x60, 0x1D, 0x00, 0x00, 0x00, 0x00, 0x0D, 0xA7, 0x34, 0xEC, 
0xFF, 0x60, 0xC0, 0xFF, 0xFF, 0xFF, 0xDE, 0x6F, 0x09, 0x00, 0xFC, 0xFF, 
0x54, 0x00, 0x00, 0x00, 0x00, 0x00, 0x00, 0x62, 0xFB, 0xFF, 0x60, 0x5A, 
0xF9, 0xAE, 0x4C, 0x02, 0x00, 0x00, 0x00, 0xFC, 0xFF, 0x54, 0x00, 0x00, 
0x00, 0x00, 0x09, 0x9F, 0xFF, 0xFF, 0xFF, 0x8A, 0xF8, 0xFC, 0xF8, 0xF8, 
0xF8, 0xF8, 0xF8, 0xF8, 0xFF, 0xFF, 0xFA, 0xF8, 0x9E, 0x00, 0x25, 0xD1, 
0xFF, 0xFF, 0xFF, 0xFF, 0x8C, 0xFF, 0xFF, 0xFF, 0xFF, 0xFF, 0xFF, 0xFF, 
0xFF, 0xFF, 0xFF, 0xFF, 0xFF, 0xA4, 0x28, 0xF2, 0xFF, 0xFD, 0x79, 0xEC, 
0xFF, 0x66, 0x28, 0x7B, 0xFF, 0xA9, 0x28, 0x28, 0x28, 0x28, 0xFC, 0xFF, 
0x6E, 0x28, 0x19, 0x04, 0xDB, 0xF2, 0x4D, 0x00, 0xEC, 0xFF, 0x60, 0x00, 
0xA9, 0xFF, 0xFF, 0x8A, 0x00, 0x00, 0x00, 0xFC, 0xFF, 0x54, 0x00, 0x00, 
0x00, 0x4A, 0x2D, 0x00, 0x00, 0xEC, 0xFF, 0x60, 0x00, 0x05, 0xB2, 0xFF, 
0xFF, 0x73, 0x00, 0x00, 0xFC, 0xFF, 0x54, 0x00, 0x00, 0x00, 0x00, 0x00, 
0x00, 0x00, 0xEC, 0xFF, 0x60, 0x00, 0x00, 0x08, 0xC3, 0xFB, 0x45, 0x00, 
0x00, 0xFC, 0xFF, 0x54, 0x00, 0x00, 0x00, 0x00, 0x00, 0x00, 0x00, 0xEC, 
0xFF, 0x60, 0x00, 0x00, 0x00, 0x15, 0x59, 0x0D, 0x1F, 0x5B, 0xFF, 0xFF, 
0x4D, 0x00, 0x00, 0x00, 0x00, 0x00, 0x00, 0x00, 0xEC, 0xFF, 0x60, 0x00, 
0x00, 0x00, 0x00, 0x00, 0x80, 0xFF, 0xFF, 0xFF, 0xFE, 0x23, 0x00, 0x00, 
0x00, 0x00, 0x00, 0x00, 0x00, 0xEC, 0xFF, 0x60, 0x00, 0x00, 0x00, 0x00, 
0x00, 0x29, 0xFF, 0xEE, 0xC6, 0x5D, 0x00, 0x00, 0x00, 0x00, 0x00, 0x00, 
0x00, 0x00, 0x21, 0x24, 0x0D, 0x00, 0x00, 0x00, 0x00, 0x00, 0x00, 0x06, 
0x00, 0x00, 0x00, 0x00, 0x00, 0x00, 0x00, 0x00, 0x00, 0x00, 0x50, 0x03, 
0x00, 0x00, 0x3B, 0x8D, 0x87, 0x02, 0x00, 0x00, 0x30, 0x21, 0x00, 0x00, 
0x00, 0x00, 0x00, 0x00, 0xB4, 0xFF, 0x83, 0x00, 0x00, 0x68, 0xFF, 0xFF, 
0x04, 0x00, 0x0B, 0xDC, 0xF5, 0x4B, 0x00, 0x00, 0x00, 0x00, 0x00, 0x5F, 
0xFF, 0xFC, 0x37, 0x00, 0x68, 0xFF, 0xFF, 0x04, 0x00, 0xA2, 0xFF, 0xE9, 
0x13, 0x00, 0x00, 0x00, 0x00, 0x00, 0x00, 0xB0, 0xFF, 0x72, 0x00, 0x68, 
0xFF, 0xFF, 0x04, 0x15, 0xD6, 0xFF, 0x50, 0x00, 0x00, 0x00, 0x1E, 0xF4, 
0xF4, 0xF4, 0xF8, 0xFE, 0xF4, 0xF4, 0xF8, 0xFF, 0xFF, 0xF4, 0xF4, 0xF6, 
0xFF, 0xF4, 0xF4, 0xF4, 0xB3, 0x20, 0xFF, 0xFF, 0xFF, 0xFF, 0xFF, 0xFF, 
0xFF, 0xFF, 0xFF, 0xFF, 0xFF, 0xFF, 0xFF, 0xFF, 0xFF, 0xFF, 0xFF, 0xBC, 
0x20, 0xFF, 0xFF, 0x70, 0x34, 0x34, 0x34, 0x34, 0x34, 0x34, 0x34, 0x34, 
0x34, 0x34, 0x34, 0x34, 0xCD, 0xFF, 0xBC, 0x20, 0xFF, 0xFF, 0x4C, 0x00, 
0x00, 0x00, 0x00, 0x00, 0x00, 0x00, 0x00, 0x00, 0x00, 0x00, 0x00, 0xC0, 
0xFF, 0xBC, 0x20, 0xFF, 0xFF, 0x83, 0xFC, 0xFC, 0xFC, 0xFC, 0xFC, 0xFC, 
0xFC, 0xFC, 0xFC, 0xFC, 0xFC, 0xC4, 0xC0, 0xFF, 0xBC, 0x00, 0x00, 0x00, 
0x38, 0xFF, 0xFF, 0xFF, 0xFF, 0xFF, 0xFF, 0xFF, 0xFF, 0xFF, 0xFF, 0xFF, 
0xC8, 0x00, 0x00, 0x00, 0x00, 0x00, 0x00, 0x06, 0x1C, 0x1C, 0x1C, 0x1C, 
0x1C, 0x1C, 0x1C, 0x1C, 0x1C, 0x1C, 0x1C, 0x15, 0x00, 0x00, 0x00, 0x00, 
0x00, 0x00, 0x00, 0x00, 0x00, 0x00, 0x00, 0x00, 0x00, 0x00, 0x00, 0x00, 
0x00, 0x00, 0x00, 0x00, 0x00, 0x00, 0x59, 0xE4, 0xE4, 0xE4, 0xE4, 0xE4, 
0xE4, 0xE4, 0xE4, 0xE4, 0xE4, 0xE4, 0xE4, 0xE4, 0xE4, 0xE4, 0xE4, 0xE4, 
0xE4, 0x64, 0xFF, 0xFF, 0xFF, 0xFF, 0xFF, 0xFF, 0xFF, 0xFF, 0xFF, 0xFF, 
0xFF, 0xFF, 0xFF, 0xFF, 0xFF, 0xFF, 0xFF, 0xFF, 0x12, 0x30, 0x30, 0x30, 
0x30, 0x81, 0xFF, 0xFF, 0xCB, 0x32, 0x30, 0x30, 0x8F, 0xF9, 0x5E, 0x30, 
0x30, 0x30, 0x30, 0x00, 0x00, 0x00, 0x00, 0x52, 0xF9, 0xFF, 0xD3, 0x13, 
0x00, 0x00, 0x17, 0xF1, 0xFF, 0xED, 0x32, 0x00, 0x00, 0x00, 0x00, 0x00, 
0x06, 0x82, 0xFE, 0xFF, 0xBB, 0x10, 0x00, 0x00, 0x00, 0x05, 0x45, 0xF5, 
0xFF, 0xEF, 0x30, 0x00, 0x00, 0x00, 0x19, 0xE5, 0xFF, 0xFF, 0xFF, 0xDF, 
0xE4, 0xEC, 0xF4, 0xFC, 0xFF, 0xFF, 0xFF, 0xFF, 0xFF, 0xEA, 0x29, 0x00, 
0x00, 0x01, 0xE9, 0xFF, 0xFF, 0xFF, 0xFF, 0xFF, 0xFF, 0xFF, 0xFF, 0xFF, 
0xFF, 0xF7, 0xEE, 0xFA, 0xFF, 0xE0, 0x05, 0x00, 0x00, 0x5E, 0x70, 0x5D, 
0x50, 0x43, 0x36, 0x2B, 0x20, 0x15, 0x0B, 0x01, 0x00, 0x00, 0x45, 0xF8, 
0x65, 0x00, 0x00, 0x00, 0x00, 0x00, 0x00, 0x00, 0x00, 0x00, 0x00, 0x00, 
0x00, 0x00, 0x00, 0x00, 0x00, 0x00, 0x28, 0x00, 0x00, 0x50, 0x98, 0x98, 
0x98, 0x98, 0x98, 0x98, 0x98, 0x98, 0x98, 0x98, 0x98, 0x98, 0x98, 0x98, 
0x98, 0x31, 0x00, 0x00, 0x88, 0xFF, 0xFF, 0xFF, 0xFF, 0xFF, 0xFF, 0xFF, 
0xFF, 0xFF, 0xFF, 0xFF, 0xFF, 0xFF, 0xFF, 0xFF, 0x54, 0x00, 0x00, 0x79, 
0xE4, 0xE4, 0xE4, 0xE4, 0xE4, 0xE4, 0xE4, 0xE4, 0xE4, 0xE4, 0xE4, 0xE4, 
0xE9, 0xFF, 0xFF, 0x54, 0x00, 0x00, 0x00, 0x00, 0x00, 0x00, 0x00, 0x00, 
0x00, 0x00, 0x00, 0x00, 0x00, 0x00, 0x00, 0x30, 0xFF, 0xFF, 0x54, 0x00, 
0x00, 0x04, 0x36, 0x2C, 0x12, 0x00, 0x00, 0x00, 0x00, 0x00, 0x00, 0x00, 
0x00, 0x00, 0x30, 0xFF, 0xFF, 0x54, 0x00, 0x00, 0x14, 0xFF, 0xFF, 0x7C, 
0x00, 0x00, 0x00, 0x00, 0x00, 0x00, 0x00, 0x00, 0x00, 0x30, 0xFF, 0xFF, 
0x54, 0x00, 0x00, 0x14, 0xFF, 0xFF, 0x7C, 0x00, 0x00, 0x00, 0x00, 0x00, 
0x00, 0x00, 0x00, 0x00, 0x30, 0xFF, 0xFF, 0x54, 0x00, 0x00, 0x14, 0xFF, 
0xFF, 0xD6, 0xB0, 0xB0, 0xB0, 0xB0, 0xB0, 0xB0, 0xB0, 0xB0, 0xB0, 0xBF, 
0xFF, 0xFF, 0x54, 0x00, 0x00, 0x14, 0xFF, 0xFF, 0xFF, 0xFF, 0xFF, 0xFF, 
0xFF, 0xFF, 0xFF, 0xFF, 0xFF, 0xFF, 0xFF, 0xFF, 0xFF, 0x54, 0x00, 0x00, 
0x14, 0xFF, 0xFF, 0xDA, 0xB8, 0xB8, 0xB8, 0xB8, 0xB8, 0xB8, 0xB8, 0xB8, 
0xB8, 0xB8, 0xB8, 0xB8, 0x3C, 0x00, 0x00, 0x14, 0xFF, 0xFF, 0x7C, 0x00, 
0x00, 0x00, 0x00, 0x00, 0x00, 0x00, 0x00, 0x00, 0x00, 0x00, 0x00, 0x00, 
0x00, 0x00, 0x14, 0xFF, 0xFF, 0x7C, 0x00, 0x00, 0x00, 0x00, 0x00, 0x00, 
0x00, 0x00, 0x00, 0x00, 0x00, 0x00, 0x00, 0x00, 0x00, 0x14, 0xFF, 0xFF, 
0x7C, 0x00, 0x00, 0x00, 0x00, 0x00, 0x00, 0x00, 0x00, 0x00, 0x00, 0x00, 
0x13, 0x18, 0x00, 0x00, 0x14, 0xFF, 0xFF, 0x7C, 0x00, 0x00, 0x00, 0x00, 
0x00, 0x00, 0x00, 0x00, 0x00, 0x00, 0x00, 0x54, 0xFD, 0xC2, 0x22, 0x14, 
0xFF, 0xFF, 0x7D, 0x00, 0x00, 0x00, 0x00, 0x00, 0x00, 0x00, 0x00, 0x00, 
0x00, 0x00, 0x6D, 0xFF, 0xFF, 0x29, 0x0D, 0xFF, 0xFF, 0x9E, 0x00, 0x00, 
0x00, 0x00, 0x00, 0x00, 0x00, 0x00, 0x00, 0x00, 0x00, 0xAC, 0xFF, 0xFA, 
0x07, 0x01, 0xF3, 0xFF, 0xFF, 0xB6, 0x98, 0x8D, 0x83, 0x7F, 0x7C, 0x7F, 
0x85, 0x8E, 0x9B, 0xC5, 0xFF, 0xFF, 0xC3, 0x00, 0x00, 0x9F, 0xFF, 0xFF, 
0xFF, 0xFF, 0xFF, 0xFF, 0xFF, 0xFF, 0xFF, 0xFF, 0xFF, 0xFF, 0xFF, 0xFF, 
0xFF, 0x5C, 0x00, 0x00, 0x08, 0x77, 0xB9, 0xD4, 0xE2, 0xEB, 0xF0, 0xF2, 
0xF3, 0xF0, 0xEC, 0xE5, 0xDE, 0xCF, 0xB0, 0x5C, 0x00, 0x00, 0x00, 0x00, 
0x00, 0x00, 0x00, 0x00, 0x00, 0x00, 0x43, 0x7C, 0x84, 0x00, 0x00, 0x00, 
0x00, 0x00, 0x00, 0x00, 0x00, 0x00, 0x00, 0x00, 0x00, 0x00, 0x00, 0x00, 
0x00, 0x00, 0x8E, 0xFF, 0xFE, 0x19, 0x00, 0x00, 0x00, 0x00, 0x00, 0x00, 
0x00, 0x00, 0x3A, 0x4C, 0x4C, 0x4C, 0x4C, 0x4C, 0x4C, 0x4C, 0x83, 0xFF, 
0xFF, 0x8A, 0x4C, 0x4C, 0x4C, 0x4C, 0x4C, 0x4C, 0x4C, 0x14, 0xC4, 0xFF, 
0xFF, 0xFF, 0xFF, 0xFF, 0xFF, 0xFF, 0xFF, 0xFF, 0xFF, 0xFF, 0xFF, 0xFF, 
0xFF, 0xFF, 0xFF, 0xFF, 0xFF, 0x44, 0xBD, 0xF8, 0xF8, 0xF8, 0xF8, 0xF8, 
0xF8, 0xF8, 0xFB, 0xFF, 0xFF, 0xF8, 0xF8, 0xF8, 0xF8, 0xF8, 0xF8, 0xF8, 
0xF8, 0x41, 0x00, 0x00, 0x00, 0x00, 0x00, 0x00, 0x00, 0x00, 0x70, 0xFF, 
0xF8, 0x00, 0x00, 0x00, 0x00, 0x00, 0x00, 0x00, 0x00, 0x00, 0x00, 0x00, 
0x00, 0x00, 0x00, 0x00, 0x00, 0x00, 0x70, 0xFF, 0xF8, 0x00, 0x00, 0x00, 
0x00, 0x00, 0x00, 0x00, 0x00, 0x00, 0x00, 0x05, 0xB0, 0xB0, 0xB0, 0xB0, 
0xB0, 0xB0, 0xD3, 0xFF, 0xFD, 0xB0, 0xB0, 0xB0, 0xB0, 0xB0, 0xB0, 0x63, 
0x00, 0x00, 0x00, 0x08, 0xFF, 0xFF, 0xFF, 0xFF, 0xFF, 0xFF, 0xFF, 0xFF, 
0xFF, 0xFF, 0xFF, 0xFF, 0xFF, 0xFF, 0xFF, 0x90, 0x00, 0x00, 0x00, 0x08, 
0xFF, 0xFF, 0xCB, 0xB0, 0xB0, 0xB0, 0xD3, 0xFF, 0xFD, 0xB0, 0xB0, 0xB0, 
0xB0, 0xF4, 0xFF, 0x90, 0x00, 0x00, 0x00, 0x08, 0xFF, 0xFF, 0x58, 0x00, 
0x00, 0x00, 0x70, 0xFF, 0xF8, 0x00, 0x00, 0x00, 0x00, 0xDC, 0xFF, 0x90, 
0x00, 0x00, 0x00, 0x08, 0xFF, 0xFF, 0x58, 0x00, 0x00, 0x00, 0x70, 0xFF, 
0xF8, 0x00, 0x00, 0x00, 0x00, 0xDC, 0xFF, 0x90, 0x00, 0x00, 0x00, 0x08, 
0xFF, 0xFF, 0x58, 0x00, 0x00, 0x00, 0x70, 0xFF, 0xF8, 0x00, 0x00, 0x00, 
0x00, 0xDC, 0xFF, 0x90, 0x00, 0x00, 0x00, 0x08, 0xFF, 0xFF, 0x58, 0x00, 
0x00, 0x00, 0x70, 0xFF, 0xF8, 0x00, 0x00, 0x00, 0x00, 0xDC, 0xFF, 0x90, 
0x00, 0x00, 0x00, 0x08, 0xFF, 0xFF, 0x58, 0x00, 0x00, 0x00, 0x70, 0xFF, 
0xF8, 0x00, 0x00, 0x00, 0x00, 0xDF, 0xFF, 0x90, 0x00, 0x00, 0x00, 0x08, 
0xFF, 0xFF, 0x58, 0x00, 0x00, 0x00, 0x70, 0xFF, 0xF8, 0x00, 0x24, 0x59, 
0x7E, 0xFD, 0xFF, 0x89, 0x00, 0x00, 0x00, 0x08, 0xFF, 0xFF, 0x58, 0x00, 
0x00, 0x00, 0x70, 0xFF, 0xF8, 0x00, 0x47, 0xFF, 0xFF, 0xFF, 0xFF, 0x62, 
0x00, 0x00, 0x00, 0x08, 0xFF, 0xFF, 0x58, 0x00, 0x00, 0x00, 0x70, 0xFF, 
0xF8, 0x00, 0x06, 0xF2, 0xFE, 0xE3, 0x95, 0x06, 0x00, 0x00, 0x00, 0x00, 
0x18, 0x18, 0x08, 0x00, 0x00, 0x00, 0x70, 0xFF, 0xF8, 0x00, 0x00, 0x13, 
0x06, 0x00, 0x00, 0x00, 0x00, 0x00, 0x00, 0x00, 0x00, 0x00, 0x00, 0x00, 
0x00, 0x00, 0x70, 0xFF, 0xF8, 0x00, 0x00, 0x00, 0x00, 0x00, 0x00, 0x00, 
0x00, 0x00, 0x00, 0x00, 0x00, 0x00, 0x00, 0x00, 0x00, 0x00, 0x0C, 0x1C, 
0x1B, 0x00, 0x00, 0x00, 0x00, 0x00, 0x00, 0x00, 0x00, 0x00, 0x00, 0x00, 
0x00, 0x00, 0x00, 0x00, 0x00, 0x00, 0x00, 0x00, 0x4C, 0x85, 0x74, 0x00, 
0x00, 0x00, 0x00, 0x00, 0x00, 0x00, 0x00, 0x00, 0x00, 0x00, 0x00, 0x00, 
0x00, 0x00, 0x00, 0x00, 0x00, 0x96, 0xFF, 0xF3, 0x0A, 0x00, 0x00, 0x00, 
0x00, 0x00, 0x00, 0x00, 0x00, 0x00, 0x5A, 0xC8, 0xC8, 0xC8, 0xC8, 0xC8, 
0xC8, 0xC8, 0xDE, 0xFF, 0xFF, 0xD3, 0xC8, 0xC8, 0xC8, 0xC8, 0xC8, 0xC1, 
0x00, 0x00, 0x00, 0x74, 0xFF, 0xFF, 0xFF, 0xFF, 0xFF, 0xFF, 0xFF, 0xFF, 
0xFF, 0xFF, 0xFF, 0xFF, 0xFF, 0xFF, 0xFF, 0xFF, 0xF8, 0x00, 0x00, 0x00, 
0x74, 0xFF, 0xED, 0x58, 0x58, 0x5C, 0x85, 0x7B, 0x5D, 0x58, 0x58, 0x58, 
0x6B, 0x82, 0x76, 0x58, 0x58, 0x55, 0x00, 0x00, 0x00, 0x74, 0xFF, 0xE4, 
0x00, 0x00, 0x14, 0xFF, 0xFF, 0x34, 0x00, 0x00, 0x00, 0x64, 0xFF, 0xF0, 
0x00, 0x00, 0x00, 0x00, 0x00, 0x00, 0x74, 0xFF, 0xE4, 0x80, 0xD8, 0xDB, 
0xFF, 0xFF, 0xE0, 0xD8, 0xD8, 0xD8, 0xE7, 0xFF, 0xFD, 0xD8, 0xD8, 0xC3, 
0x00, 0x00, 0x00, 0x74, 0xFF, 0xE4, 0x98, 0xFF, 0xFF, 0xFF, 0xFF, 0xFF, 
0xFF, 0xFF, 0xFF, 0xFF, 0xFF, 0xFF, 0xFF, 0xFF, 0xE8, 0x00, 0x00, 0x00, 
0x74, 0xFF, 0xE4, 0x1A, 0x2C, 0x3C, 0xFF, 0xFF, 0x57, 0x2C, 0x2C, 0x2C, 
0x7E, 0xFF, 0xF2, 0x2C, 0x2C, 0x27, 0x00, 0x00, 0x00, 0x76, 0xFF, 0xE3, 
0x00, 0x00, 0x14, 0xFF, 0xFF, 0xD3, 0xC8, 0xC8, 0xC8, 0xDD, 0xFF, 0xF0, 
0x00, 0x00, 0x00, 0x00, 0x00, 0x00, 0x78, 0xFF, 0xDE, 0x00, 0x00, 0x14, 
0xFF, 0xFF, 0xFF, 0xFF, 0xFF, 0xFF, 0xFF, 0xFF, 0xF0, 0x00, 0x00, 0x00, 
0x00, 0x00, 0x00, 0x7F, 0xFF, 0xD8, 0x00, 0x00, 0x02, 0x24, 0x24, 0x24, 
0x24, 0x24, 0x24, 0x24, 0x24, 0x21, 0x00, 0x00, 0x00, 0x00, 0x00, 0x00, 
0x8C, 0xFF, 0xCC, 0x00, 0xE8, 0xF0, 0xF0, 0xF0, 0xF0, 0xF0, 0xF0, 0xF0, 
0xF0, 0xF0, 0xF0, 0xF0, 0x69, 0x00, 0x00, 0x00, 0x00, 0xA1, 0xFF, 0xB6, 
0x00, 0xEB, 0xFF, 0xFF, 0xFA, 0xF0, 0xF0, 0xF0, 0xF0, 0xF0, 0xFB, 0xFF, 
0xFF, 0x6F, 0x00, 0x00, 0x00, 0x00, 0xC4, 0xFF, 0x98, 0x00, 0x02, 0x9B, 
0xFF, 0xF5, 0x56, 0x00, 0x00, 0x00, 0x72, 0xFB, 0xFF, 0xCB, 0x12, 0x00, 
0x00, 0x00, 0x05, 0xF4, 0xFF, 0x6B, 0x00, 0x00, 0x01, 0x90, 0xFF, 0xFF, 
0x9D, 0x45, 0xC5, 0xFF, 0xFF, 0xBA, 0x0E, 0x00, 0x00, 0x00, 0x00, 0x46, 
0xFF, 0xFF, 0x2D, 0x00, 0x00, 0x00, 0x00, 0x72, 0xFF, 0xFF, 0xFF, 0xFF, 
0xFE, 0x74, 0x01, 0x00, 0x00, 0x00, 0x00, 0x00, 0xAD, 0xFF, 0xDD, 0x00, 
0x1B, 0x4D, 0x85, 0xC3, 0xFB, 0xFF, 0xFF, 0xFF, 0xFF, 0xFF, 0xF0, 0xB6, 
0x83, 0x59, 0x34, 0x10, 0x29, 0xFD, 0xFF, 0x77, 0xD2, 0xFF, 0xFF, 0xFF, 
0xFF, 0xFF, 0xD8, 0x7B, 0x44, 0xA2, 0xF4, 0xFF, 0xFF, 0xFF, 0xFF, 0xFF, 
0x78, 0x29, 0xC6, 0xEE, 0x0E, 0x79, 0xFF, 0xF8, 0xBF, 0x78, 0x2C, 0x00, 
0x00, 0x00, 0x00, 0x08, 0x4B, 0x8D, 0xC9, 0xF8, 0xFF, 0x2A, 0x00, 0x00, 
0x27, 0x00, 0x10, 0x3D, 0x07, 0x00, 0x00, 0x00, 0x00, 0x00, 0x00, 0x00, 
0x00, 0x00, 0x00, 0x00, 0x04, 0x2C, 0x00, 0x00, 0x00, 0x57, 0x74, 0x74, 
0x74, 0x74, 0x74, 0x74, 0x74, 0x74, 0x74, 0x74, 0x74, 0x74, 0x74, 0x74, 
0x74, 0x74, 0x30, 0x00, 0x00, 0x00, 0xC0, 0xFF, 0xFF, 0xFF, 0xFF, 0xFF, 
0xFF, 0xFF, 0xFF, 0xFF, 0xFF, 0xFF, 0xFF, 0xFF, 0xFF, 0xFF, 0xFF, 0x6C, 
0x00, 0x00, 0x00, 0xAB, 0xE4, 0xE4, 0xE7, 0xFF, 0xFF, 0xF0, 0xE4, 0xE4, 
0xE4, 0xE4, 0xF2, 0xFF, 0xFF, 0xE4, 0xE4, 0xE4, 0x60, 0x00, 0x00, 0x00, 
0x00, 0x00, 0x00, 0x1C, 0xFF, 0xFF, 0x74, 0x00, 0x00, 0x00, 0x00, 0x88, 
0xFF, 0xFF, 0x04, 0x00, 0x00, 0x00, 0x00, 0x00, 0x00, 0x00, 0x00, 0x00, 
0x1C, 0xFF, 0xFF, 0x74, 0x00, 0x00, 0x00, 0x00, 0x88, 0xFF, 0xFF, 0x04, 
0x00, 0x00, 0x00, 0x00, 0x00, 0x00, 0x00, 0x00, 0x00, 0x1C, 0xFF, 0xFF, 
0x74, 0x00, 0x00, 0x00, 0x00, 0x88, 0xFF, 0xFF, 0x04, 0x00, 0x00, 0x00, 
0x00, 0x00, 0x00, 0x00, 0x00, 0x00, 0x1C, 0xFF, 0xFF, 0x74, 0x00, 0x00, 
0x00, 0x00, 0x88, 0xFF, 0xFF, 0x04, 0x00, 0x00, 0x00, 0x00, 0x00, 0x00, 
0x00, 0x00, 0x00, 0x1C, 0xFF, 0xFF, 0x74, 0x00, 0x00, 0x00, 0x00, 0x88, 
0xFF, 0xFF, 0x04, 0x00, 0x00, 0x00, 0x00, 0x03, 0xC0, 0xC0, 0xC0, 0xC0, 
0xC7, 0xFF, 0xFF, 0xDD, 0xC0, 0xC0, 0xC0, 0xC0, 0xE2, 0xFF, 0xFF, 0xC1, 
0xC0, 0xC0, 0xC0, 0x57, 0x04, 0xFF, 0xFF, 0xFF, 0xFF, 0xFF, 0xFF, 0xFF, 
0xFF, 0xFF, 0xFF, 0xFF, 0xFF, 0xFF, 0xFF, 0xFF, 0xFF, 0xFF, 0xFF, 0xFF, 
0x74, 0x02, 0x98, 0x98, 0x98, 0x98, 0xAE, 0xFF, 0xFF, 0xBA, 0x98, 0x98, 
0x98, 0x98, 0xCF, 0xFF, 0xFF, 0x99, 0x98, 0x98, 0x98, 0x44, 0x00, 0x00, 
0x00, 0x00, 0x00, 0x51, 0xFF, 0xFF, 0x3E, 0x00, 0x00, 0x00, 0x00, 0x88, 
0xFF, 0xFF, 0x04, 0x00, 0x00, 0x00, 0x00, 0x00, 0x00, 0x00, 0x00, 0x00, 
0x86, 0xFF, 0xFF, 0x19, 0x00, 0x00, 0x00, 0x00, 0x88, 0xFF, 0xFF, 0x04, 
0x00, 0x00, 0x00, 0x00, 0x00, 0x00, 0x00, 0x00, 0x03, 0xDB, 0xFF, 0xDB, 
0x00, 0x00, 0x00, 0x00, 0x00, 0x88, 0xFF, 0xFF, 0x04, 0x00, 0x00, 0x00, 
0x00, 0x00, 0x00, 0x00, 0x00, 0x69, 0xFF, 0xFF, 0x83, 0x00, 0x00, 0x00, 
0x00, 0x00, 0x88, 0xFF, 0xFF, 0x04, 0x00, 0x00, 0x00, 0x00, 0x00, 0x00, 
0x00, 0x39, 0xF6, 0xFF, 0xEF, 0x16, 0x00, 0x00, 0x00, 0x00, 0x00, 0x88, 
0xFF, 0xFF, 0x04, 0x00, 0x00, 0x00, 0x00, 0x00, 0x00, 0x3B, 0xEF, 0xFF, 
0xFF, 0x5A, 0x00, 0x00, 0x00, 0x00, 0x00, 0x00, 0x88, 0xFF, 0xFF, 0x04, 
0x00, 0x00, 0x00, 0x00, 0x00, 0x1B, 0xF5, 0xFF, 0xFF, 0x80, 0x00, 0x00, 
0x00, 0x00, 0x00, 0x00, 0x00, 0x88, 0xFF, 0xFF, 0x04, 0x00, 0x00, 0x00, 
0x00, 0x00, 0x00, 0x5C, 0xFC, 0x86, 0x00, 0x00, 0x00, 0x00, 0x00, 0x00, 
0x00, 0x00, 0x88, 0xFF, 0xFF, 0x04, 0x00, 0x00, 0x00, 0x00, 0x00, 0x00, 
0x00, 0x29, 0x00, 0x00, 0x00, 0x00, 0x00, 0x00, 0x00, 0x00, 0x00, 0x1B, 
0x34, 0x34, 0x00, 0x00, 0x00, 0x00, 0x00, 0x00, 0x00, 0x00, 0x00, 0x00, 
0x5F, 0x30, 0x00, 0x00, 0x00, 0x00, 0x00, 0x00, 0x00, 0x00, 0x00, 0x00, 
0x00, 0x00, 0x00, 0x00, 0x00, 0x00, 0x00, 0x00, 0x31, 0xF8, 0xF9, 0x48, 
0xAE, 0xE4, 0xE4, 0xE4, 0xE4, 0xE4, 0xE4, 0xE4, 0xE4, 0xE4, 0xCB, 0x00, 
0x00, 0x00, 0x00, 0x00, 0x1A, 0xE3, 0xFF, 0xE0, 0x0E, 0xC4, 0xFF, 0xFC, 
0xF8, 0xF8, 0xF8, 0xF8, 0xF8, 0xFB, 0xFF, 0xE4, 0x00, 0x00, 0x00, 0x00, 
0x21, 0xDC, 0xFF, 0xF7, 0x35, 0x00, 0xC4, 0xFF, 0x90, 0x00, 0x00, 0x00, 
0x00, 0x00, 0x70, 0xFF, 0xE4, 0x00, 0x00, 0x00, 0x2B, 0xE5, 0xFF, 0xFD, 
0x57, 0x00, 0x00, 0xC4, 0xFF, 0xFE, 0xFC, 0xFC, 0xFC, 0xFC, 0xFC, 0xFD, 
0xFF, 0xE4, 0x00, 0x00, 0x00, 0xA6, 0xFF, 0xFE, 0x64, 0x35, 0x16, 0x00, 
0xC4, 0xFF, 0xF0, 0xDC, 0xDC, 0xDC, 0xDC, 0xDC, 0xEB, 0xFF, 0xE4, 0x00, 
0x00, 0x00, 0x1F, 0xEF, 0x5D, 0x0A, 0xE0, 0xEE, 0x3F, 0xC4, 0xFF, 0xA1, 
0x28, 0x28, 0x28, 0x28, 0x28, 0x86, 0xFF, 0xE4, 0x00, 0x00, 0x00, 0x00, 
0x15, 0x00, 0x9A, 0xFF, 0xF5, 0x19, 0xC4, 0xFF, 0xFF, 0xFF, 0xFF, 0xFF, 
0xFF, 0xFF, 0xFF, 0xFF, 0xE4, 0x00, 0x00, 0x00, 0x00, 0x00, 0x5E, 0xFF, 
0xFF, 0x72, 0x00, 0x8C, 0xB8, 0xB8, 0xB8, 0xB8, 0xB8, 0xB8, 0xB8, 0xB8, 
0xB8, 0xA3, 0x00, 0x00, 0x00, 0x00, 0x3B, 0xF7, 0xFF, 0xE0, 0x02, 0x20, 
0x40, 0x40, 0x40, 0x40, 0x40, 0x40, 0x40, 0x40, 0x40, 0x40, 0x40, 0x3A, 
0x00, 0x00, 0x27, 0xEC, 0xFF, 0xFF, 0xD4, 0x00, 0x80, 0xFF, 0xFF, 0xFF, 
0xFF, 0xFF, 0xFF, 0xFF, 0xFF, 0xFF, 0xFF, 0xFF, 0xE8, 0x00, 0x26, 0xE5, 
0xFF, 0xFF, 0xFF, 0xD4, 0x00, 0x60, 0xC0, 0xC0, 0xC0, 0xC0, 0xC0, 0xC0, 
0xC0, 0xDA, 0xFF, 0xF9, 0xC0, 0xAE, 0x00, 0x63, 0xFF, 0xFD, 0xBD, 0xFF, 
0xD4, 0x0D, 0x2C, 0x2C, 0x2C, 0x2C, 0x2C, 0x2C, 0x2C, 0x2C, 0x82, 0xFF, 
0xE8, 0x2C, 0x2C, 0x17, 0x05, 0xDD, 0x61, 0x70, 0xFF, 0xD4, 0x50, 0xFF, 
0xFF, 0xFF, 0xFF, 0xFF, 0xFF, 0xFF, 0xFF, 0xFF, 0xFF, 0xFF, 0xFF, 0xFF, 
0x88, 0x00, 0x15, 0x00, 0x70, 0xFF, 0xD4, 0x46, 0xE0, 0xE4, 0xFF, 0xFE, 
0xE0, 0xE0, 0xE0, 0xE0, 0xED, 0xFF, 0xFC, 0xE0, 0xE0, 0x77, 0x00, 0x00, 
0x00, 0x70, 0xFF, 0xD4, 0x00, 0x00, 0x80, 0xFF, 0xFF, 0x9B, 0x06, 0x00, 
0x00, 0x68, 0xFF, 0xE4, 0x00, 0x00, 0x00, 0x00, 0x00, 0x00, 0x70, 0xFF, 
0xD4, 0x00, 0x00, 0x08, 0xA7, 0xFF, 0xFF, 0xAF, 0x00, 0x00, 0x69, 0xFF, 
0xE4, 0x00, 0x00, 0x00, 0x00, 0x00, 0x00, 0x70, 0xFF, 0xD4, 0x00, 0x00, 
0x00, 0x01, 0x85, 0xFD, 0x56, 0x25, 0x38, 0xB5, 0xFF, 0xE1, 0x00, 0x00, 
0x00, 0x00, 0x00, 0x00, 0x70, 0xFF, 0xD4, 0x00, 0x00, 0x00, 0x00, 0x00, 
0x2E, 0x05, 0xEB, 0xFF, 0xFF, 0xFF, 0xC0, 0x00, 0x00, 0x00, 0x00, 0x00, 
0x00, 0x70, 0xFF, 0xD4, 0x00, 0x00, 0x00, 0x00, 0x00, 0x00, 0x00, 0x96, 
0xFE, 0xEA, 0xBB, 0x2F, 0x00, 0x00, 0x00, 0x00, 0x00, 0x00, 0x07, 0x10, 
0x0D, 0x00, 0x00, 0x00, 0x00, 0x00, 0x00, 0x00, 0x07, 0x05, 0x00, 0x00, 
0x00, 0x00, 0x00, 0x00, 0x00, 0x00, 0x00, 0x37, 0xA2, 0x83, 0x00, 0x00, 
0x00, 0x51, 0xAB, 0x82, 0x00, 0x00, 0x00, 0x00, 0x00, 0x00, 0x00, 0x00, 
0x00, 0x00, 0x00, 0x00, 0x54, 0xFF, 0xDC, 0x00, 0x00, 0x00, 0x7A, 0xFF, 
0xC3, 0x00, 0x00, 0x00, 0x00, 0x00, 0x00, 0x00, 0x00, 0x00, 0x00, 0x00, 
0x00, 0x54, 0xFF, 0xDC, 0x00, 0x23, 0x6C, 0xB5, 0xFF, 0xD8, 0x6C, 0x6C, 
0x6C, 0x6C, 0x6C, 0x6C, 0x6C, 0x6C, 0x06, 0x00, 0x09, 0x20, 0x5C, 0xFF, 
0xDC, 0x05, 0x54, 0xFF, 0xFF, 0xFF, 0xFF, 0xFF, 0xFF, 0xFF, 0xFF, 0xFF, 
0xFF, 0xFF, 0xFF, 0x10, 0x00, 0x49, 0xFF, 0xDE, 0xFF, 0xF5, 0xD9, 0x52, 
0xC0, 0xE7, 0xFF, 0xE5, 0xC0, 0xC0, 0xC0, 0xC0, 0xC0, 0xC0, 0xC0, 0xC0, 
0x0C, 0x00, 0x68, 0xFF, 0xBE, 0xFF, 0xFF, 0xFF, 0xB1, 0x00, 0xB1, 0xFF, 
0x86, 0x00, 0x28, 0x69, 0x3E, 0x00, 0x00, 0x00, 0x00, 0x00, 0x00, 0x8C, 
0xFF, 0x9E, 0xFF, 0xE4, 0xD9, 0xFF, 0x61, 0xCD, 0xFF, 0x6C, 0x00, 0x5C, 
0xFF, 0xA8, 0x00, 0x00, 0x00, 0x00, 0x00, 0x00, 0xB1, 0xFF, 0x7E, 0xFF, 
0xDC, 0x39, 0xDC, 0x1E, 0xF2, 0xFF, 0x6E, 0x00, 0x5C, 0xFF, 0xA8, 0x00, 
0x0E, 0xA6, 0x38, 0x00, 0x00, 0xDB, 0xFC, 0x5C, 0xFF, 0xDC, 0x00, 0x0B, 
0x1E, 0xFF, 0xFF, 0xFE, 0x25, 0x5C, 0xFF, 0xA7, 0x00, 0x72, 0xFF, 0xA7, 
0x00, 0x09, 0xFD, 0xD5, 0x54, 0xFF, 0xDC, 0x00, 0x00, 0x54, 0xFF, 0xFF, 
0xFF, 0x96, 0x63, 0xFF, 0xA6, 0x07, 0xE2, 0xFF, 0x39, 0x00, 0x35, 0xFF, 
0xA7, 0x54, 0xFF, 0xDC, 0x00, 0x00, 0x96, 0xFF, 0xC8, 0xFA, 0xF5, 0x87, 
0xFF, 0xBC, 0x70, 0xFF, 0xC8, 0x00, 0x00, 0x40, 0xD1, 0x72, 0x54, 0xFF, 
0xDC, 0x00, 0x03, 0xE5, 0xFF, 0x6A, 0xA8, 0xFF, 0xF4, 0xFF, 0xF0, 0xE9, 
0xFF, 0x44, 0x00, 0x00, 0x00, 0x00, 0x00, 0x54, 0xFF, 0xDC, 0x00, 0x4D, 
0xFF, 0xFD, 0x1D, 0x41, 0xD6, 0xF0, 0xFF, 0xFF, 0xAE, 0xB2, 0x00, 0x00, 
0x00, 0x00, 0x00, 0x00, 0x54, 0xFF, 0xDC, 0x00, 0xB3, 0xFF, 0xB8, 0x00, 
0x00, 0x31, 0xFF, 0xFF, 0xFF, 0xA8, 0x00, 0x00, 0x00, 0x00, 0x00, 0x00, 
0x00, 0x54, 0xFF, 0xDC, 0x39, 0xFF, 0xFF, 0x4D, 0x00, 0x00, 0xA9, 0xFF, 
0xC8, 0xF9, 0xFD, 0x37, 0x00, 0x00, 0x00, 0x00, 0x00, 0x00, 0x54, 0xFF, 
0xDC, 0xC4, 0xFF, 0xD0, 0x00, 0x00, 0x59, 0xFF, 0xFF, 0x39, 0x98, 0xFF, 
0xD6, 0x0F, 0x00, 0x00, 0x00, 0x00, 0x00, 0x54, 0xFF, 0xFD, 0xFF, 0xFF, 
0x4B, 0x00, 0x52, 0xFA, 0xFF, 0x99, 0x00, 0x15, 0xE8, 0xFF, 0xC5, 0x0C, 
0x00, 0x00, 0x00, 0x00, 0x54, 0xFF, 0xEA, 0xC5, 0xB7, 0x03, 0x7F, 0xFC, 
0xFF, 0xCB, 0x0A, 0x00, 0x00, 0x48, 0xFC, 0xFF, 0xD4, 0x26, 0x00, 0x00, 
0x00, 0x54, 0xFF, 0xDC, 0x02, 0x13, 0x7D, 0xFF, 0xFF, 0xCB, 0x10, 0x00, 
0x00, 0x00, 0x00, 0x5F, 0xFE, 0xFF, 0x93, 0x00, 0x00, 0x00, 0x54, 0xFF, 
0xDC, 0x00, 0x00, 0x0D, 0xD9, 0xA4, 0x0A, 0x00, 0x00, 0x00, 0x00, 0x00, 
0x00, 0x50, 0xD5, 0x0E, 0x00, 0x00, 0x00, 0x09, 0x1C, 0x18, 0x00, 0x00, 
0x00, 0x14, 0x00, 0x00, 0x00, 0x00, 0x00, 0x00, 0x00, 0x00, 0x00, 0x04, 
0x00, 0x00, 0x00, 0x00, 0x00, 0x00, 0x00, 0x00, 0x00, 0x4B, 0xD5, 0xA8, 
0x24, 0x00, 0x00, 0x00, 0x00, 0x00, 0x00, 0x00, 0x00, 0x00, 0x00, 0x00, 
0x00, 0x05, 0x08, 0x08, 0x08, 0x08, 0x9B, 0xFF, 0xFB, 0x17, 0x08, 0x08, 
0x08, 0x08, 0x08, 0x06, 0x00, 0x00, 0x00, 0x00, 0x00, 0x00, 0xB4, 0xFF, 
0xFF, 0xFF, 0xFF, 0xFF, 0xFF, 0xFF, 0xFF, 0xFF, 0xFF, 0xFF, 0xFF, 0xFF, 
0xCC, 0x00, 0x00, 0x00, 0x00, 0x00, 0x00, 0xB4, 0xFF, 0xF0, 0xDC, 0xDC, 
0xDC, 0xDC, 0xDC, 0xDC, 0xDC, 0xDC, 0xDC, 0xF0, 0xFF, 0xCC, 0x00, 0x00, 
0x00, 0x00, 0x00, 0x00, 0xB4, 0xFF, 0x90, 0x00, 0x00, 0x00, 0x00, 0x00, 
0x00, 0x00, 0x00, 0x00, 0x90, 0xFF, 0xCC, 0x00, 0x00, 0x00, 0x00, 0x00, 
0x00, 0xB4, 0xFF, 0xFE, 0xFC, 0xFC, 0xFC, 0xFC, 0xFC, 0xFC, 0xFC, 0xFC, 
0xFC, 0xFE, 0xFF, 0xCC, 0x00, 0x00, 0x00, 0x00, 0x00, 0x00, 0xB4, 0xFF, 
0xE9, 0xCC, 0xCC, 0xCC, 0xCC, 0xCC, 0xCC, 0xCC, 0xCC, 0xCC, 0xE9, 0xFF, 
0xCC, 0x00, 0x00, 0x00, 0x00, 0x00, 0x00, 0xB4, 0xFF, 0x95, 0x0C, 0x0C, 
0x0C, 0x0C, 0x0C, 0x0C, 0x0C, 0x0C, 0x0C, 0x95, 0xFF, 0xCC, 0x00, 0x00, 
0x00, 0x00, 0x00, 0x00, 0xB4, 0xFF, 0xFF, 0xFF, 0xFF, 0xFF, 0xFF, 0xFF, 
0xFF, 0xFF, 0xFF, 0xFF, 0xFF, 0xFF, 0xCC, 0x00, 0x00, 0x00, 0x00, 0x00, 
0x00, 0xB4, 0xFF, 0xE4, 0xC0, 0xC0, 0xC0, 0xC0, 0xC0, 0xC0, 0xC0, 0xC0, 
0xC0, 0xE4, 0xFF, 0xCC, 0x00, 0x00, 0x00, 0x00, 0x00, 0x00, 0xB4, 0xFF, 
0x98, 0x14, 0x14, 0x14, 0x14, 0x14, 0x14, 0x14, 0x14, 0x14, 0x98, 0xFF, 
0xCC, 0x00, 0x00, 0x00, 0x00, 0x00, 0x00, 0xB4, 0xFF, 0xFF, 0xFF, 0xFF, 
0xFF, 0xFF, 0xFF, 0xFF, 0xFF, 0xFF, 0xFF, 0xFF, 0xFF, 0xCC, 0x00, 0x00, 
0x00, 0x00, 0x00, 0x00, 0x95, 0xD4, 0xD4, 0xD4, 0xD4, 0xD4, 0xD4, 0xF3, 
0xDE, 0xD4, 0xD4, 0xD4, 0xD4, 0xD4, 0xA8, 0x00, 0x00, 0x00, 0x00, 0x00, 
0x08, 0x60, 0x10, 0x0F, 0x4D, 0x45, 0x0C, 0x69, 0xFD, 0xB1, 0x01, 0x00, 
0x00, 0x00, 0x46, 0x6F, 0x00, 0x00, 0x00, 0x00, 0x00, 0x67, 0xFF, 0xE8, 
0x35, 0xFF, 0xFF, 0x30, 0x31, 0xF9, 0xFF, 0x72, 0x00, 0x00, 0x3E, 0xFF, 
0xFC, 0x3B, 0x00, 0x00, 0x00, 0x01, 0xD8, 0xFF, 0x87, 0x30, 0xFF, 0xFF, 
0x30, 0x00, 0x78, 0xFF, 0xDA, 0x35, 0x4E, 0x04, 0xB5, 0xFF, 0xDC, 0x0A, 
0x00, 0x00, 0x5A, 0xFF, 0xF9, 0x1A, 0x30, 0xFF, 0xFF, 0x32, 0x00, 0x03, 
0xA0, 0x1D, 0x70, 0xFF, 0xC6, 0x1C, 0xF1, 0xFF, 0x92, 0x00, 0x05, 0xDD, 
0xFF, 0x99, 0x00, 0x28, 0xFF, 0xFF, 0x97, 0x42, 0x39, 0x3D, 0x50, 0xCE, 
0xFF, 0xB3, 0x00, 0x69, 0xFF, 0xFE, 0x39, 0x2A, 0xE6, 0xFA, 0x1F, 0x00, 
0x07, 0xF3, 0xFF, 0xFF, 0xFF, 0xFF, 0xFF, 0xFF, 0xFF, 0xFF, 0x68, 0x00, 
0x01, 0xC8, 0xC1, 0x1A, 0x00, 0x0C, 0x4E, 0x00, 0x00, 0x00, 0x46, 0xB5, 
0xD3, 0xDD, 0xDF, 0xDD, 0xD5, 0xBF, 0x6F, 0x02, 0x00, 0x00, 0x1C, 0x03, 
0x00, 0x00, 0x00, 0x00, 0x00, 0x00, 0x00, 0x00, 0x00, 0x00, 0x00, 0x00, 
0x00, 0x00, 0x00, 0x00, 0x00, 0x09, 0x00, 0x00, 0x00, 0x00, 0x00, 0x00, 
0x00, 0x00, 0x00, 0x00, 0x00, 0x00, 0x00, 0x00, 0x00, 0x06, 0x92, 0x8A, 
0x29, 0x31, 0xE4, 0x61, 0x00, 0x00, 0x00, 0x00, 0x00, 0x00, 0x00, 0x00, 
0x00, 0x00, 0x00, 0x00, 0x00, 0x00, 0x00, 0xF4, 0xFF, 0x5E, 0x25, 0xED, 
0xFC, 0x44, 0x00, 0x00, 0x00, 0x00, 0x0E, 0x5C, 0x5C, 0x5C, 0x5C, 0x5C, 
0x5C, 0x5C, 0x5C, 0x5C, 0xE9, 0xFF, 0xA4, 0x5C, 0x9A, 0xFB, 0x77, 0x4C, 
0x00, 0x00, 0x00, 0x28, 0xFF, 0xFF, 0xFF, 0xFF, 0xFF, 0xFF, 0xFF, 0xFF, 
0xFF, 0xFF, 0xFF, 0xFF, 0xFF, 0xFF, 0xFF, 0xFF, 0xD4, 0x00, 0x00, 0x00, 
0x28, 0xFF, 0xFF, 0xB5, 0xAC, 0xAC, 0xAC, 0xAC, 0xAC, 0xAC, 0xD7, 0xFF, 
0xEB, 0xAC, 0xAC, 0xB9, 0xAC, 0x8E, 0x00, 0x00, 0x00, 0x28, 0xFF, 0xFF, 
0x2E, 0x30, 0x30, 0x30, 0x30, 0x30, 0x30, 0x6D, 0xFF, 0xDB, 0x00, 0x14, 
0xED, 0x9B, 0x09, 0x00, 0x00, 0x00, 0x2C, 0xFF, 0xFF, 0x7E, 0xFF, 0xFF, 
0xFF, 0xFF, 0xFF, 0xFF, 0x51, 0xFF, 0xFC, 0x06, 0x93, 0xFF, 0xC3, 0x00, 
0x00, 0x00, 0x00, 0x33, 0xFF, 0xFF, 0x45, 0x88, 0x88, 0x88, 0x88, 0x88, 
0x88, 0x18, 0xFD, 0xFF, 0x73, 0xFE, 0xFE, 0x36, 0x00, 0x00, 0x00, 0x00, 
0x46, 0xFF, 0xFF, 0x2C, 0x8C, 0x8C, 0x8C, 0x8C, 0x8C, 0x62, 0x00, 0xD1, 
0xFF, 0xFE, 0xFF, 0x99, 0x00, 0x00, 0x00, 0x00, 0x00, 0x67, 0xFF, 0xE6, 
0x48, 0xFF, 0xFF, 0xFF, 0xFF, 0xFF, 0xB4, 0x00, 0x8C, 0xFF, 0xFF, 0xD7, 
0x0A, 0x35, 0x48, 0x00, 0x00, 0x00, 0x9C, 0xFF, 0xBE, 0x48, 0xFF, 0x8B, 
0x08, 0x32, 0xFF, 0xB4, 0x28, 0xDC, 0xFF, 0xFF, 0x5C, 0x00, 0x8C, 0xFF, 
0x63, 0x00, 0x05, 0xE8, 0xFF, 0x7C, 0x48, 0xFF, 0xCB, 0x90, 0xA3, 0xFF, 
0xDD, 0xEF, 0xFF, 0xFF, 0xFF, 0xE3, 0x48, 0xE5, 0xFF, 0x23, 0x00, 0x5A, 
0xFF, 0xFF, 0x2D, 0x48, 0xFF, 0xFF, 0xFF, 0xFF, 0xFF, 0xC0, 0xDC, 0xEE, 
0x5F, 0xEC, 0xFF, 0xFF, 0xFF, 0xBE, 0x00, 0x00, 0x67, 0xF8, 0xC5, 0x00, 
0x06, 0x18, 0x18, 0x18, 0x28, 0xD5, 0x5C, 0x31, 0x21, 0x00, 0x35, 0xE3, 
0xFF, 0xE8, 0x2B, 0x00, 0x00, 0x00, 0x4B, 0xD5, 0x5A, 0x33, 0xD1, 0xC8, 
0x06, 0x86, 0xFF, 0xFA, 0x4C, 0x00, 0x00, 0x02, 0x72, 0xF3, 0x21, 0x00, 
0x00, 0x00, 0x00, 0xAC, 0xFF, 0xDC, 0x3C, 0xFF, 0xFF, 0x08, 0x06, 0xBA, 
0xFF, 0xC8, 0x26, 0x3A, 0x0D, 0xDC, 0xFF, 0xBE, 0x02, 0x00, 0x00, 0x37, 
0xFE, 0xFF, 0x5F, 0x38, 0xFF, 0xFF, 0x08, 0x00, 0x0E, 0xB1, 0x19, 0x69, 
0xFF, 0xA0, 0x39, 0xFD, 0xFF, 0x77, 0x00, 0x03, 0xCF, 0xFF, 0xD4, 0x03, 
0x35, 0xFF, 0xFF, 0x6E, 0x34, 0x2A, 0x30, 0x43, 0xC6, 0xFF, 0x95, 0x00, 
0x92, 0xFF, 0xF9, 0x2C, 0x17, 0xC3, 0xFF, 0x42, 0x00, 0x11, 0xF5, 0xFF, 
0xFF, 0xFF, 0xFF, 0xFF, 0xFF, 0xFF, 0xFF, 0x56, 0x00, 0x0F, 0xE6, 0x8E, 
0x08, 0x00, 0x00, 0x3F, 0x00, 0x00, 0x00, 0x39, 0xA1, 0xC8, 0xD6, 0xDD, 
0xD7, 0xCA, 0xB1, 0x6C, 0x01, 0x00, 0x00, 0x10, 0x00, 0x00, 0x00, 0x00, 
0x00, 0x3A, 0x87, 0x5F, 0x00, 0x00, 0x00, 0x00, 0x00, 0x00, 0x6F, 0x98, 
0x58, 0x00, 0x00, 0x00, 0x00, 0x00, 0x00, 0x00, 0x00, 0x00, 0x68, 0xFF, 
0xC4, 0x00, 0x00, 0x00, 0x00, 0x00, 0x00, 0xAA, 0xFF, 0xCF, 0x00, 0x00, 
0x00, 0x00, 0x00, 0x00, 0x00, 0x00, 0x00, 0x68, 0xFF, 0xC4, 0x00, 0x00, 
0xC0, 0xDC, 0xDC, 0xDC, 0xED, 0xFF, 0xFF, 0xDC, 0xDC, 0xDC, 0xDC, 0x89, 
0x00, 0x00, 0x00, 0x00, 0x68, 0xFF, 0xC4, 0x00, 0x00, 0xE0, 0xFF, 0xFF, 
0xFF, 0xFF, 0xFF, 0xFF, 0xFF, 0xFF, 0xFF, 0xFF, 0xA0, 0x00, 0x00, 0x85, 
0xF4, 0xF8, 0xFF, 0xFD, 0xF4, 0x7A, 0x34, 0x5E, 0xFF, 0xFA, 0x3D, 0x3C, 
0x3C, 0x99, 0xFF, 0xC7, 0x3C, 0x25, 0x00, 0x00, 0x8C, 0xFF, 0xFF, 0xFF, 
0xFF, 0xFF, 0x80, 0x00, 0x0A, 0xFE, 0xFF, 0x1F, 0x00, 0x00, 0xA1, 0xFF, 
0x8F, 0x00, 0x00, 0x00, 0x00, 0x27, 0x48, 0x92, 0xFF, 0xD4, 0x48, 0x24, 
0x00, 0x00, 0xE1, 0xFF, 0x49, 0x00, 0x00, 0xCD, 0xFF, 0x62, 0x00, 0x00, 
0x00, 0x00, 0x00, 0x00, 0x68, 0xFF, 0xC4, 0x00, 0x89, 0xFC, 0xFC, 0xFF, 
0xFF, 0xFD, 0xFC, 0xFC, 0xFF, 0xFF, 0xFD, 0xFC, 0xFC, 0x62, 0x00, 0x00, 
0x00, 0x68, 0xFF, 0xC4, 0x25, 0x8C, 0xFF, 0xFF, 0xFF, 0xFF, 0xFF, 0xFF, 
0xFF, 0xFF, 0xFF, 0xFF, 0xFF, 0xFF, 0x64, 0x00, 0x00, 0x00, 0x68, 0xFF, 
0xFA, 0xF5, 0x13, 0x24, 0x24, 0x2F, 0xDD, 0xA3, 0x3B, 0x24, 0x24, 0x24, 
0x24, 0x24, 0x24, 0x0E, 0x07, 0x57, 0xAB, 0xF6, 0xFF, 0xFF, 0xFD, 0x03, 
0x04, 0x04, 0x5F, 0xFF, 0xF6, 0x12, 0x04, 0x04, 0x04, 0x04, 0x04, 0x04, 
0x00, 0x11, 0xFF, 0xFF, 0xFF, 0xFF, 0xE3, 0x4B, 0xC8, 0xFF, 0xFF, 0xFF, 
0xFF, 0xFF, 0xFF, 0xFF, 0xFF, 0xFF, 0xFF, 0xFF, 0xFF, 0x20, 0x00, 0xDC, 
0xC0, 0xB2, 0xFF, 0xC4, 0x00, 0xC8, 0xFF, 0xFF, 0xFF, 0xFF, 0xFF, 0xFF, 
0xFF, 0xFF, 0xFF, 0xFF, 0xFF, 0xFF, 0x20, 0x00, 0x09, 0x00, 0x68, 0xFF, 
0xC4, 0x00, 0x0F, 0x14, 0xC8, 0xFF, 0x9F, 0x14, 0x14, 0x14, 0xAA, 0xFF, 
0xD4, 0x14, 0x14, 0x02, 0x00, 0x00, 0x00, 0x68, 0xFF, 0xC4, 0x00, 0x00, 
0x4A, 0xFF, 0xFF, 0xB8, 0x44, 0x01, 0x3F, 0xFD, 0xFF, 0x57, 0x00, 0x00, 
0x00, 0x00, 0x00, 0x00, 0x68, 0xFF, 0xC4, 0x00, 0x00, 0x40, 0xBA, 0xFE, 
0xFF, 0xFF, 0xDA, 0xEE, 0xFF, 0xB3, 0x00, 0x00, 0x00, 0x00, 0x00, 0x00, 
0x00, 0x68, 0xFF, 0xC4, 0x00, 0x00, 0x00, 0x00, 0x26, 0xC5, 0xFF, 0xFF, 
0xFF, 0xFF, 0xA1, 0x22, 0x00, 0x00, 0x00, 0x00, 0x09, 0x23, 0xA2, 0xFF, 
0xC2, 0x00, 0x1F, 0x5A, 0x9B, 0xE4, 0xFF, 0xFF, 0xFE, 0xE5, 0xFF, 0xFF, 
0xFD, 0xAB, 0x34, 0x00, 0x00, 0x52, 0xFF, 0xFF, 0xFF, 0xAC, 0x6F, 0xFF, 
0xFF, 0xFF, 0xFF, 0xF5, 0xA0, 0x2D, 0x03, 0x5D, 0xD9, 0xFF, 0xFF, 0xFF, 
0x48, 0x00, 0x0A, 0xF6, 0xFD, 0xD1, 0x37, 0x24, 0xFF, 0xE7, 0xA5, 0x57, 
0x0D, 0x00, 0x00, 0x00, 0x00, 0x03, 0x5C, 0xD8, 0xD6, 0x03, 0x00, 0x00, 
0x1A, 0x07, 0x00, 0x00, 0x00, 0x25, 0x00, 0x00, 0x00, 0x00, 0x00, 0x00, 
0x00, 0x00, 0x00, 0x00, 0x02, 0x1D, 0x00, 0x00, 0x00, 0x00, 0x00, 0x10, 
0xAF, 0xD1, 0x21, 0x00, 0x00, 0x00, 0x00, 0x00, 0x00, 0x00, 0x00, 0x00, 
0x00, 0x2B, 0x35, 0x00, 0x00, 0x00, 0x00, 0x00, 0x00, 0xE4, 0xFF, 0x6E, 
0x00, 0x00, 0x00, 0x00, 0x05, 0x26, 0x4B, 0x70, 0xA0, 0xDE, 0xFF, 0xBC, 
0x00, 0x00, 0x23, 0xD0, 0xD0, 0xD0, 0xF3, 0xFF, 0xED, 0xD0, 0xD0, 0xD0, 
0x16, 0xDA, 0xFF, 0xFF, 0xFF, 0xFF, 0xFF, 0xFF, 0xF8, 0x0D, 0x00, 0x2C, 
0xFF, 0xFF, 0xFF, 0xFF, 0xFF, 0xFF, 0xFF, 0xFF, 0xFF, 0x1C, 0xDC, 0xFF, 
0xFF, 0xFD, 0xDB, 0xA8, 0x65, 0x18, 0x00, 0x00, 0x0B, 0x40, 0xCC, 0xFF, 
0x86, 0x40, 0x70, 0xFF, 0xE5, 0x40, 0x07, 0xDC, 0xFF, 0x80, 0x0B, 0x00, 
0x00, 0x00, 0x00, 0x00, 0x00, 0x00, 0x00, 0xA6, 0xFF, 0x77, 0x00, 0x56, 
0xFF, 0xC0, 0x00, 0x00, 0xDC, 0xFF, 0x64, 0x00, 0x00, 0x00, 0x00, 0x00, 
0x00, 0x00, 0x00, 0x00, 0x8E, 0xFF, 0x8F, 0x00, 0x78, 0xFF, 0xA6, 0x00, 
0x00, 0xDC, 0xFF, 0x64, 0x00, 0x00, 0x00, 0x00, 0x00, 0x00, 0x00, 0xAC, 
0xF0, 0xF8, 0xFF, 0xF9, 0xF0, 0xF8, 0xFF, 0xF9, 0xF0, 0x69, 0xDC, 0xFF, 
0xC7, 0xA4, 0xA4, 0xA4, 0xA4, 0xA4, 0x59, 0x00, 0xB8, 0xFF, 0xFF, 0xFF, 
0xFF, 0xFF, 0xFF, 0xFF, 0xFF, 0xFF, 0x70, 0xDC, 0xFF, 0xFF, 0xFF, 0xFF, 
0xFF, 0xFF, 0xFF, 0x8C, 0x00, 0x1C, 0x28, 0x28, 0x28, 0xA8, 0xFF, 0xB2, 
0x28, 0x28, 0x28, 0x11, 0xDD, 0xFF, 0xC5, 0xA0, 0xE9, 0xFF, 0xD6, 0xA0, 
0x57, 0x00, 0x07, 0x10, 0x10, 0x10, 0x9E, 0xFF, 0xA9, 0x10, 0x10, 0x10, 
0x04, 0xE0, 0xFF, 0x61, 0x00, 0xC4, 0xFF, 0x90, 0x00, 0x00, 0x00, 0x7C, 
0xFF, 0xFF, 0xFF, 0xFF, 0xFF, 0xFF, 0xFF, 0xFF, 0xFF, 0x44, 0xE6, 0xFF, 
0x5D, 0x00, 0xC4, 0xFF, 0x90, 0x00, 0x00, 0x00, 0x7C, 0xFF, 0xFF, 0xFF, 
0xFF, 0xFF, 0xFF, 0xFF, 0xFF, 0xFF, 0x44, 0xF3, 0xFF, 0x54, 0x00, 0xC4, 
0xFF, 0x90, 0x00, 0x00, 0x00, 0x05, 0x1E, 0x37, 0x0C, 0x9C, 0xFF, 0xA8, 
0x1C, 0x3E, 0x0C, 0x0B, 0xFF, 0xFF, 0x45, 0x00, 0xC4, 0xFF, 0x90, 0x00, 
0x00, 0x00, 0x00, 0x77, 0xFF, 0x88, 0x98, 0xFF, 0xBA, 0xE2, 0xEB, 0x1F, 
0x2B, 0xFF, 0xFF, 0x2C, 0x00, 0xC4, 0xFF, 0x90, 0x00, 0x00, 0x00, 0x09, 
0xE7, 0xFF, 0x3D, 0x98, 0xFF, 0xA4, 0xB5, 0xFF, 0xC3, 0x5D, 0xFF, 0xFE, 
0x09, 0x00, 0xC4, 0xFF, 0x90, 0x00, 0x00, 0x00, 0x86, 0xFF, 0xC6, 0x00, 
0x98, 0xFF, 0xA4, 0x1E, 0xF3, 0xD6, 0xB9, 0xFF, 0xCF, 0x00, 0x00, 0xC4, 
0xFF, 0x90, 0x00, 0x00, 0x2B, 0xFA, 0xFF, 0x46, 0x2C, 0xCC, 0xFF, 0xA3, 
0x00, 0x4C, 0x27, 0xF8, 0xFF, 0x84, 0x00, 0x00, 0xC4, 0xFF, 0x90, 0x00, 
0x00, 0x12, 0x9A, 0xA0, 0x32, 0xFF, 0xFF, 0xFF, 0x98, 0x00, 0x00, 0x9A, 
0xFF, 0xFD, 0x20, 0x00, 0x00, 0xC4, 0xFF, 0x90, 0x00, 0x00, 0x00, 0x00, 
0x01, 0x00, 0xDE, 0xFF, 0xE8, 0x3D, 0x00, 0x01, 0x87, 0xF4, 0x9D, 0x00, 
0x00, 0x00, 0xC4, 0xFF, 0x90, 0x00, 0x00, 0x00, 0x00, 0x00, 0x00, 0x27, 
0x1D, 0x01, 0x00, 0x00, 0x00, 0x00, 0x15, 0x14, 0x00, 0x00, 0x00, 0x21, 
0x2C, 0x18, 0x00, 0x00, 0x00, 0x00, 0x00, 0x55, 0xF8, 0xF8, 0xF8, 0xF8, 
0xF8, 0xF8, 0xF8, 0xF8, 0xF8, 0xF8, 0xF8, 0xF8, 0xF8, 0x9B, 0x00, 0x00, 
0x00, 0x00, 0x00, 0x00, 0x58, 0xFF, 0xFF, 0xF5, 0xF4, 0xF4, 0xF4, 0xF4, 
0xF4, 0xF4, 0xF4, 0xF4, 0xFE, 0xFF, 0xA0, 0x00, 0x00, 0x00, 0x00, 0x00, 
0x00, 0x58, 0xFF, 0xFF, 0x24, 0x00, 0x00, 0x00, 0x00, 0x00, 0x00, 0x00, 
0x00, 0xD8, 0xFF, 0xA0, 0x00, 0x00, 0x00, 0x00, 0x00, 0x00, 0x58, 0xFF, 
0xFF, 0xE4, 0xE0, 0xE0, 0xE0, 0xE0, 0xE0, 0xE0, 0xE0, 0xE0, 0xFB, 0xFF, 
0xA0, 0x00, 0x00, 0x00, 0x00, 0x00, 0x00, 0x58, 0xFF, 0xFF, 0xFF, 0xFF, 
0xFF, 0xFF, 0xFF, 0xFF, 0xFF, 0xFF, 0xFF, 0xFF, 0xFF, 0xA0, 0x00, 0x00, 
0x00, 0x00, 0x00, 0x00, 0x58, 0xFF, 0xFF, 0x2E, 0x0C, 0x0C, 0x0C, 0x0C, 
0x0C, 0x0C, 0x0C, 0x0C, 0xD9, 0xFF, 0xA0, 0x00, 0x00, 0x00, 0x00, 0x00, 
0x00, 0x58, 0xFF, 0xFF, 0xD3, 0xCC, 0xCC, 0xCC, 0xCC, 0xCC, 0xCC, 0xCC, 
0xCC, 0xF7, 0xFF, 0xA0, 0x00, 0x00, 0x00, 0x00, 0x00, 0x00, 0x58, 0xFF, 
0xFF, 0xFF, 0xFF, 0xFF, 0xFF, 0xFF, 0xFF, 0xFF, 0xFF, 0xFF, 0xFF, 0xFF, 
0xA0, 0x00, 0x00, 0x00, 0x00, 0x00, 0x00, 0x0C, 0x24, 0x24, 0x24, 0x24, 
0x24, 0x24, 0x24, 0x24, 0x24, 0x24, 0x24, 0x24, 0x24, 0x16, 0x00, 0x00, 
0x00, 0x00, 0x78, 0xB8, 0xB8, 0xB8, 0xB8, 0xB8, 0xB8, 0xB8, 0xB8, 0xB8, 
0xB8, 0xB8, 0xB8, 0xB8, 0xB8, 0xB8, 0xB8, 0xB8, 0x8F, 0x00, 0x00, 0xA8, 
0xFF, 0xFF, 0xFF, 0xFF, 0xFF, 0xFF, 0xFF, 0xFF, 0xFF, 0xFF, 0xFF, 0xFF, 
0xFF, 0xFF, 0xFF, 0xFF, 0xFF, 0xC8, 0x00, 0x00, 0x2F, 0x48, 0x48, 0x80, 
0x6F, 0x49, 0x48, 0x48, 0x92, 0xFF, 0xFF, 0x4A, 0x48, 0x48, 0x48, 0x48, 
0x48, 0x48, 0x38, 0x00, 0x00, 0x00, 0x00, 0x00, 0xE1, 0xFF, 0x8D, 0x00, 
0x00, 0x68, 0xFF, 0xFF, 0x13, 0x10, 0x10, 0x10, 0x10, 0x10, 0x03, 0x00, 
0x00, 0x00, 0x00, 0x00, 0x2F, 0xFF, 0xFF, 0x4C, 0x00, 0x00, 0x68, 0xFF, 
0xFF, 0xFF, 0xFF, 0xFF, 0xFF, 0xFF, 0xFF, 0x30, 0x00, 0x00, 0x00, 0x00, 
0x00, 0xA3, 0xFF, 0xFF, 0x9D, 0x00, 0x00, 0x68, 0xFF, 0xFF, 0xF0, 0xF0, 
0xF0, 0xF0, 0xF0, 0xF0, 0x2D, 0x00, 0x00, 0x00, 0x00, 0x39, 0xFC, 0xFF, 
0xFF, 0xFF, 0x8C, 0x06, 0x68, 0xFF, 0xFF, 0x04, 0x00, 0x00, 0x00, 0x00, 
0x00, 0x00, 0x00, 0x00, 0x00, 0x10, 0xDC, 0xFF, 0xE5, 0x87, 0xFF, 0xFF, 
0xE0, 0xBF, 0xFF, 0xFF, 0x2D, 0x28, 0x28, 0x2A, 0x2C, 0x30, 0x36, 0x3D, 
0x1D, 0x06, 0xBF, 0xFF, 0xFF, 0x50, 0x00, 0x70, 0xF3, 0xFF, 0xFF, 0xFF, 
0xFF, 0xFF, 0xFF, 0xFF, 0xFF, 0xFF, 0xFF, 0xFF, 0xFF, 0x4F, 0x08, 0xB9, 
0xFF, 0x93, 0x00, 0x00, 0x00, 0x18, 0x6F, 0xAE, 0xD0, 0xE4, 0xF1, 0xF4, 
0xF2, 0xED, 0xE7, 0xE2, 0xDC, 0xD7, 0x16, 0x00, 0x07, 0x7E, 0x04, 0x00, 
0x00, 0x00, 0x00, 0x00, 0x00, 0x00, 0x00, 0x00, 0x00, 0x00, 0x00, 0x00, 
0x00, 0x00, 0x00, 0x00, 0x1C, 0xE4, 0xE4, 0xE4, 0xE4, 0xE4, 0xE4, 0xE4, 
0xE4, 0xE4, 0xE4, 0xE4, 0xE4, 0xE4, 0xE4, 0xE4, 0xE4, 0xE4, 0xB5, 0x00, 
0x20, 0xFF, 0xFF, 0xFF, 0xFF, 0xFF, 0xFF, 0xFF, 0xFF, 0xFF, 0xFF, 0xFF, 
0xFF, 0xFF, 0xFF, 0xFF, 0xFF, 0xFF, 0xCC, 0x00, 0x07, 0x38, 0x38, 0x38, 
0x38, 0x38, 0x38, 0x38, 0x86, 0xFF, 0xFF, 0x44, 0x38, 0x38, 0x38, 0x38, 
0x38, 0x38, 0x2C, 0x00, 0x00, 0x00, 0x57, 0x64, 0x64, 0x64, 0x64, 0x64, 
0xA0, 0xFF, 0xFF, 0x6D, 0x64, 0x64, 0x64, 0x64, 0x64, 0x38, 0x00, 0x00, 
0x00, 0x00, 0xE0, 0xFF, 0xFF, 0xFF, 0xFF, 0xFF, 0xFF, 0xFF, 0xFF, 0xFF, 
0xFF, 0xFF, 0xFF, 0xFF, 0xFF, 0x90, 0x00, 0x00, 0x00, 0x00, 0xE0, 0xFF, 
0xC9, 0x90, 0x90, 0x90, 0xBB, 0xFF, 0xFF, 0x97, 0x90, 0x90, 0x90, 0xEC, 
0xFF, 0x90, 0x00, 0x00, 0x00, 0x00, 0xE0, 0xFF, 0x87, 0x08, 0x08, 0x08, 
0x68, 0xFF, 0xFF, 0x17, 0x08, 0x08, 0x08, 0xD5, 0xFF, 0x90, 0x00, 0x00, 
0x00, 0x00, 0xE0, 0xFF, 0xFF, 0xFF, 0xFF, 0xFF, 0xFF, 0xFF, 0xFF, 0xFF, 
0xFF, 0xFF, 0xFF, 0xFF, 0xFF, 0x90, 0x00, 0x00, 0x00, 0x00, 0xE0, 0xFF, 
0xF6, 0xEC, 0xEC, 0xEC, 0xF3, 0xFF, 0xFF, 0xED, 0xEC, 0xEC, 0xEC, 0xFC, 
0xFF, 0x90, 0x00, 0x00, 0x00, 0x00, 0xE0, 0xFF, 0x84, 0x00, 0x00, 0x00, 
0x64, 0xFF, 0xFF, 0x10, 0x00, 0x00, 0x00, 0xD4, 0xFF, 0x90, 0x00, 0x00, 
0x00, 0x00, 0xE0, 0xFF, 0xD7, 0xAC, 0xAC, 0xAC, 0xCC, 0xFF, 0xFF, 0xB1, 
0xAC, 0xAC, 0xAC, 0xF1, 0xFF, 0x90, 0x00, 0x00, 0x00, 0x00, 0xE0, 0xFF, 
0xFF, 0xFF, 0xFF, 0xFF, 0xFF, 0xFF, 0xFF, 0xFF, 0xFF, 0xFF, 0xFF, 0xFF, 
0xFF, 0x90, 0x00, 0x00, 0x00, 0x00, 0x46, 0x6E, 0xF0, 0x72, 0x50, 0x50, 
0xC0, 0xFF, 0xE9, 0x50, 0x50, 0x50, 0x50, 0x50, 0x50, 0x2D, 0x00, 0x00, 
0x00, 0x00, 0x06, 0xD8, 0xFF, 0xF1, 0x65, 0x08, 0xE3, 0xFF, 0xAC, 0x00, 
0x00, 0x00, 0x00, 0x00, 0x00, 0x00, 0x00, 0x00, 0x00, 0x00, 0x00, 0x3D, 
0xE3, 0xFF, 0xFF, 0xE6, 0xFF, 0xFF, 0x4B, 0x00, 0x00, 0x00, 0x00, 0x00, 
0x00, 0x00, 0x00, 0x00, 0x00, 0x00, 0x00, 0x00, 0x10, 0xC8, 0xFF, 0xFF, 
0xFF, 0xFE, 0x9C, 0x54, 0x1D, 0x00, 0x00, 0x00, 0x00, 0x00, 0x00, 0x00, 
0x00, 0x09, 0x45, 0x8B, 0xDB, 0xFF, 0xFF, 0xFF, 0xFF, 0xFF, 0xFF, 0xFF, 
0xFF, 0xED, 0xC8, 0xAC, 0x91, 0x81, 0x72, 0x34, 0x62, 0xF9, 0xFF, 0xFF, 
0xFF, 0xFF, 0xE3, 0x65, 0x1C, 0x71, 0xC6, 0xFB, 0xFF, 0xFF, 0xFF, 0xFF, 
0xFF, 0xFF, 0xFF, 0x59, 0x1D, 0xFC, 0xFF, 0xF0, 0xA6, 0x51, 0x04, 0x00, 
0x00, 0x00, 0x00, 0x0A, 0x42, 0x70, 0x96, 0xBA, 0xD3, 0xE8, 0xFB, 0x21, 
0x00, 0x59, 0x37, 0x03, 0x00, 0x00, 0x00, 0x00, 0x00, 0x00, 0x00, 0x00, 
0x00, 0x00, 0x00, 0x00, 0x00, 0x00, 0x01, 0x00, 0x00, 0x00, 0x75, 0xD0, 
0xD0, 0xD0, 0xD0, 0xD0, 0xD0, 0x1A, 0xD4, 0xD4, 0xD4, 0xD4, 0xD4, 0xD4, 
0xD4, 0xD4, 0xD4, 0x3E, 0x00, 0x00, 0x00, 0x90, 0xFF, 0xFF, 0xFF, 0xFF, 
0xFF, 0xFF, 0x20, 0xFF, 0xFF, 0xFF, 0xFF, 0xFF, 0xFF, 0xFF, 0xFF, 0xFF, 
0x41, 0x00, 0x00, 0x00, 0x90, 0xFF, 0xB2, 0x54, 0x5C, 0xFF, 0xFF, 0x20, 
0xFF, 0xFF, 0x67, 0x58, 0x58, 0x58, 0x5B, 0xFF, 0xFF, 0x36, 0x00, 0x00, 
0x00, 0x90, 0xFF, 0x8C, 0x00, 0x0C, 0xFF, 0xFF, 0x20, 0xFF, 0xFF, 0x18, 
0x00, 0x00, 0x00, 0x2A, 0xFF, 0xFF, 0x29, 0x00, 0x00, 0x00, 0x90, 0xFF, 
0x8C, 0x00, 0x0C, 0xFF, 0xFF, 0x20, 0xFF, 0xFF, 0x18, 0x00, 0x8F, 0xD1, 
0xF4, 0xFF, 0xFF, 0x12, 0x00, 0x00, 0x00, 0x90, 0xFF, 0xDF, 0xB8, 0xBB, 
0xFF, 0xFF, 0x20, 0xFF, 0xFF, 0x18, 0x00, 0x6E, 0xFF, 0xFF, 0xFF, 0xB2, 
0x00, 0x00, 0x00, 0x00, 0x90, 0xFF, 0xFF, 0xFF, 0xFF, 0xFF, 0xFF, 0x20, 
0xFF, 0xFF, 0x18, 0x00, 0x12, 0x56, 0x44, 0x26, 0x00, 0x00, 0x00, 0x00, 
0x00, 0x90, 0xFF, 0xB5, 0x5C, 0x63, 0xFF, 0xFF, 0x20, 0xFF, 0xFF, 0xB7, 
0xB0, 0xB0, 0xB0, 0xB0, 0xB0, 0xB0, 0x6B, 0x00, 0x00, 0x00, 0x90, 0xFF, 
0x8C, 0x00, 0x0C, 0xFF, 0xFF, 0x20, 0xFF, 0xFF, 0xFF, 0xFF, 0xFF, 0xFF, 
0xFF, 0xFF, 0xFF, 0x9C, 0x00, 0x00, 0x00, 0x93, 0xFF, 0x8B, 0x00, 0x0C, 
0xFF, 0xFF, 0x20, 0xFF, 0xFF, 0xC4, 0xFF, 0xBE, 0x58, 0x58, 0xC6, 0xFF, 
0x88, 0x00, 0x00, 0x00, 0x98, 0xFF, 0xD5, 0xA4, 0xA8, 0xFF, 0xFF, 0x20, 
0xFF, 0xFF, 0x60, 0xFF, 0xE0, 0x00, 0x08, 0xEF, 0xFF, 0x36, 0x00, 0x00, 
0x00, 0xA1, 0xFF, 0xFF, 0xFF, 0xFF, 0xFF, 0xFF, 0x20, 0xFF, 0xFF, 0x1C, 
0xE6, 0xFF, 0x42, 0x65, 0xFF, 0xDF, 0x00, 0x00, 0x00, 0x00, 0xB3, 0xFF, 
0xA7, 0x74, 0x7A, 0xFF, 0xFF, 0x20, 0xFF, 0xFF, 0x18, 0x81, 0xFF, 0xC3, 
0xE5, 0xFF, 0x7A, 0x00, 0x00, 0x00, 0x00, 0xCF, 0xFF, 0x40, 0x00, 0x0C, 
0xFF, 0xFF, 0x20, 0xFF, 0xFF, 0x18, 0x14, 0xF2, 0xFF, 0xFF, 0xE8, 0x0B, 
0x00, 0x00, 0x00, 0x02, 0xF5, 0xFF, 0x16, 0x00, 0x0C, 0xFF, 0xFF, 0x20, 
0xFF, 0xFF, 0x18, 0x00, 0xA9, 0xFF, 0xFF, 0x87, 0x00, 0x00, 0x00, 0x00, 
0x38, 0xFF, 0xDB, 0x00, 0x00, 0x0C, 0xFF, 0xFF, 0x20, 0xFF, 0xFF, 0x1B, 
0x93, 0xFF, 0xFF, 0xFF, 0xFA, 0x65, 0x00, 0x00, 0x00, 0x96, 0xFF, 0x96, 
0x03, 0x39, 0x6B, 0xFF, 0xFF, 0x1F, 0xFF, 0xFF, 0xC5, 0xFF, 0xFF, 0xCB, 
0xD2, 0xFF, 0xFF, 0xB3, 0x1E, 0x1A, 0xF6, 0xFF, 0x43, 0x01, 0xE6, 0xFF, 
0xFF, 0xF8, 0x0C, 0xFF, 0xFF, 0xF2, 0xFF, 0xC7, 0x10, 0x0F, 0xB3, 0xFF, 
0xFF, 0x85, 0x26, 0xC1, 0xDC, 0x01, 0x00, 0x98, 0xE8, 0xC3, 0x57, 0x04, 
0xFF, 0xFF, 0x4B, 0x9B, 0x08, 0x00, 0x00, 0x00, 0x68, 0xD9, 0x0D, 0x00, 
0x00, 0x1C, 0x00, 0x00, 0x00, 0x00, 0x00, 0x00, 0x00, 0x1C, 0x1C, 0x02, 
0x00, 0x00, 0x00, 0x00, 0x00, 0x00, 0x03, 0x00, 0x00, 0x00, 0x00, 0x00, 
0x00, 0x00, 0x00, 0x00, 0x00, 0x48, 0xC3, 0xB6, 0x00, 0x00, 0x00, 0x00, 
0x00, 0x00, 0x00, 0x00, 0x00, 0x00, 0x00, 0x00, 0x00, 0x00, 0x00, 0x00, 
0x00, 0x00, 0x5C, 0xFF, 0xFC, 0x00, 0x00, 0x00, 0x00, 0x00, 0x00, 0x00, 
0x00, 0x00, 0x00, 0x00, 0x00, 0x00, 0x00, 0x00, 0x00, 0x00, 0x00, 0x5C, 
0xFF, 0xFC, 0x00, 0x00, 0x00, 0x00, 0x00, 0x00, 0x00, 0x00, 0x00, 0x00, 
0x00, 0x00, 0xC7, 0xE4, 0xE4, 0xE4, 0xE4, 0xE4, 0xEE, 0xFF, 0xFF, 0xE4, 
0xE4, 0xE4, 0xE4, 0xE4, 0xE4, 0x6E, 0x00, 0x00, 0x00, 0x00, 0x00, 0xE0, 
0xFF, 0xFF, 0xFF, 0xFF, 0xFF, 0xFF, 0xFF, 0xFF, 0xFF, 0xFF, 0xFF, 0xFF, 
0xFF, 0xFF, 0x7C, 0x00, 0x00, 0x00, 0x00, 0x00, 0x5E, 0x6C, 0x6C, 0x6C, 
0x6C, 0x6C, 0xA1, 0xFF, 0xFD, 0x6C, 0x6C, 0x6C, 0x6C, 0x6C, 0x6C, 0x34, 
0x00, 0x00, 0x00, 0x00, 0x00, 0x00, 0x00, 0x00, 0x00, 0x00, 0x00, 0x5C, 
0xFF, 0xFC, 0x00, 0x00, 0x00, 0x00, 0x00, 0x00, 0x00, 0x00, 0x00, 0x00, 
0x00, 0x00, 0x00, 0x00, 0x00, 0x00, 0x00, 0x00, 0x5C, 0xFF, 0xFC, 0x00, 
0x00, 0x00, 0x00, 0x00, 0x00, 0x00, 0x00, 0x00, 0x00, 0x1E, 0x98, 0x98, 
0x98, 0x98, 0x98, 0x98, 0x98, 0xBD, 0xFF, 0xFE, 0x98, 0x98, 0x98, 0x98, 
0x98, 0x98, 0x98, 0x76, 0x00, 0x00, 0x34, 0xFF, 0xFF, 0xFF, 0xFF, 0xFF, 
0xFF, 0xFF, 0xFF, 0xFF, 0xFF, 0xFF, 0xFF, 0xFF, 0xFF, 0xFF, 0xFF, 0xFF, 
0xC8, 0x00, 0x00, 0x24, 0xB4, 0xB4, 0xB4, 0xB4, 0xB4, 0xB4, 0xE1, 0xFF, 
0xFF, 0xFF, 0xFF, 0xC8, 0xB4, 0xB4, 0xB4, 0xB4, 0xB4, 0x8C, 0x00, 0x00, 
0x00, 0x00, 0x00, 0x00, 0x00, 0x00, 0x31, 0xF4, 0xFF, 0xFF, 0xFF, 0xFF, 
0xCB, 0x0B, 0x00, 0x00, 0x00, 0x00, 0x00, 0x00, 0x00, 0x00, 0x00, 0x00, 
0x00, 0x00, 0x23, 0xE4, 0xFF, 0xEC, 0xFF, 0xFE, 0xE8, 0xFF, 0xB7, 0x09, 
0x00, 0x00, 0x00, 0x00, 0x00, 0x00, 0x00, 0x00, 0x00, 0x00, 0x33, 0xE9, 
0xFF, 0xDC, 0x6B, 0xFF, 0xFC, 0x3D, 0xFA, 0xFF, 0xC6, 0x13, 0x00, 0x00, 
0x00, 0x00, 0x00, 0x00, 0x00, 0x00, 0x62, 0xF4, 0xFF, 0xEE, 0x2D, 0x5C, 
0xFF, 0xFC, 0x00, 0x64, 0xFE, 0xFF, 0xDE, 0x39, 0x00, 0x00, 0x00, 0x00, 
0x00, 0x1A, 0xAD, 0xFF, 0xFF, 0xF0, 0x35, 0x00, 0x5C, 0xFF, 0xFC, 0x00, 
0x00, 0x6A, 0xFF, 0xFF, 0xFC, 0x82, 0x08, 0x00, 0x09, 0x7F, 0xF4, 0xFF, 
0xFF, 0xDD, 0x2E, 0x00, 0x00, 0x5C, 0xFF, 0xFC, 0x00, 0x00, 0x00, 0x5E, 
0xF8, 0xFF, 0xFF, 0xE0, 0x50, 0x0A, 0xDA, 0xFF, 0xFF, 0xB5, 0x12, 0x00, 
0x00, 0x00, 0x5C, 0xFF, 0xFC, 0x00, 0x00, 0x00, 0x00, 0x37, 0xE4, 0xFF, 
0xFF, 0x73, 0x00, 0x39, 0xEB, 0x61, 0x00, 0x00, 0x00, 0x00, 0x00, 0x5C, 
0xFF, 0xFC, 0x00, 0x00, 0x00, 0x00, 0x00, 0x10, 0xA0, 0xC8, 0x02, 0x00, 
0x00, 0x0A, 0x00, 0x00, 0x00, 0x00, 0x00, 0x00, 0x5C, 0xFF, 0xFC, 0x00, 
0x00, 0x00, 0x00, 0x00, 0x00, 0x00, 0x09, 0x00, 0x00, 0x00, 0x00, 0x00, 
0x00, 0x00, 0x00, 0x00, 0x00, 0x5C, 0xBC, 0xAE, 0x00, 0x00, 0x00, 0x00, 
0x00, 0x00, 0x00, 0x00, 0x00, 0x00, 0x00, 0x00, 0x00, 0x00, 0x00, 0x00, 
0x00, 0x00, 0x78, 0xFF, 0xFC, 0x00, 0x00, 0x00, 0x00, 0x00, 0x00, 0x00, 
0x00, 0x00, 0x00, 0x2A, 0xD0, 0xD0, 0xD0, 0xD0, 0xD0, 0xD0, 0xD0, 0xE6, 
0xFF, 0xFF, 0xD0, 0xD0, 0xD0, 0xD0, 0xD0, 0xD0, 0xD0, 0x8F, 0x00, 0x00, 
0x34, 0xFF, 0xFF, 0xFF, 0xFF, 0xFF, 0xFF, 0xFF, 0xFF, 0xFF, 0xFF, 0xFF, 
0xFF, 0xFF, 0xFF, 0xFF, 0xFF, 0xFF, 0xB0, 0x00, 0x00, 0x11, 0x58, 0x58, 
0x58, 0x58, 0x63, 0xD8, 0xFF, 0xFF, 0xFF, 0xFF, 0xFF, 0xE8, 0x6A, 0x58, 
0x58, 0x58, 0x58, 0x3C, 0x00, 0x00, 0x00, 0x00, 0x00, 0x00, 0x58, 0xE4, 
0xFF, 0xFB, 0xCD, 0xFF, 0xFD, 0xCD, 0xFF, 0xE9, 0x67, 0x04, 0x00, 0x00, 
0x00, 0x00, 0x00, 0x00, 0x03, 0x51, 0xC4, 0xFF, 0xFF, 0xE9, 0x3F, 0x78, 
0xFF, 0xFC, 0x09, 0xA5, 0xFF, 0xFF, 0xDD, 0x70, 0x0F, 0x00, 0x00, 0x0F, 
0x7A, 0xE2, 0xFF, 0xFF, 0xFF, 0xA7, 0x15, 0x00, 0x5B, 0xC4, 0xC0, 0x00, 
0x00, 0x5A, 0xE8, 0xFF, 0xFF, 0xF6, 0xAB, 0x45, 0x17, 0xFC, 0xFF, 0xFF, 
0xFF, 0xE2, 0xA4, 0xA4, 0xA4, 0xA4, 0xA4, 0xA4, 0xA4, 0xA4, 0xA4, 0xB5, 
0xFF, 0xFF, 0xFF, 0xFF, 0x7B, 0x00, 0xB7, 0xDC, 0x67, 0xFF, 0xFF, 0xFF, 
0xFF, 0xFF, 0xFF, 0xFF, 0xFF, 0xFF, 0xFF, 0xFF, 0xFF, 0xFF, 0x96, 0x94, 
0xF2, 0x21, 0x00, 0x19, 0x03, 0x00, 0xFF, 0xFF, 0x9C, 0x54, 0x54, 0x54, 
0x54, 0x54, 0x54, 0x54, 0x54, 0xF7, 0xFF, 0x78, 0x00, 0x0A, 0x00, 0x00, 
0x00, 0x00, 0x00, 0xFF, 0xFF, 0xCF, 0xAC, 0xAC, 0xAC, 0xAC, 0xAC, 0xAC, 
0xAC, 0xAC, 0xFC, 0xFF, 0x78, 0x00, 0x00, 0x00, 0x00, 0x00, 0x00, 0x00, 
0xFF, 0xFF, 0xFF, 0xFF, 0xFF, 0xFF, 0xFF, 0xFF, 0xFF, 0xFF, 0xFF, 0xFF, 
0xFF, 0x78, 0x00, 0x00, 0x00, 0x00, 0x00, 0x00, 0x00, 0xFF, 0xFF, 0x91, 
0x40, 0x40, 0x40, 0x40, 0x40, 0x40, 0x40, 0x40, 0xF7, 0xFF, 0x78, 0x00, 
0x00, 0x00, 0x00, 0x00, 0x00, 0x00, 0xFF, 0xFF, 0xDD, 0xC4, 0xC4, 0xC4, 
0xC4, 0xC4, 0xC4, 0xC4, 0xC4, 0xFD, 0xFF, 0x78, 0x00, 0x00, 0x00, 0x00, 
0x00, 0x00, 0x00, 0xFF, 0xFF, 0xFF, 0xFF, 0xFF, 0xFF, 0xFF, 0xFF, 0xFF, 
0xFF, 0xFF, 0xFF, 0xFF, 0x78, 0x00, 0x00, 0x00, 0x00, 0x00, 0x00, 0x00, 
0x38, 0x38, 0x38, 0x38, 0x38, 0x38, 0x38, 0x38, 0x38, 0x38, 0x38, 0x38, 
0x38, 0x1A, 0x00, 0x00, 0x00, 0x00, 0x1F, 0x88, 0x88, 0x88, 0x88, 0x88, 
0x88, 0x88, 0x88, 0x88, 0x88, 0x88, 0x88, 0x88, 0x88, 0x88, 0x88, 0x88, 
0x5D, 0x00, 0x00, 0x3C, 0xFF, 0xFF, 0xFF, 0xFF, 0xFF, 0xFF, 0xFF, 0xFF, 
0xFF, 0xFF, 0xFF, 0xFF, 0xFF, 0xFF, 0xFF, 0xFF, 0xFF, 0xB0, 0x00, 0x00, 
0x22, 0x94, 0x94, 0x94, 0x94, 0x94, 0x94, 0x94, 0x94, 0x94, 0x94, 0x94, 
0x94, 0x94, 0x94, 0x94, 0x94, 0x94, 0x65, 0x00, 0x00, 0x00, 0x00, 0x00, 
0x00, 0x00, 0x00, 0x00, 0x00, 0x00, 0x00, 0x00, 0x01, 0x04, 0x01, 0x00, 
0x00, 0x00, 0x00, 0x00, 0x00, 0x00, 0x00, 0x00, 0x2C, 0xC2, 0xA7, 0x00, 
0x00, 0x00, 0x00, 0x00, 0x00, 0xB1, 0xFF, 0xC3, 0x00, 0x00, 0x00, 0x00, 
0x00, 0x00, 0x00, 0x00, 0x00, 0x38, 0xFF, 0xEC, 0x00, 0x00, 0x00, 0x00, 
0x00, 0x3A, 0xFF, 0xFF, 0xFF, 0x57, 0x00, 0x00, 0x00, 0x00, 0x00, 0x00, 
0x00, 0x00, 0x38, 0xFF, 0xEC, 0x00, 0x00, 0x00, 0x00, 0x08, 0xD7, 0xFF, 
0xDA, 0xFF, 0xEA, 0x1D, 0x00, 0x00, 0x00, 0x00, 0x00, 0x00, 0x00, 0x38, 
0xFF, 0xEC, 0x00, 0x00, 0x00, 0x00, 0x9F, 0xFF, 0xED, 0x18, 0xD7, 0xFF, 
0xC9, 0x07, 0x00, 0x00, 0x00, 0x00, 0x78, 0xF8, 0xF9, 0xFF, 0xFF, 0xF8, 
0xF8, 0x07, 0x84, 0xFF, 0xFF, 0x57, 0x00, 0x38, 0xFB, 0xFF, 0xB7, 0x08, 
0x00, 0x00, 0x00, 0x7C, 0xFF, 0xFF, 0xFF, 0xFF, 0xFF, 0xFF, 0x98, 0xFF, 
0xFF, 0x92, 0x00, 0x00, 0x00, 0x6E, 0xFF, 0xFF, 0xB8, 0x0C, 0x00, 0x00, 
0x2A, 0x58, 0xB6, 0xFF, 0xF2, 0x69, 0xEE, 0xFF, 0xFF, 0xAC, 0x03, 0x00, 
0x00, 0x00, 0x00, 0x87, 0xFF, 0xFF, 0xD4, 0x24, 0x00, 0x00, 0x01, 0xDE, 
0xFF, 0xEC, 0x0D, 0xD8, 0xFF, 0xFE, 0xFC, 0xFC, 0xFC, 0xFC, 0xFC, 0xFC, 
0xFC, 0xFC, 0xFF, 0xFF, 0xC9, 0x00, 0x00, 0x45, 0xFF, 0xFF, 0xFA, 0xC3, 
0x3B, 0x8B, 0xBE, 0xFF, 0xFF, 0xFF, 0xFF, 0xFF, 0xFF, 0xFF, 0xD8, 0x60, 
0xF2, 0x34, 0x00, 0x00, 0xB6, 0xFF, 0xFF, 0xFF, 0xFF, 0xAA, 0x00, 0x4F, 
0x38, 0x39, 0x6A, 0x8A, 0x38, 0x38, 0x40, 0x5E, 0x00, 0x12, 0x00, 0x00, 
0x2D, 0xFE, 0xFF, 0xFF, 0xFE, 0xFF, 0xFD, 0xDF, 0xFF, 0x23, 0x3E, 0xFF, 
0xF2, 0x07, 0x00, 0x4F, 0xFF, 0xD6, 0x03, 0x00, 0x00, 0xAB, 0xFF, 0xE3, 
0xFF, 0xEC, 0xA0, 0x58, 0xB5, 0xFF, 0x7A, 0x03, 0xED, 0xFF, 0x49, 0x00, 
0xA2, 0xFF, 0xB8, 0x00, 0x00, 0x38, 0xFE, 0xFF, 0x6C, 0xFF, 0xEC, 0x00, 
0x00, 0x6A, 0xFF, 0xCD, 0x00, 0xA5, 0xFF, 0x95, 0x06, 0xEF, 0xFF, 0x62, 
0x00, 0x00, 0x6E, 0xFE, 0xB5, 0x38, 0xFF, 0xEC, 0x00, 0x00, 0x23, 0xFF, 
0xFF, 0x1D, 0x5E, 0xFF, 0xDC, 0x4D, 0xFF, 0xFA, 0x11, 0x00, 0x00, 0x00, 
0x48, 0x33, 0x38, 0xFF, 0xEC, 0x00, 0x00, 0x00, 0xDF, 0xFF, 0x69, 0x18, 
0xFF, 0xFF, 0xC3, 0xFF, 0xB3, 0x00, 0x00, 0x00, 0x00, 0x00, 0x00, 0x38, 
0xFF, 0xEC, 0x00, 0x00, 0x00, 0x9F, 0xFF, 0x8F, 0x00, 0x80, 0x4F, 0xF8, 
0xFF, 0x5A, 0x00, 0x00, 0x00, 0x00, 0x00, 0x00, 0x38, 0xFF, 0xEC, 0x00, 
0x00, 0x00, 0x35, 0x2E, 0x00, 0x00, 0x00, 0x66, 0xFF, 0xF2, 0x0A, 0x00, 
0x00, 0x00, 0x00, 0x00, 0x00, 0x38, 0xFF, 0xEC, 0x00, 0xBA, 0xC4, 0xC4, 
0xC4, 0xC4, 0xC4, 0xC4, 0xE9, 0xFF, 0xF1, 0xC4, 0xC4, 0xBD, 0x00, 0x00, 
0x00, 0x00, 0x38, 0xFF, 0xEC, 0x00, 0xF4, 0xFF, 0xFF, 0xFF, 0xFF, 0xFF, 
0xFF, 0xFF, 0xFF, 0xFF, 0xFF, 0xFF, 0xF8, 0x00, 0x00, 0x00, 0x00, 0x38, 
0xFF, 0xEC, 0x00, 0x7D, 0x84, 0x84, 0x84, 0x84, 0x84, 0x84, 0x84, 0x84, 
0x84, 0x84, 0x84, 0x7F, 0x00, 0x00, 0x00, 0x00, 0x09, 0x2C, 0x28, 0x00, 
0x00, 0x00, 0x00, 0x00, 0x00, 0x00, 0x00, 0x00, 0x00, 0x00, 0x00, 0x00, 
0x00, 0x00, 0x00, 0x00, 0x4F, 0x64, 0x64, 0x64, 0x64, 0x64, 0x64, 0x64, 
0x64, 0x64, 0x64, 0x64, 0x64, 0x64, 0x64, 0x64, 0x64, 0x44, 0x00, 0x00, 
0x00, 0xCC, 0xFF, 0xFF, 0xFF, 0xFF, 0xFF, 0xFF, 0xFF, 0xFF, 0xFF, 0xFF, 
0xFF, 0xFF, 0xFF, 0xFF, 0xFF, 0xFF, 0xB0, 0x00, 0x00, 0x00, 0xCC, 0xFF, 
0xFF, 0xFF, 0xFF, 0xFF, 0xFF, 0xFF, 0xFF, 0xFF, 0xFF, 0xFF, 0xFF, 0xFF, 
0xFF, 0xFF, 0xFF, 0xB0, 0x00, 0x00, 0x00, 0x19, 0x20, 0x20, 0x20, 0x20, 
0x20, 0x20, 0x20, 0x97, 0xFF, 0xFF, 0x27, 0x20, 0x20, 0x20, 0x20, 0x20, 
0x16, 0x00, 0x00, 0x00, 0x00, 0x00, 0x00, 0x00, 0x00, 0x00, 0x00, 0x00, 
0x88, 0xFF, 0xFF, 0x08, 0x00, 0x00, 0x00, 0x00, 0x00, 0x00, 0x00, 0x00, 
0x00, 0x00, 0x00, 0x6E, 0x7A, 0x49, 0x00, 0x00, 0x00, 0x88, 0xFF, 0xFF, 
0x08, 0x00, 0x00, 0x00, 0x00, 0x00, 0x00, 0x00, 0x00, 0x00, 0x00, 0x00, 
0xD8, 0xFF, 0xA4, 0x00, 0x00, 0x00, 0x88, 0xFF, 0xFF, 0x08, 0x00, 0x00, 
0x00, 0x00, 0x00, 0x00, 0x00, 0x00, 0x00, 0x00, 0x00, 0xD8, 0xFF, 0xA4, 
0x00, 0x00, 0x00, 0x88, 0xFF, 0xFF, 0x55, 0x50, 0x50, 0x50, 0x50, 0x4D, 
0x00, 0x00, 0x00, 0x00, 0x00, 0x00, 0xD8, 0xFF, 0xA4, 0x00, 0x00, 0x00, 
0x88, 0xFF, 0xFF, 0xFF, 0xFF, 0xFF, 0xFF, 0xFF, 0xF8, 0x00, 0x00, 0x00, 
0x00, 0x00, 0x00, 0xD8, 0xFF, 0xA4, 0x00, 0x00, 0x00, 0x88, 0xFF, 0xFF, 
0xFF, 0xFF, 0xFF, 0xFF, 0xFF, 0xF8, 0x00, 0x00, 0x00, 0x00, 0x00, 0x00, 
0xD8, 0xFF, 0xA4, 0x00, 0x00, 0x00, 0x88, 0xFF, 0xFF, 0x46, 0x40, 0x40, 
0x40, 0x40, 0x3E, 0x00, 0x00, 0x00, 0x00, 0x00, 0x00, 0xD8, 0xFF, 0xA4, 
0x00, 0x00, 0x00, 0x88, 0xFF, 0xFF, 0x08, 0x00, 0x00, 0x00, 0x00, 0x00, 
0x00, 0x00, 0x00, 0x00, 0x00, 0x00, 0xD8, 0xFF, 0xA4, 0x00, 0x00, 0x00, 
0x88, 0xFF, 0xFF, 0x08, 0x00, 0x00, 0x00, 0x00, 0x00, 0x00, 0x00, 0x00, 
0x00, 0x00, 0x00, 0xD8, 0xFF, 0xA4, 0x00, 0x00, 0x00, 0x88, 0xFF, 0xFF, 
0x08, 0x00, 0x00, 0x00, 0x00, 0x00, 0x00, 0x00, 0x00, 0x00, 0x00, 0x00, 
0xD8, 0xFF, 0xA4, 0x00, 0x00, 0x00, 0x88, 0xFF, 0xFF, 0x08, 0x00, 0x00, 
0x00, 0x00, 0x00, 0x00, 0x00, 0x02, 0x48, 0x48, 0x48, 0xE3, 0xFF, 0xBD, 
0x48, 0x48, 0x48, 0xA9, 0xFF, 0xFF, 0x4D, 0x48, 0x48, 0x48, 0x48, 0x48, 
0x48, 0x2A, 0x08, 0xFF, 0xFF, 0xFF, 0xFF, 0xFF, 0xFF, 0xFF, 0xFF, 0xFF, 
0xFF, 0xFF, 0xFF, 0xFF, 0xFF, 0xFF, 0xFF, 0xFF, 0xFF, 0xFF, 0x98, 0x08, 
0xFF, 0xFF, 0xFF, 0xFF, 0xFF, 0xFF, 0xFF, 0xFF, 0xFF, 0xFF, 0xFF, 0xFF, 
0xFF, 0xFF, 0xFF, 0xFF, 0xFF, 0xFF, 0xFF, 0x98, 0x01, 0x3C, 0x3C, 0x3C, 
0x3C, 0x3C, 0x3C, 0x3C, 0x3C, 0x3C, 0x3C, 0x3C, 0x3C, 0x3C, 0x3C, 0x3C, 
0x3C, 0x3C, 0x3C, 0x3C, 0x23, 0x00, 0x00, 0x00, 0x00, 0x00, 0x01, 0x00, 
0x00, 0x00, 0x00, 0x00, 0x00, 0x00, 0x00, 0x00, 0x00, 0x00, 0x00, 0x00, 
0x00, 0x00, 0x00, 0x00, 0x00, 0x00, 0x01, 0xCE, 0x97, 0x2D, 0x00, 0x00, 
0x00, 0x00, 0x00, 0x00, 0x00, 0x00, 0x00, 0x00, 0x00, 0x00, 0x00, 0x00, 
0x00, 0x00, 0x00, 0x48, 0xFF, 0xFF, 0xB2, 0x00, 0x00, 0x00, 0x00, 0x00, 
0x00, 0x00, 0x00, 0x00, 0x00, 0x00, 0x00, 0x00, 0x00, 0x00, 0x00, 0x02, 
0xCD, 0xFF, 0xFF, 0xE1, 0xCC, 0xCC, 0xCC, 0xCC, 0xCC, 0xCC, 0xCC, 0xCC, 
0xCC, 0xCC, 0xCC, 0x5C, 0x00, 0x00, 0x00, 0x00, 0x65, 0xFF, 0xFF, 0xFF, 
0xFF, 0xFF, 0xFF, 0xFF, 0xFF, 0xFF, 0xFF, 0xFF, 0xFF, 0xFF, 0xFF, 0xFF, 
0x74, 0x00, 0x00, 0x00, 0x20, 0xF1, 0xFF, 0xF4, 0x6C, 0x68, 0x68, 0x68, 
0x68, 0x68, 0x68, 0x68, 0x68, 0x68, 0x68, 0x68, 0x68, 0x2F, 0x00, 0x00, 
0x05, 0xC4, 0xFF, 0xFF, 0xB0, 0x50, 0x50, 0x50, 0x50, 0x50, 0x50, 0x50, 
0x50, 0x50, 0x50, 0x50, 0x50, 0x08, 0x00, 0x00, 0x00, 0x9B, 0xFF, 0xFF, 
0xEB, 0xFF, 0xFF, 0xFF, 0xFF, 0xFF, 0xFF, 0xFF, 0xFF, 0xFF, 0xFF, 0xFF, 
0xFF, 0xFF, 0x1C, 0x00, 0x00, 0x2B, 0xFC, 0xFF, 0xEC, 0x52, 0xD8, 0xD8, 
0xD8, 0xD8, 0xD8, 0xD8, 0xD8, 0xD8, 0xD8, 0xD8, 0xD8, 0xD8, 0xD8, 0x17, 
0x00, 0x00, 0x00, 0x61, 0xFC, 0x47, 0x00, 0x00, 0x00, 0x00, 0x00, 0x00, 
0x00, 0x00, 0x00, 0x00, 0x00, 0x00, 0x00, 0x00, 0x00, 0x00, 0x00, 0x00, 
0x00, 0x75, 0xDC, 0xDC, 0xDC, 0xDC, 0xDC, 0xDC, 0xDC, 0xDC, 0xDC, 0xDC, 
0xDC, 0xDC, 0xDC, 0xCA, 0x00, 0x00, 0x00, 0x00, 0x00, 0x00, 0x58, 0xFF, 
0xFF, 0xFF, 0xFF, 0xFF, 0xFF, 0xFF, 0xFF, 0xFF, 0xFF, 0xFF, 0xFF, 0xFF, 
0xEC, 0x00, 0x00, 0x00, 0x00, 0x00, 0x00, 0x25, 0x6C, 0x6C, 0x6C, 0x6C, 
0x6C, 0x6C, 0x6C, 0x6C, 0x6C, 0x6C, 0x6C, 0xBC, 0xFF, 0xEC, 0x00, 0x00, 
0x00, 0x00, 0x00, 0x00, 0x00, 0x00, 0x00, 0x00, 0x00, 0x00, 0x00, 0x00, 
0x00, 0x00, 0x00, 0x00, 0x8A, 0xFF, 0xEE, 0x00, 0x00, 0x00, 0x00, 0x00, 
0x00, 0x00, 0x00, 0x00, 0x00, 0x00, 0x00, 0x00, 0x00, 0x00, 0x00, 0x00, 
0x00, 0x84, 0xFF, 0xF3, 0x00, 0x00, 0x00, 0x00, 0x00, 0x00, 0x00, 0x00, 
0x00, 0x00, 0x00, 0x00, 0x00, 0x00, 0x00, 0x00, 0x00, 0x00, 0x7B, 0xFF, 
0xFE, 0x01, 0x0B, 0x00, 0x00, 0x00, 0x00, 0x00, 0x00, 0x00, 0x00, 0x00, 
0x00, 0x00, 0x00, 0x00, 0x00, 0x00, 0x00, 0x63, 0xFF, 0xFF, 0x16, 0x8E, 
0xAD, 0x1E, 0x00, 0x00, 0x00, 0x00, 0x00, 0x00, 0x00, 0x00, 0x00, 0x00, 
0x00, 0x00, 0x00, 0x00, 0x3F, 0xFF, 0xFF, 0x3C, 0xC4, 0xFF, 0x9A, 0x00, 
0x00, 0x00, 0x00, 0x00, 0x00, 0x00, 0x00, 0x00, 0x00, 0x00, 0x00, 0x00, 
0x00, 0x0C, 0xF9, 0xFF, 0xBD, 0xFD, 0xFF, 0x52, 0x00, 0x00, 0x00, 0x00, 
0x00, 0x00, 0x00, 0x00, 0x00, 0x00, 0x00, 0x00, 0x00, 0x00, 0x00, 0xB4, 
0xFF, 0xFF, 0xFF, 0xE4, 0x07, 0x00, 0x00, 0x00, 0x00, 0x00, 0x00, 0x00, 
0x00, 0x00, 0x00, 0x00, 0x00, 0x00, 0x00, 0x00, 0x35, 0xF9, 0xFF, 0xFE, 
0x53, 0x00, 0x00, 0x00, 0x00, 0x00, 0x00, 0x00, 0x00, 0x00, 0x00, 0x00, 
0x00, 0x00, 0x00, 0x00, 0x00, 0x00, 0x33, 0x7F, 0x3E, 0x00, 0x00, 0x00, 
0x00, 0x1C, 0x10, 0x00, 0x00, 0x00, 0x00, 0x00, 0x00, 0x00, 0x00, 0x00, 
0x00, 0x00, 0x00, 0x00, 0x00, 0x00, 0x00, 0x00, 0x00, 0x05, 0xC8, 0xE1, 
0x37, 0x00, 0x00, 0xBC, 0xFF, 0xFF, 0xFF, 0xFF, 0xFF, 0xFF, 0xFF, 0xFF, 
0xFF, 0xFF, 0x2C, 0x00, 0x00, 0x00, 0x2A, 0xEA, 0xFF, 0xF9, 0x6C, 0x00, 
0xBC, 0xFF, 0xFF, 0xFF, 0xFF, 0xFF, 0xFF, 0xFF, 0xFF, 0xFF, 0xFF, 0x2C, 
0x00, 0x00, 0x00, 0x00, 0x1D, 0xCF, 0xFF, 0xFF, 0x64, 0xBC, 0xFF, 0x7C, 
0x10, 0x10, 0x10, 0x10, 0x10, 0x10, 0xFC, 0xFF, 0x2C, 0x00, 0x00, 0x00, 
0x00, 0x00, 0x0B, 0xB4, 0xDC, 0x0B, 0xBC, 0xFF, 0xE3, 0xCC, 0xCC, 0xCC, 
0xCC, 0xCC, 0xCC, 0xFF, 0xFF, 0x2C, 0x00, 0x00, 0x00, 0x33, 0x36, 0x00, 
0x04, 0x25, 0x00, 0xBC, 0xFF, 0xFF, 0xFF, 0xFF, 0xFF, 0xFF, 0xFF, 0xFF, 
0xFF, 0xFF, 0x2C, 0x00, 0x00, 0x0B, 0xDA, 0xFB, 0x74, 0x00, 0x00, 0x00, 
0xBC, 0xFF, 0x94, 0x3C, 0x3C, 0x3C, 0x3C, 0x3C, 0x3C, 0xFC, 0xFF, 0x2C, 
0x00, 0x00, 0x18, 0xC8, 0xFF, 0xFF, 0xAD, 0x0D, 0x00, 0xBC, 0xFF, 0xBC, 
0x84, 0x84, 0x84, 0x84, 0x84, 0x84, 0xFE, 0xFF, 0x2C, 0x00, 0x00, 0x00, 
0x07, 0xA0, 0xFF, 0xFF, 0x9D, 0x00, 0xBC, 0xFF, 0xFF, 0xFF, 0xFF, 0xFF, 
0xFF, 0xFF, 0xFF, 0xFF, 0xFF, 0x2C, 0x00, 0x00, 0x00, 0x00, 0x00, 0x7F, 
0xF7, 0x27, 0x00, 0x60, 0x84, 0x84, 0x84, 0x84, 0x84, 0x84, 0x84, 0x84, 
0x84, 0x84, 0x16, 0x00, 0x00, 0x00, 0x00, 0x00, 0x00, 0x29, 0x00, 0x05, 
0x10, 0x10, 0x10, 0x10, 0x10, 0x10, 0x10, 0x10, 0x10, 0x10, 0x10, 0x0C, 
0x00, 0x00, 0x00, 0x00, 0x00, 0x62, 0x4F, 0x0B, 0x54, 0xFF, 0xFF, 0xFF, 
0xFF, 0xFF, 0xFF, 0xFF, 0xFF, 0xFF, 0xFF, 0xFF, 0xC8, 0x00, 0x00, 0x00, 
0x00, 0x00, 0xE5, 0xFF, 0x6D, 0x54, 0xFF, 0xFF, 0xFF, 0xFF, 0xFF, 0xFF, 
0xFF, 0xFF, 0xFF, 0xFF, 0xFF, 0xC8, 0x00, 0x00, 0x00, 0x00, 0x2B, 0xFF, 
0xFF, 0x2D, 0x54, 0xFF, 0xCE, 0x0C, 0xF8, 0xFF, 0x1B, 0xA0, 0xFF, 0x72, 
0x5C, 0xFF, 0xC8, 0x00, 0x00, 0x00, 0x00, 0x71, 0xFF, 0xE9, 0x01, 0x54, 
0xFF, 0xCC, 0x00, 0xF8, 0xFF, 0x10, 0x9C, 0xFF, 0x6C, 0x54, 0xFF, 0xC8, 
0x00, 0x00, 0x00, 0x00, 0xB9, 0xFF, 0xA7, 0x00, 0x54, 0xFF, 0xCC, 0x00, 
0xF8, 0xFF, 0x10, 0x9C, 0xFF, 0x6C, 0x54, 0xFF, 0xC8, 0x00, 0x00, 0x00, 
0x0A, 0xF7, 0xFF, 0x62, 0x00, 0x54, 0xFF, 0xCC, 0x00, 0xF8, 0xFF, 0x10, 
0x9C, 0xFF, 0x6C, 0x54, 0xFF, 0xC8, 0x00, 0x00, 0x00, 0x4D, 0xFF, 0xFF, 
0x2C, 0x64, 0x97, 0xFF, 0xE0, 0x64, 0xFB, 0xFF, 0x6D, 0xC3, 0xFF, 0xA5, 
0x97, 0xFF, 0xDD, 0x64, 0x22, 0x00, 0x9C, 0xFF, 0xD6, 0x24, 0xFF, 0xFF, 
0xFF, 0xFF, 0xFF, 0xFF, 0xFF, 0xFF, 0xFF, 0xFF, 0xFF, 0xFF, 0xFF, 0xFF, 
0xFF, 0x58, 0x00, 0x4A, 0x99, 0x74, 0x18, 0xAC, 0xAC, 0xAC, 0xAC, 0xAC, 
0xAC, 0xAC, 0xAC, 0xAC, 0xAC, 0xAC, 0xAC, 0xAC, 0xAC, 0xAC, 0x3B, 0x00, 
0x00, 0x08, 0x5F, 0x01, 0x00, 0x00, 0x00, 0x00, 0x00, 0x00, 0x00, 0x00, 
0x00, 0x00, 0x00, 0x00, 0x00, 0x00, 0x00, 0x00, 0x00, 0x00, 0x82, 0xFF, 
0xB6, 0x15, 0x00, 0x87, 0xE4, 0xE4, 0xE4, 0xE4, 0xE4, 0xE4, 0xE4, 0xE4, 
0xE4, 0xE4, 0xE4, 0x2E, 0x00, 0x00, 0x00, 0xA1, 0xFF, 0xFF, 0xE4, 0x39, 
0x98, 0xFF, 0xFF, 0xFF, 0xFF, 0xFF, 0xFF, 0xFF, 0xFF, 0xFF, 0xFF, 0xFF, 
0x34, 0x00, 0x00, 0x00, 0x00, 0x6B, 0xFA, 0xFF, 0xCA, 0x98, 0xFF, 0xC1, 
0x38, 0x38, 0x38, 0x38, 0x38, 0x38, 0x3E, 0xFF, 0xFF, 0x34, 0x00, 0x00, 
0x00, 0x00, 0x00, 0x41, 0xEE, 0x41, 0x98, 0xFF, 0xDB, 0x8C, 0x8C, 0x8C, 
0x8C, 0x8C, 0x8C, 0x8F, 0xFF, 0xFF, 0x34, 0x00, 0x00, 0x00, 0x18, 0x00, 
0x00, 0x19, 0x00, 0x98, 0xFF, 0xFF, 0xFF, 0xFF, 0xFF, 0xFF, 0xFF, 0xFF, 
0xFF, 0xFF, 0xFF, 0x34, 0x00, 0x00, 0x4A, 0xF7, 0x71, 0x01, 0x00, 0x00, 
0x98, 0xFF, 0xD9, 0x84, 0x84, 0x84, 0x84, 0x84, 0x84, 0x87, 0xFF, 0xFF, 
0x34, 0x00, 0x01, 0xD6, 0xFF, 0xFF, 0xB9, 0x14, 0x00, 0x98, 0xFF, 0xC2, 
0x3C, 0x3C, 0x3C, 0x3C, 0x3C, 0x3C, 0x42, 0xFF, 0xFF, 0x34, 0x00, 0x00, 
0x1D, 0xC6, 0xFF, 0xFF, 0xE0, 0x0B, 0x98, 0xFF, 0xFF, 0xFF, 0xFF, 0xFF, 
0xFF, 0xFF, 0xFF, 0xFF, 0xFF, 0xFF, 0x34, 0x00, 0x00, 0x00, 0x05, 0x96, 
0xFF, 0xA7, 0x00, 0x82, 0xDC, 0xDC, 0xDC, 0xDC, 0xDC, 0xDC, 0xDC, 0xDC, 
0xDC, 0xDC, 0xDC, 0x2C, 0x00, 0x00, 0x00, 0x00, 0x00, 0x6B, 0x1B, 0x00, 
0x09, 0x0B, 0x00, 0x80, 0xCF, 0x7C, 0x06, 0xD5, 0xCB, 0x24, 0x00, 0x20, 
0x00, 0x00, 0x00, 0x00, 0x00, 0x19, 0x22, 0x00, 0x40, 0xDE, 0x8F, 0x00, 
0x98, 0xFF, 0xA0, 0x08, 0xFF, 0xFF, 0x30, 0x08, 0xEC, 0xC3, 0x15, 0x00, 
0x00, 0x00, 0x79, 0xFF, 0xC1, 0x42, 0xFF, 0xFA, 0x23, 0x98, 0xFF, 0xA0, 
0x08, 0xFF, 0xFF, 0x30, 0x69, 0xFF, 0xD6, 0x01, 0x00, 0x00, 0x00, 0xC3, 
0xFF, 0xBA, 0x00, 0xBA, 0xFF, 0xA4, 0x98, 0xFF, 0xA0, 0x08, 0xFF, 0xFF, 
0x35, 0xE0, 0xFF, 0x5B, 0x00, 0x00, 0x00, 0x12, 0xFC, 0xFF, 0x73, 0x00, 
0x39, 0xFF, 0xFD, 0xBC, 0xFF, 0xA0, 0x08, 0xFF, 0xFF, 0x99, 0xFF, 0xD9, 
0x03, 0x00, 0x00, 0x00, 0x5C, 0xFF, 0xFF, 0x29, 0x00, 0x00, 0xBF, 0xF2, 
0xD5, 0xFF, 0xA0, 0x08, 0xFF, 0xFF, 0xD1, 0xFF, 0x57, 0x00, 0x00, 0x00, 
0x00, 0xAA, 0xFF, 0xDE, 0x00, 0x00, 0x00, 0x37, 0x21, 0x98, 0xFF, 0xA0, 
0x08, 0xFF, 0xFF, 0x30, 0x44, 0x01, 0x00, 0x00, 0x00, 0x06, 0xF2, 0xFF, 
0x91, 0x10, 0x94, 0x94, 0x94, 0x94, 0xD4, 0xFF, 0xD7, 0x97, 0xFF, 0xFF, 
0xA8, 0x94, 0x94, 0x94, 0x57, 0x00, 0x4A, 0xFF, 0xFF, 0x40, 0x1C, 0xFF, 
0xFF, 0xFF, 0xFF, 0xFF, 0xFF, 0xFF, 0xFF, 0xFF, 0xFF, 0xFF, 0xFF, 0xFF, 
0xFF, 0x98, 0x00, 0x2B, 0x96, 0xCF, 0x02, 0x0F, 0x8C, 0x8C, 0x8C, 0x8C, 
0x8C, 0x8C, 0x8C, 0x8C, 0x8C, 0x8C, 0x8C, 0x8C, 0x8C, 0x8C, 0x53, 0x00, 
0x00, 0x00, 0x00, 0x00, 0x00, 0x00, 0x04, 0x9A, 0x90, 0x35, 0x00, 0x00, 
0x00, 0x00, 0x00, 0x00, 0x00, 0x00, 0x00, 0x00, 0x00, 0x00, 0x00, 0x00, 
0x00, 0x00, 0x08, 0xFF, 0xFF, 0x64, 0x00, 0x00, 0x00, 0x00, 0x00, 0x00, 
0x00, 0x00, 0x00, 0x00, 0x00, 0x00, 0x00, 0x00, 0x00, 0x00, 0x08, 0xFF, 
0xFF, 0xEA, 0xDC, 0xDC, 0xDC, 0xDC, 0xDC, 0xDC, 0xDC, 0x6A, 0x00, 0x00, 
0x00, 0x00, 0x00, 0x00, 0x00, 0x00, 0x08, 0xFF, 0xFF, 0xFF, 0xFF, 0xFF, 
0xFF, 0xFF, 0xFF, 0xFF, 0xFF, 0x7C, 0x00, 0x00, 0x00, 0x00, 0x00, 0x00, 
0x00, 0x00, 0x08, 0xFF, 0xFF, 0xBE, 0x94, 0x94, 0x94, 0x94, 0x94, 0x94, 
0x94, 0x47, 0x00, 0x00, 0x00, 0x00, 0x00, 0x00, 0x00, 0x00, 0x08, 0xFF, 
0xFF, 0x64, 0x00, 0x00, 0x00, 0x00, 0x00, 0x00, 0x00, 0x00, 0x00, 0x00, 
0x00, 0x6B, 0xA8, 0xA8, 0xA8, 0xA8, 0xAA, 0xFF, 0xFF, 0xCA, 0xA8, 0xA8, 
0xA8, 0xA8, 0xA8, 0xA8, 0x1C, 0x00, 0x00, 0x00, 0x00, 0xA4, 0xFF, 0xFF, 
0xFF, 0xFF, 0xFF, 0xFF, 0xFF, 0xFF, 0xFF, 0xFF, 0xFF, 0xFF, 0xFF, 0xFF, 
0x2C, 0x00, 0x00, 0x00, 0x00, 0xA4, 0xFF, 0xEB, 0xBC, 0xBC, 0xBC, 0xBC, 
0xBC, 0xBC, 0xBC, 0xBC, 0xBC, 0xC6, 0xFF, 0xFF, 0x2C, 0x00, 0x00, 0x00, 
0x00, 0xA4, 0xFF, 0xB4, 0x00, 0x00, 0x00, 0x00, 0x00, 0x00, 0x00, 0x00, 
0x00, 0x28, 0xFF, 0xFF, 0x2C, 0x00, 0x00, 0x00, 0x00, 0xA4, 0xFF, 0xB4, 
0x00, 0x00, 0x00, 0x00, 0x00, 0x00, 0x00, 0x00, 0x00, 0x28, 0xFF, 0xFF, 
0x2C, 0x00, 0x00, 0x00, 0x00, 0xA4, 0xFF, 0xC8, 0x44, 0x44, 0x44, 0x44, 
0x44, 0x44, 0x44, 0x44, 0x44, 0x61, 0xFF, 0xFF, 0x2C, 0x00, 0x00, 0x00, 
0x00, 0xA4, 0xFF, 0xFF, 0xFF, 0xFF, 0xFF, 0xFF, 0xFF, 0xFF, 0xFF, 0xFF, 
0xFF, 0xFF, 0xFF, 0xFF, 0x2C, 0x00, 0x00, 0x00, 0x00, 0xA4, 0xFF, 0xFF, 
0xFF, 0xFF, 0xFF, 0xFF, 0xFF, 0xFF, 0xFF, 0xFF, 0xFF, 0xFF, 0xFF, 0xFF, 
0x2C, 0x00, 0x00, 0x00, 0x00, 0x7B, 0x5D, 0x15, 0x14, 0x14, 0x1D, 0x14, 
0x14, 0x14, 0x28, 0x31, 0x14, 0x14, 0x3F, 0xA7, 0x0B, 0x00, 0x00, 0x00, 
0x14, 0xF8, 0xFF, 0x65, 0x28, 0xD3, 0xFA, 0x13, 0x00, 0x7F, 0xFD, 0xB5, 
0x00, 0x14, 0xF6, 0xFF, 0x7C, 0x00, 0x00, 0x00, 0x79, 0xFF, 0xF7, 0x13, 
0x0F, 0xFE, 0xFF, 0x50, 0x00, 0x49, 0xFF, 0xFD, 0x1B, 0x00, 0x89, 0xFF, 
0xF5, 0x18, 0x00, 0x0B, 0xE9, 0xFF, 0x9D, 0x00, 0x00, 0xDC, 0xFF, 0x84, 
0x00, 0x03, 0xE6, 0xFF, 0x6C, 0x00, 0x13, 0xF2, 0xFF, 0x91, 0x00, 0x84, 
0xFF, 0xFD, 0x28, 0x00, 0x00, 0xAF, 0xFF, 0xAE, 0x00, 0x00, 0x98, 0xFF, 
0xB5, 0x00, 0x00, 0x88, 0xFF, 0xF8, 0x17, 0x81, 0xF8, 0xA4, 0x00, 0x00, 
0x00, 0x82, 0xC3, 0x6A, 0x00, 0x00, 0x4C, 0x92, 0x36, 0x00, 0x00, 0x18, 
0xEC, 0x62, 0x00, 0x00, 0x23, 0x1C, 0x00, 0x00, 0x00, 0x00, 0x00, 0x00, 
0x00, 0x00, 0x00, 0x00, 0x00, 0x00, 0x00, 0x00, 0x0F, 0x00, 0x00, 0x00, 
0x00, 0x00, 0x00, 0x53, 0x7D, 0x42, 0x00, 0x00, 0x00, 0x00, 0x6A, 0x6E, 
0x20, 0x00, 0x00, 0x00, 0x00, 0x00, 0x00, 0x00, 0x00, 0x00, 0x00, 0x00, 
0xA0, 0xFF, 0x90, 0x00, 0x00, 0x00, 0x00, 0xE4, 0xFF, 0x50, 0x00, 0x00, 
0x00, 0x00, 0x00, 0x00, 0x00, 0x00, 0x00, 0x00, 0x00, 0xA0, 0xFF, 0x90, 
0x00, 0x00, 0x00, 0x00, 0xE4, 0xFF, 0x50, 0x00, 0x00, 0x00, 0x00, 0x00, 
0x00, 0x00, 0x00, 0x4A, 0xD8, 0xD8, 0xF1, 0xFF, 0xEE, 0xD8, 0x87, 0xB8, 
0xFF, 0xFF, 0xFF, 0xFF, 0xFF, 0xFF, 0xFF, 0xA4, 0x00, 0x00, 0x00, 0x00, 
0x58, 0xFF, 0xFF, 0xFF, 0xFF, 0xFF, 0xFF, 0xA0, 0xB8, 0xFF, 0xFF, 0xFF, 
0xFF, 0xFF, 0xFF, 0xFF, 0xA4, 0x00, 0x00, 0x00, 0x00, 0x21, 0x60, 0x60, 
0xC4, 0xFF, 0xBA, 0x60, 0x3C, 0x30, 0x44, 0xF2, 0xFF, 0x7B, 0x44, 0x99, 
0xFF, 0xA4, 0x00, 0x00, 0x00, 0x00, 0x00, 0x00, 0x00, 0xA0, 0xFF, 0xA9, 
0x6B, 0x1E, 0x03, 0x01, 0xFA, 0xFF, 0x3F, 0x00, 0x74, 0xFF, 0xA4, 0x00, 
0x00, 0x00, 0x00, 0x00, 0x22, 0x64, 0xD7, 0xFF, 0xFF, 0xFF, 0x42, 0xB8, 
0xB2, 0xFF, 0xFF, 0x2A, 0x00, 0x72, 0xFF, 0xA6, 0x00, 0x00, 0x00, 0x14, 
0xE5, 0xFF, 0xFF, 0xFF, 0xFF, 0xFF, 0xD9, 0x6D, 0xFF, 0xFF, 0xFF, 0xFF, 
0x2E, 0x00, 0x6B, 0xFF, 0xAC, 0x00, 0x00, 0x00, 0x0D, 0xFF, 0xFF, 0xE5, 
0xE4, 0xFF, 0x94, 0x00, 0x01, 0x51, 0xE9, 0xFF, 0xFF, 0xF9, 0x8D, 0x71, 
0xFF, 0xB7, 0x03, 0x14, 0x00, 0x00, 0x75, 0x2D, 0x00, 0xA0, 0xFF, 0x90, 
0x00, 0x00, 0x26, 0xF9, 0xFF, 0xF9, 0xFF, 0xFF, 0xE4, 0xFF, 0xC3, 0x22, 
0xF1, 0x58, 0x00, 0x00, 0x00, 0x00, 0xA2, 0xFF, 0x90, 0x00, 0x12, 0xD3, 
0xFF, 0xEE, 0x1E, 0x97, 0xFD, 0x66, 0xFF, 0xED, 0x6A, 0xFF, 0x6E, 0x00, 
0x0D, 0x76, 0x92, 0xEF, 0xFF, 0x89, 0x21, 0xD3, 0xFF, 0xFF, 0x59, 0x00, 
0x00, 0x2A, 0x09, 0xF6, 0xFF, 0xFF, 0xFF, 0x30, 0x00, 0x01, 0xE2, 0xFF, 
0xFF, 0xFF, 0x57, 0xBC, 0xFF, 0xFF, 0x82, 0x00, 0x00, 0x00, 0x00, 0x00, 
0x99, 0xFF, 0xFF, 0xCE, 0x00, 0x00, 0x00, 0x76, 0xCB, 0xA3, 0x61, 0x01, 
0x0C, 0xB7, 0x82, 0x00, 0x00, 0x09, 0x1D, 0x00, 0x00, 0x0A, 0xB4, 0xAF, 
0x26, 0x00, 0x00, 0x00, 0x07, 0xE8, 0xB6, 0x27, 0x0B, 0x99, 0xC9, 0x1C, 
0x00, 0x5F, 0xF4, 0xC3, 0x00, 0x0B, 0x98, 0xFC, 0x3C, 0x00, 0x00, 0x00, 
0x00, 0x5B, 0xFF, 0xFB, 0x17, 0x01, 0xEE, 0xFF, 0x5B, 0x00, 0x37, 0xFF, 
0xFF, 0x21, 0x03, 0xD2, 0xFF, 0xD4, 0x04, 0x00, 0x00, 0x01, 0xCC, 0xFF, 
0xB0, 0x00, 0x00, 0xBA, 0xFF, 0x8F, 0x00, 0x00, 0xDC, 0xFF, 0x75, 0x00, 
0x42, 0xFF, 0xFF, 0x5E, 0x00, 0x00, 0x65, 0xFF, 0xFF, 0x3C, 0x00, 0x00, 
0x91, 0xFF, 0xBB, 0x00, 0x00, 0x8E, 0xFF, 0xC3, 0x00, 0x00, 0xB6, 0xFF, 
0xD7, 0x02, 0x00, 0xA3, 0xFF, 0xB2, 0x00, 0x00, 0x00, 0x71, 0xFD, 0xB6, 
0x00, 0x00, 0x49, 0xB0, 0x4C, 0x00, 0x00, 0x3C, 0xF9, 0x7B, 0x03, 0x00, 
0x00, 0x3F, 0x28, 0x00, 0x00, 0x00, 0x13, 0x0F, 0x00, 0x00, 0x00, 0x00, 
0x00, 0x00, 0x00, 0x00, 0x00, 0x20, 0x00, 0x00, 0x00, 0x00, 0x08, 0xB8, 
0xB8, 0xB8, 0xB8, 0xB8, 0xB8, 0xB8, 0xB8, 0xB8, 0xB8, 0xB8, 0xB8, 0xB8, 
0xB8, 0xB8, 0xB8, 0x05, 0x00, 0x00, 0x0C, 0xFF, 0xFF, 0xFF, 0xFF, 0xFF, 
0xFF, 0xFF, 0xFF, 0xFF, 0xFF, 0xFF, 0xFF, 0xFF, 0xFF, 0xFF, 0xFF, 0x08, 
0x00, 0x00, 0x0C, 0xFF, 0xFF, 0xC4, 0xA8, 0xA8, 0xA8, 0xB8, 0xFF, 0xFF, 
0xB4, 0xA8, 0xA8, 0xA8, 0xC4, 0xFF, 0xFF, 0x08, 0x00, 0x00, 0x0C, 0xFF, 
0xFF, 0x54, 0x00, 0x00, 0x00, 0x30, 0xFF, 0xFF, 0x24, 0x00, 0x00, 0x00, 
0x54, 0xFF, 0xFF, 0x08, 0x00, 0x00, 0x0C, 0xFF, 0xFF, 0x54, 0x00, 0x00, 
0x00, 0x30, 0xFF, 0xFF, 0x24, 0x00, 0x00, 0x00, 0x54, 0xFF, 0xFF, 0x08, 
0x00, 0x00, 0x0C, 0xFF, 0xFF, 0x89, 0x50, 0x50, 0x50, 0x71, 0xFF, 0xFF, 
0x68, 0x50, 0x50, 0x50, 0x89, 0xFF, 0xFF, 0x08, 0x00, 0x00, 0x0C, 0xFF, 
0xFF, 0xFF, 0xFF, 0xFF, 0xFF, 0xFF, 0xFF, 0xFF, 0xFF, 0xFF, 0xFF, 0xFF, 
0xFF, 0xFF, 0xFF, 0x08, 0x00, 0x00, 0x0C, 0xFF, 0xFF, 0xFF, 0xFF, 0xFF, 
0xFF, 0xFF, 0xFF, 0xFF, 0xFF, 0xFF, 0xFF, 0xFF, 0xFF, 0xFF, 0xFF, 0x08, 
0x00, 0x00, 0x0C, 0xFF, 0xFF, 0x5E, 0x10, 0x10, 0x10, 0x3D, 0xFF, 0xFF, 
0x31, 0x10, 0x10, 0x10, 0x5E, 0xFF, 0xFF, 0x08, 0x00, 0x00, 0x0C, 0xFF, 
0xFF, 0x54, 0x00, 0x00, 0x00, 0x30, 0xFF, 0xFF, 0x24, 0x00, 0x00, 0x00, 
0x54, 0xFF, 0xFF, 0x08, 0x00, 0x00, 0x10, 0xFF, 0xFF, 0x66, 0x1C, 0x1C, 
0x1C, 0x46, 0xFF, 0xFF, 0x3C, 0x1C, 0x1C, 0x1C, 0x66, 0xFF, 0xFF, 0x08, 
0x00, 0x00, 0x19, 0xFF, 0xFF, 0xFF, 0xFF, 0xFF, 0xFF, 0xFF, 0xFF, 0xFF, 
0xFF, 0xFF, 0xFF, 0xFF, 0xFF, 0xFF, 0xFF, 0x08, 0x00, 0x00, 0x2A, 0xFF, 
0xFF, 0xFF, 0xFF, 0xFF, 0xFF, 0xFF, 0xFF, 0xFF, 0xFF, 0xFF, 0xFF, 0xFF, 
0xFF, 0xFF, 0xFF, 0x08, 0x00, 0x00, 0x4A, 0xFF, 0xFF, 0x51, 0x44, 0x44, 
0x44, 0x67, 0xFF, 0xFF, 0x5E, 0x44, 0x44, 0x44, 0x81, 0xFF, 0xFF, 0x08, 
0x00, 0x00, 0x7F, 0xFF, 0xE7, 0x00, 0x00, 0x00, 0x00, 0x30, 0xFF, 0xFF, 
0x24, 0x00, 0x00, 0x00, 0x54, 0xFF, 0xFF, 0x08, 0x00, 0x00, 0xD2, 0xFF, 
0xA5, 0x00, 0x00, 0x00, 0x00, 0x30, 0xFF, 0xFF, 0x24, 0x00, 0x00, 0x00, 
0x54, 0xFF, 0xFF, 0x08, 0x00, 0x44, 0xFF, 0xFF, 0x52, 0x00, 0x00, 0x00, 
0x00, 0x30, 0xFF, 0xFF, 0x24, 0x00, 0x27, 0x40, 0xA8, 0xFF, 0xFF, 0x05, 
0x01, 0xCC, 0xFF, 0xE5, 0x04, 0x00, 0x00, 0x00, 0x00, 0x30, 0xFF, 0xFF, 
0x24, 0x00, 0xC9, 0xFF, 0xFF, 0xFF, 0xEC, 0x00, 0x20, 0xDF, 0xFF, 0x72, 
0x00, 0x00, 0x00, 0x00, 0x00, 0x25, 0xC8, 0xC8, 0x1C, 0x00, 0x7D, 0xFF, 
0xFF, 0xF4, 0x68, 0x00, 0x00, 0x06, 0x6B, 0x08, 0x00, 0x00, 0x00, 0x00, 
0x00, 0x00, 0x00, 0x00, 0x00, 0x00, 0x1A, 0x4A, 0x2C, 0x07, 0x00, 0x00, 
0x00, 0x00, 0x00, 0x00, 0x00, 0x00, 0x00, 0x00, 0x6D, 0xA7, 0x91, 0x00, 
0x00, 0x00, 0x00, 0x00, 0x00, 0x00, 0x00, 0x06, 0x10, 0x10, 0x10, 0x10, 
0x10, 0x10, 0x10, 0x9C, 0xFF, 0xFA, 0x1D, 0x10, 0x10, 0x10, 0x10, 0x10, 
0x10, 0x0F, 0x6C, 0xFF, 0xFF, 0xFF, 0xFF, 0xFF, 0xFF, 0xFF, 0xFF, 0xFF, 
0xFF, 0xFF, 0xFF, 0xFF, 0xFF, 0xFF, 0xFF, 0xFF, 0xF0, 0x68, 0xF8, 0xF8, 
0xF8, 0xF8, 0xF8, 0xFA, 0xF8, 0xF8, 0xF8, 0xF8, 0xF8, 0xF8, 0xFA, 0xF8, 
0xF8, 0xF8, 0xF8, 0xE8, 0x00, 0x00, 0x3D, 0x3F, 0x18, 0x55, 0xED, 0x98, 
0x38, 0x00, 0x02, 0x4B, 0xBB, 0xC3, 0x00, 0x45, 0x3E, 0x12, 0x00, 0x00, 
0x00, 0xD4, 0xFF, 0x74, 0x4A, 0xC1, 0xFE, 0xFF, 0xD4, 0xDF, 0xFF, 0xF9, 
0xA2, 0x0A, 0xF0, 0xFF, 0x58, 0x00, 0x00, 0x00, 0xD4, 0xFF, 0x74, 0x0A, 
0x58, 0xD0, 0xFF, 0xFF, 0xFF, 0xFF, 0xB1, 0x2F, 0x00, 0xF0, 0xFF, 0x58, 
0x00, 0x00, 0x00, 0xD4, 0xFF, 0x74, 0xBD, 0xFF, 0xFA, 0xAB, 0x46, 0x5D, 
0xCB, 0xFF, 0xFF, 0x3C, 0xF0, 0xFF, 0x58, 0x00, 0x00, 0x00, 0xD4, 0xFF, 
0xA4, 0x9E, 0xC0, 0x6A, 0x58, 0x58, 0x58, 0x58, 0x93, 0xE5, 0x59, 0xF5, 
0xFF, 0x58, 0x00, 0x00, 0x00, 0xD4, 0xFF, 0xFF, 0xFF, 0xFF, 0xFF, 0xFF, 
0xFF, 0xFF, 0xFF, 0xFF, 0xFF, 0xFF, 0xFF, 0xFF, 0x58, 0x00, 0x00, 0x00, 
0x95, 0xB4, 0xB4, 0xB4, 0xB4, 0xB4, 0xEB, 0xFF, 0xE9, 0xB4, 0xB4, 0xB4, 
0xB4, 0xB4, 0xB4, 0x3D, 0x00, 0x00, 0x11, 0x1C, 0x1C, 0x1C, 0x1C, 0x1C, 
0x23, 0xF1, 0xFF, 0x83, 0x1C, 0x1C, 0x1C, 0x1C, 0x1C, 0x1C, 0x1C, 0x04, 
0x00, 0xA0, 0xFF, 0xFF, 0xFF, 0xFF, 0xFF, 0xFF, 0xFF, 0xFF, 0xFF, 0xFF, 
0xFF, 0xFF, 0xFF, 0xFF, 0xFF, 0xFF, 0x28, 0x00, 0xA0, 0xFF, 0xFB, 0xF0, 
0xF0, 0xF4, 0xFF, 0xFF, 0xF3, 0xF0, 0xF4, 0xFB, 0xF0, 0xF0, 0xF2, 0xFF, 
0xFF, 0x28, 0x00, 0xA0, 0xFF, 0xB4, 0x00, 0x00, 0x9B, 0xFF, 0xD8, 0x07, 
0x1D, 0xDB, 0xF5, 0x2D, 0x00, 0x2C, 0xFF, 0xFF, 0x28, 0x00, 0xA0, 0xFF, 
0xB4, 0x00, 0x5D, 0xFF, 0xFF, 0x66, 0x33, 0x43, 0xDB, 0xFF, 0xD9, 0x0C, 
0x2C, 0xFF, 0xFF, 0x28, 0x00, 0xA0, 0xFF, 0xB4, 0x10, 0xFD, 0xFF, 0xFF, 
0xFF, 0xFF, 0xFF, 0xFF, 0xFF, 0xFF, 0xA0, 0x2C, 0xFF, 0xFF, 0x28, 0x00, 
0xA0, 0xFF, 0xB4, 0x00, 0xCF, 0xE6, 0xC3, 0xAC, 0x94, 0x81, 0x70, 0x7A, 
0xFE, 0x99, 0x4B, 0xFF, 0xFF, 0x25, 0x00, 0xA0, 0xFF, 0xB4, 0x00, 0x06, 
0x00, 0x00, 0x00, 0x00, 0x00, 0x00, 0x00, 0xB5, 0xC5, 0xF5, 0xFF, 0xFC, 
0x0E, 0x00, 0xA0, 0xFF, 0xB4, 0x00, 0x00, 0x00, 0x00, 0x00, 0x00, 0x00, 
0x00, 0x00, 0x7C, 0xFF, 0xFF, 0xE8, 0x6F, 0x00, 0x00, 0x16, 0x24, 0x19, 
0x00, 0x00, 0x00, 0x00, 0x00, 0x00, 0x00, 0x00, 0x00, 0x0E, 0x2F, 0x14, 
0x00, 0x00, 0x00, 0x00, 0x00, 0x00, 0x08, 0x77, 0x0F, 0x00, 0x00, 0x00, 
0x1F, 0x6D, 0x6B, 0x00, 0x0D, 0x7F, 0x04, 0x00, 0x00, 0x00, 0x00, 0x00, 
0x00, 0x00, 0x66, 0xFF, 0xE7, 0x08, 0x00, 0x00, 0x42, 0xFF, 0xF6, 0x00, 
0xAD, 0xFF, 0xAC, 0x03, 0x00, 0x00, 0x00, 0x00, 0x00, 0x05, 0xDD, 0xFF, 
0x8B, 0x00, 0x00, 0x00, 0x31, 0xFF, 0xFF, 0x05, 0x29, 0xEC, 0xFF, 0x96, 
0x00, 0x00, 0x00, 0x00, 0x00, 0x67, 0xFF, 0xF0, 0x12, 0x00, 0x00, 0x00, 
0x22, 0xFF, 0xFF, 0x14, 0x00, 0x39, 0xF1, 0x4A, 0x00, 0x00, 0x00, 0x00, 
0x0D, 0xE8, 0xFF, 0x77, 0x3C, 0x59, 0x02, 0x00, 0x13, 0xFF, 0xFF, 0x5A, 
0x5D, 0x7B, 0xB0, 0xB9, 0xD8, 0x64, 0x00, 0x00, 0x93, 0xFF, 0xD2, 0x06, 
0xB8, 0xFF, 0x89, 0x9A, 0xE5, 0xFF, 0xFF, 0xFF, 0xFF, 0xFF, 0xFF, 0xFF, 
0xFF, 0x83, 0x00, 0x80, 0xFF, 0xFF, 0xBF, 0xA8, 0xFF, 0xFE, 0x28, 0xB2, 
0xFF, 0xFF, 0xFF, 0xE3, 0xBD, 0x9F, 0x81, 0x63, 0x45, 0x19, 0x00, 0x8F, 
0xFF, 0xFF, 0xFF, 0xFF, 0xFF, 0xA9, 0x00, 0x30, 0x32, 0xE1, 0xFF, 0x5C, 
0x00, 0x00, 0x00, 0x00, 0x00, 0x06, 0x00, 0x47, 0xA8, 0x8C, 0xAB, 0xFF, 
0xFD, 0x29, 0x00, 0x00, 0x00, 0xC5, 0xFF, 0x9B, 0x64, 0x85, 0xA5, 0xC6, 
0xE6, 0xEE, 0x00, 0x00, 0x00, 0x01, 0xCA, 0xFF, 0x9C, 0x00, 0x43, 0xC3, 
0xE5, 0xFE, 0xFF, 0xFF, 0xFF, 0xFF, 0xFF, 0xFF, 0xFF, 0xFF, 0x05, 0x00, 
0x00, 0x6D, 0xFF, 0xF1, 0x19, 0x00, 0x4F, 0xFF, 0xFF, 0xFF, 0xFF, 0xF9, 
0xC9, 0xA8, 0x86, 0x97, 0x68, 0x23, 0x01, 0x00, 0x35, 0xF5, 0xFF, 0xAC, 
0x72, 0x9C, 0x60, 0x6D, 0x4C, 0x78, 0xFF, 0xED, 0x00, 0x00, 0x2B, 0xEC, 
0xDA, 0x13, 0x00, 0x30, 0xFD, 0xFF, 0xFF, 0xFF, 0xFF, 0xFF, 0x5E, 0x00, 
0x00, 0x2D, 0xFF, 0xFF, 0x25, 0x39, 0xE9, 0xFF, 0xC6, 0x0C, 0x00, 0x06, 
0xF7, 0xFF, 0xFF, 0xED, 0xC7, 0xA4, 0x33, 0x00, 0x00, 0x04, 0xF2, 0xFF, 
0xAC, 0xF8, 0xFF, 0xCB, 0x0F, 0x00, 0x00, 0x00, 0x55, 0x3D, 0x14, 0x00, 
0x00, 0x00, 0x00, 0x00, 0x00, 0x00, 0xB3, 0xFF, 0xFF, 0xFF, 0xB8, 0x0F, 
0x14, 0x00, 0x00, 0x00, 0x00, 0x00, 0x00, 0x01, 0x29, 0x61, 0x00, 0x00, 
0x0C, 0x7D, 0xF1, 0xFF, 0xFF, 0x96, 0x03, 0x01, 0xE9, 0x7A, 0x04, 0x18, 
0x4D, 0x83, 0xB9, 0xEE, 0xFF, 0xFF, 0x29, 0x8B, 0xED, 0xFF, 0xFF, 0xFF, 
0xFF, 0x7A, 0x00, 0x23, 0xFF, 0xFB, 0x0C, 0xCA, 0xFF, 0xFF, 0xFF, 0xFF, 
0xFF, 0xE9, 0x7C, 0xFF, 0xFF, 0xF9, 0x90, 0x9F, 0xFF, 0xF7, 0x6A, 0x8F, 
0xFF, 0xC4, 0x00, 0x9E, 0xF3, 0xBF, 0x88, 0x52, 0x1C, 0x00, 0x07, 0xDD, 
0x92, 0x20, 0x00, 0x0F, 0xE0, 0xFF, 0xFF, 0xFF, 0xFF, 0x6F, 0x00, 0x11, 
0x03, 0x00, 0x00, 0x00, 0x00, 0x00, 0x00, 0x03, 0x00, 0x00, 0x00, 0x00, 
0x2A, 0xE0, 0xFF, 0xFF, 0xD0, 0x09, 0x00, 0x00, 0x00, 0x00, 0x00, 0x00, 
0x00, 0x00, 0x00, 0x00, 0x00, 0x00, 0x00, 0x00, 0x00, 0x07, 0x4C, 0x50, 
0x08, 0x00, 0x00, 0x00, 0x00, 0x00, 0x37, 0xC6, 0x49, 0x00, 0x00, 0x00, 
0x00, 0x00, 0x32, 0xF3, 0xEE, 0x1C, 0x00, 0x00, 0x00, 0x00, 0x00, 0x00, 
0x00, 0x00, 0xAA, 0xFF, 0xB8, 0x00, 0x00, 0x00, 0x00, 0x00, 0xB0, 0xFF, 
0xFF, 0x9B, 0x00, 0x00, 0x00, 0x00, 0x00, 0x00, 0x00, 0x2A, 0xFD, 0xFF, 
0x36, 0x00, 0x00, 0x00, 0x00, 0x43, 0xFF, 0xFF, 0xFF, 0xFC, 0x3C, 0x00, 
0x00, 0x00, 0x00, 0x00, 0x00, 0xA9, 0xFF, 0xAF, 0x00, 0x5E, 0x0D, 0x00, 
0x0B, 0xDE, 0xFF, 0xA1, 0xBE, 0xFF, 0xE4, 0x14, 0x00, 0x00, 0x00, 0x00, 
0x34, 0xFE, 0xFB, 0x29, 0x37, 0xFF, 0xE5, 0x16, 0xAB, 0xFF, 0xEF, 0x16, 
0x26, 0xF4, 0xFF, 0xCD, 0x13, 0x00, 0x00, 0x06, 0xC8, 0xFF, 0x90, 0x00, 
0xC2, 0xFF, 0xB3, 0x87, 0xFF, 0xFF, 0x59, 0x00, 0x00, 0x56, 0xFE, 0xFF, 
0xD3, 0x20, 0x00, 0xB0, 0xFF, 0xFF, 0xB8, 0xC1, 0xFF, 0xFB, 0xB6, 0xFF, 
0xFF, 0x8E, 0x00, 0x00, 0x00, 0x00, 0x71, 0xFF, 0xFF, 0xF2, 0x61, 0xA0, 
0xFF, 0xFF, 0xFF, 0xFF, 0xFF, 0xBE, 0xFF, 0xFF, 0xFA, 0xCB, 0xC8, 0xC8, 
0xC8, 0xC8, 0xC8, 0xDE, 0xFF, 0xFF, 0xB8, 0x4A, 0x99, 0x7C, 0xCB, 0xFF, 
0xEB, 0x10, 0xB1, 0xAC, 0x92, 0xFF, 0xFF, 0xFF, 0xFF, 0xFF, 0xFF, 0x98, 
0x59, 0xF7, 0x3E, 0x00, 0x00, 0x29, 0xF9, 0xFF, 0x64, 0x00, 0x17, 0x03, 
0x36, 0x64, 0x64, 0x64, 0x64, 0x64, 0x64, 0x3B, 0x00, 0x28, 0x00, 0x00, 
0x01, 0xC3, 0xFF, 0xC7, 0x01, 0x00, 0x00, 0x00, 0x00, 0x00, 0x00, 0x00, 
0x00, 0x00, 0x00, 0x00, 0x00, 0x00, 0x00, 0x02, 0x88, 0xFF, 0xFF, 0x89, 
0x8A, 0xB2, 0x00, 0xCB, 0xE8, 0xE8, 0xE8, 0xE8, 0xE8, 0xE8, 0xE8, 0xE8, 
0xD5, 0x00, 0x00, 0x71, 0xFF, 0xFF, 0xFF, 0xFF, 0xFF, 0xFF, 0x02, 0xE0, 
0xFF, 0xFF, 0xFF, 0xFF, 0xFF, 0xFF, 0xFF, 0xFF, 0xEC, 0x00, 0x00, 0x37, 
0xFF, 0xFF, 0xFC, 0xDD, 0xB9, 0x98, 0x03, 0xE0, 0xFF, 0x73, 0x40, 0x40, 
0x40, 0x40, 0x58, 0xFF, 0xEC, 0x00, 0x00, 0x03, 0x6A, 0x30, 0x06, 0x00, 
0x00, 0x00, 0x00, 0xE0, 0xFF, 0x44, 0x00, 0x00, 0x00, 0x00, 0x20, 0xFF, 
0xEC, 0x00, 0x00, 0x00, 0x00, 0x00, 0x01, 0x24, 0x53, 0x83, 0x24, 0xE0, 
0xFF, 0x44, 0x00, 0x00, 0x00, 0x00, 0x20, 0xFF, 0xEC, 0x00, 0x00, 0x69, 
0x9D, 0xC9, 0xF4, 0xFF, 0xFF, 0xFF, 0x4A, 0xE0, 0xFF, 0x44, 0x00, 0x00, 
0x00, 0x00, 0x20, 0xFF, 0xEC, 0x00, 0x00, 0xC9, 0xFF, 0xFF, 0xFF, 0xFF, 
0xFF, 0xF4, 0x52, 0xE0, 0xFF, 0xFA, 0xF8, 0xF8, 0xF8, 0xF8, 0xF9, 0xFF, 
0xEC, 0x00, 0x00, 0x9A, 0xCC, 0x9D, 0x71, 0x45, 0x1C, 0x00, 0x00, 0xE0, 
0xFF, 0xFF, 0xFF, 0xFF, 0xFF, 0xFF, 0xFF, 0xFF, 0xEC, 0x00, 0x00, 0x00, 
0x00, 0x00, 0x00, 0x00, 0x00, 0x00, 0x00, 0xE0, 0xFF, 0x5E, 0x24, 0x24, 
0x24, 0x24, 0x3F, 0xFF, 0xEC, 0x00, 0x00, 0x00, 0x00, 0x00, 0x00, 0x00, 
0x00, 0x00, 0x00, 0x2D, 0x34, 0x0D, 0x00, 0x00, 0x00, 0x00, 0x07, 0x38, 
0x33, 0x00, 0x00, 0x00, 0x00, 0x00, 0x00, 0x33, 0x76, 0x0C, 0x00, 0x00, 
0x00, 0x00, 0x3F, 0xA3, 0x5B, 0x03, 0x00, 0x00, 0x00, 0x00, 0x00, 0x00, 
0x00, 0x00, 0x00, 0x00, 0xAF, 0xFF, 0xAF, 0x00, 0x00, 0x00, 0x00, 0xB6, 
0xFF, 0xD0, 0x00, 0x00, 0x00, 0x00, 0x00, 0x00, 0x00, 0x00, 0x00, 0x00, 
0x32, 0xFE, 0xFE, 0x32, 0x00, 0x00, 0x00, 0x3C, 0xFF, 0xFF, 0xFF, 0xFF, 
0xFF, 0xFF, 0xFF, 0xFF, 0x18, 0x00, 0x00, 0x00, 0x00, 0xB9, 0xFF, 0xA1, 
0x03, 0xA9, 0x34, 0x02, 0xCA, 0xFF, 0xFF, 0xFF, 0xFF, 0xFF, 0xFF, 0xFF, 
0xFF, 0x18, 0x00, 0x00, 0x00, 0x4A, 0xFF, 0xF3, 0x1B, 0x62, 0xFF, 0xEB, 
0x79, 0xFF, 0xFF, 0x74, 0x28, 0x28, 0x28, 0xAC, 0xFF, 0xDB, 0x05, 0x00, 
0x00, 0x12, 0xE0, 0xFF, 0x6D, 0x0A, 0xE4, 0xFF, 0xA2, 0xF6, 0xFF, 0xFF, 
0xDF, 0x12, 0x00, 0x58, 0xFF, 0xFF, 0x48, 0x00, 0x00, 0x00, 0xC1, 0xFF, 
0xFF, 0xE6, 0xF3, 0xFF, 0xDB, 0xA3, 0xFF, 0xCD, 0xCE, 0xFF, 0xCE, 0x66, 
0xFB, 0xFF, 0x9C, 0x00, 0x00, 0x00, 0x00, 0x9F, 0xFF, 0xFF, 0xFF, 0xFF, 
0xFF, 0x52, 0x08, 0xA7, 0x1F, 0x1A, 0xE3, 0xFF, 0xFF, 0xFF, 0xBA, 0x05, 
0x00, 0x00, 0x00, 0x00, 0x38, 0x70, 0x57, 0xD0, 0xFF, 0xC0, 0x00, 0x00, 
0x00, 0x00, 0x48, 0xD8, 0xFF, 0xFF, 0xFF, 0xAE, 0x2F, 0x00, 0x00, 0x00, 
0x00, 0x00, 0x00, 0x40, 0xFF, 0xFC, 0x2E, 0x00, 0x05, 0x53, 0xC1, 0xFF, 
0xFF, 0xFA, 0xCA, 0xFF, 0xFF, 0xFF, 0xC3, 0x71, 0x1F, 0x00, 0x00, 0x08, 
0xD8, 0xFF, 0x8C, 0x00, 0x2D, 0xE8, 0xFF, 0xFF, 0xFF, 0xBE, 0x2B, 0x00, 
0x54, 0xD7, 0xFF, 0xFF, 0xFF, 0x8D, 0x00, 0x1F, 0xB8, 0xFF, 0xFF, 0xBB, 
0xE3, 0xC7, 0xD5, 0xFF, 0xD4, 0x5F, 0x24, 0x24, 0x24, 0x24, 0x26, 0x72, 
0xCA, 0xF9, 0x32, 0x00, 0x52, 0xFF, 0xFF, 0xFF, 0xFF, 0xFF, 0xCC, 0x35, 
0x90, 0xFF, 0xFF, 0xFF, 0xFF, 0xFF, 0xFF, 0xFF, 0xFF, 0xA4, 0x0F, 0x00, 
0x00, 0x0E, 0xFA, 0xDE, 0xAF, 0x85, 0x5D, 0x30, 0x00, 0x74, 0xFF, 0xFB, 
0xF4, 0xF4, 0xF4, 0xF4, 0xFA, 0xFF, 0xA4, 0x00, 0x00, 0x00, 0x00, 0x11, 
0x00, 0x00, 0x00, 0x00, 0x00, 0x00, 0x74, 0xFF, 0xA8, 0x00, 0x00, 0x00, 
0x00, 0x80, 0xFF, 0xA4, 0x00, 0x00, 0x00, 0x00, 0x00, 0x00, 0x1B, 0x4C, 
0x7E, 0xB3, 0x6E, 0x74, 0xFF, 0xA8, 0x00, 0x00, 0x00, 0x00, 0x80, 0xFF, 
0xA4, 0x00, 0x00, 0x19, 0x8F, 0xBD, 0xEB, 0xFF, 0xFF, 0xFF, 0xFF, 0x97, 
0x74, 0xFF, 0xA8, 0x00, 0x00, 0x00, 0x00, 0x80, 0xFF, 0xA4, 0x00, 0x00, 
0x1E, 0xFF, 0xFF, 0xFF, 0xFF, 0xFD, 0xDA, 0xAD, 0x58, 0x74, 0xFF, 0xFB, 
0xF4, 0xF4, 0xF4, 0xF4, 0xFA, 0xFF, 0xA4, 0x00, 0x00, 0x01, 0xBD, 0x92, 
0x64, 0x35, 0x09, 0x00, 0x00, 0x00, 0x74, 0xFF, 0xFF, 0xFF, 0xFF, 0xFF, 
0xFF, 0xFF, 0xFF, 0xA4, 0x00, 0x00, 0x00, 0x00, 0x00, 0x00, 0x00, 0x00, 
0x00, 0x00, 0x00, 0x74, 0xFF, 0xB3, 0x20, 0x20, 0x20, 0x20, 0x90, 0xFF, 
0xA4, 0x00, 0x00, 0xAB, 0xE4, 0xE4, 0xE4, 0xE4, 0xE4, 0xE4, 0xE4, 0xE4, 
0xE4, 0xE4, 0xE4, 0xE4, 0xE4, 0xE4, 0xE4, 0xE4, 0x3C, 0xC0, 0xFF, 0xFF, 
0xFF, 0xFF, 0xFF, 0xFF, 0xFF, 0xFF, 0xFF, 0xFF, 0xFF, 0xFF, 0xFF, 0xFF, 
0xFF, 0xFF, 0x44, 0xC0, 0xFF, 0xAE, 0x4C, 0x4C, 0x4C, 0x4C, 0x4C, 0x4C, 
0x4C, 0x4C, 0x4C, 0x4C, 0x4C, 0x51, 0xFF, 0xFF, 0x44, 0xC0, 0xFF, 0x8C, 
0x01, 0x30, 0x00, 0x00, 0x77, 0x6C, 0x10, 0x00, 0x00, 0x03, 0x67, 0x18, 
0xFF, 0xFF, 0x44, 0xC0, 0xFF, 0x93, 0xBE, 0xF4, 0x17, 0x03, 0xEB, 0xFF, 
0x3C, 0x18, 0x00, 0x44, 0xFF, 0xDE, 0xFF, 0xFF, 0x44, 0xC0, 0xFF, 0x8C, 
0xB7, 0xFF, 0x93, 0x4B, 0xFF, 0xE4, 0x90, 0xEE, 0x13, 0x9D, 0xFF, 0x96, 
0xFF, 0xFF, 0x44, 0xC0, 0xFF, 0x8C, 0x33, 0xFF, 0xF9, 0xC3, 0xFF, 0x87, 
0xC8, 0xFF, 0x98, 0xEF, 0xFF, 0x43, 0xFF, 0xFF, 0x44, 0xC0, 0xFF, 0x8C, 
0x00, 0xB4, 0xFF, 0xFF, 0xFF, 0x25, 0x3D, 0xFF, 0xFF, 0xFF, 0xDD, 0x09, 
0xFF, 0xFF, 0x44, 0xC0, 0xFF, 0x8C, 0x00, 0x39, 0xFF, 0xFF, 0xBF, 0x00, 
0x00, 0xBB, 0xFF, 0xFF, 0x7B, 0x08, 0xFF, 0xFF, 0x44, 0xC0, 0xFF, 0x8C, 
0x00, 0x09, 0xF3, 0xFF, 0x98, 0x00, 0x00, 0x5D, 0xFF, 0xFF, 0x39, 0x08, 
0xFF, 0xFF, 0x44, 0xC0, 0xFF, 0x8C, 0x00, 0x70, 0xFF, 0xFF, 0xF5, 0x14, 
0x00, 0xC3, 0xFF, 0xFF, 0xA2, 0x08, 0xFF, 0xFF, 0x44, 0xC0, 0xFF, 0x8C, 
0x07, 0xE5, 0xFF, 0xFB, 0xFF, 0x82, 0x46, 0xFF, 0xFF, 0xFF, 0xFC, 0x2C, 
0xFF, 0xFF, 0x44, 0xC0, 0xFF, 0x8C, 0x78, 0xFF, 0xE7, 0x72, 0xFF, 0xEE, 
0xCD, 0xFF, 0xB1, 0xC9, 0xFF, 0xA2, 0xFF, 0xFF, 0x44, 0xC0, 0xFF, 0xA2, 
0xF2, 0xFF, 0x6D, 0x0A, 0xE1, 0xAE, 0xFF, 0xFD, 0x2C, 0x51, 0xFF, 0xFB, 
0xFF, 0xFF, 0x44, 0xC0, 0xFF, 0xFC, 0xFF, 0xDC, 0x07, 0x00, 0x1B, 0xE7, 
0xFF, 0x9E, 0x00, 0x02, 0xDA, 0xF3, 0xFF, 0xFF, 0x44, 0xC0, 0xFF, 0xDD, 
0xFD, 0x4A, 0x00, 0x00, 0x55, 0xFE, 0xEE, 0x15, 0x00, 0x00, 0x52, 0x37, 
0xFF, 0xFF, 0x44, 0xC0, 0xFF, 0x8C, 0x2C, 0x00, 0x00, 0x00, 0x00, 0x48, 
0x5A, 0x00, 0x00, 0x1C, 0x2F, 0x85, 0xFF, 0xFF, 0x3E, 0xC0, 0xFF, 0x8C, 
0x00, 0x00, 0x00, 0x00, 0x00, 0x00, 0x00, 0x00, 0x00, 0xAF, 0xFF, 0xFF, 
0xFF, 0xFF, 0x22, 0xC0, 0xFF, 0x8C, 0x00, 0x00, 0x00, 0x00, 0x00, 0x00, 
0x00, 0x00, 0x00, 0x5D, 0xFF, 0xFF, 0xF6, 0x8A, 0x00, 0x00, 0x00, 0x00, 
0x00, 0x00, 0x00, 0x00, 0x00, 0x00, 0x00, 0x00, 0x00, 0x0B, 0x3C, 0x25, 
0x05, 0x00, 0x00, 0x00, 0x3A, 0x9C, 0x9C, 0x9C, 0x9C, 0x9C, 0x9C, 0x9C, 
0x9C, 0x9C, 0x9C, 0x9C, 0x9C, 0x9C, 0x9C, 0x9C, 0x92, 0x00, 0x00, 0x00, 
0x60, 0xFF, 0xFF, 0xF8, 0xF8, 0xFC, 0xFF, 0xFC, 0xF8, 0xF8, 0xFF, 0xFF, 
0xF9, 0xF8, 0xFA, 0xFF, 0xF0, 0x00, 0x00, 0x00, 0x60, 0xFF, 0xEC, 0x00, 
0x00, 0x84, 0xFF, 0x9C, 0x00, 0x04, 0xFF, 0xFF, 0x24, 0x00, 0x58, 0xFF, 
0xF0, 0x00, 0x00, 0x00, 0x60, 0xFF, 0xFA, 0xBC, 0xBC, 0xDF, 0xFF, 0xE5, 
0xBC, 0xBD, 0xFF, 0xFF, 0xC5, 0xBC, 0xD3, 0xFF, 0xF0, 0x00, 0x00, 0x00, 
0x52, 0xDC, 0xDC, 0xDC, 0xDC, 0xDC, 0xDC, 0xDC, 0xDC, 0xDC, 0xDC, 0xDC, 
0xDC, 0xDC, 0xDC, 0xDC, 0xCE, 0x00, 0x00, 0x00, 0x14, 0x18, 0x18, 0x18, 
0x18, 0x18, 0x18, 0x66, 0xEB, 0xDD, 0x18, 0x18, 0x18, 0x18, 0x18, 0x18, 
0x18, 0x09, 0x00, 0x00, 0xD8, 0xFF, 0xFF, 0xFF, 0xFF, 0xFF, 0xFF, 0xFF, 
0xFF, 0xFF, 0xFF, 0xFF, 0xFF, 0xFF, 0xFF, 0xFF, 0xFF, 0x68, 0x00, 0x00, 
0x6F, 0x84, 0x84, 0x84, 0x84, 0x84, 0x84, 0xB0, 0xFF, 0xFE, 0x84, 0x84, 
0x84, 0x84, 0x84, 0x84, 0x84, 0x35, 0x00, 0x00, 0x00, 0x0A, 0xA4, 0xA4, 
0xA4, 0xA4, 0xA4, 0xC5, 0xFF, 0xFE, 0xA4, 0xA4, 0xA4, 0xA4, 0xA4, 0x69, 
0x00, 0x00, 0x00, 0x00, 0x00, 0x10, 0xFF, 0xFF, 0xF4, 0xF0, 0xF0, 0xF0, 
0xF0, 0xF0, 0xF0, 0xF0, 0xF0, 0xFB, 0xFF, 0xA4, 0x00, 0x00, 0x00, 0x00, 
0x00, 0x10, 0xFF, 0xFF, 0x7E, 0x50, 0x50, 0x50, 0x50, 0x50, 0x50, 0x50, 
0x50, 0xC9, 0xFF, 0xA4, 0x00, 0x00, 0x00, 0x00, 0x00, 0x10, 0xFF, 0xFF, 
0xFF, 0xFF, 0xFF, 0xFF, 0xFF, 0xFF, 0xFF, 0xFF, 0xFF, 0xFF, 0xFF, 0xA4, 
0x00, 0x00, 0x00, 0x00, 0x00, 0x10, 0xFF, 0xFF, 0x73, 0x40, 0x40, 0x40, 
0x40, 0x40, 0x40, 0x40, 0x40, 0xC4, 0xFF, 0xA4, 0x00, 0x00, 0x00, 0x00, 
0x00, 0x10, 0xFF, 0xFF, 0xFF, 0xFF, 0xFF, 0xFF, 0xFF, 0xFF, 0xFF, 0xFF, 
0xFF, 0xFF, 0xFF, 0xA4, 0x00, 0x00, 0x00, 0x00, 0x00, 0x10, 0xFF, 0xFF, 
0x7B, 0x4C, 0x4C, 0x4C, 0x4C, 0x4C, 0x4C, 0x4C, 0x4C, 0xC7, 0xFF, 0xA4, 
0x00, 0x00, 0x00, 0x00, 0x00, 0x10, 0xFF, 0xFF, 0xF4, 0xF0, 0xF0, 0xF0, 
0xF0, 0xF0, 0xF0, 0xF0, 0xF0, 0xFB, 0xFF, 0xA4, 0x00, 0x00, 0x00, 0x00, 
0x00, 0x10, 0xFF, 0xFF, 0x99, 0x74, 0x74, 0x74, 0x74, 0x74, 0x74, 0x74, 
0x74, 0xD4, 0xFF, 0xA4, 0x00, 0x00, 0x00, 0xC2, 0xF4, 0xF4, 0xFF, 0xFF, 
0xF7, 0xF4, 0xF4, 0xF4, 0xF4, 0xF4, 0xF4, 0xF4, 0xF4, 0xFC, 0xFF, 0xFB, 
0xF4, 0xF4, 0x5B, 0x9F, 0xC8, 0xC8, 0xC8, 0xC8, 0xC8, 0xC8, 0xC8, 0xC8, 
0xC8, 0xC8, 0xC8, 0xC8, 0xC8, 0xC8, 0xC8, 0xC8, 0xC8, 0xC8, 0x4B, 0x00, 
0x00, 0x00, 0x00, 0x00, 0x00, 0x00, 0x00, 0x00, 0x00, 0x27, 0xA1, 0x0C, 
0x00, 0x00, 0x00, 0x55, 0xA9, 0x34, 0x00, 0x00, 0x00, 0x82, 0xA0, 0xA0, 
0xA0, 0xA0, 0xA0, 0xA0, 0xA0, 0x57, 0xD9, 0xFF, 0x92, 0x00, 0x00, 0x01, 
0xD0, 0xFF, 0xA3, 0x00, 0x00, 0x00, 0xD0, 0xFF, 0xFF, 0xFF, 0xFF, 0xFF, 
0xFF, 0xFF, 0x88, 0x48, 0xFF, 0xFC, 0x2D, 0x00, 0x5C, 0xFF, 0xFA, 0x24, 
0x00, 0x00, 0x00, 0x6E, 0xF8, 0xFF, 0x8D, 0x88, 0xD6, 0xFF, 0xBE, 0x48, 
0x00, 0xC3, 0xFF, 0x7D, 0x0E, 0xE4, 0xFF, 0x91, 0x00, 0x00, 0x00, 0x00, 
0x00, 0xF0, 0xFF, 0x0C, 0x00, 0xA8, 0xFF, 0x74, 0x42, 0x98, 0xC3, 0xE9, 
0x98, 0xC1, 0xFF, 0xFF, 0xA9, 0x98, 0x50, 0x00, 0x00, 0x00, 0xF0, 0xFF, 
0x13, 0x08, 0xAA, 0xFF, 0x74, 0x70, 0xFF, 0xFF, 0xFF, 0xFF, 0xFF, 0xFF, 
0xFF, 0xFF, 0xFF, 0x88, 0x00, 0x00, 0x00, 0xF0, 0xFF, 0xFF, 0xFF, 0xFF, 
0xFF, 0x74, 0x4B, 0xAC, 0xAC, 0xAC, 0xF1, 0xFF, 0xD3, 0xAC, 0xAC, 0xAC, 
0x5B, 0x00, 0x00, 0x00, 0xF0, 0xFF, 0xFF, 0xFF, 0xFF, 0xFF, 0x74, 0x00, 
0x00, 0x00, 0x00, 0xD4, 0xFF, 0x78, 0x00, 0x00, 0x00, 0x00, 0x00, 0x00, 
0x00, 0xF0, 0xFF, 0x13, 0x08, 0xAA, 0xFF, 0x74, 0x00, 0x00, 0x00, 0x00, 
0xD4, 0xFF, 0x78, 0x00, 0x00, 0x00, 0x00, 0x00, 0x00, 0x00, 0xF0, 0xFF, 
0x0C, 0x00, 0xA8, 0xFF, 0x74, 0x48, 0x4C, 0x4C, 0x4C, 0xE1, 0xFF, 0xA0, 
0x4C, 0x4C, 0x4C, 0x47, 0x00, 0x00, 0x00, 0xF0, 0xFF, 0x9C, 0x98, 0xDC, 
0xFF, 0x74, 0xF4, 0xFF, 0xFF, 0xFF, 0xFF, 0xFF, 0xFF, 0xFF, 0xFF, 0xFF, 
0xF0, 0x00, 0x00, 0x00, 0xF0, 0xFF, 0xFF, 0xFF, 0xFF, 0xFF, 0x74, 0xF4, 
0xFF, 0xFF, 0xFF, 0xFF, 0xFF, 0xFF, 0xFF, 0xFF, 0xFF, 0xF0, 0x00, 0x00, 
0x00, 0xF0, 0xFF, 0x86, 0x80, 0xD4, 0xFF, 0x74, 0x00, 0x00, 0x00, 0x17, 
0xFF, 0xFF, 0x96, 0x00, 0x00, 0x00, 0x00, 0x00, 0x00, 0x00, 0xF0, 0xFF, 
0x0C, 0x00, 0xA8, 0xFF, 0x74, 0x00, 0x00, 0x00, 0x5B, 0xFF, 0xFF, 0xF4, 
0x10, 0x00, 0x00, 0x00, 0x00, 0x00, 0x00, 0xF0, 0xFF, 0x0C, 0x0A, 0xB4, 
0xFF, 0xC3, 0x89, 0x00, 0x01, 0xCB, 0xFF, 0xFF, 0xFF, 0x9C, 0x00, 0x00, 
0x00, 0x00, 0x13, 0x7D, 0xF8, 0xFF, 0xE3, 0xFE, 0xFF, 0xFF, 0xFF, 0xCC, 
0x00, 0x62, 0xFF, 0xFF, 0x9E, 0xFF, 0xFF, 0x57, 0x00, 0x00, 0x00, 0x1F, 
0xFF, 0xFF, 0xFF, 0xFF, 0xFF, 0xFF, 0xFF, 0xC8, 0x61, 0x45, 0xF7, 0xFF, 
0xB4, 0x00, 0xBF, 0xFF, 0xFB, 0x59, 0x00, 0x00, 0x0B, 0xAA, 0x88, 0x66, 
0x44, 0x21, 0xAB, 0xFF, 0x76, 0x72, 0xFA, 0xFF, 0xE1, 0x14, 0x00, 0x19, 
0xE4, 0xFF, 0xFE, 0x97, 0x10, 0x00, 0x00, 0x00, 0x00, 0x00, 0x00, 0xA8, 
0xFF, 0xD6, 0xFF, 0xFF, 0xE2, 0x24, 0x00, 0x00, 0x00, 0x2C, 0xE4, 0xFF, 
0xFF, 0x5E, 0x00, 0x00, 0x00, 0x00, 0x00, 0x00, 0xA8, 0xFF, 0x77, 0xC6, 
0xC5, 0x1C, 0x00, 0x00, 0x00, 0x00, 0x00, 0x1D, 0xC0, 0xCE, 0x02, 0x00, 
0x00, 0x00, 0x00, 0x00, 0x00, 0x1C, 0x2C, 0x13, 0x16, 0x05, 0x00, 0x00, 
0x00, 0x00, 0x00, 0x00, 0x00, 0x01, 0x19, 0x00, 0x00, 0x00, 0x00, 0x00, 
0x00, 0x00, 0x54, 0xC0, 0xA4, 0x00, 0x00, 0x00, 0x16, 0xC4, 0xB8, 0x23, 
0x00, 0x00, 0x00, 0x00, 0x00, 0x00, 0x00, 0x00, 0x00, 0x00, 0x00, 0x6C, 
0xFF, 0xE8, 0x00, 0x00, 0x00, 0x1C, 0xFF, 0xFF, 0x34, 0x00, 0x00, 0x00, 
0x00, 0x00, 0x00, 0x4D, 0xEC, 0xEC, 0xEC, 0xEC, 0xF4, 0xFF, 0xFE, 0xEC, 
0xEC, 0xEC, 0xEE, 0xFF, 0xFF, 0xF0, 0xEC, 0xEC, 0xEC, 0xEC, 0x00, 0x00, 
0x54, 0xFF, 0xFF, 0xFF, 0xFF, 0xFF, 0xFF, 0xFF, 0xFF, 0xFF, 0xFF, 0xFF, 
0xFF, 0xFF, 0xFF, 0xFF, 0xFF, 0xFF, 0xFF, 0x00, 0x00, 0x11, 0x34, 0x3F, 
0x34, 0x34, 0x8A, 0xFF, 0xEC, 0x34, 0x34, 0x34, 0x4A, 0xFF, 0xFF, 0x5D, 
0x38, 0x34, 0x34, 0x34, 0x00, 0x00, 0x00, 0x27, 0xDB, 0x83, 0x00, 0x1B, 
0xC1, 0x4C, 0x00, 0x00, 0x00, 0x5A, 0x9E, 0x61, 0x16, 0xCA, 0x67, 0x00, 
0x00, 0x00, 0x00, 0x00, 0x6B, 0xFF, 0xFF, 0x77, 0xB8, 0xFF, 0xD6, 0x06, 
0x00, 0x00, 0xB1, 0xFF, 0x80, 0x54, 0xFF, 0xFF, 0x5F, 0x00, 0x00, 0x00, 
0x00, 0x00, 0x86, 0xFF, 0xFF, 0xFF, 0xF7, 0x52, 0x00, 0x00, 0x00, 0xB2, 
0xFF, 0x80, 0x00, 0x7F, 0xFF, 0xF8, 0x16, 0x00, 0x00, 0x00, 0x03, 0x76, 
0xFF, 0xFF, 0xFF, 0x3E, 0x00, 0x00, 0x00, 0x00, 0xB3, 0xFF, 0x80, 0x00, 
0x00, 0xA9, 0x84, 0x00, 0x00, 0x00, 0x2B, 0xCC, 0xFF, 0xFF, 0xFF, 0xFF, 
0x5C, 0x7F, 0xDC, 0xDC, 0xDC, 0xF5, 0xFF, 0xEE, 0xDC, 0xDC, 0xE3, 0xDE, 
0xBD, 0x00, 0x00, 0x4B, 0xFF, 0xF3, 0x71, 0xA0, 0xFF, 0xC5, 0x94, 0xFF, 
0xFF, 0xFF, 0xFF, 0xFF, 0xFF, 0xFF, 0xFF, 0xFF, 0xFF, 0xDC, 0x00, 0x00, 
0x01, 0x90, 0x1C, 0x06, 0xB4, 0xFF, 0xFD, 0x40, 0x50, 0x50, 0x50, 0xE8, 
0xFF, 0xF7, 0x53, 0x50, 0x50, 0x50, 0x44, 0x00, 0x00, 0x00, 0x00, 0x11, 
0xBD, 0xFF, 0xFF, 0xFF, 0x42, 0x00, 0x00, 0x0D, 0xFD, 0xFF, 0xFF, 0x4E, 
0x00, 0x00, 0x00, 0x00, 0x00, 0x00, 0x00, 0x2F, 0xDA, 0xFF, 0xE8, 0xE3, 
0xFF, 0x66, 0x00, 0x00, 0x55, 0xFF, 0xFF, 0xFF, 0xBE, 0x00, 0x00, 0x00, 
0x00, 0x00, 0x03, 0x77, 0xF7, 0xFF, 0xDD, 0x23, 0xBC, 0xFF, 0x78, 0x00, 
0x00, 0xC6, 0xFF, 0xEA, 0xFF, 0xFF, 0x63, 0x00, 0x00, 0x00, 0x00, 0x02, 
0xDF, 0xFF, 0xC2, 0x18, 0x00, 0xAD, 0xFF, 0x82, 0x00, 0x6C, 0xFF, 0xFF, 
0x6A, 0xA7, 0xFF, 0xF2, 0x34, 0x00, 0x00, 0x00, 0x00, 0x70, 0x81, 0x03, 
0x00, 0x00, 0xB8, 0xFF, 0x84, 0x44, 0xF8, 0xFF, 0xDE, 0x0A, 0x1A, 0xE9, 
0xFF, 0xF0, 0x38, 0x00, 0x00, 0x00, 0x00, 0x00, 0x06, 0x21, 0x62, 0xF9, 
0xFF, 0xBC, 0xF8, 0xFF, 0xFC, 0x42, 0x00, 0x00, 0x3F, 0xFB, 0xFF, 0xF9, 
0x7A, 0x04, 0x00, 0x00, 0x00, 0x94, 0xFF, 0xFF, 0xFF, 0xFF, 0xFF, 0xFF, 
0xFF, 0x65, 0x00, 0x00, 0x00, 0x00, 0x50, 0xF9, 0xFF, 0xFF, 0x6B, 0x00, 
0x00, 0x00, 0x4A, 0xFF, 0xFF, 0xE0, 0x6A, 0xD1, 0xFA, 0x64, 0x00, 0x00, 
0x00, 0x00, 0x00, 0x00, 0x41, 0xE7, 0xD8, 0x07, 0x00, 0x00, 0x00, 0x07, 
0x38, 0x17, 0x00, 0x00, 0x1E, 0x3D, 0x00, 0x00, 0x00, 0x00, 0x00, 0x00, 
0x00, 0x00, 0x15, 0x2F, 0x00, 0x00, 0x00, 0x00, 0x04, 0x47, 0x00, 0x00, 
0x00, 0x00, 0x00, 0x00, 0x00, 0x00, 0x00, 0x00, 0x00, 0x00, 0x00, 0x00, 
0x00, 0x00, 0x00, 0x00, 0x0F, 0xBA, 0xFE, 0x5F, 0x00, 0x00, 0x00, 0x47, 
0xF0, 0xF0, 0xF0, 0xF0, 0xF0, 0xF0, 0xF0, 0x8A, 0x00, 0x00, 0x00, 0x00, 
0x00, 0x1C, 0xE8, 0xFF, 0xFB, 0x45, 0x00, 0x00, 0x4C, 0xFF, 0xFF, 0xFF, 
0xFF, 0xFF, 0xFF, 0xFF, 0x94, 0x00, 0x00, 0x00, 0x00, 0x00, 0x00, 0x3E, 
0xFB, 0xFF, 0xF0, 0x26, 0x00, 0x52, 0xFF, 0xF5, 0x1C, 0x1C, 0x1C, 0xC3, 
0xFF, 0x94, 0x00, 0x00, 0x00, 0x00, 0x00, 0x00, 0x00, 0x71, 0xFF, 0xF9, 
0x4C, 0x00, 0x83, 0xFF, 0xE7, 0x00, 0x00, 0x00, 0xBC, 0xFF, 0x95, 0x00, 
0x00, 0x00, 0x00, 0x00, 0x00, 0x00, 0x00, 0xAA, 0x47, 0x00, 0x2E, 0xF1, 
0xFF, 0xAA, 0x00, 0x00, 0x00, 0xBA, 0xFF, 0xE2, 0x92, 0x90, 0x0A, 0x02, 
0x3C, 0x3C, 0x3C, 0x3C, 0x2E, 0x00, 0x46, 0xF0, 0xFF, 0xF4, 0x29, 0x00, 
0x00, 0x00, 0x9E, 0xFF, 0xFF, 0xFF, 0xFA, 0x02, 0x0C, 0xFF, 0xFF, 0xFF, 
0xFF, 0xC4, 0x00, 0x33, 0xF1, 0xF5, 0x49, 0x00, 0x00, 0x00, 0x00, 0x1F, 
0x98, 0xB5, 0xB8, 0xA2, 0x00, 0x0B, 0xFC, 0xFC, 0xFE, 0xFF, 0xC4, 0x00, 
0x01, 0x52, 0x46, 0x18, 0x18, 0x18, 0x18, 0x18, 0x18, 0x18, 0x18, 0x17, 
0x00, 0x00, 0x00, 0x00, 0x00, 0xAC, 0xFF, 0xC4, 0x00, 0x10, 0xFF, 0xFF, 
0xFF, 0xFF, 0xFF, 0xFF, 0xFF, 0xFF, 0xFF, 0xFF, 0xFC, 0x00, 0x00, 0x00, 
0x00, 0x00, 0xAC, 0xFF, 0xC4, 0x00, 0x0F, 0xFC, 0xFF, 0xFF, 0xFD, 0xFC, 
0xFC, 0xFC, 0xFC, 0xFE, 0xFF, 0xFC, 0x00, 0x00, 0x00, 0x00, 0x00, 0xAC, 
0xFF, 0xC4, 0x00, 0x00, 0x00, 0xCC, 0xFF, 0x99, 0x00, 0x00, 0x00, 0x03, 
0xD8, 0xFF, 0xBE, 0x00, 0x00, 0x00, 0x00, 0x00, 0xAC, 0xFF, 0xC4, 0x00, 
0x00, 0x00, 0x4B, 0xFF, 0xFC, 0x2B, 0x00, 0x00, 0x7E, 0xFF, 0xFF, 0x3D, 
0x00, 0x00, 0x00, 0x00, 0x00, 0xAC, 0xFF, 0xC4, 0x00, 0x23, 0x02, 0x00, 
0xC0, 0xFF, 0xD4, 0x0E, 0x5C, 0xFE, 0xFF, 0x9C, 0x00, 0x00, 0x00, 0x00, 
0x00, 0x00, 0xAC, 0xFF, 0xC4, 0x50, 0xF1, 0x5B, 0x00, 0x1A, 0xE9, 0xFF, 
0xD7, 0xFE, 0xFF, 0xCF, 0x09, 0x00, 0x00, 0x00, 0x00, 0x00, 0x00, 0xAC, 
0xFF, 0xF5, 0xFE, 0xFF, 0xC8, 0x00, 0x00, 0x6D, 0xFF, 0xFF, 0xFF, 0xDA, 
0x15, 0x00, 0x00, 0x00, 0x00, 0x00, 0x00, 0x00, 0xBA, 0xFF, 0xFF, 0xFF, 
0xC7, 0x1D, 0x2C, 0xAB, 0xFE, 0xFF, 0xFF, 0xFF, 0xFD, 0xA0, 0x29, 0x00, 
0x00, 0x00, 0x00, 0x00, 0x17, 0xF8, 0xFF, 0xFF, 0x99, 0x64, 0xC2, 0xFF, 
0xFF, 0xFF, 0xF0, 0x78, 0xCA, 0xFF, 0xFF, 0xFF, 0xBF, 0x63, 0x0E, 0x00, 
0x00, 0x00, 0x70, 0xF3, 0x50, 0x67, 0xFF, 0xFF, 0xFF, 0xF6, 0x8E, 0x15, 
0x00, 0x03, 0x6B, 0xEA, 0xFF, 0xFF, 0xFB, 0x1E, 0x00, 0x00, 0x00, 0x00, 
0x17, 0x00, 0x04, 0xDB, 0xE1, 0x7D, 0x14, 0x00, 0x00, 0x00, 0x00, 0x00, 
0x0B, 0x72, 0xDE, 0xA4, 0x00, 0x00, 0x00, 0x00, 0x00, 0x00, 0x00, 0x00, 
0x1A, 0x02, 0x00, 0x00, 0x00, 0x00, 0x00, 0x00, 0x00, 0x00, 0x00, 0x02, 
0x0F, 0x00, 0x00, 0x00, 0x56, 0x13, 0x00, 0x00, 0x00, 0x00, 0x00, 0x00, 
0x00, 0x00, 0x00, 0x00, 0x00, 0x00, 0x00, 0x00, 0x00, 0x00, 0x00, 0x74, 
0xFF, 0xC6, 0x07, 0x00, 0x00, 0x5A, 0x64, 0x64, 0x64, 0x64, 0x64, 0x64, 
0x64, 0x64, 0x64, 0x52, 0x00, 0x00, 0x00, 0x62, 0xFF, 0xFF, 0xA2, 0x00, 
0x00, 0xE8, 0xFF, 0xFF, 0xFF, 0xFF, 0xFF, 0xFF, 0xFF, 0xFF, 0xFF, 0xD4, 
0x00, 0x00, 0x00, 0x00, 0x9A, 0xFF, 0xFF, 0x69, 0x00, 0xE8, 0xFF, 0xE8, 
0xD0, 0xD0, 0xD0, 0xD0, 0xD0, 0xE8, 0xFF, 0xD4, 0x00, 0x00, 0x00, 0x00, 
0x09, 0xD4, 0xFD, 0x49, 0x00, 0xE8, 0xFF, 0x80, 0x00, 0x00, 0x00, 0x00, 
0x00, 0x84, 0xFF, 0xD4, 0x00, 0x00, 0x00, 0x00, 0x00, 0x31, 0x72, 0x00, 
0x00, 0xE8, 0xFF, 0x80, 0x00, 0x00, 0x00, 0x00, 0x00, 0x84, 0xFF, 0xD4, 
0x00, 0x00, 0x00, 0x00, 0x00, 0x00, 0x00, 0x00, 0x00, 0xE8, 0xFF, 0x80, 
0x00, 0x00, 0x00, 0x00, 0x00, 0x84, 0xFF, 0xD4, 0x00, 0x00, 0xD2, 0xE8, 
0xE8, 0xE8, 0x65, 0x00, 0x00, 0xE8, 0xFF, 0x80, 0x00, 0x00, 0x00, 0x00, 
0x00, 0x84, 0xFF, 0xD4, 0x00, 0x00, 0xE8, 0xFF, 0xFF, 0xFF, 0x70, 0x00, 
0x00, 0xE8, 0xFF, 0x80, 0x00, 0x00, 0x00, 0x00, 0x00, 0x84, 0xFF, 0xD4, 
0x00, 0x00, 0x77, 0x84, 0xF0, 0xFF, 0x70, 0x00, 0x00, 0xE8, 0xFF, 0xA2, 
0x44, 0x44, 0x44, 0x44, 0x44, 0xA4, 0xFF, 0xD4, 0x00, 0x00, 0x00, 0x00, 
0xE0, 0xFF, 0x70, 0x00, 0x00, 0xE8, 0xFF, 0xFF, 0xFF, 0xFF, 0xFF, 0xFF, 
0xFF, 0xFF, 0xFF, 0xD4, 0x00, 0x00, 0x00, 0x00, 0xE0, 0xFF, 0x70, 0x00, 
0x00, 0xE8, 0xFF, 0xFF, 0xFF, 0xFF, 0xFF, 0xFF, 0xFF, 0xFF, 0xFF, 0xD4, 
0x00, 0x00, 0x00, 0x00, 0xE0, 0xFF, 0x70, 0x00, 0x00, 0x00, 0x00, 0x00, 
0x00, 0x00, 0x00, 0x00, 0x00, 0x01, 0x00, 0x00, 0x00, 0x00, 0x00, 0x00, 
0xE0, 0xFF, 0x70, 0x0A, 0x1D, 0x00, 0x00, 0xA1, 0x6F, 0x03, 0x00, 0x00, 
0x4B, 0xD3, 0x18, 0x00, 0x00, 0x00, 0x00, 0x00, 0xE0, 0xFF, 0x87, 0xCA, 
0x7F, 0x00, 0x5A, 0xFF, 0xFF, 0x6F, 0x00, 0x2D, 0xFE, 0xFF, 0xC1, 0x03, 
0x00, 0x00, 0x00, 0x00, 0xE0, 0xFF, 0xFE, 0xFF, 0xC2, 0x20, 0xF0, 0xFF, 
0xD6, 0x07, 0x00, 0x00, 0x9B, 0xFF, 0xFF, 0x82, 0x00, 0x00, 0x00, 0x00, 
0xE3, 0xFF, 0xFF, 0xF2, 0x4A, 0xCA, 0xFF, 0xFD, 0x38, 0x00, 0x00, 0x00, 
0x0C, 0xDD, 0xFF, 0xFC, 0x3C, 0x00, 0x00, 0x24, 0xFC, 0xFF, 0xE8, 0x33, 
0xA5, 0xFF, 0xFF, 0x8A, 0x00, 0x00, 0x00, 0x00, 0x00, 0x3F, 0xFE, 0xFF, 
0xDD, 0x0A, 0x00, 0x03, 0xBA, 0xDE, 0x22, 0x62, 0xFF, 0xFF, 0xCD, 0x06, 
0x00, 0x00, 0x00, 0x00, 0x00, 0x00, 0x98, 0xFF, 0xFF, 0x65, 0x00, 0x00, 
0x11, 0x1C, 0x00, 0x02, 0x91, 0xEC, 0x21, 0x00, 0x00, 0x00, 0x00, 0x00, 
0x00, 0x00, 0x11, 0xEA, 0x7E, 0x01, 0x00, 0x00, 0x00, 0x00, 0x00, 0x00, 
0x00, 0x1B, 0x00, 0x00, 0x00, 0x00, 0x00, 0x00, 0x00, 0x00, 0x00, 0x16, 
0x00, 0x00, 0x00, 0x12, 0x5D, 0x00, 0x00, 0x00, 0x00, 0x00, 0x00, 0x00, 
0x00, 0x00, 0x6E, 0xCA, 0x7F, 0x23, 0x75, 0x00, 0x00, 0x00, 0x1E, 0xDA, 
0xFF, 0x67, 0x00, 0x00, 0x00, 0x00, 0x00, 0x00, 0x00, 0x00, 0x7F, 0xFF, 
0xB6, 0xD9, 0xFF, 0x92, 0x00, 0x00, 0x07, 0xC0, 0xFF, 0xFB, 0x42, 0x00, 
0x00, 0x00, 0x00, 0x00, 0x00, 0x00, 0x78, 0xFF, 0xB6, 0x61, 0xFC, 0xFF, 
0x4C, 0x00, 0x00, 0x13, 0xDE, 0xFF, 0xE3, 0x03, 0x00, 0x00, 0x00, 0x00, 
0x00, 0x00, 0x71, 0xFF, 0xC0, 0x00, 0x5B, 0x9E, 0x00, 0x00, 0x00, 0x00, 
0x33, 0xF9, 0x69, 0x37, 0xD0, 0xD0, 0xD0, 0xD0, 0xD0, 0xD0, 0xE4, 0xFF, 
0xF5, 0xD0, 0xD0, 0xD0, 0xD0, 0x16, 0x00, 0x00, 0x00, 0x38, 0x00, 0x44, 
0xFF, 0xFF, 0xFF, 0xFF, 0xFF, 0xFF, 0xFF, 0xFF, 0xFF, 0xFF, 0xFF, 0xFF, 
0xFF, 0x1C, 0x03, 0x04, 0x04, 0x04, 0x00, 0x1F, 0x78, 0x78, 0x78, 0x78, 
0x78, 0x78, 0xA4, 0xFF, 0xEC, 0x78, 0x78, 0x78, 0x78, 0x0D, 0xE0, 0xFF, 
0xFF, 0xFF, 0x04, 0x00, 0x00, 0x00, 0x00, 0x00, 0x00, 0x00, 0x4A, 0xFF, 
0xE4, 0x00, 0x00, 0x00, 0x00, 0x00, 0xE0, 0xFF, 0xFF, 0xFF, 0x04, 0x00, 
0x00, 0x00, 0x00, 0x00, 0x00, 0x00, 0x3C, 0xFF, 0xF0, 0x00, 0x00, 0x00, 
0x00, 0x00, 0x57, 0x88, 0xFF, 0xFF, 0x04, 0x00, 0xE0, 0xF4, 0xF4, 0xF4, 
0xF4, 0xF4, 0x6C, 0xFF, 0xFE, 0x02, 0x00, 0x00, 0x00, 0x00, 0x00, 0x3C, 
0xFF, 0xFF, 0x04, 0x00, 0xEC, 0xFF, 0xFF, 0xFF, 0xFF, 0xFF, 0x5D, 0xFF, 
0xFF, 0x12, 0x00, 0x00, 0x00, 0x00, 0x00, 0x3C, 0xFF, 0xFF, 0x04, 0x00, 
0x54, 0x61, 0xFF, 0xFF, 0x7F, 0x5C, 0x1C, 0xFE, 0xFF, 0x28, 0x00, 0x00, 
0x00, 0x00, 0x00, 0x3C, 0xFF, 0xFF, 0x04, 0x00, 0x00, 0x08, 0xFF, 0xFF, 
0x38, 0x00, 0x00, 0xE9, 0xFF, 0x44, 0x00, 0x00, 0x00, 0x00, 0x00, 0x3C, 
0xFF, 0xFF, 0x04, 0x18, 0x00, 0x08, 0xFF, 0xFF, 0x38, 0x00, 0x00, 0xCA, 
0xFF, 0x6C, 0x00, 0x00, 0x00, 0x00, 0x00, 0x3C, 0xFF, 0xFF, 0x8C, 0xC4, 
0x00, 0x08, 0xFF, 0xFF, 0x38, 0x00, 0x00, 0xA5, 0xFF, 0x9F, 0x00, 0x4A, 
0x4F, 0x00, 0x00, 0x3C, 0xFF, 0xFF, 0xFF, 0xFF, 0x3A, 0x08, 0xFF, 0xFF, 
0x96, 0xA7, 0x5A, 0x77, 0xFF, 0xE2, 0x01, 0x96, 0xFF, 0x55, 0x00, 0x3F, 
0xFF, 0xFF, 0xFF, 0xA9, 0xAA, 0xD9, 0xFF, 0xFF, 0xFF, 0xFF, 0x7C, 0x3B, 
0xFF, 0xFF, 0x41, 0xD2, 0xFF, 0x2C, 0x00, 0x71, 0xFF, 0xFF, 0x98, 0x20, 
0xFF, 0xFF, 0xFF, 0xFF, 0xF1, 0xC2, 0x51, 0x04, 0xE9, 0xFF, 0xEB, 0xFF, 
0xE5, 0x01, 0x00, 0x49, 0xF9, 0xA5, 0x02, 0x08, 0xB4, 0x85, 0x54, 0x24, 
0x01, 0x00, 0x00, 0x00, 0x79, 0xFF, 0xFF, 0xFF, 0x8E, 0x00, 0x00, 0x00, 
0x3B, 0x04, 0x00, 0x00, 0x00, 0x00, 0x00, 0x00, 0x00, 0x00, 0x00, 0x00, 
0x06, 0xB9, 0xFF, 0xED, 0x1C, 0x00, 0x00, 0x00, 0x00, 0x00, 0x00, 0x00, 
0x00, 0x00, 0x00, 0x00, 0x00, 0x00, 0x00, 0x00, 0x00, 0x01, 0x36, 0x17, 
0x00, 0x00, 0x00, 0x00, 0x36, 0x01, 0x00, 0x00, 0x00, 0x00, 0x00, 0x00, 
0x00, 0x6B, 0xA0, 0x6A, 0x00, 0x00, 0x00, 0x00, 0x00, 0x00, 0x00, 0x78, 
0xFD, 0x86, 0x00, 0x00, 0x10, 0x14, 0x14, 0x14, 0x14, 0xAB, 0xFF, 0xB9, 
0x14, 0x14, 0x14, 0x14, 0x14, 0x00, 0x00, 0x71, 0xFF, 0xFF, 0x51, 0x00, 
0xD8, 0xFF, 0xFF, 0xFF, 0xFF, 0xFF, 0xFF, 0xFF, 0xFF, 0xFF, 0xFF, 0xFF, 
0xFF, 0x00, 0x00, 0x01, 0xBC, 0xFF, 0xEE, 0x18, 0x80, 0x98, 0x98, 0x98, 
0x98, 0xDA, 0xFF, 0xE1, 0x98, 0x98, 0x98, 0x98, 0x98, 0x00, 0x00, 0x00, 
0x24, 0xF7, 0xEF, 0x31, 0x1F, 0x70, 0x70, 0x70, 0x70, 0xCC, 0xFF, 0xD5, 
0x70, 0x70, 0x70, 0x70, 0x34, 0x00, 0x00, 0x00, 0x00, 0x6F, 0x2E, 0x00, 
0x48, 0xFF, 0xFF, 0xFF, 0xFF, 0xFF, 0xFF, 0xFF, 0xFF, 0xFF, 0xFF, 0xFF, 
0x78, 0x00, 0x00, 0x00, 0x00, 0x00, 0x00, 0x00, 0x10, 0x3C, 0x3C, 0x3C, 
0x3C, 0xB9, 0xFF, 0xC5, 0x3C, 0x3C, 0x3C, 0x3C, 0x1C, 0x00, 0xBA, 0xF4, 
0xF4, 0xF4, 0x6A, 0x5F, 0xCC, 0xCC, 0xCC, 0xCC, 0xCC, 0xED, 0xFF, 0xF0, 
0xCC, 0xCC, 0xCC, 0xCC, 0xCC, 0x99, 0xC4, 0xFF, 0xFF, 0xFF, 0x70, 0x70, 
0xF0, 0xF0, 0xF0, 0xF0, 0xF0, 0xF0, 0xF0, 0xF0, 0xF0, 0xF0, 0xF0, 0xF0, 
0xF0, 0xB4, 0x40, 0x54, 0xEA, 0xFF, 0x70, 0x00, 0x00, 0x0C, 0x0C, 0x0C, 
0x0C, 0x0C, 0x0C, 0x0C, 0x0C, 0x0C, 0x0C, 0x0B, 0x00, 0x00, 0x00, 0x00, 
0xE0, 0xFF, 0x70, 0x00, 0x10, 0xFF, 0xFF, 0xFF, 0xFF, 0xFF, 0xFF, 0xFF, 
0xFF, 0xFF, 0xFF, 0xF0, 0x00, 0x00, 0x00, 0x00, 0xE0, 0xFF, 0x70, 0x00, 
0x10, 0xFF, 0xFF, 0xCB, 0xBC, 0xBC, 0xBC, 0xBC, 0xBC, 0xD0, 0xFF, 0xF0, 
0x00, 0x00, 0x00, 0x00, 0xE0, 0xFF, 0x70, 0x00, 0x10, 0xFF, 0xFF, 0x7C, 
0x54, 0x54, 0x54, 0x54, 0x54, 0x87, 0xFF, 0xF0, 0x00, 0x00, 0x00, 0x00, 
0xE0, 0xFF, 0x70, 0x00, 0x10, 0xFF, 0xFF, 0xFF, 0xFF, 0xFF, 0xFF, 0xFF, 
0xFF, 0xFF, 0xFF, 0xF0, 0x00, 0x00, 0x00, 0x00, 0xE0, 0xFF, 0x70, 0x55, 
0x13, 0xFF, 0xFF, 0x85, 0x60, 0x60, 0x60, 0x60, 0x60, 0x8F, 0xFF, 0xF0, 
0x00, 0x00, 0x00, 0x00, 0xE0, 0xFF, 0xD5, 0xFF, 0x56, 0xFF, 0xFF, 0xB6, 
0xA0, 0xA0, 0xA0, 0xA0, 0xA0, 0xBC, 0xFF, 0xF0, 0x00, 0x00, 0x00, 0x00, 
0xE2, 0xFF, 0xFF, 0xFF, 0x8E, 0xFF, 0xFF, 0xFF, 0xFF, 0xFF, 0xFF, 0xFF, 
0xFF, 0xFF, 0xFF, 0xF0, 0x00, 0x00, 0x00, 0x12, 0xF7, 0xFF, 0xFF, 0x9E, 
0x13, 0xFF, 0xFF, 0x54, 0x20, 0x20, 0x20, 0x20, 0x20, 0x69, 0xFF, 0xEF, 
0x00, 0x00, 0x00, 0x0E, 0xDC, 0xFF, 0x84, 0x00, 0x10, 0xFF, 0xFF, 0x3C, 
0x00, 0x00, 0x00, 0x0D, 0xC4, 0xF2, 0xFF, 0xE3, 0x00, 0x00, 0x00, 0x00, 
0x34, 0x69, 0x00, 0x00, 0x0F, 0xF4, 0xF4, 0x39, 0x00, 0x00, 0x00, 0x00, 
0xC6, 0xFF, 0xF0, 0x6D, 0x00, 0x00, 0x00, 0x00, 0x00, 0x00, 0x00, 0x00, 
0x00, 0x00, 0x00, 0x00, 0x00, 0x00, 0x00, 0x00, 0x1C, 0x1C, 0x01, 0x00, 
0x00, 0x00, 0x00, 0x00, 0x00, 0x00, 0x00, 0x00, 0x00, 0x00, 0x00, 0x00, 
0x00, 0x00, 0x45, 0xA5, 0x7E, 0x00, 0x00, 0x00, 0x00, 0x00, 0x00, 0x00, 
0x00, 0x59, 0x64, 0x64, 0x64, 0x64, 0x64, 0x64, 0x57, 0x00, 0x00, 0x99, 
0xFF, 0xB5, 0x00, 0x00, 0x00, 0x00, 0x00, 0x00, 0x00, 0x00, 0xE4, 0xFF, 
0xFF, 0xFF, 0xFF, 0xFF, 0xFF, 0xE0, 0x00, 0x00, 0xE0, 0xFF, 0x6E, 0x00, 
0x00, 0x00, 0x00, 0x00, 0x00, 0x00, 0x00, 0xE4, 0xFF, 0xBF, 0xB8, 0xB8, 
0xC1, 0xFF, 0xE0, 0x00, 0x37, 0xFF, 0xFF, 0x92, 0x74, 0x74, 0x74, 0x74, 
0x74, 0x1B, 0x00, 0x00, 0xE4, 0xFF, 0x1C, 0x53, 0x4A, 0x25, 0xFF, 0xE0, 
0x00, 0x96, 0xFF, 0xFF, 0xFF, 0xFF, 0xFF, 0xFF, 0xFF, 0xFF, 0x3C, 0x00, 
0x00, 0xE4, 0xFF, 0x1C, 0xF8, 0xFF, 0x34, 0xFF, 0xE0, 0x0F, 0xF4, 0xFF, 
0xCD, 0xB8, 0xB8, 0xDA, 0xFF, 0xEC, 0xB8, 0x2B, 0x00, 0x00, 0xE4, 0xFF, 
0x1C, 0xF8, 0xFF, 0x34, 0xFF, 0xE0, 0x85, 0xFF, 0xFF, 0x1F, 0x00, 0x00, 
0x90, 0xFF, 0xA2, 0x00, 0x00, 0x00, 0x00, 0xE4, 0xFF, 0x1C, 0xF8, 0xFF, 
0x34, 0xFF, 0xF1, 0xF6, 0xFF, 0xFF, 0x45, 0x00, 0x00, 0xB5, 0xFF, 0x7D, 
0x00, 0x00, 0x00, 0x00, 0xE4, 0xFF, 0x1C, 0xF8, 0xFF, 0x34, 0xFF, 0xFF, 
0xFF, 0xFF, 0xFF, 0x7D, 0x00, 0x00, 0xE7, 0xFF, 0x53, 0x00, 0x00, 0x00, 
0x00, 0xE4, 0xFF, 0x1C, 0xF8, 0xFF, 0x34, 0xFF, 0xEB, 0xE2, 0xCF, 0xFF, 
0xBA, 0x00, 0x24, 0xFF, 0xFF, 0x1A, 0x00, 0x00, 0x00, 0x00, 0xE4, 0xFF, 
0x1C, 0xF8, 0xFF, 0x34, 0xFF, 0xE0, 0x2A, 0x21, 0xFF, 0xFD, 0x1E, 0x74, 
0xFF, 0xDC, 0x00, 0x00, 0x00, 0x00, 0x00, 0xE4, 0xFF, 0x1C, 0xF9, 0xFF, 
0x31, 0xFF, 0xE0, 0x00, 0x00, 0xCD, 0xFF, 0x87, 0xD7, 0xFF, 0x88, 0x00, 
0x00, 0x00, 0x00, 0x00, 0xE4, 0xFF, 0x24, 0xFF, 0xFC, 0x22, 0xFF, 0xE0, 
0x00, 0x00, 0x62, 0xFF, 0xFA, 0xFF, 0xFF, 0x2D, 0x00, 0x00, 0x00, 0x00, 
0x00, 0xE4, 0xFF, 0x51, 0xFF, 0xE7, 0x20, 0xFF, 0xE0, 0x00, 0x00, 0x04, 
0xDD, 0xFF, 0xFF, 0xB4, 0x00, 0x00, 0x00, 0x00, 0x00, 0x00, 0x35, 0x3C, 
0x96, 0xFF, 0xB0, 0x3F, 0x28, 0x23, 0x00, 0x00, 0x00, 0xB0, 0xFF, 0xFF, 
0x76, 0x00, 0x00, 0x00, 0x00, 0x00, 0x00, 0x00, 0x2E, 0xF7, 0xFF, 0xF0, 
0xFA, 0x55, 0x00, 0x00, 0x00, 0x84, 0xFF, 0xFF, 0xFF, 0xF9, 0x43, 0x00, 
0x00, 0x00, 0x00, 0x00, 0x1E, 0xDE, 0xFF, 0xC6, 0x6D, 0xFF, 0xFC, 0x49, 
0x03, 0x90, 0xFF, 0xFF, 0xBB, 0xDC, 0xFF, 0xF6, 0x48, 0x00, 0x00, 0x00, 
0x2F, 0xE0, 0xFF, 0xED, 0x23, 0x00, 0x90, 0xFF, 0x79, 0xBB, 0xFF, 0xFF, 
0xC7, 0x0C, 0x21, 0xE6, 0xFF, 0xFB, 0x6A, 0x00, 0x19, 0xF4, 0xFF, 0xF2, 
0x39, 0x00, 0x00, 0x05, 0x96, 0xEA, 0xFF, 0xFF, 0xBC, 0x0C, 0x00, 0x00, 
0x2D, 0xE7, 0xFF, 0xFF, 0x71, 0x00, 0x81, 0xE8, 0x34, 0x00, 0x00, 0x00, 
0x00, 0x05, 0xCC, 0xFF, 0x96, 0x04, 0x00, 0x00, 0x00, 0x00, 0x1E, 0xD1, 
0xF1, 0x1B, 0x00, 0x01, 0x19, 0x00, 0x00, 0x00, 0x00, 0x00, 0x00, 0x26, 
0x56, 0x00, 0x00, 0x00, 0x00, 0x00, 0x00, 0x00, 0x0C, 0x45, 0x00, 0x00, 
0x00, 0x00, 0x13, 0x00, 0x00, 0x00, 0x00, 0x00, 0x33, 0x6E, 0x57, 0x00, 
0x00, 0x00, 0x77, 0x6E, 0x1F, 0x00, 0x00, 0x00, 0x00, 0x01, 0x7C, 0xF3, 
0x3A, 0x00, 0x00, 0x00, 0x00, 0x70, 0xFF, 0xE0, 0x00, 0x00, 0x00, 0xFF, 
0xFF, 0x4C, 0x00, 0x00, 0x00, 0x00, 0x0A, 0xCF, 0xFF, 0xEC, 0x24, 0x00, 
0x00, 0x00, 0x70, 0xFF, 0xE0, 0x00, 0x00, 0x00, 0xFF, 0xFF, 0x4C, 0x00, 
0x00, 0x00, 0x00, 0x00, 0x1F, 0xEE, 0xFF, 0xD4, 0x0B, 0x10, 0x20, 0x82, 
0xFF, 0xE4, 0x20, 0x20, 0x20, 0xFF, 0xFF, 0x62, 0x20, 0x14, 0x00, 0x00, 
0x00, 0x00, 0x53, 0xFF, 0xFF, 0x84, 0x80, 0xFF, 0xFF, 0xFF, 0xFF, 0xFF, 
0xFF, 0xFF, 0xFF, 0xFF, 0xFF, 0xFF, 0xA0, 0x00, 0x00, 0x00, 0x00, 0x00, 
0xA7, 0xC8, 0x12, 0x80, 0xFF, 0xFF, 0xFF, 0xFF, 0xFF, 0xFF, 0xFF, 0xFF, 
0xFF, 0xFF, 0xFF, 0xA0, 0x00, 0x00, 0x00, 0x00, 0x00, 0x15, 0x0B, 0x00, 
0x10, 0x20, 0x82, 0xFF, 0xE4, 0x20, 0x20, 0x20, 0xFF, 0xFF, 0x62, 0x20, 
0x14, 0x00, 0x00, 0x52, 0x80, 0x80, 0x80, 0x76, 0x00, 0x00, 0x00, 0x70, 
0xFF, 0xE0, 0x00, 0x00, 0x00, 0xFF, 0xFF, 0x4C, 0x00, 0x00, 0x00, 0x00, 
0xA4, 0xFF, 0xFF, 0xFF, 0xEC, 0x00, 0x00, 0x00, 0x70, 0xFF, 0xE0, 0x00, 
0x00, 0x00, 0xFF, 0xFF, 0x4C, 0x00, 0x00, 0x00, 0x00, 0x94, 0xE8, 0xF1, 
0xFF, 0xEC, 0x07, 0x40, 0x40, 0x94, 0xFF, 0xE8, 0x40, 0x40, 0x40, 0xFF, 
0xFF, 0x79, 0x40, 0x40, 0x08, 0x00, 0x00, 0x00, 0x60, 0xFF, 0xEC, 0x1C, 
0xFF, 0xFF, 0xFF, 0xFF, 0xFF, 0xFF, 0xFF, 0xFF, 0xFF, 0xFF, 0xFF, 0xFF, 
0xFF, 0x20, 0x00, 0x00, 0x00, 0x60, 0xFF, 0xEC, 0x1C, 0xFF, 0xFF, 0xFF, 
0xFF, 0xFF, 0xFF, 0xFF, 0xFF, 0xFF, 0xFF, 0xFF, 0xFF, 0xFF, 0x20, 0x00, 
0x00, 0x00, 0x60, 0xFF, 0xEC, 0x01, 0x10, 0x10, 0xAF, 0xFF, 0xB2, 0x10, 
0x10, 0x10, 0xFF, 0xFF, 0x57, 0x10, 0x10, 0x02, 0x00, 0x00, 0x00, 0x60, 
0xFF, 0xEC, 0x00, 0x00, 0x10, 0xF1, 0xFF, 0x79, 0x00, 0x00, 0x00, 0xFF, 
0xFF, 0x4C, 0x00, 0x00, 0x00, 0x00, 0x00, 0x00, 0x60, 0xFF, 0xEC, 0x00, 
0x00, 0xA3, 0xFF, 0xF8, 0x1B, 0x00, 0x00, 0x00, 0xFF, 0xFF, 0x4C, 0x00, 
0x00, 0x00, 0x00, 0x00, 0x03, 0xA6, 0xFF, 0xF9, 0x28, 0x60, 0xFF, 0xFF, 
0x8B, 0x00, 0x00, 0x00, 0x00, 0xFF, 0xFF, 0x4C, 0x00, 0x00, 0x00, 0x00, 
0x06, 0xAB, 0xFF, 0xFF, 0xFF, 0xDF, 0x3D, 0xB0, 0xCA, 0x07, 0x00, 0x00, 
0x00, 0x00, 0xFF, 0xFF, 0x4C, 0x00, 0x00, 0x00, 0x0A, 0xB8, 0xFF, 0xFF, 
0xB5, 0xEF, 0xFF, 0xFC, 0xBE, 0x9B, 0x74, 0x69, 0x63, 0x60, 0x64, 0x78, 
0x7F, 0x7E, 0x83, 0x8A, 0x53, 0x0E, 0xD7, 0xFF, 0xA9, 0x03, 0x34, 0xE1, 
0xFF, 0xFF, 0xFF, 0xFF, 0xFF, 0xFF, 0xFF, 0xFF, 0xFF, 0xFF, 0xFF, 0xFF, 
0xFF, 0x5E, 0x00, 0x27, 0x93, 0x03, 0x00, 0x00, 0x08, 0x5F, 0x9D, 0xBC, 
0xC9, 0xD0, 0xD5, 0xDA, 0xDE, 0xDB, 0xD4, 0xCD, 0xC7, 0xC0, 0x1A, 0x00, 
0x00, 0x00, 0x37, 0x01, 0x00, 0x00, 0x00, 0x00, 0x00, 0x00, 0xC4, 0xBC, 
0x53, 0x00, 0x00, 0x00, 0x00, 0x00, 0x00, 0x00, 0x00, 0x01, 0x7F, 0xFE, 
0x89, 0x00, 0x00, 0x00, 0x00, 0x00, 0x36, 0xFF, 0xFF, 0x46, 0x00, 0x00, 
0x00, 0x00, 0x00, 0x00, 0x00, 0x00, 0x01, 0xA4, 0xFF, 0xFF, 0x5A, 0x00, 
0x5C, 0x84, 0x84, 0xC0, 0xFF, 0xFD, 0x87, 0x84, 0x84, 0x84, 0x84, 0x84, 
0x54, 0x00, 0x00, 0x00, 0x07, 0xCE, 0xFF, 0xF4, 0x29, 0xB4, 0xFF, 0xFF, 
0xFF, 0xFF, 0xFF, 0xFF, 0xFF, 0xFF, 0xFF, 0xFF, 0xFF, 0xA4, 0x00, 0x00, 
0x00, 0x00, 0x26, 0xF5, 0xFF, 0xA0, 0x6D, 0x9C, 0xD7, 0xFF, 0xFC, 0x9D, 
0x9C, 0x9C, 0x9C, 0x9C, 0x9C, 0x9C, 0x63, 0x00, 0x00, 0x00, 0x00, 0x00, 
0x72, 0xBE, 0x0D, 0x00, 0x08, 0xE6, 0xFF, 0xA6, 0x34, 0x76, 0x64, 0x00, 
0x00, 0x00, 0x00, 0x00, 0x00, 0x00, 0x00, 0x00, 0x00, 0x04, 0x07, 0x00, 
0x00, 0x6E, 0xFF, 0xFE, 0x2D, 0x6C, 0xFF, 0xEC, 0x00, 0x00, 0x00, 0x00, 
0x00, 0x00, 0x00, 0x52, 0x80, 0x80, 0x80, 0x7E, 0x00, 0x13, 0xED, 0xFF, 
0xA3, 0x00, 0x6C, 0xFF, 0xEC, 0x00, 0x00, 0x00, 0x00, 0x00, 0x00, 0x00, 
0xA4, 0xFF, 0xFF, 0xFF, 0xFC, 0x00, 0x5B, 0xFF, 0xFF, 0xF5, 0xF0, 0xF6, 
0xFF, 0xFE, 0xF0, 0xF0, 0xF0, 0xF0, 0x16, 0x00, 0x00, 0x9C, 0xF4, 0xF7, 
0xFF, 0xFC, 0x00, 0x5C, 0xFF, 0xFF, 0xFF, 0xFF, 0xFF, 0xFF, 0xFF, 0xFF, 
0xFF, 0xFF, 0xFF, 0x18, 0x00, 0x00, 0x00, 0x00, 0x54, 0xFF, 0xFC, 0x00, 
0x15, 0x3C, 0x3C, 0x3C, 0x3C, 0x8E, 0xFF, 0xF0, 0x3C, 0x3C, 0x3C, 0x3C, 
0x05, 0x00, 0x00, 0x00, 0x00, 0x54, 0xFF, 0xFC, 0x00, 0x00, 0x00, 0x00, 
0x00, 0x00, 0x6C, 0xFF, 0xEC, 0x00, 0x00, 0x00, 0x00, 0x00, 0x00, 0x00, 
0x00, 0x00, 0x54, 0xFF, 0xFC, 0x29, 0x84, 0x84, 0x84, 0x84, 0x84, 0xB8, 
0xFF, 0xF6, 0x84, 0x84, 0x84, 0x84, 0x84, 0x08, 0x00, 0x00, 0x00, 0x54, 
0xFF, 0xFC, 0x50, 0xFF, 0xFF, 0xFF, 0xFF, 0xFF, 0xFF, 0xFF, 0xFF, 0xFF, 
0xFF, 0xFF, 0xFF, 0xFF, 0x10, 0x00, 0x00, 0x00, 0x54, 0xFF, 0xFC, 0x35, 
0xAC, 0xAC, 0xAC, 0xAC, 0xAC, 0xCF, 0xFF, 0xF9, 0xAC, 0xAC, 0xAC, 0xAC, 
0xAC, 0x0A, 0x00, 0x00, 0x00, 0x7A, 0xFF, 0xFD, 0x15, 0x00, 0x00, 0x00, 
0x00, 0x00, 0x6C, 0xFF, 0xEC, 0x00, 0x00, 0x00, 0x00, 0x00, 0x00, 0x00, 
0x00, 0x6E, 0xFE, 0xFF, 0xFF, 0xC5, 0x18, 0x00, 0x00, 0x00, 0x00, 0x6C, 
0xFF, 0xEC, 0x00, 0x00, 0x00, 0x00, 0x00, 0x00, 0x00, 0x7D, 0xFF, 0xFF, 
0xD5, 0xFC, 0xFF, 0xF0, 0xA0, 0x67, 0x4E, 0x41, 0x4B, 0x5C, 0x5D, 0x44, 
0x4C, 0x53, 0x5B, 0x63, 0x3A, 0x05, 0xD1, 0xFF, 0xC6, 0x0D, 0x53, 0xF1, 
0xFF, 0xFF, 0xFF, 0xFF, 0xFF, 0xFF, 0xFF, 0xFF, 0xFF, 0xFF, 0xFF, 0xFF, 
0xFF, 0x63, 0x00, 0x26, 0xBD, 0x0E, 0x00, 0x00, 0x16, 0x7A, 0xBA, 0xDA, 
0xED, 0xF8, 0xFC, 0xFF, 0xFF, 0xFA, 0xF5, 0xEF, 0xE9, 0xE4, 0x25, 0x82, 
0xA0, 0xA0, 0xA0, 0xA0, 0xA0, 0xA0, 0xA0, 0xA0, 0xA0, 0x4D, 0x5B, 0xAC, 
0xAC, 0xAC, 0xAC, 0xAC, 0xAC, 0x58, 0x00, 0xD0, 0xFF, 0xFF, 0xFF, 0xFF, 
0xFF, 0xFF, 0xFF, 0xFF, 0xFF, 0x7C, 0x88, 0xFF, 0xFF, 0xFF, 0xFF, 0xFF, 
0xFF, 0x84, 0x00, 0x4E, 0x60, 0x60, 0xDD, 0xFF, 0x8D, 0xFF, 0xE4, 0x60, 
0x60, 0x2E, 0x59, 0xA8, 0xA8, 0xA8, 0xA8, 0xEF, 0xFF, 0x84, 0x00, 0x00, 
0x00, 0x00, 0xC8, 0xFF, 0x48, 0xFF, 0xD4, 0x00, 0x00, 0x00, 0x00, 0x00, 
0x00, 0x00, 0x00, 0xD0, 0xFF, 0x84, 0x00, 0x11, 0x9C, 0x9C, 0xEA, 0xFF, 
0xB8, 0xFF, 0xEE, 0x9C, 0x9C, 0x24, 0x00, 0x00, 0x00, 0x00, 0x00, 0xD0, 
0xFF, 0x84, 0x00, 0x1C, 0xFF, 0xFF, 0xFF, 0xFF, 0xFF, 0xFF, 0xFF, 0xFF, 
0xFF, 0x3C, 0x00, 0x00, 0x00, 0x00, 0x00, 0xD0, 0xFF, 0x84, 0x00, 0x1C, 
0xFF, 0xDF, 0xA2, 0xFF, 0x82, 0xFF, 0xBA, 0xCF, 0xFF, 0x3C, 0x00, 0x00, 
0x00, 0x00, 0x00, 0xD0, 0xFF, 0x84, 0x00, 0x1C, 0xFF, 0xC8, 0x65, 0xFF, 
0x1E, 0xFF, 0x88, 0xAC, 0xFF, 0x3C, 0x97, 0xF8, 0xF8, 0xF8, 0xF8, 0xFE, 
0xFF, 0x84, 0x00, 0x1C, 0xFF, 0xC8, 0x82, 0xFF, 0x0C, 0xFF, 0x89, 0xAC, 
0xFF, 0x3C, 0x9C, 0xFF, 0xFF, 0xFF, 0xFF, 0xFF, 0xFF, 0x84, 0x00, 0x1C, 
0xFF, 0xC8, 0xC9, 0xDB, 0x00, 0xFB, 0xDC, 0xD7, 0xFF, 0x3C, 0x9C, 0xFF, 
0xD1, 0x5C, 0x5C, 0x5C, 0x5C, 0x2F, 0x00, 0x1C, 0xFF, 0xF7, 0xFF, 0x86, 
0x00, 0xC2, 0xFF, 0xFF, 0xFF, 0x3C, 0x9C, 0xFF, 0xB8, 0x00, 0x00, 0x00, 
0x00, 0x00, 0x00, 0x1C, 0xFF, 0xEB, 0xDC, 0x14, 0x00, 0x09, 0x3C, 0xC2, 
0xFF, 0x3C, 0x9C, 0xFF, 0xB8, 0x00, 0x00, 0x00, 0x00, 0x00, 0x00, 0x1C, 
0xFF, 0xCF, 0x29, 0x24, 0x24, 0x24, 0x24, 0xB7, 0xFF, 0x3C, 0x9C, 0xFF, 
0xB8, 0x00, 0x00, 0x00, 0x0D, 0x00, 0x00, 0x1C, 0xFF, 0xFF, 0xFF, 0xFF, 
0xFF, 0xFF, 0xFF, 0xFF, 0xFF, 0x3C, 0x9C, 0xFF, 0xB8, 0x00, 0x00, 0x00, 
0x9E, 0xD2, 0x5A, 0x1C, 0xFF, 0xF7, 0xD8, 0xD8, 0xD8, 0xD8, 0xD8, 0xF2, 
0xFF, 0x3C, 0x9C, 0xFF, 0xB8, 0x00, 0x00, 0x00, 0xAE, 0xFF, 0x97, 0x1C, 
0xFF, 0xC8, 0x00, 0x00, 0x00, 0x00, 0x00, 0xAC, 0xFF, 0x3C, 0x9B, 0xFF, 
0xBB, 0x00, 0x00, 0x00, 0xD3, 0xFF, 0x79, 0x1C, 0xFF, 0xDA, 0x54, 0x54, 
0x54, 0x54, 0x54, 0xC7, 0xFF, 0x3C, 0x92, 0xFF, 0xF8, 0xA1, 0x95, 0xB5, 
0xFF, 0xFF, 0x4A, 0x1C, 0xFF, 0xFF, 0xFF, 0xFF, 0xFF, 0xFF, 0xFF, 0xFF, 
0xFF, 0x3C, 0x64, 0xFF, 0xFF, 0xFF, 0xFF, 0xFF, 0xFF, 0xF3, 0x0C, 0x14, 
0xB8, 0xB8, 0xB8, 0xB8, 0xB8, 0xB8, 0xB8, 0xB8, 0xB8, 0x2B, 0x05, 0x84, 
0xC6, 0xD9, 0xDE, 0xD5, 0xB7, 0x46, 0x00, 0x00, 0x00, 0x00, 0x00, 0x00, 
0x00, 0x00, 0x00, 0x00, 0x02, 0x0C, 0x18, 0x24, 0x31, 0x3F, 0x4D, 0x5D, 
0x24, 0x00, 0x00, 0x00, 0x00, 0xCE, 0xD3, 0xD9, 0xDF, 0xE6, 0xEE, 0xF8, 
0xFF, 0xFF, 0xFF, 0xFF, 0xFF, 0xFF, 0xFF, 0xFF, 0x6D, 0x00, 0x00, 0x00, 
0x00, 0xF0, 0xFF, 0xFF, 0xFF, 0xFF, 0xFF, 0xFF, 0xFF, 0xFF, 0xEE, 0xE2, 
0xD5, 0xC8, 0xB9, 0xA9, 0x50, 0x00, 0x00, 0x00, 0x00, 0x35, 0x37, 0x32, 
0x2B, 0x23, 0x1B, 0x6F, 0xFF, 0xFF, 0x04, 0x00, 0x00, 0x00, 0x00, 0x00, 
0x00, 0x00, 0x00, 0xB6, 0xD0, 0xD0, 0xD0, 0xD0, 0xD0, 0xD0, 0xD0, 0xE2, 
0xFF, 0xFF, 0xD0, 0xD0, 0xD0, 0xD0, 0xD0, 0xD0, 0xD0, 0xD0, 0x6E, 0xDC, 
0xFC, 0xFC, 0xFC, 0xFC, 0xFC, 0xFC, 0xFC, 0xFD, 0xFF, 0xFF, 0xFC, 0xFC, 
0xFC, 0xFC, 0xFC, 0xFC, 0xFC, 0xFC, 0x85, 0x00, 0x00, 0x00, 0x00, 0x00, 
0x00, 0x00, 0x00, 0x64, 0xFF, 0xFF, 0x04, 0x00, 0x00, 0x00, 0x00, 0x00, 
0x00, 0x00, 0x00, 0x00, 0x00, 0xAB, 0xF4, 0xF4, 0xF4, 0xF4, 0xF4, 0xF8, 
0xFF, 0xFF, 0xF4, 0xF4, 0xF4, 0xF4, 0xF4, 0xF4, 0x53, 0x00, 0x00, 0x00, 
0x00, 0xB4, 0xFF, 0xEC, 0xC4, 0xC4, 0xC4, 0xDB, 0xFF, 0xFF, 0xC4, 0xC4, 
0xC4, 0xC5, 0xFF, 0xFF, 0x58, 0x00, 0x00, 0x00, 0x00, 0xB4, 0xFF, 0xBF, 
0x3C, 0x3C, 0x3C, 0x88, 0xFF, 0xFF, 0x3F, 0x3C, 0x3C, 0x42, 0xFF, 0xFF, 
0x58, 0x00, 0x00, 0x00, 0x00, 0xB4, 0xFF, 0xFF, 0xFF, 0xFF, 0xFF, 0xFF, 
0xFF, 0xFF, 0xFF, 0xFF, 0xFF, 0xFF, 0xFF, 0xFF, 0x58, 0x00, 0x00, 0x00, 
0x00, 0xB4, 0xFF, 0xCF, 0x6C, 0x6C, 0x6C, 0xA5, 0xFF, 0xFF, 0x6E, 0x6C, 
0x6C, 0x70, 0xFF, 0xFF, 0x58, 0x00, 0x00, 0x00, 0x00, 0xB4, 0xFF, 0xDB, 
0x90, 0x90, 0x90, 0xBB, 0xFF, 0xFF, 0x91, 0x90, 0x90, 0x93, 0xFF, 0xFF, 
0x58, 0x00, 0x00, 0x00, 0x00, 0xB4, 0xFF, 0xFF, 0xFF, 0xFF, 0xFF, 0xFF, 
0xFF, 0xFF, 0xFF, 0xFF, 0xFF, 0xFF, 0xFF, 0xFF, 0x58, 0x00, 0x00, 0x00, 
0x00, 0x21, 0x30, 0x30, 0x30, 0x30, 0x30, 0x81, 0xFF, 0xFF, 0x33, 0x30, 
0x30, 0x30, 0x30, 0x30, 0x10, 0x00, 0x00, 0x00, 0x03, 0xD0, 0xD0, 0xD0, 
0xD0, 0xD0, 0xD0, 0xE2, 0xFF, 0xFF, 0xD0, 0xD0, 0xD0, 0xD0, 0xD0, 0xD0, 
0x88, 0x00, 0x00, 0x00, 0x03, 0xE0, 0xE0, 0xE0, 0xE0, 0xE0, 0xE0, 0xEC, 
0xFF, 0xFF, 0xE0, 0xE0, 0xE0, 0xE0, 0xE0, 0xE0, 0x93, 0x00, 0x00, 0x04, 
0x0C, 0x0C, 0x0C, 0x0C, 0x0C, 0x0C, 0x0C, 0x6B, 0xFF, 0xFF, 0x0F, 0x0C, 
0x0C, 0x0C, 0x0C, 0x0C, 0x0C, 0x0C, 0x00, 0x64, 0xFF, 0xFF, 0xFF, 0xFF, 
0xFF, 0xFF, 0xFF, 0xFF, 0xFF, 0xFF, 0xFF, 0xFF, 0xFF, 0xFF, 0xFF, 0xFF, 
0xFF, 0xFF, 0x0C, 0x4C, 0xC4, 0xC4, 0xC4, 0xC4, 0xC4, 0xC4, 0xC4, 0xC4, 
0xC4, 0xC4, 0xC4, 0xC4, 0xC4, 0xC4, 0xC4, 0xC4, 0xC4, 0xC4, 0x09, 0x00, 
0x00, 0x0B, 0x64, 0x64, 0x45, 0x00, 0x00, 0x30, 0xFF, 0xFF, 0x9A, 0x00, 
0x00, 0x5C, 0xFF, 0xFF, 0x64, 0x00, 0x00, 0xA0, 0xFF, 0xFC, 0x15, 0x00, 
0x08, 0xEF, 0xFF, 0xA8, 0x00, 0x00, 0x5D, 0xFF, 0xFE, 0x32, 0x00, 0x02, 
0xD3, 0xFC, 0x97, 0x00, 0x00, 0x1A, 0x52, 0x73, 0x7F, 0x71, 0x4E, 0x10, 
0x00, 0x00, 0xC8, 0xFF, 0xFF, 0xFF, 0xFF, 0xFF, 0xF3, 0x62, 0x00, 0xC8, 
0xFF, 0xFF, 0xFF, 0xFF, 0xFF, 0xFF, 0xFC, 0x24, 0x47, 0x2A, 0x13, 0x1B, 
0x57, 0xF7, 0xFF, 0xFF, 0x72, 0x00, 0x00, 0x00, 0x00, 0x00, 0xAB, 0xFF, 
0xFF, 0x8C, 0x00, 0x00, 0x00, 0x00, 0x00, 0xA7, 0xFF, 0xFF, 0x82, 0x00, 
0x00, 0x00, 0x00, 0x1F, 0xF1, 0xFF, 0xFF, 0x42, 0x00, 0x00, 0x00, 0x17, 
0xD8, 0xFF, 0xFF, 0xBA, 0x00, 0x00, 0x00, 0x07, 0xCE, 0xFF, 0xFF, 0xB5, 
0x0C, 0x00, 0x00, 0x00, 0x5F, 0xFF, 0xFF, 0x8D, 0x02, 0x00, 0x00, 0x00, 
0x00, 0x8A, 0xFF, 0xEA, 0x02, 0x00, 0x00, 0x00, 0x00, 0x00, 0x1B, 0x30, 
0x29, 0x00, 0x00, 0x00, 0x00, 0x00, 0x00, 0x52, 0x8C, 0x7C, 0x0C, 0x00, 
0x00, 0x00, 0x00, 0x11, 0xFF, 0xFF, 0xFF, 0x7A, 0x00, 0x00, 0x00, 0x00, 
0x1D, 0xFF, 0xFF, 0xFF, 0x88, 0x00, 0x00, 0x00, 0x00, 0x06, 0xDF, 0xFF, 
0xFF, 0x55, 0x00, 0x00, 0x00, 0x00, 0x00, 0x06, 0x1C, 0x10, 0x00, 0x00, 
0x00, 0x00, 0x00, 0x1F, 0xE9, 0x98, 0xBF, 0xE9, 0x87, 0x8C, 0xE5, 0xB7, 
0xB4, 0xE5, 0xB7, 0xB4, 0xE6, 0x99, 0xAE, 0xE6, 0x83, 0xA0, 0xE4, 0xBD, 
0x93, 0x20, 0x33, 0x20, 0x38, 0x35, 0x20, 0x42, 0x6F, 0x6C, 0x64, 0x00, 
0x18, 0x41, 0x6C, 0x69, 0x62, 0x61, 0x62, 0x61, 0x50, 0x75, 0x48, 0x75, 
0x69, 0x54, 0x69, 0x5F, 0x33, 0x5F, 0x38, 0x35, 0x5F, 0x42, 0x6F, 0x6C, 
0x64, 0x01
};
